/*******************************************************************************
 * Size: 16 px
 * Bpp: 4
 * Opts: --no-compress --no-prefilter --bpp 4 --size 16 --font Montserrat-Medium.ttf -r 0x20-0x7E,0xA0-0xFF --font fa-brands-400.woff -r 0xe007-0xf8e8 --font fa-regular-400.woff -r 0xf004-0xf5c8 --font fa-solid-900.woff -r 0xE005-0xF8FF --format lvgl -o lv_font_montserrat_16.c --force-fast-kern-format
 ******************************************************************************/

#ifdef LV_LVGL_H_INCLUDE_SIMPLE
    #include "lvgl.h"
#else
    #include "../../lvgl.h"
#endif

#ifndef LV_FONT_MONTSERRAT_16
#define LV_FONT_MONTSERRAT_16 1
#endif

#if LV_FONT_MONTSERRAT_16

/*-----------------
 *    BITMAPS
 *----------------*/

/*Store the image of the glyphs*/
static LV_ATTRIBUTE_LARGE_CONST const uint8_t glyph_bitmap[] = {
    /* U+0020 " " */

    /* U+0021 "!" */
    0xbf, 0xb, 0xf0, 0xaf, 0xa, 0xe0, 0x9e, 0x8,
    0xd0, 0x8d, 0x7, 0xc0, 0x0, 0x0, 0x10, 0xcf,
    0x1a, 0xe1,

    /* U+0022 "\"" */
    0xf5, 0x1f, 0x3f, 0x51, 0xf3, 0xe4, 0xf, 0x3e,
    0x40, 0xf2, 0x72, 0x8, 0x10,

    /* U+0023 "#" */
    0x0, 0x6, 0xc0, 0x3, 0xe0, 0x0, 0x0, 0x7a,
    0x0, 0x5c, 0x0, 0x0, 0x9, 0x80, 0x7, 0xa0,
    0x1, 0xff, 0xff, 0xff, 0xff, 0xfd, 0x3, 0x3e,
    0x73, 0x3c, 0x83, 0x30, 0x0, 0xf2, 0x0, 0xc5,
    0x0, 0x0, 0x1f, 0x10, 0xe, 0x30, 0x0, 0x3,
    0xf0, 0x0, 0xf1, 0x0, 0x9f, 0xff, 0xff, 0xff,
    0xff, 0x41, 0x38, 0xc3, 0x36, 0xe3, 0x30, 0x0,
    0x89, 0x0, 0x6c, 0x0, 0x0, 0xa, 0x70, 0x7,
    0xa0, 0x0,

    /* U+0024 "$" */
    0x0, 0x0, 0x79, 0x0, 0x0, 0x0, 0x0, 0x79,
    0x0, 0x0, 0x0, 0x5c, 0xff, 0xea, 0x20, 0x7,
    0xfc, 0xbc, 0x9e, 0xa0, 0xf, 0xb0, 0x79, 0x0,
    0x10, 0x1f, 0x80, 0x79, 0x0, 0x0, 0xd, 0xe5,
    0x79, 0x0, 0x0, 0x3, 0xef, 0xfd, 0x50, 0x0,
    0x0, 0x5, 0xcf, 0xff, 0x50, 0x0, 0x0, 0x79,
    0x4d, 0xf1, 0x0, 0x0, 0x79, 0x5, 0xf4, 0x8,
    0x0, 0x79, 0x8, 0xf2, 0x2f, 0xfa, 0xbc, 0xaf,
    0xa0, 0x2, 0x9d, 0xff, 0xd7, 0x0, 0x0, 0x0,
    0x79, 0x0, 0x0, 0x0, 0x0, 0x79, 0x0, 0x0,

    /* U+0025 "%" */
    0x4, 0xdd, 0x90, 0x0, 0x5, 0xd0, 0x0, 0xe2,
    0xb, 0x60, 0x1, 0xe3, 0x0, 0x5b, 0x0, 0x5b,
    0x0, 0xa9, 0x0, 0x6, 0xa0, 0x3, 0xc0, 0x4e,
    0x0, 0x0, 0x5b, 0x0, 0x5b, 0xe, 0x50, 0x0,
    0x0, 0xe4, 0xc, 0x68, 0xa0, 0x0, 0x0, 0x4,
    0xde, 0x83, 0xe1, 0x4d, 0xfa, 0x0, 0x0, 0x0,
    0xd6, 0xe, 0x40, 0xa8, 0x0, 0x0, 0x7c, 0x4,
    0xc0, 0x3, 0xd0, 0x0, 0x2f, 0x20, 0x4c, 0x0,
    0x2d, 0x0, 0xb, 0x70, 0x0, 0xe2, 0x8, 0x90,
    0x6, 0xd0, 0x0, 0x4, 0xde, 0xb1,

    /* U+0026 "&" */
    0x0, 0xa, 0xff, 0xb1, 0x0, 0x0, 0xa, 0xe4,
    0x3c, 0xb0, 0x0, 0x0, 0xe8, 0x0, 0x6e, 0x0,
    0x0, 0xb, 0xc0, 0xc, 0xa0, 0x0, 0x0, 0x3f,
    0xad, 0xd1, 0x0, 0x0, 0x1, 0xdf, 0xc0, 0x0,
    0x0, 0x3, 0xeb, 0x8f, 0x70, 0x18, 0x0, 0xeb,
    0x0, 0x7f, 0x65, 0xf0, 0x3f, 0x40, 0x0, 0x8f,
    0xea, 0x3, 0xf6, 0x0, 0x0, 0xcf, 0x60, 0xb,
    0xf9, 0x56, 0xcf, 0xbf, 0x40, 0x8, 0xef, 0xea,
    0x30, 0xa5, 0x0, 0x0, 0x0, 0x0, 0x0, 0x0,

    /* U+0027 "'" */
    0xf5, 0xf5, 0xe4, 0xe4, 0x72,

    /* U+0028 "(" */
    0x0, 0xd9, 0x5, 0xf2, 0xb, 0xc0, 0xf, 0x80,
    0x3f, 0x40, 0x5f, 0x20, 0x7f, 0x10, 0x7f, 0x0,
    0x7f, 0x10, 0x5f, 0x20, 0x3f, 0x40, 0xf, 0x80,
    0xb, 0xc0, 0x5, 0xf2, 0x0, 0xd9,

    /* U+0029 ")" */
    0x3f, 0x40, 0xc, 0xc0, 0x6, 0xf2, 0x1, 0xf6,
    0x0, 0xda, 0x0, 0xbc, 0x0, 0xad, 0x0, 0x9e,
    0x0, 0xad, 0x0, 0xbc, 0x0, 0xda, 0x1, 0xf6,
    0x6, 0xf2, 0xc, 0xc0, 0x3f, 0x40,

    /* U+002A "*" */
    0x0, 0x4a, 0x0, 0x6, 0x74, 0xa3, 0xa0, 0x2b,
    0xff, 0xe5, 0x0, 0x6f, 0xfb, 0x20, 0x7b, 0x6b,
    0x8d, 0x0, 0x4, 0xa0, 0x0, 0x0, 0x13, 0x0,
    0x0,

    /* U+002B "+" */
    0x0, 0x4, 0x10, 0x0, 0x0, 0xf, 0x50, 0x0,
    0x0, 0xf, 0x50, 0x0, 0x11, 0x1f, 0x61, 0x10,
    0xef, 0xff, 0xff, 0xf3, 0x34, 0x4f, 0x74, 0x40,
    0x0, 0xf, 0x50, 0x0, 0x0, 0xf, 0x50, 0x0,
    0x0, 0x4, 0x10, 0x0,

    /* U+002C "," */
    0x2, 0x12, 0xfc, 0x1e, 0xc0, 0xb7, 0xe, 0x20,
    0x70,

    /* U+002D "-" */
    0x1, 0x11, 0x10, 0x1f, 0xff, 0xf3, 0x4, 0x44,
    0x41,

    /* U+002E "." */
    0x3, 0x12, 0xfc, 0x1e, 0x90,

    /* U+002F "/" */
    0x0, 0x0, 0x5, 0xf1, 0x0, 0x0, 0xa, 0xb0,
    0x0, 0x0, 0xf, 0x60, 0x0, 0x0, 0x5f, 0x10,
    0x0, 0x0, 0xab, 0x0, 0x0, 0x0, 0xf6, 0x0,
    0x0, 0x5, 0xf1, 0x0, 0x0, 0xa, 0xb0, 0x0,
    0x0, 0xf, 0x60, 0x0, 0x0, 0x4f, 0x10, 0x0,
    0x0, 0xac, 0x0, 0x0, 0x0, 0xf6, 0x0, 0x0,
    0x4, 0xf1, 0x0, 0x0, 0xa, 0xc0, 0x0, 0x0,
    0xe, 0x60, 0x0, 0x0, 0x4f, 0x10, 0x0, 0x0,

    /* U+0030 "0" */
    0x0, 0x9, 0xef, 0xd6, 0x0, 0x0, 0xcf, 0xa8,
    0xcf, 0x80, 0x8, 0xf5, 0x0, 0xa, 0xf3, 0xe,
    0xc0, 0x0, 0x1, 0xf9, 0x1f, 0x70, 0x0, 0x0,
    0xdc, 0x3f, 0x60, 0x0, 0x0, 0xbe, 0x3f, 0x60,
    0x0, 0x0, 0xbe, 0x1f, 0x80, 0x0, 0x0, 0xdc,
    0xe, 0xc0, 0x0, 0x1, 0xf9, 0x7, 0xf5, 0x0,
    0xa, 0xf2, 0x0, 0xcf, 0xa8, 0xcf, 0x80, 0x0,
    0x8, 0xef, 0xd6, 0x0,

    /* U+0031 "1" */
    0xef, 0xff, 0x36, 0x7a, 0xf3, 0x0, 0x5f, 0x30,
    0x5, 0xf3, 0x0, 0x5f, 0x30, 0x5, 0xf3, 0x0,
    0x5f, 0x30, 0x5, 0xf3, 0x0, 0x5f, 0x30, 0x5,
    0xf3, 0x0, 0x5f, 0x30, 0x5, 0xf3,

    /* U+0032 "2" */
    0x4, 0xbf, 0xfd, 0x80, 0x7, 0xfd, 0x98, 0xcf,
    0xa0, 0x28, 0x0, 0x0, 0xbf, 0x10, 0x0, 0x0,
    0x7, 0xf2, 0x0, 0x0, 0x0, 0xaf, 0x0, 0x0,
    0x0, 0x4f, 0x80, 0x0, 0x0, 0x3f, 0xc0, 0x0,
    0x0, 0x3e, 0xc1, 0x0, 0x0, 0x2e, 0xd1, 0x0,
    0x0, 0x2e, 0xd1, 0x0, 0x0, 0x2e, 0xf8, 0x77,
    0x77, 0x46, 0xff, 0xff, 0xff, 0xfa,

    /* U+0033 "3" */
    0x6f, 0xff, 0xff, 0xff, 0x2, 0x77, 0x77, 0x9f,
    0xb0, 0x0, 0x0, 0xc, 0xd1, 0x0, 0x0, 0x9,
    0xf3, 0x0, 0x0, 0x5, 0xf6, 0x0, 0x0, 0x0,
    0xdf, 0xfb, 0x10, 0x0, 0x3, 0x48, 0xfd, 0x0,
    0x0, 0x0, 0x6, 0xf5, 0x0, 0x0, 0x0, 0x3f,
    0x64, 0x40, 0x0, 0x8, 0xf4, 0xbf, 0xc8, 0x8b,
    0xfb, 0x0, 0x7c, 0xff, 0xd8, 0x0,

    /* U+0034 "4" */
    0x0, 0x0, 0x1, 0xeb, 0x0, 0x0, 0x0, 0x0,
    0xbe, 0x10, 0x0, 0x0, 0x0, 0x6f, 0x50, 0x0,
    0x0, 0x0, 0x2f, 0xa0, 0x0, 0x0, 0x0, 0xc,
    0xe0, 0x0, 0x0, 0x0, 0x8, 0xf3, 0x1, 0xd5,
    0x0, 0x3, 0xf8, 0x0, 0x2f, 0x60, 0x0, 0xee,
    0x22, 0x24, 0xf7, 0x21, 0x6f, 0xff, 0xff, 0xff,
    0xff, 0x81, 0x55, 0x55, 0x57, 0xf9, 0x52, 0x0,
    0x0, 0x0, 0x2f, 0x60, 0x0, 0x0, 0x0, 0x2,
    0xf6, 0x0,

    /* U+0035 "5" */
    0x5, 0xff, 0xff, 0xff, 0x0, 0x7f, 0x77, 0x77,
    0x70, 0x8, 0xf0, 0x0, 0x0, 0x0, 0xad, 0x0,
    0x0, 0x0, 0xb, 0xc2, 0x10, 0x0, 0x0, 0xdf,
    0xff, 0xfb, 0x30, 0x4, 0x55, 0x58, 0xef, 0x20,
    0x0, 0x0, 0x3, 0xf8, 0x0, 0x0, 0x0, 0xf,
    0x92, 0x50, 0x0, 0x5, 0xf7, 0x8f, 0xd9, 0x8a,
    0xfe, 0x10, 0x5b, 0xef, 0xe9, 0x10,

    /* U+0036 "6" */
    0x0, 0x6, 0xcf, 0xfd, 0x60, 0x0, 0xaf, 0xc8,
    0x7a, 0x70, 0x6, 0xf8, 0x0, 0x0, 0x0, 0xd,
    0xd0, 0x0, 0x0, 0x0, 0x1f, 0x80, 0x1, 0x0,
    0x0, 0x3f, 0x69, 0xff, 0xfa, 0x10, 0x3f, 0xed,
    0x64, 0x7f, 0xd0, 0x2f, 0xf1, 0x0, 0x5, 0xf5,
    0xf, 0xc0, 0x0, 0x2, 0xf6, 0x9, 0xf1, 0x0,
    0x6, 0xf4, 0x1, 0xde, 0x76, 0x9f, 0xb0, 0x0,
    0x19, 0xef, 0xe8, 0x0,

    /* U+0037 "7" */
    0x8f, 0xff, 0xff, 0xff, 0xe8, 0xf7, 0x77, 0x77,
    0xfc, 0x8f, 0x0, 0x0, 0x4f, 0x55, 0x90, 0x0,
    0xb, 0xe0, 0x0, 0x0, 0x2, 0xf8, 0x0, 0x0,
    0x0, 0x8f, 0x10, 0x0, 0x0, 0xf, 0xb0, 0x0,
    0x0, 0x6, 0xf4, 0x0, 0x0, 0x0, 0xdd, 0x0,
    0x0, 0x0, 0x3f, 0x70, 0x0, 0x0, 0xa, 0xf1,
    0x0, 0x0, 0x1, 0xf9, 0x0, 0x0,

    /* U+0038 "8" */
    0x0, 0x5c, 0xff, 0xd8, 0x0, 0x6, 0xfc, 0x66,
    0xaf, 0xa0, 0xc, 0xd0, 0x0, 0x9, 0xf1, 0xd,
    0xb0, 0x0, 0x6, 0xf2, 0x8, 0xf5, 0x0, 0x3d,
    0xd0, 0x0, 0xdf, 0xff, 0xff, 0x30, 0xa, 0xf7,
    0x44, 0x5e, 0xe1, 0x2f, 0x70, 0x0, 0x3, 0xf7,
    0x4f, 0x50, 0x0, 0x0, 0xf9, 0x2f, 0xa0, 0x0,
    0x5, 0xf6, 0x9, 0xfb, 0x66, 0x9f, 0xd0, 0x0,
    0x6c, 0xff, 0xd8, 0x10,

    /* U+0039 "9" */
    0x1, 0x9e, 0xfe, 0x80, 0x0, 0xc, 0xf8, 0x58,
    0xfc, 0x0, 0x5f, 0x50, 0x0, 0x3f, 0x70, 0x8f,
    0x0, 0x0, 0xe, 0xd0, 0x7f, 0x20, 0x0, 0x1f,
    0xf0, 0x1f, 0xd4, 0x13, 0xcf, 0xf1, 0x4, 0xef,
    0xff, 0xb9, 0xf1, 0x0, 0x3, 0x41, 0xa, 0xf0,
    0x0, 0x0, 0x0, 0xe, 0xb0, 0x0, 0x0, 0x0,
    0x9f, 0x40, 0x9, 0xa7, 0x8d, 0xf8, 0x0, 0x8,
    0xdf, 0xfc, 0x40, 0x0,

    /* U+003A ":" */
    0x1e, 0x92, 0xfc, 0x3, 0x10, 0x0, 0x0, 0x0,
    0x0, 0x3, 0x12, 0xfc, 0x1e, 0x90,

    /* U+003B ";" */
    0x1e, 0x92, 0xfc, 0x3, 0x10, 0x0, 0x0, 0x0,
    0x0, 0x2, 0x12, 0xfc, 0x1e, 0xc0, 0xb7, 0xe,
    0x20, 0x70,

    /* U+003C "<" */
    0x0, 0x0, 0x0, 0x42, 0x0, 0x1, 0x7d, 0xf3,
    0x3, 0x9f, 0xe8, 0x10, 0xbf, 0xb5, 0x0, 0x0,
    0xee, 0x71, 0x0, 0x0, 0x16, 0xdf, 0xb4, 0x0,
    0x0, 0x4, 0xaf, 0xd2, 0x0, 0x0, 0x1, 0x82,

    /* U+003D "=" */
    0xef, 0xff, 0xff, 0xf3, 0x45, 0x55, 0x55, 0x51,
    0x0, 0x0, 0x0, 0x0, 0x1, 0x11, 0x11, 0x10,
    0xef, 0xff, 0xff, 0xf3, 0x34, 0x44, 0x44, 0x40,

    /* U+003E ">" */
    0x50, 0x0, 0x0, 0x0, 0xef, 0x92, 0x0, 0x0,
    0x6, 0xcf, 0xc5, 0x0, 0x0, 0x3, 0x9f, 0xe2,
    0x0, 0x0, 0x5c, 0xf3, 0x2, 0x8e, 0xf8, 0x20,
    0xbf, 0xc6, 0x0, 0x0, 0x93, 0x0, 0x0, 0x0,

    /* U+003F "?" */
    0x5, 0xbf, 0xfd, 0x80, 0x8, 0xfc, 0x77, 0xbf,
    0xa0, 0x27, 0x0, 0x0, 0xbf, 0x0, 0x0, 0x0,
    0x9, 0xf0, 0x0, 0x0, 0x1, 0xeb, 0x0, 0x0,
    0x1, 0xdd, 0x10, 0x0, 0x0, 0xde, 0x10, 0x0,
    0x0, 0x4f, 0x60, 0x0, 0x0, 0x1, 0x30, 0x0,
    0x0, 0x0, 0x1, 0x0, 0x0, 0x0, 0x7, 0xf5,
    0x0, 0x0, 0x0, 0x5f, 0x40, 0x0,

    /* U+0040 "@" */
    0x0, 0x0, 0x18, 0xdf, 0xfe, 0xb6, 0x0, 0x0,
    0x0, 0x7, 0xfb, 0x52, 0x23, 0x6d, 0xd2, 0x0,
    0x0, 0x7e, 0x40, 0x0, 0x0, 0x0, 0x7e, 0x20,
    0x3, 0xf3, 0x2, 0xbf, 0xfa, 0x3f, 0x48, 0xc0,
    0xa, 0x90, 0x1e, 0xc4, 0x39, 0xef, 0x40, 0xe4,
    0xf, 0x30, 0x9e, 0x0, 0x0, 0x9f, 0x40, 0x99,
    0x2f, 0x0, 0xd9, 0x0, 0x0, 0x3f, 0x40, 0x6b,
    0x3f, 0x0, 0xf7, 0x0, 0x0, 0x1f, 0x40, 0x5c,
    0x2f, 0x0, 0xd9, 0x0, 0x0, 0x3f, 0x40, 0x6b,
    0xf, 0x30, 0x8e, 0x10, 0x0, 0xaf, 0x40, 0x98,
    0xa, 0x90, 0x1e, 0xd6, 0x4a, 0xde, 0xa5, 0xf2,
    0x3, 0xf3, 0x2, 0xbf, 0xfa, 0x16, 0xee, 0x60,
    0x0, 0x7e, 0x30, 0x0, 0x0, 0x0, 0x0, 0x0,
    0x0, 0x6, 0xfa, 0x52, 0x23, 0x75, 0x0, 0x0,
    0x0, 0x0, 0x18, 0xdf, 0xfe, 0xa3, 0x0, 0x0,

    /* U+0041 "A" */
    0x0, 0x0, 0x2, 0xfd, 0x0, 0x0, 0x0, 0x0,
    0x0, 0x9f, 0xf4, 0x0, 0x0, 0x0, 0x0, 0xf,
    0x8d, 0xb0, 0x0, 0x0, 0x0, 0x6, 0xf2, 0x7f,
    0x20, 0x0, 0x0, 0x0, 0xdb, 0x1, 0xf8, 0x0,
    0x0, 0x0, 0x4f, 0x40, 0xa, 0xe0, 0x0, 0x0,
    0xb, 0xe0, 0x0, 0x3f, 0x60, 0x0, 0x2, 0xf8,
    0x11, 0x11, 0xdd, 0x0, 0x0, 0x8f, 0xff, 0xff,
    0xff, 0xf3, 0x0, 0xe, 0xb4, 0x44, 0x44, 0x4f,
    0xa0, 0x6, 0xf3, 0x0, 0x0, 0x0, 0x9f, 0x10,
    0xcd, 0x0, 0x0, 0x0, 0x2, 0xf8,

    /* U+0042 "B" */
    0x5f, 0xff, 0xff, 0xfc, 0x50, 0x5, 0xf8, 0x55,
    0x57, 0xdf, 0x50, 0x5f, 0x40, 0x0, 0x1, 0xfa,
    0x5, 0xf4, 0x0, 0x0, 0xe, 0xa0, 0x5f, 0x51,
    0x11, 0x29, 0xf4, 0x5, 0xff, 0xff, 0xff, 0xfa,
    0x0, 0x5f, 0x74, 0x44, 0x48, 0xfa, 0x5, 0xf4,
    0x0, 0x0, 0x8, 0xf2, 0x5f, 0x40, 0x0, 0x0,
    0x5f, 0x45, 0xf4, 0x0, 0x0, 0x8, 0xf3, 0x5f,
    0x85, 0x55, 0x6a, 0xfb, 0x5, 0xff, 0xff, 0xff,
    0xd8, 0x0,

    /* U+0043 "C" */
    0x0, 0x2, 0x9e, 0xff, 0xb5, 0x0, 0x5, 0xff,
    0xa8, 0x9d, 0xf9, 0x3, 0xfd, 0x20, 0x0, 0x8,
    0x50, 0xbf, 0x10, 0x0, 0x0, 0x0, 0x1f, 0x90,
    0x0, 0x0, 0x0, 0x3, 0xf6, 0x0, 0x0, 0x0,
    0x0, 0x3f, 0x60, 0x0, 0x0, 0x0, 0x1, 0xf9,
    0x0, 0x0, 0x0, 0x0, 0xb, 0xf1, 0x0, 0x0,
    0x0, 0x0, 0x3f, 0xd2, 0x0, 0x0, 0x85, 0x0,
    0x5f, 0xfa, 0x89, 0xdf, 0x90, 0x0, 0x29, 0xef,
    0xfb, 0x50,

    /* U+0044 "D" */
    0x5f, 0xff, 0xff, 0xea, 0x40, 0x0, 0x5f, 0x97,
    0x77, 0x9e, 0xf9, 0x0, 0x5f, 0x40, 0x0, 0x0,
    0x9f, 0x70, 0x5f, 0x40, 0x0, 0x0, 0xc, 0xf0,
    0x5f, 0x40, 0x0, 0x0, 0x5, 0xf4, 0x5f, 0x40,
    0x0, 0x0, 0x2, 0xf6, 0x5f, 0x40, 0x0, 0x0,
    0x3, 0xf6, 0x5f, 0x40, 0x0, 0x0, 0x6, 0xf4,
    0x5f, 0x40, 0x0, 0x0, 0xc, 0xe0, 0x5f, 0x40,
    0x0, 0x0, 0xaf, 0x60, 0x5f, 0x97, 0x77, 0x9e,
    0xf8, 0x0, 0x5f, 0xff, 0xff, 0xea, 0x40, 0x0,

    /* U+0045 "E" */
    0x5f, 0xff, 0xff, 0xff, 0x95, 0xf9, 0x77, 0x77,
    0x74, 0x5f, 0x40, 0x0, 0x0, 0x5, 0xf4, 0x0,
    0x0, 0x0, 0x5f, 0x51, 0x11, 0x11, 0x5, 0xff,
    0xff, 0xff, 0xe0, 0x5f, 0x74, 0x44, 0x44, 0x5,
    0xf4, 0x0, 0x0, 0x0, 0x5f, 0x40, 0x0, 0x0,
    0x5, 0xf4, 0x0, 0x0, 0x0, 0x5f, 0x97, 0x77,
    0x77, 0x65, 0xff, 0xff, 0xff, 0xfd,

    /* U+0046 "F" */
    0x5f, 0xff, 0xff, 0xff, 0x95, 0xf9, 0x77, 0x77,
    0x74, 0x5f, 0x40, 0x0, 0x0, 0x5, 0xf4, 0x0,
    0x0, 0x0, 0x5f, 0x40, 0x0, 0x0, 0x5, 0xf6,
    0x22, 0x22, 0x10, 0x5f, 0xff, 0xff, 0xfe, 0x5,
    0xf8, 0x55, 0x55, 0x40, 0x5f, 0x40, 0x0, 0x0,
    0x5, 0xf4, 0x0, 0x0, 0x0, 0x5f, 0x40, 0x0,
    0x0, 0x5, 0xf4, 0x0, 0x0, 0x0,

    /* U+0047 "G" */
    0x0, 0x2, 0x9e, 0xff, 0xc6, 0x0, 0x0, 0x5f,
    0xfb, 0x88, 0xcf, 0xb0, 0x3, 0xfd, 0x20, 0x0,
    0x6, 0x60, 0xb, 0xf1, 0x0, 0x0, 0x0, 0x0,
    0x1f, 0x90, 0x0, 0x0, 0x0, 0x0, 0x3f, 0x60,
    0x0, 0x0, 0x0, 0x10, 0x3f, 0x60, 0x0, 0x0,
    0x9, 0xf0, 0x1f, 0x90, 0x0, 0x0, 0x9, 0xf0,
    0xb, 0xf1, 0x0, 0x0, 0x9, 0xf0, 0x3, 0xfd,
    0x20, 0x0, 0xa, 0xf0, 0x0, 0x5f, 0xfb, 0x88,
    0xcf, 0xd0, 0x0, 0x2, 0x9e, 0xff, 0xc6, 0x0,

    /* U+0048 "H" */
    0x5f, 0x40, 0x0, 0x0, 0x4f, 0x55, 0xf4, 0x0,
    0x0, 0x4, 0xf5, 0x5f, 0x40, 0x0, 0x0, 0x4f,
    0x55, 0xf4, 0x0, 0x0, 0x4, 0xf5, 0x5f, 0x62,
    0x22, 0x22, 0x6f, 0x55, 0xff, 0xff, 0xff, 0xff,
    0xf5, 0x5f, 0x85, 0x55, 0x55, 0x8f, 0x55, 0xf4,
    0x0, 0x0, 0x4, 0xf5, 0x5f, 0x40, 0x0, 0x0,
    0x4f, 0x55, 0xf4, 0x0, 0x0, 0x4, 0xf5, 0x5f,
    0x40, 0x0, 0x0, 0x4f, 0x55, 0xf4, 0x0, 0x0,
    0x4, 0xf5,

    /* U+0049 "I" */
    0x5f, 0x45, 0xf4, 0x5f, 0x45, 0xf4, 0x5f, 0x45,
    0xf4, 0x5f, 0x45, 0xf4, 0x5f, 0x45, 0xf4, 0x5f,
    0x45, 0xf4,

    /* U+004A "J" */
    0x0, 0xff, 0xff, 0xfa, 0x0, 0x77, 0x77, 0xfa,
    0x0, 0x0, 0x0, 0xfa, 0x0, 0x0, 0x0, 0xfa,
    0x0, 0x0, 0x0, 0xfa, 0x0, 0x0, 0x0, 0xfa,
    0x0, 0x0, 0x0, 0xfa, 0x0, 0x0, 0x0, 0xfa,
    0x0, 0x0, 0x0, 0xf9, 0x7, 0x20, 0x3, 0xf7,
    0xe, 0xf8, 0x8e, 0xf1, 0x1, 0xaf, 0xfc, 0x30,

    /* U+004B "K" */
    0x5f, 0x40, 0x0, 0x2, 0xeb, 0x5, 0xf4, 0x0,
    0x1, 0xec, 0x0, 0x5f, 0x40, 0x1, 0xde, 0x10,
    0x5, 0xf4, 0x0, 0xce, 0x20, 0x0, 0x5f, 0x40,
    0xbf, 0x30, 0x0, 0x5, 0xf4, 0x9f, 0x90, 0x0,
    0x0, 0x5f, 0xcf, 0xef, 0x40, 0x0, 0x5, 0xff,
    0x91, 0xee, 0x10, 0x0, 0x5f, 0xa0, 0x3, 0xfc,
    0x0, 0x5, 0xf4, 0x0, 0x6, 0xf8, 0x0, 0x5f,
    0x40, 0x0, 0x9, 0xf5, 0x5, 0xf4, 0x0, 0x0,
    0xc, 0xf2,

    /* U+004C "L" */
    0x5f, 0x40, 0x0, 0x0, 0x5, 0xf4, 0x0, 0x0,
    0x0, 0x5f, 0x40, 0x0, 0x0, 0x5, 0xf4, 0x0,
    0x0, 0x0, 0x5f, 0x40, 0x0, 0x0, 0x5, 0xf4,
    0x0, 0x0, 0x0, 0x5f, 0x40, 0x0, 0x0, 0x5,
    0xf4, 0x0, 0x0, 0x0, 0x5f, 0x40, 0x0, 0x0,
    0x5, 0xf4, 0x0, 0x0, 0x0, 0x5f, 0x97, 0x77,
    0x77, 0x25, 0xff, 0xff, 0xff, 0xf5,

    /* U+004D "M" */
    0x5f, 0x40, 0x0, 0x0, 0x0, 0x1e, 0x95, 0xfc,
    0x0, 0x0, 0x0, 0x8, 0xf9, 0x5f, 0xf5, 0x0,
    0x0, 0x1, 0xff, 0x95, 0xff, 0xd0, 0x0, 0x0,
    0xaf, 0xf9, 0x5f, 0x8f, 0x70, 0x0, 0x2f, 0x8f,
    0x95, 0xf3, 0xbe, 0x10, 0xb, 0xe0, 0xf9, 0x5f,
    0x32, 0xf8, 0x3, 0xf6, 0xf, 0x95, 0xf3, 0x8,
    0xf2, 0xcc, 0x0, 0xf9, 0x5f, 0x30, 0xe, 0xdf,
    0x30, 0xf, 0x95, 0xf3, 0x0, 0x6f, 0xa0, 0x0,
    0xf9, 0x5f, 0x30, 0x0, 0x81, 0x0, 0xf, 0x95,
    0xf3, 0x0, 0x0, 0x0, 0x0, 0xf9,

    /* U+004E "N" */
    0x5f, 0x50, 0x0, 0x0, 0x4f, 0x55, 0xff, 0x20,
    0x0, 0x4, 0xf5, 0x5f, 0xfd, 0x0, 0x0, 0x4f,
    0x55, 0xfc, 0xfa, 0x0, 0x4, 0xf5, 0x5f, 0x4b,
    0xf7, 0x0, 0x4f, 0x55, 0xf4, 0x1e, 0xf3, 0x4,
    0xf5, 0x5f, 0x40, 0x3f, 0xe1, 0x4f, 0x55, 0xf4,
    0x0, 0x7f, 0xb4, 0xf5, 0x5f, 0x40, 0x0, 0xaf,
    0xcf, 0x55, 0xf4, 0x0, 0x0, 0xdf, 0xf5, 0x5f,
    0x40, 0x0, 0x2, 0xff, 0x55, 0xf4, 0x0, 0x0,
    0x6, 0xf5,

    /* U+004F "O" */
    0x0, 0x2, 0x9e, 0xff, 0xb5, 0x0, 0x0, 0x5,
    0xff, 0xa8, 0x9d, 0xfb, 0x0, 0x3, 0xfd, 0x20,
    0x0, 0x7, 0xfa, 0x0, 0xbf, 0x10, 0x0, 0x0,
    0x9, 0xf3, 0x1f, 0x90, 0x0, 0x0, 0x0, 0x2f,
    0x73, 0xf6, 0x0, 0x0, 0x0, 0x0, 0xfa, 0x3f,
    0x60, 0x0, 0x0, 0x0, 0xf, 0xa1, 0xf9, 0x0,
    0x0, 0x0, 0x2, 0xf7, 0xb, 0xf1, 0x0, 0x0,
    0x0, 0xaf, 0x20, 0x3f, 0xd2, 0x0, 0x0, 0x7f,
    0xa0, 0x0, 0x4f, 0xfa, 0x89, 0xdf, 0xb0, 0x0,
    0x0, 0x29, 0xef, 0xfb, 0x50, 0x0,

    /* U+0050 "P" */
    0x5f, 0xff, 0xff, 0xd8, 0x0, 0x5f, 0x97, 0x77,
    0xbf, 0xc0, 0x5f, 0x40, 0x0, 0x6, 0xf6, 0x5f,
    0x40, 0x0, 0x0, 0xfa, 0x5f, 0x40, 0x0, 0x0,
    0xeb, 0x5f, 0x40, 0x0, 0x3, 0xf8, 0x5f, 0x62,
    0x22, 0x6e, 0xf1, 0x5f, 0xff, 0xff, 0xfd, 0x30,
    0x5f, 0x85, 0x54, 0x20, 0x0, 0x5f, 0x40, 0x0,
    0x0, 0x0, 0x5f, 0x40, 0x0, 0x0, 0x0, 0x5f,
    0x40, 0x0, 0x0, 0x0,

    /* U+0051 "Q" */
    0x0, 0x2, 0x9e, 0xff, 0xb5, 0x0, 0x0, 0x0,
    0x5f, 0xfa, 0x89, 0xdf, 0xb0, 0x0, 0x3, 0xfd,
    0x20, 0x0, 0x7, 0xfa, 0x0, 0xb, 0xf1, 0x0,
    0x0, 0x0, 0x9f, 0x30, 0x1f, 0x90, 0x0, 0x0,
    0x0, 0x2f, 0x70, 0x3f, 0x60, 0x0, 0x0, 0x0,
    0xf, 0xa0, 0x3f, 0x60, 0x0, 0x0, 0x0, 0xf,
    0xa0, 0x1f, 0x90, 0x0, 0x0, 0x0, 0x2f, 0x70,
    0xb, 0xf2, 0x0, 0x0, 0x0, 0xaf, 0x20, 0x3,
    0xfd, 0x20, 0x0, 0x8, 0xfa, 0x0, 0x0, 0x4f,
    0xfa, 0x89, 0xdf, 0xb0, 0x0, 0x0, 0x2, 0x9e,
    0xff, 0xc5, 0x0, 0x0, 0x0, 0x0, 0x0, 0x3f,
    0xe4, 0x15, 0xb0, 0x0, 0x0, 0x0, 0x2, 0xcf,
    0xff, 0x90, 0x0, 0x0, 0x0, 0x0, 0x2, 0x31,
    0x0,

    /* U+0052 "R" */
    0x5f, 0xff, 0xff, 0xd8, 0x0, 0x5f, 0x97, 0x77,
    0xbf, 0xc0, 0x5f, 0x40, 0x0, 0x6, 0xf6, 0x5f,
    0x40, 0x0, 0x0, 0xfa, 0x5f, 0x40, 0x0, 0x0,
    0xeb, 0x5f, 0x40, 0x0, 0x3, 0xf8, 0x5f, 0x62,
    0x22, 0x6e, 0xf1, 0x5f, 0xff, 0xff, 0xfd, 0x30,
    0x5f, 0x85, 0x55, 0xf9, 0x0, 0x5f, 0x40, 0x0,
    0x7f, 0x40, 0x5f, 0x40, 0x0, 0xc, 0xe0, 0x5f,
    0x40, 0x0, 0x2, 0xf9,

    /* U+0053 "S" */
    0x0, 0x5c, 0xff, 0xea, 0x20, 0x7, 0xfc, 0x77,
    0x9e, 0xa0, 0xf, 0xb0, 0x0, 0x0, 0x10, 0x1f,
    0x80, 0x0, 0x0, 0x0, 0xd, 0xe5, 0x0, 0x0,
    0x0, 0x3, 0xef, 0xea, 0x50, 0x0, 0x0, 0x5,
    0xae, 0xff, 0x50, 0x0, 0x0, 0x0, 0x4d, 0xf1,
    0x0, 0x0, 0x0, 0x5, 0xf4, 0x8, 0x0, 0x0,
    0x8, 0xf2, 0x2f, 0xfa, 0x77, 0xaf, 0xa0, 0x2,
    0x9d, 0xff, 0xd7, 0x0,

    /* U+0054 "T" */
    0xff, 0xff, 0xff, 0xff, 0xf5, 0x67, 0x78, 0xfb,
    0x77, 0x72, 0x0, 0x1, 0xf7, 0x0, 0x0, 0x0,
    0x1, 0xf7, 0x0, 0x0, 0x0, 0x1, 0xf7, 0x0,
    0x0, 0x0, 0x1, 0xf7, 0x0, 0x0, 0x0, 0x1,
    0xf7, 0x0, 0x0, 0x0, 0x1, 0xf7, 0x0, 0x0,
    0x0, 0x1, 0xf7, 0x0, 0x0, 0x0, 0x1, 0xf7,
    0x0, 0x0, 0x0, 0x1, 0xf7, 0x0, 0x0, 0x0,
    0x1, 0xf7, 0x0, 0x0,

    /* U+0055 "U" */
    0x6f, 0x30, 0x0, 0x0, 0x8f, 0x16, 0xf3, 0x0,
    0x0, 0x8, 0xf1, 0x6f, 0x30, 0x0, 0x0, 0x8f,
    0x16, 0xf3, 0x0, 0x0, 0x8, 0xf1, 0x6f, 0x30,
    0x0, 0x0, 0x8f, 0x16, 0xf3, 0x0, 0x0, 0x8,
    0xf1, 0x6f, 0x30, 0x0, 0x0, 0x8f, 0x16, 0xf3,
    0x0, 0x0, 0x8, 0xf0, 0x3f, 0x70, 0x0, 0x0,
    0xce, 0x0, 0xee, 0x10, 0x0, 0x4f, 0x80, 0x4,
    0xfe, 0x98, 0xbf, 0xd1, 0x0, 0x3, 0xbf, 0xfe,
    0x91, 0x0,

    /* U+0056 "V" */
    0xc, 0xe0, 0x0, 0x0, 0x0, 0x6f, 0x30, 0x6f,
    0x50, 0x0, 0x0, 0xc, 0xc0, 0x0, 0xfb, 0x0,
    0x0, 0x3, 0xf6, 0x0, 0x9, 0xf2, 0x0, 0x0,
    0xaf, 0x0, 0x0, 0x2f, 0x80, 0x0, 0x1f, 0x90,
    0x0, 0x0, 0xce, 0x0, 0x7, 0xf2, 0x0, 0x0,
    0x5, 0xf5, 0x0, 0xdc, 0x0, 0x0, 0x0, 0xe,
    0xc0, 0x4f, 0x50, 0x0, 0x0, 0x0, 0x8f, 0x2b,
    0xe0, 0x0, 0x0, 0x0, 0x2, 0xfb, 0xf8, 0x0,
    0x0, 0x0, 0x0, 0xb, 0xff, 0x10, 0x0, 0x0,
    0x0, 0x0, 0x4f, 0xb0, 0x0, 0x0,

    /* U+0057 "W" */
    0x5f, 0x40, 0x0, 0x0, 0xdf, 0x0, 0x0, 0x2,
    0xf5, 0xf, 0x90, 0x0, 0x2, 0xff, 0x40, 0x0,
    0x7, 0xf0, 0xb, 0xe0, 0x0, 0x7, 0xfe, 0x90,
    0x0, 0xc, 0xb0, 0x6, 0xf3, 0x0, 0xc, 0xa9,
    0xe0, 0x0, 0x1f, 0x60, 0x1, 0xf8, 0x0, 0x1f,
    0x54, 0xf3, 0x0, 0x6f, 0x10, 0x0, 0xcd, 0x0,
    0x6f, 0x10, 0xf8, 0x0, 0xbc, 0x0, 0x0, 0x7f,
    0x20, 0xcb, 0x0, 0xad, 0x1, 0xf7, 0x0, 0x0,
    0x2f, 0x71, 0xf6, 0x0, 0x5f, 0x26, 0xf2, 0x0,
    0x0, 0xd, 0xc6, 0xf1, 0x0, 0xf, 0x7b, 0xd0,
    0x0, 0x0, 0x8, 0xfd, 0xc0, 0x0, 0xb, 0xdf,
    0x80, 0x0, 0x0, 0x3, 0xff, 0x70, 0x0, 0x6,
    0xff, 0x30, 0x0, 0x0, 0x0, 0xef, 0x20, 0x0,
    0x1, 0xfe, 0x0, 0x0,

    /* U+0058 "X" */
    0x3f, 0x90, 0x0, 0x0, 0xce, 0x0, 0x8f, 0x40,
    0x0, 0x7f, 0x40, 0x0, 0xde, 0x10, 0x3f, 0x90,
    0x0, 0x3, 0xfa, 0xd, 0xd0, 0x0, 0x0, 0x8,
    0xfc, 0xf3, 0x0, 0x0, 0x0, 0xd, 0xf9, 0x0,
    0x0, 0x0, 0x1, 0xff, 0xc0, 0x0, 0x0, 0x0,
    0xbf, 0x7f, 0x80, 0x0, 0x0, 0x6f, 0x60, 0xaf,
    0x30, 0x0, 0x2f, 0xb0, 0x1, 0xed, 0x0, 0xc,
    0xf1, 0x0, 0x4, 0xf8, 0x7, 0xf6, 0x0, 0x0,
    0x9, 0xf3,

    /* U+0059 "Y" */
    0xc, 0xe0, 0x0, 0x0, 0x7, 0xf2, 0x3, 0xf7,
    0x0, 0x0, 0x1f, 0x90, 0x0, 0xaf, 0x10, 0x0,
    0x9e, 0x10, 0x0, 0x1f, 0xa0, 0x2, 0xf6, 0x0,
    0x0, 0x8, 0xf3, 0xb, 0xd0, 0x0, 0x0, 0x0,
    0xec, 0x4f, 0x40, 0x0, 0x0, 0x0, 0x5f, 0xfb,
    0x0, 0x0, 0x0, 0x0, 0xd, 0xf2, 0x0, 0x0,
    0x0, 0x0, 0x9, 0xf0, 0x0, 0x0, 0x0, 0x0,
    0x9, 0xf0, 0x0, 0x0, 0x0, 0x0, 0x9, 0xf0,
    0x0, 0x0, 0x0, 0x0, 0x9, 0xf0, 0x0, 0x0,

    /* U+005A "Z" */
    0x3f, 0xff, 0xff, 0xff, 0xfd, 0x1, 0x77, 0x77,
    0x77, 0xbf, 0x90, 0x0, 0x0, 0x0, 0x2e, 0xc0,
    0x0, 0x0, 0x0, 0xc, 0xf2, 0x0, 0x0, 0x0,
    0x8, 0xf5, 0x0, 0x0, 0x0, 0x4, 0xf9, 0x0,
    0x0, 0x0, 0x1, 0xed, 0x0, 0x0, 0x0, 0x0,
    0xcf, 0x20, 0x0, 0x0, 0x0, 0x8f, 0x50, 0x0,
    0x0, 0x0, 0x4f, 0x90, 0x0, 0x0, 0x0, 0x1e,
    0xf8, 0x77, 0x77, 0x77, 0x5, 0xff, 0xff, 0xff,
    0xff, 0xf0,

    /* U+005B "[" */
    0x5f, 0xff, 0x5, 0xf7, 0x50, 0x5f, 0x30, 0x5,
    0xf3, 0x0, 0x5f, 0x30, 0x5, 0xf3, 0x0, 0x5f,
    0x30, 0x5, 0xf3, 0x0, 0x5f, 0x30, 0x5, 0xf3,
    0x0, 0x5f, 0x30, 0x5, 0xf3, 0x0, 0x5f, 0x30,
    0x5, 0xf7, 0x50, 0x5f, 0xff, 0x0,

    /* U+005C "\\" */
    0x7e, 0x0, 0x0, 0x0, 0x1f, 0x40, 0x0, 0x0,
    0xc, 0x90, 0x0, 0x0, 0x7, 0xe0, 0x0, 0x0,
    0x2, 0xf4, 0x0, 0x0, 0x0, 0xc9, 0x0, 0x0,
    0x0, 0x7e, 0x0, 0x0, 0x0, 0x2f, 0x40, 0x0,
    0x0, 0xc, 0x90, 0x0, 0x0, 0x7, 0xe0, 0x0,
    0x0, 0x2, 0xf3, 0x0, 0x0, 0x0, 0xd9, 0x0,
    0x0, 0x0, 0x7e, 0x0, 0x0, 0x0, 0x2f, 0x30,
    0x0, 0x0, 0xd, 0x90, 0x0, 0x0, 0x7, 0xe0,

    /* U+005D "]" */
    0xbf, 0xfa, 0x35, 0xea, 0x0, 0xea, 0x0, 0xea,
    0x0, 0xea, 0x0, 0xea, 0x0, 0xea, 0x0, 0xea,
    0x0, 0xea, 0x0, 0xea, 0x0, 0xea, 0x0, 0xea,
    0x0, 0xea, 0x35, 0xea, 0xbf, 0xfa,

    /* U+005E "^" */
    0x0, 0x2f, 0x80, 0x0, 0x0, 0x9d, 0xe0, 0x0,
    0x0, 0xf3, 0xd5, 0x0, 0x6, 0xc0, 0x7b, 0x0,
    0xc, 0x60, 0x1f, 0x20, 0x3f, 0x10, 0xb, 0x80,
    0x9a, 0x0, 0x4, 0xe0,

    /* U+005F "_" */
    0xff, 0xff, 0xff, 0xff, 0x11, 0x11, 0x11, 0x11,

    /* U+0060 "`" */
    0x7, 0xf6, 0x0, 0x3, 0xe7,

    /* U+0061 "a" */
    0x2, 0xae, 0xfe, 0x90, 0x0, 0xcd, 0x86, 0xaf,
    0xa0, 0x2, 0x0, 0x0, 0x9f, 0x0, 0x0, 0x0,
    0x5, 0xf2, 0x3, 0xbf, 0xff, 0xff, 0x20, 0xec,
    0x42, 0x27, 0xf2, 0x3f, 0x50, 0x0, 0x7f, 0x20,
    0xec, 0x32, 0x7f, 0xf2, 0x3, 0xcf, 0xfb, 0x7f,
    0x20,

    /* U+0062 "b" */
    0x8f, 0x0, 0x0, 0x0, 0x0, 0x8f, 0x0, 0x0,
    0x0, 0x0, 0x8f, 0x0, 0x0, 0x0, 0x0, 0x8f,
    0x2b, 0xff, 0xb3, 0x0, 0x8f, 0xec, 0x78, 0xef,
    0x40, 0x8f, 0x90, 0x0, 0x1e, 0xd0, 0x8f, 0x10,
    0x0, 0x7, 0xf2, 0x8f, 0x0, 0x0, 0x5, 0xf3,
    0x8f, 0x10, 0x0, 0x7, 0xf2, 0x8f, 0x90, 0x0,
    0x1e, 0xd0, 0x8f, 0xfb, 0x77, 0xef, 0x40, 0x8e,
    0x2b, 0xff, 0xb3, 0x0,

    /* U+0063 "c" */
    0x0, 0x3b, 0xff, 0xc4, 0x0, 0x4f, 0xd8, 0x7c,
    0xf5, 0xe, 0xd0, 0x0, 0x7, 0x13, 0xf5, 0x0,
    0x0, 0x0, 0x5f, 0x30, 0x0, 0x0, 0x3, 0xf5,
    0x0, 0x0, 0x0, 0xe, 0xd0, 0x0, 0x6, 0x10,
    0x4f, 0xd7, 0x7c, 0xf5, 0x0, 0x3b, 0xff, 0xc4,
    0x0,

    /* U+0064 "d" */
    0x0, 0x0, 0x0, 0x1, 0xf7, 0x0, 0x0, 0x0,
    0x1, 0xf7, 0x0, 0x0, 0x0, 0x1, 0xf7, 0x0,
    0x4c, 0xff, 0xa3, 0xf7, 0x5, 0xfd, 0x77, 0xce,
    0xf7, 0xe, 0xd0, 0x0, 0xb, 0xf7, 0x3f, 0x50,
    0x0, 0x3, 0xf7, 0x5f, 0x30, 0x0, 0x1, 0xf7,
    0x3f, 0x50, 0x0, 0x3, 0xf7, 0xe, 0xd0, 0x0,
    0xb, 0xf7, 0x5, 0xfd, 0x77, 0xce, 0xf7, 0x0,
    0x4c, 0xff, 0xb2, 0xf7,

    /* U+0065 "e" */
    0x0, 0x4c, 0xff, 0xb2, 0x0, 0x5, 0xfc, 0x67,
    0xde, 0x20, 0xe, 0xb0, 0x0, 0xd, 0xa0, 0x3f,
    0x40, 0x0, 0x7, 0xf0, 0x5f, 0xff, 0xff, 0xff,
    0xf1, 0x3f, 0x62, 0x22, 0x22, 0x20, 0xe, 0xc0,
    0x0, 0x2, 0x0, 0x4, 0xfd, 0x86, 0xaf, 0x50,
    0x0, 0x3b, 0xff, 0xd6, 0x0,

    /* U+0066 "f" */
    0x0, 0x4d, 0xfd, 0x10, 0x1f, 0xc5, 0x70, 0x4,
    0xf3, 0x0, 0xc, 0xff, 0xff, 0xa0, 0x48, 0xf7,
    0x53, 0x0, 0x5f, 0x30, 0x0, 0x5, 0xf3, 0x0,
    0x0, 0x5f, 0x30, 0x0, 0x5, 0xf3, 0x0, 0x0,
    0x5f, 0x30, 0x0, 0x5, 0xf3, 0x0, 0x0, 0x5f,
    0x30, 0x0,

    /* U+0067 "g" */
    0x0, 0x3c, 0xff, 0xb2, 0xe9, 0x5, 0xfc, 0x65,
    0xaf, 0xf9, 0xe, 0xc0, 0x0, 0x8, 0xf9, 0x3f,
    0x50, 0x0, 0x1, 0xf9, 0x5f, 0x30, 0x0, 0x0,
    0xf9, 0x3f, 0x60, 0x0, 0x1, 0xf9, 0xe, 0xd0,
    0x0, 0x9, 0xf9, 0x4, 0xfd, 0x77, 0xbe, 0xf8,
    0x0, 0x3b, 0xff, 0xb2, 0xf7, 0x0, 0x0, 0x0,
    0x5, 0xf4, 0x9, 0xe9, 0x76, 0x9f, 0xc0, 0x1,
    0x7c, 0xff, 0xd8, 0x0,

    /* U+0068 "h" */
    0x8f, 0x0, 0x0, 0x0, 0x8, 0xf0, 0x0, 0x0,
    0x0, 0x8f, 0x0, 0x0, 0x0, 0x8, 0xf3, 0xbf,
    0xfb, 0x20, 0x8f, 0xfb, 0x79, 0xfe, 0x8, 0xf8,
    0x0, 0x6, 0xf5, 0x8f, 0x10, 0x0, 0x1f, 0x78,
    0xf0, 0x0, 0x0, 0xf8, 0x8f, 0x0, 0x0, 0xf,
    0x88, 0xf0, 0x0, 0x0, 0xf8, 0x8f, 0x0, 0x0,
    0xf, 0x88, 0xf0, 0x0, 0x0, 0xf8,

    /* U+0069 "i" */
    0x9e, 0x1a, 0xf2, 0x0, 0x8, 0xf0, 0x8f, 0x8,
    0xf0, 0x8f, 0x8, 0xf0, 0x8f, 0x8, 0xf0, 0x8f,
    0x8, 0xf0,

    /* U+006A "j" */
    0x0, 0x8, 0xf2, 0x0, 0x9, 0xf3, 0x0, 0x0,
    0x10, 0x0, 0x7, 0xf1, 0x0, 0x7, 0xf1, 0x0,
    0x7, 0xf1, 0x0, 0x7, 0xf1, 0x0, 0x7, 0xf1,
    0x0, 0x7, 0xf1, 0x0, 0x7, 0xf1, 0x0, 0x7,
    0xf1, 0x0, 0x7, 0xf1, 0x0, 0x8, 0xf0, 0x18,
    0x6e, 0xc0, 0x3e, 0xfc, 0x20,

    /* U+006B "k" */
    0x8f, 0x0, 0x0, 0x0, 0x8, 0xf0, 0x0, 0x0,
    0x0, 0x8f, 0x0, 0x0, 0x0, 0x8, 0xf0, 0x0,
    0x1d, 0xe1, 0x8f, 0x0, 0x1d, 0xe2, 0x8, 0xf0,
    0x1d, 0xe2, 0x0, 0x8f, 0x2d, 0xf3, 0x0, 0x8,
    0xfe, 0xff, 0x70, 0x0, 0x8f, 0xe2, 0xbf, 0x30,
    0x8, 0xf2, 0x1, 0xee, 0x10, 0x8f, 0x0, 0x3,
    0xfb, 0x8, 0xf0, 0x0, 0x7, 0xf7,

    /* U+006C "l" */
    0x8f, 0x8f, 0x8f, 0x8f, 0x8f, 0x8f, 0x8f, 0x8f,
    0x8f, 0x8f, 0x8f, 0x8f,

    /* U+006D "m" */
    0x8e, 0x3c, 0xff, 0xa1, 0x3b, 0xff, 0xb2, 0x8,
    0xff, 0x96, 0x9f, 0xcf, 0xb6, 0x7e, 0xe0, 0x8f,
    0x70, 0x0, 0x9f, 0xb0, 0x0, 0x4f, 0x58, 0xf1,
    0x0, 0x4, 0xf5, 0x0, 0x0, 0xf8, 0x8f, 0x0,
    0x0, 0x4f, 0x40, 0x0, 0xf, 0x88, 0xf0, 0x0,
    0x4, 0xf4, 0x0, 0x0, 0xf8, 0x8f, 0x0, 0x0,
    0x4f, 0x40, 0x0, 0xf, 0x88, 0xf0, 0x0, 0x4,
    0xf4, 0x0, 0x0, 0xf8, 0x8f, 0x0, 0x0, 0x4f,
    0x40, 0x0, 0xf, 0x80,

    /* U+006E "n" */
    0x8e, 0x3c, 0xff, 0xb2, 0x8, 0xff, 0x96, 0x8f,
    0xe0, 0x8f, 0x70, 0x0, 0x5f, 0x58, 0xf1, 0x0,
    0x1, 0xf7, 0x8f, 0x0, 0x0, 0xf, 0x88, 0xf0,
    0x0, 0x0, 0xf8, 0x8f, 0x0, 0x0, 0xf, 0x88,
    0xf0, 0x0, 0x0, 0xf8, 0x8f, 0x0, 0x0, 0xf,
    0x80,

    /* U+006F "o" */
    0x0, 0x3b, 0xff, 0xc5, 0x0, 0x4, 0xfd, 0x77,
    0xcf, 0x70, 0xe, 0xd0, 0x0, 0xa, 0xf1, 0x3f,
    0x50, 0x0, 0x3, 0xf6, 0x5f, 0x30, 0x0, 0x1,
    0xf7, 0x3f, 0x50, 0x0, 0x3, 0xf6, 0xe, 0xd0,
    0x0, 0xb, 0xf1, 0x4, 0xfd, 0x77, 0xcf, 0x60,
    0x0, 0x3b, 0xff, 0xc5, 0x0,

    /* U+0070 "p" */
    0x8e, 0x2b, 0xff, 0xb3, 0x0, 0x8f, 0xfc, 0x78,
    0xef, 0x40, 0x8f, 0x90, 0x0, 0x1e, 0xd0, 0x8f,
    0x10, 0x0, 0x7, 0xf2, 0x8f, 0x0, 0x0, 0x5,
    0xf3, 0x8f, 0x10, 0x0, 0x7, 0xf2, 0x8f, 0x90,
    0x0, 0x1e, 0xd0, 0x8f, 0xeb, 0x77, 0xef, 0x40,
    0x8f, 0x2b, 0xff, 0xb3, 0x0, 0x8f, 0x0, 0x0,
    0x0, 0x0, 0x8f, 0x0, 0x0, 0x0, 0x0, 0x8f,
    0x0, 0x0, 0x0, 0x0,

    /* U+0071 "q" */
    0x0, 0x4c, 0xff, 0xb2, 0xf7, 0x5, 0xfd, 0x77,
    0xce, 0xf7, 0xe, 0xd0, 0x0, 0xb, 0xf7, 0x3f,
    0x50, 0x0, 0x3, 0xf7, 0x5f, 0x30, 0x0, 0x1,
    0xf7, 0x3f, 0x50, 0x0, 0x3, 0xf7, 0xe, 0xd0,
    0x0, 0xb, 0xf7, 0x5, 0xfd, 0x77, 0xce, 0xf7,
    0x0, 0x4c, 0xff, 0xa3, 0xf7, 0x0, 0x0, 0x0,
    0x1, 0xf7, 0x0, 0x0, 0x0, 0x1, 0xf7, 0x0,
    0x0, 0x0, 0x1, 0xf7,

    /* U+0072 "r" */
    0x8e, 0x3c, 0xf0, 0x8f, 0xfb, 0x70, 0x8f, 0x80,
    0x0, 0x8f, 0x10, 0x0, 0x8f, 0x0, 0x0, 0x8f,
    0x0, 0x0, 0x8f, 0x0, 0x0, 0x8f, 0x0, 0x0,
    0x8f, 0x0, 0x0,

    /* U+0073 "s" */
    0x3, 0xbf, 0xfd, 0x91, 0x1f, 0xd7, 0x69, 0xd0,
    0x5f, 0x30, 0x0, 0x0, 0x3f, 0xb4, 0x10, 0x0,
    0x6, 0xef, 0xfd, 0x70, 0x0, 0x2, 0x5a, 0xf5,
    0x1, 0x0, 0x0, 0xf8, 0x6f, 0x96, 0x6b, 0xf3,
    0x19, 0xdf, 0xfc, 0x40,

    /* U+0074 "t" */
    0x5, 0xf3, 0x0, 0x0, 0x5f, 0x30, 0x0, 0xcf,
    0xff, 0xfa, 0x4, 0x8f, 0x75, 0x30, 0x5, 0xf3,
    0x0, 0x0, 0x5f, 0x30, 0x0, 0x5, 0xf3, 0x0,
    0x0, 0x5f, 0x30, 0x0, 0x4, 0xf4, 0x0, 0x0,
    0x1f, 0xc6, 0x80, 0x0, 0x5e, 0xfc, 0x10,

    /* U+0075 "u" */
    0xae, 0x0, 0x0, 0x2f, 0x5a, 0xe0, 0x0, 0x2,
    0xf5, 0xae, 0x0, 0x0, 0x2f, 0x5a, 0xe0, 0x0,
    0x2, 0xf5, 0xae, 0x0, 0x0, 0x2f, 0x59, 0xf0,
    0x0, 0x4, 0xf5, 0x7f, 0x40, 0x0, 0xbf, 0x51,
    0xff, 0x87, 0xce, 0xf5, 0x3, 0xbf, 0xfb, 0x3f,
    0x50,

    /* U+0076 "v" */
    0xd, 0xc0, 0x0, 0x0, 0xcc, 0x6, 0xf2, 0x0,
    0x2, 0xf5, 0x0, 0xf9, 0x0, 0x9, 0xe0, 0x0,
    0x9f, 0x0, 0xf, 0x80, 0x0, 0x2f, 0x60, 0x6f,
    0x10, 0x0, 0xc, 0xc0, 0xdb, 0x0, 0x0, 0x5,
    0xf6, 0xf4, 0x0, 0x0, 0x0, 0xef, 0xd0, 0x0,
    0x0, 0x0, 0x8f, 0x70, 0x0,

    /* U+0077 "w" */
    0xbb, 0x0, 0x0, 0x9f, 0x10, 0x0, 0x4f, 0x16,
    0xf1, 0x0, 0xe, 0xf6, 0x0, 0x9, 0xc0, 0xf,
    0x60, 0x5, 0xfc, 0xb0, 0x0, 0xf6, 0x0, 0xac,
    0x0, 0xab, 0x5f, 0x10, 0x5f, 0x10, 0x5, 0xf1,
    0x1f, 0x50, 0xf7, 0xa, 0xb0, 0x0, 0xf, 0x76,
    0xf0, 0x9, 0xc0, 0xf5, 0x0, 0x0, 0xac, 0xca,
    0x0, 0x4f, 0x8f, 0x0, 0x0, 0x4, 0xff, 0x40,
    0x0, 0xef, 0xa0, 0x0, 0x0, 0xe, 0xe0, 0x0,
    0x8, 0xf4, 0x0, 0x0,

    /* U+0078 "x" */
    0x4f, 0x70, 0x0, 0x9f, 0x20, 0x8f, 0x30, 0x5f,
    0x50, 0x0, 0xcd, 0x2e, 0x90, 0x0, 0x2, 0xff,
    0xd0, 0x0, 0x0, 0xa, 0xf6, 0x0, 0x0, 0x4,
    0xfd, 0xe1, 0x0, 0x1, 0xeb, 0xd, 0xc0, 0x0,
    0xbe, 0x10, 0x3f, 0x80, 0x6f, 0x40, 0x0, 0x7f,
    0x40,

    /* U+0079 "y" */
    0xd, 0xc0, 0x0, 0x0, 0xcb, 0x6, 0xf3, 0x0,
    0x2, 0xf4, 0x0, 0xea, 0x0, 0x9, 0xd0, 0x0,
    0x8f, 0x10, 0x1f, 0x70, 0x0, 0x1f, 0x70, 0x7f,
    0x10, 0x0, 0xa, 0xe0, 0xd9, 0x0, 0x0, 0x3,
    0xfa, 0xf2, 0x0, 0x0, 0x0, 0xcf, 0xb0, 0x0,
    0x0, 0x0, 0x6f, 0x40, 0x0, 0x0, 0x0, 0xad,
    0x0, 0x0, 0x1c, 0x69, 0xf6, 0x0, 0x0, 0x1b,
    0xfe, 0x70, 0x0, 0x0,

    /* U+007A "z" */
    0x4f, 0xff, 0xff, 0xf9, 0x15, 0x55, 0x5b, 0xf4,
    0x0, 0x0, 0x3f, 0x80, 0x0, 0x1, 0xec, 0x0,
    0x0, 0xb, 0xe1, 0x0, 0x0, 0x8f, 0x40, 0x0,
    0x4, 0xf7, 0x0, 0x0, 0x1e, 0xe5, 0x55, 0x53,
    0x5f, 0xff, 0xff, 0xfc,

    /* U+007B "{" */
    0x0, 0x2c, 0xf5, 0x0, 0xaf, 0x61, 0x0, 0xcc,
    0x0, 0x0, 0xdb, 0x0, 0x0, 0xdb, 0x0, 0x0,
    0xdb, 0x0, 0x1, 0xeb, 0x0, 0x1f, 0xf4, 0x0,
    0x4, 0xfa, 0x0, 0x0, 0xdb, 0x0, 0x0, 0xdb,
    0x0, 0x0, 0xdb, 0x0, 0x0, 0xcc, 0x0, 0x0,
    0xbf, 0x61, 0x0, 0x2c, 0xf5,

    /* U+007C "|" */
    0x5f, 0x15, 0xf1, 0x5f, 0x15, 0xf1, 0x5f, 0x15,
    0xf1, 0x5f, 0x15, 0xf1, 0x5f, 0x15, 0xf1, 0x5f,
    0x15, 0xf1, 0x5f, 0x15, 0xf1, 0x5f, 0x10,

    /* U+007D "}" */
    0xbf, 0x90, 0x3, 0xaf, 0x40, 0x1, 0xf6, 0x0,
    0x1f, 0x70, 0x1, 0xf7, 0x0, 0x1f, 0x70, 0x0,
    0xf9, 0x0, 0xa, 0xfb, 0x0, 0xfb, 0x20, 0x1f,
    0x70, 0x1, 0xf7, 0x0, 0x1f, 0x70, 0x1, 0xf6,
    0x3, 0xaf, 0x50, 0xbf, 0x90, 0x0,

    /* U+007E "~" */
    0x0, 0x0, 0x0, 0x0, 0x0, 0x3e, 0xe5, 0x0,
    0xa5, 0xc, 0x85, 0xf6, 0x2e, 0x20, 0xf0, 0x4,
    0xef, 0xa0, 0x3, 0x0, 0x1, 0x20, 0x0,

    /* U+00A0 " " */

    /* U+00A1 "¡" */
    0xae, 0x1c, 0xf1, 0x1, 0x0, 0x0, 0x7c, 0x8,
    0xd0, 0x9d, 0x9, 0xe0, 0xae, 0xa, 0xf0, 0xbf,
    0x9, 0xc0,

    /* U+00A2 "¢" */
    0x0, 0x0, 0x78, 0x0, 0x0, 0x0, 0x7, 0x80,
    0x0, 0x0, 0x3b, 0xff, 0xc4, 0x0, 0x4f, 0xdc,
    0xcc, 0xf5, 0xe, 0xd0, 0x78, 0x7, 0x13, 0xf5,
    0x7, 0x80, 0x0, 0x5f, 0x30, 0x78, 0x0, 0x3,
    0xf5, 0x7, 0x80, 0x0, 0xe, 0xd0, 0x78, 0x6,
    0x10, 0x4f, 0xdc, 0xcc, 0xf5, 0x0, 0x3b, 0xff,
    0xc4, 0x0, 0x0, 0x7, 0x80, 0x0, 0x0, 0x0,
    0x78, 0x0, 0x0,

    /* U+00A3 "£" */
    0x0, 0x0, 0x7d, 0xff, 0xd7, 0x0, 0x0, 0xcf,
    0xb8, 0x8c, 0xd0, 0x0, 0x6f, 0x60, 0x0, 0x1,
    0x0, 0xb, 0xe0, 0x0, 0x0, 0x0, 0x0, 0xcd,
    0x0, 0x0, 0x0, 0x0, 0xc, 0xd0, 0x0, 0x0,
    0x0, 0x7f, 0xff, 0xff, 0xff, 0x0, 0x1, 0x2d,
    0xd2, 0x22, 0x20, 0x0, 0x0, 0xcd, 0x0, 0x0,
    0x0, 0x0, 0xc, 0xd0, 0x0, 0x0, 0x0, 0x13,
    0xdd, 0x33, 0x33, 0x33, 0x8, 0xff, 0xff, 0xff,
    0xff, 0xd0,

    /* U+00A4 "¤" */
    0x2a, 0x0, 0x0, 0x0, 0x9, 0x42, 0xeb, 0x7e,
    0xff, 0x99, 0xf4, 0x2, 0xff, 0x84, 0x6e, 0xf5,
    0x0, 0x3f, 0x40, 0x0, 0x1e, 0x70, 0x9, 0xb0,
    0x0, 0x0, 0x7d, 0x0, 0xb8, 0x0, 0x0, 0x4,
    0xf0, 0xa, 0xa0, 0x0, 0x0, 0x6d, 0x0, 0x5f,
    0x20, 0x0, 0xd, 0x90, 0x1, 0xfe, 0x51, 0x3c,
    0xf4, 0x0, 0xce, 0xaf, 0xff, 0xcc, 0xe2, 0x3e,
    0x20, 0x13, 0x20, 0x1c, 0x60, 0x0, 0x0, 0x0,
    0x0, 0x0,

    /* U+00A5 "¥" */
    0xb, 0xe0, 0x0, 0x0, 0x0, 0x9f, 0x10, 0x2f,
    0x90, 0x0, 0x0, 0x3f, 0x60, 0x0, 0x7f, 0x30,
    0x0, 0xd, 0xc0, 0x0, 0x0, 0xcd, 0x0, 0x7,
    0xf2, 0x0, 0x0, 0x2, 0xf7, 0x2, 0xf7, 0x0,
    0x0, 0x0, 0x8, 0xf2, 0xbd, 0x0, 0x0, 0x0,
    0x0, 0xd, 0xef, 0x30, 0x0, 0x0, 0x8, 0xff,
    0xff, 0xff, 0xfc, 0x0, 0x0, 0x0, 0x2, 0xf7,
    0x0, 0x0, 0x0, 0x7, 0xff, 0xff, 0xff, 0xfc,
    0x0, 0x0, 0x0, 0x2, 0xf7, 0x0, 0x0, 0x0,
    0x0, 0x0, 0x2f, 0x70, 0x0, 0x0,

    /* U+00A6 "¦" */
    0x5f, 0x15, 0xf1, 0x5f, 0x15, 0xf1, 0x5f, 0x14,
    0xe1, 0x0, 0x0, 0x0, 0x0, 0x4, 0xe1, 0x5f,
    0x15, 0xf1, 0x5f, 0x15, 0xf1, 0x5f, 0x10,

    /* U+00A7 "§" */
    0x1, 0x9e, 0xfe, 0xa2, 0xc, 0xd6, 0x56, 0xb4,
    0xf, 0x50, 0x0, 0x0, 0xe, 0xb2, 0x0, 0x0,
    0x8, 0xff, 0xe9, 0x20, 0x3f, 0x61, 0x6c, 0xf2,
    0x6f, 0x0, 0x0, 0xf6, 0x3f, 0x92, 0x2, 0xf4,
    0x5, 0xdf, 0xef, 0xa0, 0x0, 0x1, 0x6d, 0xd0,
    0x0, 0x0, 0x4, 0xf1, 0x4a, 0x31, 0x2a, 0xe0,
    0x3c, 0xff, 0xfd, 0x30, 0x0, 0x13, 0x20, 0x0,

    /* U+00A8 "¨" */
    0x3a, 0x3, 0x90, 0x5e, 0x6, 0xe0,

    /* U+00A9 "©" */
    0x0, 0x1, 0x8b, 0xcb, 0x71, 0x0, 0x0, 0x4,
    0xc4, 0x0, 0x5, 0xc3, 0x0, 0x2, 0xb0, 0x4c,
    0xfd, 0x51, 0xc1, 0x0, 0xb2, 0x3f, 0x72, 0x6d,
    0x4, 0x80, 0xb, 0xa, 0xa0, 0x0, 0x0, 0xc,
    0x3, 0x80, 0xc7, 0x0, 0x0, 0x0, 0xb0, 0x38,
    0xb, 0x90, 0x0, 0x0, 0xb, 0x1, 0xb0, 0x4f,
    0x40, 0x3a, 0x0, 0xc0, 0xb, 0x20, 0x7f, 0xff,
    0x70, 0x48, 0x0, 0x3b, 0x0, 0x2, 0x0, 0x1c,
    0x10, 0x0, 0x4c, 0x40, 0x0, 0x5c, 0x20, 0x0,
    0x0, 0x18, 0xcc, 0xb7, 0x0, 0x0,

    /* U+00AA "ª" */
    0x1b, 0xde, 0xa0, 0x3, 0x0, 0xd5, 0x1a, 0xbb,
    0xe6, 0x5b, 0x0, 0xc6, 0xa, 0xba, 0xa5,

    /* U+00AB "«" */
    0x0, 0x7, 0x20, 0x62, 0x0, 0x9c, 0x8, 0xd0,
    0x5, 0xf2, 0x4f, 0x30, 0x1e, 0x60, 0xe8, 0x0,
    0xb, 0xa0, 0xab, 0x0, 0x1, 0xe6, 0x1e, 0x70,
    0x0, 0x5f, 0x24, 0xf3,

    /* U+00AC "¬" */
    0x11, 0x11, 0x11, 0x10, 0xef, 0xff, 0xff, 0xf3,
    0x34, 0x44, 0x45, 0xf3, 0x0, 0x0, 0x2, 0xf3,
    0x0, 0x0, 0x2, 0xf3, 0x0, 0x0, 0x0, 0x40,

    /* U+00AE "®" */
    0x0, 0x1, 0x8b, 0xcb, 0x71, 0x0, 0x0, 0x4,
    0xc4, 0x0, 0x5, 0xc3, 0x0, 0x2, 0xb0, 0x0,
    0x0, 0x1, 0xc1, 0x0, 0xb2, 0xd, 0xff, 0xe7,
    0x4, 0x80, 0xb, 0x0, 0xd3, 0x2, 0xe3, 0xc,
    0x3, 0x80, 0xd, 0x30, 0x2e, 0x30, 0xb0, 0x38,
    0x0, 0xdf, 0xff, 0x70, 0xb, 0x1, 0xb0, 0xd,
    0x30, 0xb6, 0x0, 0xc0, 0xb, 0x20, 0xd3, 0x2,
    0xe0, 0x48, 0x0, 0x3b, 0x3, 0x0, 0x2, 0x3c,
    0x10, 0x0, 0x4c, 0x40, 0x0, 0x5c, 0x20, 0x0,
    0x0, 0x18, 0xcc, 0xb7, 0x0, 0x0,

    /* U+00AF "¯" */
    0xce, 0xee, 0xe6, 0x11, 0x11, 0x10,

    /* U+00B0 "°" */
    0x2, 0xce, 0xa0, 0xd, 0x30, 0x89, 0x3a, 0x0,
    0xe, 0x3a, 0x0, 0xe, 0xd, 0x30, 0x89, 0x3,
    0xce, 0xa0,

    /* U+00B1 "±" */
    0x0, 0x8, 0x20, 0x0, 0x0, 0xf, 0x50, 0x0,
    0x0, 0xf, 0x50, 0x0, 0x1, 0x1f, 0x61, 0x10,
    0xef, 0xff, 0xff, 0xf3, 0x34, 0x4f, 0x74, 0x40,
    0x0, 0xf, 0x50, 0x0, 0x0, 0xf, 0x50, 0x0,
    0x0, 0x0, 0x0, 0x0, 0x45, 0x55, 0x55, 0x51,
    0xef, 0xff, 0xff, 0xf3,

    /* U+00B2 "²" */
    0x1a, 0xff, 0xc2, 0x2, 0x70, 0x9, 0xa0, 0x0,
    0x0, 0x7a, 0x0, 0x0, 0x4e, 0x20, 0x0, 0x5e,
    0x30, 0x0, 0x7d, 0x20, 0x0, 0x3f, 0xff, 0xff,
    0x10,

    /* U+00B3 "³" */
    0x5f, 0xff, 0xfc, 0x0, 0x0, 0x2e, 0x30, 0x0,
    0x1d, 0x50, 0x0, 0x6, 0xfc, 0x40, 0x0, 0x0,
    0x4f, 0x3, 0x50, 0x5, 0xf0, 0x3b, 0xff, 0xd4,
    0x0,

    /* U+00B4 "´" */
    0x0, 0xbd, 0x31, 0xca, 0x0,

    /* U+00B5 "µ" */
    0x8f, 0x0, 0x0, 0x1f, 0x78, 0xf0, 0x0, 0x1,
    0xf7, 0x8f, 0x0, 0x0, 0x1f, 0x78, 0xf0, 0x0,
    0x1, 0xf7, 0x8f, 0x0, 0x0, 0x1f, 0x78, 0xf0,
    0x0, 0x3, 0xf7, 0x8f, 0x40, 0x0, 0x9f, 0x78,
    0xfe, 0x75, 0xaf, 0xf7, 0x8f, 0x7e, 0xfc, 0x3f,
    0x78, 0xf0, 0x0, 0x0, 0x0, 0x8f, 0x0, 0x0,
    0x0, 0x8, 0xf0, 0x0, 0x0, 0x0,

    /* U+00B6 "¶" */
    0x5, 0xcf, 0xff, 0xff, 0xb4, 0xff, 0xfe, 0x44,
    0xbb, 0xaf, 0xff, 0xe0, 0x9, 0xba, 0xff, 0xfe,
    0x0, 0x9b, 0x5f, 0xff, 0xe0, 0x9, 0xb0, 0x6e,
    0xfe, 0x0, 0x9b, 0x0, 0x6, 0xe0, 0x9, 0xb0,
    0x0, 0x6e, 0x0, 0x9b, 0x0, 0x6, 0xe0, 0x9,
    0xb0, 0x0, 0x6e, 0x0, 0x9b, 0x0, 0x6, 0xe0,
    0x9, 0xb0, 0x0, 0x6e, 0x0, 0x9b, 0x0, 0x6,
    0xe0, 0x9, 0xb0, 0x0, 0x6e, 0x0, 0x9b, 0x0,
    0x1, 0x30, 0x2, 0x20,

    /* U+00B7 "·" */
    0x13, 0xd, 0xf2, 0xae, 0x10,

    /* U+00B8 "¸" */
    0x0, 0xc1, 0x0, 0xa, 0xd1, 0x1, 0xc, 0x50,
    0xce, 0xb0,

    /* U+00B9 "¹" */
    0x8f, 0xf4, 0x0, 0xd, 0x40, 0x0, 0xd4, 0x0,
    0xd, 0x40, 0x0, 0xd4, 0x0, 0xd, 0x40, 0xaf,
    0xff, 0xe0,

    /* U+00BA "º" */
    0x6, 0xef, 0xc3, 0x4, 0xe2, 0x5, 0xe0, 0x79,
    0x0, 0xe, 0x23, 0xe2, 0x5, 0xe0, 0x6, 0xde,
    0xc3, 0x0,

    /* U+00BB "»" */
    0x27, 0x1, 0x71, 0x0, 0xc, 0x90, 0xbb, 0x0,
    0x2, 0xf5, 0x1e, 0x60, 0x0, 0x7e, 0x15, 0xf2,
    0x0, 0xbb, 0x9, 0xc0, 0x6, 0xe1, 0x5f, 0x20,
    0x2f, 0x51, 0xe6, 0x0,

    /* U+00BC "¼" */
    0x9f, 0xf4, 0x0, 0x0, 0x0, 0xc5, 0x0, 0x0,
    0x0, 0xd4, 0x0, 0x0, 0x8, 0xb0, 0x0, 0x0,
    0x0, 0xd4, 0x0, 0x0, 0x3e, 0x10, 0x0, 0x0,
    0x0, 0xd4, 0x0, 0x0, 0xd6, 0x0, 0x0, 0x0,
    0x0, 0xd4, 0x0, 0x8, 0xb0, 0x0, 0x21, 0x0,
    0x0, 0xd4, 0x0, 0x3e, 0x10, 0x4, 0xe1, 0x0,
    0xaf, 0xff, 0xe0, 0xd6, 0x0, 0x1e, 0x30, 0x0,
    0x0, 0x0, 0x8, 0xb0, 0x0, 0xb8, 0x3, 0x0,
    0x0, 0x0, 0x3e, 0x10, 0x7, 0xc0, 0x3d, 0x0,
    0x0, 0x0, 0xd6, 0x0, 0xf, 0xff, 0xff, 0xf1,
    0x0, 0x8, 0xb0, 0x0, 0x0, 0x0, 0x4d, 0x0,
    0x0, 0x7, 0x10, 0x0, 0x0, 0x0, 0x26, 0x0,

    /* U+00BD "½" */
    0x9f, 0xf4, 0x0, 0x0, 0x0, 0xc6, 0x0, 0x0,
    0xd, 0x40, 0x0, 0x0, 0x7c, 0x0, 0x0, 0x0,
    0xd4, 0x0, 0x0, 0x2e, 0x20, 0x0, 0x0, 0xd,
    0x40, 0x0, 0xb, 0x70, 0x0, 0x0, 0x0, 0xd4,
    0x0, 0x6, 0xd0, 0x0, 0x0, 0x0, 0xd, 0x40,
    0x1, 0xe3, 0x4b, 0xed, 0x70, 0xaf, 0xff, 0xe0,
    0xa9, 0x3, 0x30, 0x2d, 0x50, 0x0, 0x0, 0x4e,
    0x0, 0x0, 0x0, 0xd5, 0x0, 0x0, 0xe, 0x40,
    0x0, 0x0, 0x9c, 0x0, 0x0, 0x9, 0xa0, 0x0,
    0x0, 0xab, 0x0, 0x0, 0x3, 0xe1, 0x0, 0x0,
    0xba, 0x0, 0x0, 0x0, 0xc5, 0x0, 0x0, 0x8f,
    0xff, 0xfb,

    /* U+00BE "¾" */
    0x5f, 0xff, 0xfb, 0x0, 0x0, 0xc, 0x50, 0x0,
    0x0, 0x0, 0x2e, 0x30, 0x0, 0x8, 0xb0, 0x0,
    0x0, 0x0, 0x1d, 0x50, 0x0, 0x3, 0xe1, 0x0,
    0x0, 0x0, 0x6, 0xfd, 0x40, 0x0, 0xd6, 0x0,
    0x0, 0x0, 0x0, 0x0, 0x4f, 0x0, 0x8b, 0x0,
    0x1, 0x0, 0x2, 0x40, 0x4, 0xf0, 0x3e, 0x10,
    0x3, 0xe1, 0x0, 0x3d, 0xfe, 0xe5, 0xd, 0x60,
    0x1, 0xe4, 0x0, 0x0, 0x0, 0x10, 0x8, 0xb0,
    0x0, 0xb8, 0x3, 0x0, 0x0, 0x0, 0x3, 0xe1,
    0x0, 0x7c, 0x3, 0xd0, 0x0, 0x0, 0x0, 0xd6,
    0x0, 0xf, 0xff, 0xff, 0xf1, 0x0, 0x0, 0x8b,
    0x0, 0x0, 0x0, 0x4, 0xd0, 0x0, 0x0, 0x7,
    0x10, 0x0, 0x0, 0x0, 0x26, 0x0,

    /* U+00BF "¿" */
    0x0, 0x2e, 0x80, 0x0, 0x0, 0x3, 0xfa, 0x0,
    0x0, 0x0, 0x1, 0x0, 0x0, 0x0, 0x0, 0x42,
    0x0, 0x0, 0x0, 0x4f, 0x60, 0x0, 0x0, 0x2e,
    0xc0, 0x0, 0x0, 0x2e, 0xc1, 0x0, 0x0, 0xb,
    0xe0, 0x0, 0x0, 0x0, 0xdc, 0x0, 0x0, 0x10,
    0xa, 0xf7, 0x22, 0x6e, 0xc0, 0x1b, 0xff, 0xff,
    0xb1, 0x0, 0x2, 0x44, 0x10, 0x0,

    /* U+00C0 "À" */
    0x0, 0x0, 0x8f, 0x50, 0x0, 0x0, 0x0, 0x0,
    0x0, 0x7f, 0x30, 0x0, 0x0, 0x0, 0x0, 0x0,
    0x56, 0x0, 0x0, 0x0, 0x0, 0x0, 0x2f, 0xd0,
    0x0, 0x0, 0x0, 0x0, 0x9, 0xff, 0x40, 0x0,
    0x0, 0x0, 0x0, 0xf8, 0xdb, 0x0, 0x0, 0x0,
    0x0, 0x6f, 0x27, 0xf2, 0x0, 0x0, 0x0, 0xd,
    0xb0, 0x1f, 0x80, 0x0, 0x0, 0x4, 0xf4, 0x0,
    0xae, 0x0, 0x0, 0x0, 0xbe, 0x0, 0x3, 0xf6,
    0x0, 0x0, 0x2f, 0x81, 0x11, 0x1d, 0xd0, 0x0,
    0x8, 0xff, 0xff, 0xff, 0xff, 0x30, 0x0, 0xeb,
    0x44, 0x44, 0x44, 0xfa, 0x0, 0x6f, 0x30, 0x0,
    0x0, 0x9, 0xf1, 0xc, 0xd0, 0x0, 0x0, 0x0,
    0x2f, 0x80,

    /* U+00C1 "Á" */
    0x0, 0x0, 0x0, 0x9, 0xf4, 0x0, 0x0, 0x0,
    0x0, 0x7, 0xf3, 0x0, 0x0, 0x0, 0x0, 0x1,
    0x72, 0x0, 0x0, 0x0, 0x0, 0x0, 0x2f, 0xd0,
    0x0, 0x0, 0x0, 0x0, 0x9, 0xff, 0x40, 0x0,
    0x0, 0x0, 0x0, 0xf8, 0xdb, 0x0, 0x0, 0x0,
    0x0, 0x6f, 0x27, 0xf2, 0x0, 0x0, 0x0, 0xd,
    0xb0, 0x1f, 0x80, 0x0, 0x0, 0x4, 0xf4, 0x0,
    0xae, 0x0, 0x0, 0x0, 0xbe, 0x0, 0x3, 0xf6,
    0x0, 0x0, 0x2f, 0x81, 0x11, 0x1d, 0xd0, 0x0,
    0x8, 0xff, 0xff, 0xff, 0xff, 0x30, 0x0, 0xeb,
    0x44, 0x44, 0x44, 0xfa, 0x0, 0x6f, 0x30, 0x0,
    0x0, 0x9, 0xf1, 0xc, 0xd0, 0x0, 0x0, 0x0,
    0x2f, 0x80,

    /* U+00C2 "Â" */
    0x0, 0x0, 0x4, 0xfe, 0x10, 0x0, 0x0, 0x0,
    0x3, 0xf7, 0xbd, 0x0, 0x0, 0x0, 0x0, 0x65,
    0x0, 0x74, 0x0, 0x0, 0x0, 0x0, 0x2f, 0xd0,
    0x0, 0x0, 0x0, 0x0, 0x9, 0xff, 0x40, 0x0,
    0x0, 0x0, 0x0, 0xf8, 0xdb, 0x0, 0x0, 0x0,
    0x0, 0x6f, 0x27, 0xf2, 0x0, 0x0, 0x0, 0xd,
    0xb0, 0x1f, 0x80, 0x0, 0x0, 0x4, 0xf4, 0x0,
    0xae, 0x0, 0x0, 0x0, 0xbe, 0x0, 0x3, 0xf6,
    0x0, 0x0, 0x2f, 0x81, 0x11, 0x1d, 0xd0, 0x0,
    0x8, 0xff, 0xff, 0xff, 0xff, 0x30, 0x0, 0xeb,
    0x44, 0x44, 0x44, 0xfa, 0x0, 0x6f, 0x30, 0x0,
    0x0, 0x9, 0xf1, 0xc, 0xd0, 0x0, 0x0, 0x0,
    0x2f, 0x80,

    /* U+00C3 "Ã" */
    0x0, 0x0, 0x6e, 0xb2, 0x5a, 0x0, 0x0, 0x0,
    0xf, 0x36, 0xff, 0x40, 0x0, 0x0, 0x0, 0x10,
    0x0, 0x10, 0x0, 0x0, 0x0, 0x0, 0x2f, 0xd0,
    0x0, 0x0, 0x0, 0x0, 0x9, 0xff, 0x40, 0x0,
    0x0, 0x0, 0x0, 0xf8, 0xdb, 0x0, 0x0, 0x0,
    0x0, 0x6f, 0x27, 0xf2, 0x0, 0x0, 0x0, 0xd,
    0xb0, 0x1f, 0x80, 0x0, 0x0, 0x4, 0xf4, 0x0,
    0xae, 0x0, 0x0, 0x0, 0xbe, 0x0, 0x3, 0xf6,
    0x0, 0x0, 0x2f, 0x81, 0x11, 0x1d, 0xd0, 0x0,
    0x8, 0xff, 0xff, 0xff, 0xff, 0x30, 0x0, 0xeb,
    0x44, 0x44, 0x44, 0xfa, 0x0, 0x6f, 0x30, 0x0,
    0x0, 0x9, 0xf1, 0xc, 0xd0, 0x0, 0x0, 0x0,
    0x2f, 0x80,

    /* U+00C4 "Ä" */
    0x0, 0x0, 0x3a, 0x3, 0xa0, 0x0, 0x0, 0x0,
    0x4, 0xe1, 0x5e, 0x10, 0x0, 0x0, 0x0, 0x0,
    0x0, 0x0, 0x0, 0x0, 0x0, 0x0, 0x2f, 0xd0,
    0x0, 0x0, 0x0, 0x0, 0x9, 0xff, 0x40, 0x0,
    0x0, 0x0, 0x0, 0xf8, 0xdb, 0x0, 0x0, 0x0,
    0x0, 0x6f, 0x27, 0xf2, 0x0, 0x0, 0x0, 0xd,
    0xb0, 0x1f, 0x80, 0x0, 0x0, 0x4, 0xf4, 0x0,
    0xae, 0x0, 0x0, 0x0, 0xbe, 0x0, 0x3, 0xf6,
    0x0, 0x0, 0x2f, 0x81, 0x11, 0x1d, 0xd0, 0x0,
    0x8, 0xff, 0xff, 0xff, 0xff, 0x30, 0x0, 0xeb,
    0x44, 0x44, 0x44, 0xfa, 0x0, 0x6f, 0x30, 0x0,
    0x0, 0x9, 0xf1, 0xc, 0xd0, 0x0, 0x0, 0x0,
    0x2f, 0x80,

    /* U+00C5 "Å" */
    0x0, 0x0, 0x3, 0xba, 0x10, 0x0, 0x0, 0x0,
    0x0, 0xb0, 0x48, 0x0, 0x0, 0x0, 0x0, 0xb,
    0x4, 0x80, 0x0, 0x0, 0x0, 0x0, 0x3b, 0xa1,
    0x0, 0x0, 0x0, 0x0, 0x2, 0xfd, 0x0, 0x0,
    0x0, 0x0, 0x0, 0x9f, 0xf4, 0x0, 0x0, 0x0,
    0x0, 0xf, 0x8d, 0xb0, 0x0, 0x0, 0x0, 0x6,
    0xf2, 0x7f, 0x20, 0x0, 0x0, 0x0, 0xdb, 0x1,
    0xf8, 0x0, 0x0, 0x0, 0x4f, 0x40, 0xa, 0xe0,
    0x0, 0x0, 0xb, 0xe0, 0x0, 0x3f, 0x60, 0x0,
    0x2, 0xf8, 0x11, 0x11, 0xdd, 0x0, 0x0, 0x8f,
    0xff, 0xff, 0xff, 0xf3, 0x0, 0xe, 0xb4, 0x44,
    0x44, 0x4f, 0xa0, 0x6, 0xf3, 0x0, 0x0, 0x0,
    0x9f, 0x10, 0xcd, 0x0, 0x0, 0x0, 0x2, 0xf8,

    /* U+00C6 "Æ" */
    0x0, 0x0, 0x0, 0x9, 0xff, 0xff, 0xff, 0xff,
    0xa0, 0x0, 0x0, 0x3, 0xfc, 0xfa, 0x77, 0x77,
    0x74, 0x0, 0x0, 0x0, 0xbd, 0x4f, 0x50, 0x0,
    0x0, 0x0, 0x0, 0x0, 0x4f, 0x44, 0xf5, 0x0,
    0x0, 0x0, 0x0, 0x0, 0xd, 0xc0, 0x4f, 0x61,
    0x11, 0x11, 0x0, 0x0, 0x6, 0xf3, 0x4, 0xff,
    0xff, 0xff, 0xe0, 0x0, 0x0, 0xea, 0x0, 0x4f,
    0x84, 0x44, 0x44, 0x0, 0x0, 0x8f, 0x31, 0x15,
    0xf5, 0x0, 0x0, 0x0, 0x0, 0x1f, 0xff, 0xff,
    0xff, 0x50, 0x0, 0x0, 0x0, 0xa, 0xe4, 0x44,
    0x47, 0xf5, 0x0, 0x0, 0x0, 0x3, 0xf7, 0x0,
    0x0, 0x4f, 0xa7, 0x77, 0x77, 0x60, 0xbd, 0x0,
    0x0, 0x4, 0xff, 0xff, 0xff, 0xfd,

    /* U+00C7 "Ç" */
    0x0, 0x2, 0x9e, 0xff, 0xb5, 0x0, 0x5, 0xff,
    0xa8, 0x9d, 0xf9, 0x3, 0xfd, 0x20, 0x0, 0x8,
    0x50, 0xbf, 0x10, 0x0, 0x0, 0x0, 0x1f, 0x90,
    0x0, 0x0, 0x0, 0x3, 0xf6, 0x0, 0x0, 0x0,
    0x0, 0x3f, 0x60, 0x0, 0x0, 0x0, 0x1, 0xf9,
    0x0, 0x0, 0x0, 0x0, 0xb, 0xf1, 0x0, 0x0,
    0x0, 0x0, 0x3f, 0xd2, 0x0, 0x0, 0x85, 0x0,
    0x5f, 0xfa, 0x89, 0xdf, 0x90, 0x0, 0x29, 0xef,
    0xfb, 0x50, 0x0, 0x0, 0x1, 0xe3, 0x0, 0x0,
    0x0, 0x0, 0x2, 0xf1, 0x0, 0x0, 0x0, 0x1e,
    0xeb, 0x0, 0x0,

    /* U+00C8 "È" */
    0x0, 0xbe, 0x20, 0x0, 0x0, 0x0, 0xad, 0x10,
    0x0, 0x0, 0x0, 0x64, 0x0, 0x5, 0xff, 0xff,
    0xff, 0xf9, 0x5f, 0x97, 0x77, 0x77, 0x45, 0xf4,
    0x0, 0x0, 0x0, 0x5f, 0x40, 0x0, 0x0, 0x5,
    0xf5, 0x11, 0x11, 0x10, 0x5f, 0xff, 0xff, 0xfe,
    0x5, 0xf7, 0x44, 0x44, 0x40, 0x5f, 0x40, 0x0,
    0x0, 0x5, 0xf4, 0x0, 0x0, 0x0, 0x5f, 0x40,
    0x0, 0x0, 0x5, 0xf9, 0x77, 0x77, 0x76, 0x5f,
    0xff, 0xff, 0xff, 0xd0,

    /* U+00C9 "É" */
    0x0, 0x0, 0xc, 0xe2, 0x0, 0x0, 0xb, 0xd1,
    0x0, 0x0, 0x2, 0x71, 0x0, 0x5, 0xff, 0xff,
    0xff, 0xf9, 0x5f, 0x97, 0x77, 0x77, 0x45, 0xf4,
    0x0, 0x0, 0x0, 0x5f, 0x40, 0x0, 0x0, 0x5,
    0xf5, 0x11, 0x11, 0x10, 0x5f, 0xff, 0xff, 0xfe,
    0x5, 0xf7, 0x44, 0x44, 0x40, 0x5f, 0x40, 0x0,
    0x0, 0x5, 0xf4, 0x0, 0x0, 0x0, 0x5f, 0x40,
    0x0, 0x0, 0x5, 0xf9, 0x77, 0x77, 0x76, 0x5f,
    0xff, 0xff, 0xff, 0xd0,

    /* U+00CA "Ê" */
    0x0, 0x8, 0xfc, 0x0, 0x0, 0x6, 0xf5, 0xda,
    0x0, 0x0, 0x73, 0x1, 0x72, 0x5, 0xff, 0xff,
    0xff, 0xf9, 0x5f, 0x97, 0x77, 0x77, 0x45, 0xf4,
    0x0, 0x0, 0x0, 0x5f, 0x40, 0x0, 0x0, 0x5,
    0xf5, 0x11, 0x11, 0x10, 0x5f, 0xff, 0xff, 0xfe,
    0x5, 0xf7, 0x44, 0x44, 0x40, 0x5f, 0x40, 0x0,
    0x0, 0x5, 0xf4, 0x0, 0x0, 0x0, 0x5f, 0x40,
    0x0, 0x0, 0x5, 0xf9, 0x77, 0x77, 0x76, 0x5f,
    0xff, 0xff, 0xff, 0xd0,

    /* U+00CB "Ë" */
    0x0, 0x58, 0x5, 0x80, 0x0, 0x8, 0xc0, 0x8c,
    0x0, 0x0, 0x0, 0x0, 0x0, 0x5, 0xff, 0xff,
    0xff, 0xf9, 0x5f, 0x97, 0x77, 0x77, 0x45, 0xf4,
    0x0, 0x0, 0x0, 0x5f, 0x40, 0x0, 0x0, 0x5,
    0xf5, 0x11, 0x11, 0x10, 0x5f, 0xff, 0xff, 0xfe,
    0x5, 0xf7, 0x44, 0x44, 0x40, 0x5f, 0x40, 0x0,
    0x0, 0x5, 0xf4, 0x0, 0x0, 0x0, 0x5f, 0x40,
    0x0, 0x0, 0x5, 0xf9, 0x77, 0x77, 0x76, 0x5f,
    0xff, 0xff, 0xff, 0xd0,

    /* U+00CC "Ì" */
    0x1d, 0xd1, 0x0, 0x1c, 0xc0, 0x0, 0x7, 0x30,
    0x5, 0xf4, 0x0, 0x5f, 0x40, 0x5, 0xf4, 0x0,
    0x5f, 0x40, 0x5, 0xf4, 0x0, 0x5f, 0x40, 0x5,
    0xf4, 0x0, 0x5f, 0x40, 0x5, 0xf4, 0x0, 0x5f,
    0x40, 0x5, 0xf4, 0x0, 0x5f, 0x40,

    /* U+00CD "Í" */
    0x1, 0xec, 0x10, 0xcb, 0x0, 0x47, 0x0, 0x5,
    0xf4, 0x0, 0x5f, 0x40, 0x5, 0xf4, 0x0, 0x5f,
    0x40, 0x5, 0xf4, 0x0, 0x5f, 0x40, 0x5, 0xf4,
    0x0, 0x5f, 0x40, 0x5, 0xf4, 0x0, 0x5f, 0x40,
    0x5, 0xf4, 0x0, 0x5f, 0x40, 0x0,

    /* U+00CE "Î" */
    0x0, 0xaf, 0xa0, 0x0, 0x8e, 0x5e, 0x70, 0x18,
    0x20, 0x27, 0x10, 0x5, 0xf4, 0x0, 0x0, 0x5f,
    0x40, 0x0, 0x5, 0xf4, 0x0, 0x0, 0x5f, 0x40,
    0x0, 0x5, 0xf4, 0x0, 0x0, 0x5f, 0x40, 0x0,
    0x5, 0xf4, 0x0, 0x0, 0x5f, 0x40, 0x0, 0x5,
    0xf4, 0x0, 0x0, 0x5f, 0x40, 0x0, 0x5, 0xf4,
    0x0, 0x0, 0x5f, 0x40, 0x0,

    /* U+00CF "Ï" */
    0x76, 0x7, 0x6a, 0xa0, 0xa9, 0x0, 0x0, 0x0,
    0x5f, 0x40, 0x5, 0xf4, 0x0, 0x5f, 0x40, 0x5,
    0xf4, 0x0, 0x5f, 0x40, 0x5, 0xf4, 0x0, 0x5f,
    0x40, 0x5, 0xf4, 0x0, 0x5f, 0x40, 0x5, 0xf4,
    0x0, 0x5f, 0x40, 0x5, 0xf4, 0x0,

    /* U+00D0 "Ð" */
    0x3, 0xff, 0xff, 0xfe, 0xb5, 0x0, 0x0, 0x3f,
    0xa7, 0x77, 0x9d, 0xfb, 0x0, 0x3, 0xf6, 0x0,
    0x0, 0x8, 0xf9, 0x0, 0x3f, 0x60, 0x0, 0x0,
    0xa, 0xf1, 0x4, 0xf7, 0x11, 0x0, 0x0, 0x3f,
    0x6d, 0xff, 0xff, 0xf9, 0x0, 0x0, 0xf8, 0x36,
    0xf8, 0x44, 0x20, 0x0, 0x1f, 0x80, 0x3f, 0x60,
    0x0, 0x0, 0x3, 0xf6, 0x3, 0xf6, 0x0, 0x0,
    0x0, 0xaf, 0x10, 0x3f, 0x60, 0x0, 0x0, 0x8f,
    0x90, 0x3, 0xfa, 0x77, 0x79, 0xdf, 0xa0, 0x0,
    0x3f, 0xff, 0xff, 0xeb, 0x50, 0x0,

    /* U+00D1 "Ñ" */
    0x0, 0xb, 0xe7, 0xa, 0x40, 0x0, 0x5, 0xb2,
    0xaf, 0xd0, 0x0, 0x0, 0x1, 0x0, 0x10, 0x0,
    0x5, 0xf5, 0x0, 0x0, 0x4, 0xf5, 0x5f, 0xf2,
    0x0, 0x0, 0x4f, 0x55, 0xff, 0xd0, 0x0, 0x4,
    0xf5, 0x5f, 0xcf, 0xa0, 0x0, 0x4f, 0x55, 0xf4,
    0xbf, 0x70, 0x4, 0xf5, 0x5f, 0x41, 0xef, 0x30,
    0x4f, 0x55, 0xf4, 0x3, 0xfe, 0x14, 0xf5, 0x5f,
    0x40, 0x7, 0xfb, 0x4f, 0x55, 0xf4, 0x0, 0xa,
    0xfc, 0xf5, 0x5f, 0x40, 0x0, 0xd, 0xff, 0x55,
    0xf4, 0x0, 0x0, 0x2f, 0xf5, 0x5f, 0x40, 0x0,
    0x0, 0x6f, 0x50,

    /* U+00D2 "Ò" */
    0x0, 0x0, 0x8f, 0x50, 0x0, 0x0, 0x0, 0x0,
    0x0, 0x4e, 0x60, 0x0, 0x0, 0x0, 0x0, 0x0,
    0x0, 0x0, 0x0, 0x0, 0x0, 0x29, 0xef, 0xfb,
    0x50, 0x0, 0x0, 0x5f, 0xfa, 0x89, 0xdf, 0xb0,
    0x0, 0x3f, 0xd2, 0x0, 0x0, 0x7f, 0xa0, 0xb,
    0xf1, 0x0, 0x0, 0x0, 0x9f, 0x31, 0xf9, 0x0,
    0x0, 0x0, 0x2, 0xf7, 0x3f, 0x60, 0x0, 0x0,
    0x0, 0xf, 0xa3, 0xf6, 0x0, 0x0, 0x0, 0x0,
    0xfa, 0x1f, 0x90, 0x0, 0x0, 0x0, 0x2f, 0x70,
    0xbf, 0x10, 0x0, 0x0, 0xa, 0xf2, 0x3, 0xfd,
    0x20, 0x0, 0x7, 0xfa, 0x0, 0x4, 0xff, 0xa8,
    0x9d, 0xfb, 0x0, 0x0, 0x2, 0x9e, 0xff, 0xb5,
    0x0, 0x0,

    /* U+00D3 "Ó" */
    0x0, 0x0, 0x0, 0x1c, 0xd2, 0x0, 0x0, 0x0,
    0x0, 0x1d, 0x90, 0x0, 0x0, 0x0, 0x0, 0x0,
    0x0, 0x0, 0x0, 0x0, 0x0, 0x29, 0xef, 0xfb,
    0x50, 0x0, 0x0, 0x5f, 0xfa, 0x89, 0xdf, 0xb0,
    0x0, 0x3f, 0xd2, 0x0, 0x0, 0x7f, 0xa0, 0xb,
    0xf1, 0x0, 0x0, 0x0, 0x9f, 0x31, 0xf9, 0x0,
    0x0, 0x0, 0x2, 0xf7, 0x3f, 0x60, 0x0, 0x0,
    0x0, 0xf, 0xa3, 0xf6, 0x0, 0x0, 0x0, 0x0,
    0xfa, 0x1f, 0x90, 0x0, 0x0, 0x0, 0x2f, 0x70,
    0xbf, 0x10, 0x0, 0x0, 0xa, 0xf2, 0x3, 0xfd,
    0x20, 0x0, 0x7, 0xfa, 0x0, 0x4, 0xff, 0xa8,
    0x9d, 0xfb, 0x0, 0x0, 0x2, 0x9e, 0xff, 0xb5,
    0x0, 0x0,

    /* U+00D4 "Ô" */
    0x0, 0x0, 0x8, 0xfd, 0x20, 0x0, 0x0, 0x0,
    0x9, 0xc2, 0x8e, 0x20, 0x0, 0x0, 0x0, 0x0,
    0x0, 0x0, 0x0, 0x0, 0x0, 0x29, 0xef, 0xfb,
    0x50, 0x0, 0x0, 0x5f, 0xfa, 0x89, 0xdf, 0xb0,
    0x0, 0x3f, 0xd2, 0x0, 0x0, 0x7f, 0xa0, 0xb,
    0xf1, 0x0, 0x0, 0x0, 0x9f, 0x31, 0xf9, 0x0,
    0x0, 0x0, 0x2, 0xf7, 0x3f, 0x60, 0x0, 0x0,
    0x0, 0xf, 0xa3, 0xf6, 0x0, 0x0, 0x0, 0x0,
    0xfa, 0x1f, 0x90, 0x0, 0x0, 0x0, 0x2f, 0x70,
    0xbf, 0x10, 0x0, 0x0, 0xa, 0xf2, 0x3, 0xfd,
    0x20, 0x0, 0x7, 0xfa, 0x0, 0x4, 0xff, 0xa8,
    0x9d, 0xfb, 0x0, 0x0, 0x2, 0x9e, 0xff, 0xb5,
    0x0, 0x0,

    /* U+00D5 "Õ" */
    0x0, 0x0, 0x8e, 0xa1, 0x68, 0x0, 0x0, 0x0,
    0x1e, 0x28, 0xff, 0x20, 0x0, 0x0, 0x0, 0x10,
    0x0, 0x0, 0x0, 0x0, 0x0, 0x29, 0xef, 0xfb,
    0x50, 0x0, 0x0, 0x5f, 0xfa, 0x89, 0xdf, 0xb0,
    0x0, 0x3f, 0xd2, 0x0, 0x0, 0x7f, 0xa0, 0xb,
    0xf1, 0x0, 0x0, 0x0, 0x9f, 0x31, 0xf9, 0x0,
    0x0, 0x0, 0x2, 0xf7, 0x3f, 0x60, 0x0, 0x0,
    0x0, 0xf, 0xa3, 0xf6, 0x0, 0x0, 0x0, 0x0,
    0xfa, 0x1f, 0x90, 0x0, 0x0, 0x0, 0x2f, 0x70,
    0xbf, 0x10, 0x0, 0x0, 0xa, 0xf2, 0x3, 0xfd,
    0x20, 0x0, 0x7, 0xfa, 0x0, 0x4, 0xff, 0xa8,
    0x9d, 0xfb, 0x0, 0x0, 0x2, 0x9e, 0xff, 0xb5,
    0x0, 0x0,

    /* U+00D6 "Ö" */
    0x0, 0x0, 0x6e, 0x6, 0xd0, 0x0, 0x0, 0x0,
    0x4, 0x90, 0x49, 0x0, 0x0, 0x0, 0x0, 0x0,
    0x0, 0x0, 0x0, 0x0, 0x0, 0x29, 0xef, 0xfb,
    0x50, 0x0, 0x0, 0x5f, 0xfa, 0x89, 0xdf, 0xb0,
    0x0, 0x3f, 0xd2, 0x0, 0x0, 0x7f, 0xa0, 0xb,
    0xf1, 0x0, 0x0, 0x0, 0x9f, 0x31, 0xf9, 0x0,
    0x0, 0x0, 0x2, 0xf7, 0x3f, 0x60, 0x0, 0x0,
    0x0, 0xf, 0xa3, 0xf6, 0x0, 0x0, 0x0, 0x0,
    0xfa, 0x1f, 0x90, 0x0, 0x0, 0x0, 0x2f, 0x70,
    0xbf, 0x10, 0x0, 0x0, 0xa, 0xf2, 0x3, 0xfd,
    0x20, 0x0, 0x7, 0xfa, 0x0, 0x4, 0xff, 0xa8,
    0x9d, 0xfb, 0x0, 0x0, 0x2, 0x9e, 0xff, 0xb5,
    0x0, 0x0,

    /* U+00D7 "×" */
    0x0, 0x0, 0x0, 0x1, 0xc2, 0x0, 0xb4, 0xb,
    0xe2, 0xbe, 0x20, 0xc, 0xff, 0x30, 0x0, 0x9f,
    0xd1, 0x0, 0x8f, 0x5d, 0xc0, 0x1e, 0x50, 0x1d,
    0x50, 0x10, 0x0, 0x10,

    /* U+00D8 "Ø" */
    0x0, 0x0, 0x0, 0x0, 0x8, 0xd0, 0x0, 0x0,
    0x29, 0xef, 0xfc, 0xf5, 0x0, 0x0, 0x5f, 0xfa,
    0x89, 0xef, 0xb0, 0x0, 0x3f, 0xd2, 0x0, 0x1f,
    0xaf, 0xa0, 0xb, 0xf1, 0x0, 0x9, 0xc0, 0x9f,
    0x31, 0xf9, 0x0, 0x2, 0xf3, 0x2, 0xf7, 0x3f,
    0x60, 0x0, 0xab, 0x0, 0xf, 0xa3, 0xf6, 0x0,
    0x3f, 0x20, 0x0, 0xfa, 0x1f, 0x90, 0xb, 0xa0,
    0x0, 0x2f, 0x70, 0xbf, 0x14, 0xf2, 0x0, 0xa,
    0xf2, 0x3, 0xfd, 0xd9, 0x0, 0x7, 0xfa, 0x0,
    0x4, 0xff, 0xb8, 0x9d, 0xfb, 0x0, 0x0, 0xd,
    0xce, 0xff, 0xb5, 0x0, 0x0, 0x6, 0xe1, 0x0,
    0x0, 0x0, 0x0,

    /* U+00D9 "Ù" */
    0x0, 0x2c, 0xd1, 0x0, 0x0, 0x0, 0x0, 0x9,
    0xd2, 0x0, 0x0, 0x0, 0x0, 0x0, 0x0, 0x0,
    0x6, 0xf3, 0x0, 0x0, 0x8, 0xf1, 0x6f, 0x30,
    0x0, 0x0, 0x8f, 0x16, 0xf3, 0x0, 0x0, 0x8,
    0xf1, 0x6f, 0x30, 0x0, 0x0, 0x8f, 0x16, 0xf3,
    0x0, 0x0, 0x8, 0xf1, 0x6f, 0x30, 0x0, 0x0,
    0x8f, 0x16, 0xf3, 0x0, 0x0, 0x8, 0xf1, 0x6f,
    0x30, 0x0, 0x0, 0x8f, 0x3, 0xf7, 0x0, 0x0,
    0xc, 0xe0, 0xe, 0xe1, 0x0, 0x4, 0xf8, 0x0,
    0x4f, 0xe9, 0x8b, 0xfd, 0x10, 0x0, 0x3b, 0xff,
    0xe9, 0x10, 0x0,

    /* U+00DA "Ú" */
    0x0, 0x0, 0x4, 0xf9, 0x0, 0x0, 0x0, 0x5,
    0xe5, 0x0, 0x0, 0x0, 0x0, 0x0, 0x0, 0x0,
    0x6, 0xf3, 0x0, 0x0, 0x8, 0xf1, 0x6f, 0x30,
    0x0, 0x0, 0x8f, 0x16, 0xf3, 0x0, 0x0, 0x8,
    0xf1, 0x6f, 0x30, 0x0, 0x0, 0x8f, 0x16, 0xf3,
    0x0, 0x0, 0x8, 0xf1, 0x6f, 0x30, 0x0, 0x0,
    0x8f, 0x16, 0xf3, 0x0, 0x0, 0x8, 0xf1, 0x6f,
    0x30, 0x0, 0x0, 0x8f, 0x3, 0xf7, 0x0, 0x0,
    0xc, 0xe0, 0xe, 0xe1, 0x0, 0x4, 0xf8, 0x0,
    0x4f, 0xe9, 0x8b, 0xfd, 0x10, 0x0, 0x3b, 0xff,
    0xe9, 0x10, 0x0,

    /* U+00DB "Û" */
    0x0, 0x1, 0xdf, 0x90, 0x0, 0x0, 0x2, 0xd8,
    0x2c, 0xa0, 0x0, 0x0, 0x0, 0x0, 0x0, 0x0,
    0x6, 0xf3, 0x0, 0x0, 0x8, 0xf1, 0x6f, 0x30,
    0x0, 0x0, 0x8f, 0x16, 0xf3, 0x0, 0x0, 0x8,
    0xf1, 0x6f, 0x30, 0x0, 0x0, 0x8f, 0x16, 0xf3,
    0x0, 0x0, 0x8, 0xf1, 0x6f, 0x30, 0x0, 0x0,
    0x8f, 0x16, 0xf3, 0x0, 0x0, 0x8, 0xf1, 0x6f,
    0x30, 0x0, 0x0, 0x8f, 0x3, 0xf7, 0x0, 0x0,
    0xc, 0xe0, 0xe, 0xe1, 0x0, 0x4, 0xf8, 0x0,
    0x4f, 0xe9, 0x8b, 0xfd, 0x10, 0x0, 0x3b, 0xff,
    0xe9, 0x10, 0x0,

    /* U+00DC "Ü" */
    0x0, 0xc, 0x70, 0xd7, 0x0, 0x0, 0x0, 0x85,
    0x9, 0x50, 0x0, 0x0, 0x0, 0x0, 0x0, 0x0,
    0x6, 0xf3, 0x0, 0x0, 0x8, 0xf1, 0x6f, 0x30,
    0x0, 0x0, 0x8f, 0x16, 0xf3, 0x0, 0x0, 0x8,
    0xf1, 0x6f, 0x30, 0x0, 0x0, 0x8f, 0x16, 0xf3,
    0x0, 0x0, 0x8, 0xf1, 0x6f, 0x30, 0x0, 0x0,
    0x8f, 0x16, 0xf3, 0x0, 0x0, 0x8, 0xf1, 0x6f,
    0x30, 0x0, 0x0, 0x8f, 0x3, 0xf7, 0x0, 0x0,
    0xc, 0xe0, 0xe, 0xe1, 0x0, 0x4, 0xf8, 0x0,
    0x4f, 0xe9, 0x8b, 0xfd, 0x10, 0x0, 0x3b, 0xff,
    0xe9, 0x10, 0x0,

    /* U+00DD "Ý" */
    0x0, 0x0, 0x0, 0x4f, 0x90, 0x0, 0x0, 0x0,
    0x3, 0xf7, 0x0, 0x0, 0x0, 0x0, 0x6, 0x50,
    0x0, 0x0, 0xc, 0xe0, 0x0, 0x0, 0x7, 0xf2,
    0x3, 0xf7, 0x0, 0x0, 0x1f, 0x90, 0x0, 0xaf,
    0x10, 0x0, 0x9e, 0x10, 0x0, 0x1f, 0xa0, 0x2,
    0xf6, 0x0, 0x0, 0x8, 0xf3, 0xb, 0xd0, 0x0,
    0x0, 0x0, 0xec, 0x4f, 0x40, 0x0, 0x0, 0x0,
    0x5f, 0xfb, 0x0, 0x0, 0x0, 0x0, 0xd, 0xf2,
    0x0, 0x0, 0x0, 0x0, 0x9, 0xf0, 0x0, 0x0,
    0x0, 0x0, 0x9, 0xf0, 0x0, 0x0, 0x0, 0x0,
    0x9, 0xf0, 0x0, 0x0, 0x0, 0x0, 0x9, 0xf0,
    0x0, 0x0,

    /* U+00DE "Þ" */
    0x5f, 0x40, 0x0, 0x0, 0x0, 0x5f, 0x62, 0x21,
    0x0, 0x0, 0x5f, 0xff, 0xff, 0xfa, 0x10, 0x5f,
    0x85, 0x55, 0x9f, 0xd0, 0x5f, 0x40, 0x0, 0x5,
    0xf7, 0x5f, 0x40, 0x0, 0x0, 0xfa, 0x5f, 0x40,
    0x0, 0x0, 0xeb, 0x5f, 0x40, 0x0, 0x3, 0xf8,
    0x5f, 0x62, 0x22, 0x6e, 0xf1, 0x5f, 0xff, 0xff,
    0xfd, 0x30, 0x5f, 0x85, 0x54, 0x20, 0x0, 0x5f,
    0x40, 0x0, 0x0, 0x0,

    /* U+00DF "ß" */
    0x0, 0x9e, 0xfe, 0x90, 0x0, 0xc, 0xf9, 0x69,
    0xfb, 0x0, 0x4f, 0x50, 0x0, 0x6f, 0x20, 0x8f,
    0x0, 0x0, 0x6f, 0x10, 0x8f, 0x0, 0x15, 0xea,
    0x0, 0x8f, 0x0, 0xef, 0xf9, 0x0, 0x8f, 0x0,
    0x34, 0x9f, 0xa0, 0x8f, 0x0, 0x0, 0xa, 0xf0,
    0x8f, 0x0, 0x0, 0x6, 0xf1, 0x8f, 0x0, 0x0,
    0xb, 0xf0, 0x8f, 0x3, 0x77, 0xbf, 0x80, 0x8f,
    0x6, 0xff, 0xd6, 0x0,

    /* U+00E0 "à" */
    0x0, 0x8f, 0x40, 0x0, 0x0, 0x0, 0x4d, 0x50,
    0x0, 0x0, 0x0, 0x0, 0x0, 0x0, 0x2a, 0xef,
    0xe9, 0x0, 0xc, 0xd8, 0x6a, 0xfa, 0x0, 0x20,
    0x0, 0x9, 0xf0, 0x0, 0x0, 0x0, 0x5f, 0x20,
    0x3b, 0xff, 0xff, 0xf2, 0xe, 0xc4, 0x22, 0x7f,
    0x23, 0xf5, 0x0, 0x7, 0xf2, 0xe, 0xc3, 0x27,
    0xff, 0x20, 0x3c, 0xff, 0xb7, 0xf2,

    /* U+00E1 "á" */
    0x0, 0x0, 0x1d, 0xc1, 0x0, 0x0, 0x2d, 0x80,
    0x0, 0x0, 0x0, 0x0, 0x0, 0x0, 0x2a, 0xef,
    0xe9, 0x0, 0xc, 0xd8, 0x6a, 0xfa, 0x0, 0x20,
    0x0, 0x9, 0xf0, 0x0, 0x0, 0x0, 0x5f, 0x20,
    0x3b, 0xff, 0xff, 0xf2, 0xe, 0xc4, 0x22, 0x7f,
    0x23, 0xf5, 0x0, 0x7, 0xf2, 0xe, 0xc3, 0x27,
    0xff, 0x20, 0x3c, 0xff, 0xb7, 0xf2,

    /* U+00E2 "â" */
    0x0, 0xa, 0xcd, 0x20, 0x0, 0x9, 0x80, 0x4b,
    0x10, 0x0, 0x0, 0x0, 0x0, 0x0, 0x2a, 0xef,
    0xe9, 0x0, 0xc, 0xd8, 0x6a, 0xfa, 0x0, 0x20,
    0x0, 0x9, 0xf0, 0x0, 0x0, 0x0, 0x5f, 0x20,
    0x3b, 0xff, 0xff, 0xf2, 0xe, 0xc4, 0x22, 0x7f,
    0x23, 0xf5, 0x0, 0x7, 0xf2, 0xe, 0xc3, 0x27,
    0xff, 0x20, 0x3c, 0xff, 0xb7, 0xf2,

    /* U+00E3 "ã" */
    0x0, 0x7f, 0xa1, 0xa4, 0x0, 0xe, 0x17, 0xeb,
    0x0, 0x0, 0x0, 0x0, 0x0, 0x0, 0x2a, 0xef,
    0xe9, 0x0, 0xc, 0xd8, 0x6a, 0xfa, 0x0, 0x20,
    0x0, 0x9, 0xf0, 0x0, 0x0, 0x0, 0x5f, 0x20,
    0x3b, 0xff, 0xff, 0xf2, 0xe, 0xc4, 0x22, 0x7f,
    0x23, 0xf5, 0x0, 0x7, 0xf2, 0xe, 0xc3, 0x27,
    0xff, 0x20, 0x3c, 0xff, 0xb7, 0xf2,

    /* U+00E4 "ä" */
    0x0, 0x7d, 0x8, 0xc0, 0x0, 0x5, 0x80, 0x58,
    0x0, 0x0, 0x0, 0x0, 0x0, 0x0, 0x2a, 0xef,
    0xe9, 0x0, 0xc, 0xd8, 0x6a, 0xfa, 0x0, 0x20,
    0x0, 0x9, 0xf0, 0x0, 0x0, 0x0, 0x5f, 0x20,
    0x3b, 0xff, 0xff, 0xf2, 0xe, 0xc4, 0x22, 0x7f,
    0x23, 0xf5, 0x0, 0x7, 0xf2, 0xe, 0xc3, 0x27,
    0xff, 0x20, 0x3c, 0xff, 0xb7, 0xf2,

    /* U+00E5 "å" */
    0x0, 0x6, 0xb9, 0x0, 0x0, 0x0, 0xb0, 0x75,
    0x0, 0x0, 0xb, 0x7, 0x50, 0x0, 0x0, 0x6b,
    0x90, 0x0, 0x0, 0x0, 0x0, 0x0, 0x0, 0x2a,
    0xef, 0xe9, 0x0, 0xc, 0xd8, 0x6a, 0xfa, 0x0,
    0x20, 0x0, 0x9, 0xf0, 0x0, 0x0, 0x0, 0x5f,
    0x20, 0x3b, 0xff, 0xff, 0xf2, 0xe, 0xc4, 0x22,
    0x7f, 0x23, 0xf5, 0x0, 0x7, 0xf2, 0xe, 0xc3,
    0x27, 0xff, 0x20, 0x3c, 0xff, 0xb7, 0xf2,

    /* U+00E6 "æ" */
    0x2, 0xae, 0xfe, 0x80, 0x3b, 0xff, 0xb2, 0x0,
    0xc, 0xd8, 0x6a, 0xfc, 0xfc, 0x77, 0xef, 0x20,
    0x2, 0x0, 0x0, 0x9f, 0xc0, 0x0, 0x1e, 0xb0,
    0x0, 0x0, 0x0, 0x5f, 0x40, 0x0, 0x7, 0xf0,
    0x3, 0xbf, 0xff, 0xff, 0xff, 0xff, 0xff, 0xf2,
    0xf, 0xc4, 0x22, 0x7f, 0x62, 0x22, 0x22, 0x20,
    0x2f, 0x50, 0x0, 0x9f, 0xb0, 0x0, 0x2, 0x0,
    0xe, 0xd5, 0x48, 0xfa, 0xfb, 0x54, 0x7f, 0x50,
    0x2, 0xbf, 0xfc, 0x50, 0x4b, 0xff, 0xd7, 0x0,

    /* U+00E7 "ç" */
    0x0, 0x3b, 0xff, 0xc4, 0x0, 0x4f, 0xd8, 0x7c,
    0xf5, 0xe, 0xd0, 0x0, 0x7, 0x13, 0xf5, 0x0,
    0x0, 0x0, 0x5f, 0x30, 0x0, 0x0, 0x3, 0xf5,
    0x0, 0x0, 0x0, 0xe, 0xd0, 0x0, 0x6, 0x10,
    0x4f, 0xd7, 0x7c, 0xf5, 0x0, 0x3b, 0xff, 0xc4,
    0x0, 0x0, 0xc, 0x70, 0x0, 0x0, 0x0, 0x1b,
    0x60, 0x0, 0x0, 0xae, 0xd2, 0x0,

    /* U+00E8 "è" */
    0x0, 0x5f, 0x70, 0x0, 0x0, 0x0, 0x2, 0xc8,
    0x0, 0x0, 0x0, 0x0, 0x0, 0x0, 0x0, 0x0,
    0x4c, 0xff, 0xb2, 0x0, 0x5, 0xfc, 0x67, 0xde,
    0x20, 0xe, 0xb0, 0x0, 0xd, 0xa0, 0x3f, 0x40,
    0x0, 0x7, 0xf0, 0x5f, 0xff, 0xff, 0xff, 0xf1,
    0x3f, 0x62, 0x22, 0x22, 0x20, 0xe, 0xc0, 0x0,
    0x2, 0x0, 0x4, 0xfd, 0x86, 0xaf, 0x50, 0x0,
    0x3b, 0xff, 0xd6, 0x0,

    /* U+00E9 "é" */
    0x0, 0x0, 0xa, 0xe4, 0x0, 0x0, 0x0, 0xaa,
    0x10, 0x0, 0x0, 0x0, 0x0, 0x0, 0x0, 0x0,
    0x4c, 0xff, 0xb2, 0x0, 0x5, 0xfc, 0x67, 0xde,
    0x20, 0xe, 0xb0, 0x0, 0xd, 0xa0, 0x3f, 0x40,
    0x0, 0x7, 0xf0, 0x5f, 0xff, 0xff, 0xff, 0xf1,
    0x3f, 0x62, 0x22, 0x22, 0x20, 0xe, 0xc0, 0x0,
    0x2, 0x0, 0x4, 0xfd, 0x86, 0xaf, 0x50, 0x0,
    0x3b, 0xff, 0xd6, 0x0,

    /* U+00EA "ê" */
    0x0, 0x6, 0xdd, 0x40, 0x0, 0x0, 0x6b, 0x12,
    0xb4, 0x0, 0x0, 0x0, 0x0, 0x0, 0x0, 0x0,
    0x4c, 0xff, 0xb2, 0x0, 0x5, 0xfc, 0x67, 0xde,
    0x20, 0xe, 0xb0, 0x0, 0xd, 0xa0, 0x3f, 0x40,
    0x0, 0x7, 0xf0, 0x5f, 0xff, 0xff, 0xff, 0xf1,
    0x3f, 0x62, 0x22, 0x22, 0x20, 0xe, 0xc0, 0x0,
    0x2, 0x0, 0x4, 0xfd, 0x86, 0xaf, 0x50, 0x0,
    0x3b, 0xff, 0xd6, 0x0,

    /* U+00EB "ë" */
    0x0, 0x3e, 0x14, 0xe1, 0x0, 0x0, 0x2a, 0x12,
    0xa0, 0x0, 0x0, 0x0, 0x0, 0x0, 0x0, 0x0,
    0x4c, 0xff, 0xb2, 0x0, 0x5, 0xfc, 0x67, 0xde,
    0x20, 0xe, 0xb0, 0x0, 0xd, 0xa0, 0x3f, 0x40,
    0x0, 0x7, 0xf0, 0x5f, 0xff, 0xff, 0xff, 0xf1,
    0x3f, 0x62, 0x22, 0x22, 0x20, 0xe, 0xc0, 0x0,
    0x2, 0x0, 0x4, 0xfd, 0x86, 0xaf, 0x50, 0x0,
    0x3b, 0xff, 0xd6, 0x0,

    /* U+00EC "ì" */
    0x2d, 0xc1, 0x0, 0x8, 0xb1, 0x0, 0x0, 0x0,
    0x8, 0xf0, 0x0, 0x8f, 0x0, 0x8, 0xf0, 0x0,
    0x8f, 0x0, 0x8, 0xf0, 0x0, 0x8f, 0x0, 0x8,
    0xf0, 0x0, 0x8f, 0x0, 0x8, 0xf0,

    /* U+00ED "í" */
    0x6, 0xf7, 0x6, 0xc3, 0x0, 0x0, 0x0, 0x8,
    0xf0, 0x0, 0x8f, 0x0, 0x8, 0xf0, 0x0, 0x8f,
    0x0, 0x8, 0xf0, 0x0, 0x8f, 0x0, 0x8, 0xf0,
    0x0, 0x8f, 0x0, 0x8, 0xf0, 0x0,

    /* U+00EE "î" */
    0x1, 0xdd, 0x60, 0xa, 0x51, 0xb3, 0x0, 0x0,
    0x0, 0x0, 0x8f, 0x0, 0x0, 0x8f, 0x0, 0x0,
    0x8f, 0x0, 0x0, 0x8f, 0x0, 0x0, 0x8f, 0x0,
    0x0, 0x8f, 0x0, 0x0, 0x8f, 0x0, 0x0, 0x8f,
    0x0, 0x0, 0x8f, 0x0,

    /* U+00EF "ï" */
    0x9b, 0x4e, 0x15, 0x72, 0x90, 0x0, 0x0, 0x0,
    0x8f, 0x0, 0x8, 0xf0, 0x0, 0x8f, 0x0, 0x8,
    0xf0, 0x0, 0x8f, 0x0, 0x8, 0xf0, 0x0, 0x8f,
    0x0, 0x8, 0xf0, 0x0, 0x8f, 0x0,

    /* U+00F0 "ð" */
    0x0, 0x0, 0x0, 0x0, 0x0, 0x8, 0xe5, 0x1,
    0x50, 0x0, 0x8, 0xfb, 0xe8, 0x0, 0x2, 0x9e,
    0xfa, 0x0, 0x0, 0xd7, 0x4, 0xf5, 0x0, 0x0,
    0x0, 0x9, 0xe0, 0x1, 0xaf, 0xfd, 0x6f, 0x60,
    0xdf, 0x73, 0x5d, 0xfa, 0x4f, 0x60, 0x0, 0x2f,
    0xc5, 0xf3, 0x0, 0x0, 0xeb, 0x3f, 0x70, 0x0,
    0x2f, 0x70, 0xbf, 0x85, 0x7e, 0xd0, 0x0, 0x8e,
    0xfe, 0x91, 0x0,

    /* U+00F1 "ñ" */
    0x0, 0xaf, 0x80, 0xd1, 0x0, 0x2c, 0x19, 0xf9,
    0x0, 0x0, 0x0, 0x0, 0x0, 0x8, 0xe3, 0xcf,
    0xfb, 0x20, 0x8f, 0xf9, 0x68, 0xfe, 0x8, 0xf7,
    0x0, 0x5, 0xf5, 0x8f, 0x10, 0x0, 0x1f, 0x78,
    0xf0, 0x0, 0x0, 0xf8, 0x8f, 0x0, 0x0, 0xf,
    0x88, 0xf0, 0x0, 0x0, 0xf8, 0x8f, 0x0, 0x0,
    0xf, 0x88, 0xf0, 0x0, 0x0, 0xf8,

    /* U+00F2 "ò" */
    0x0, 0x4e, 0xa0, 0x0, 0x0, 0x0, 0x1, 0xba,
    0x0, 0x0, 0x0, 0x0, 0x0, 0x0, 0x0, 0x0,
    0x3b, 0xff, 0xc5, 0x0, 0x4, 0xfd, 0x77, 0xcf,
    0x70, 0xe, 0xd0, 0x0, 0xa, 0xf1, 0x3f, 0x50,
    0x0, 0x3, 0xf6, 0x5f, 0x30, 0x0, 0x1, 0xf7,
    0x3f, 0x50, 0x0, 0x3, 0xf6, 0xe, 0xd0, 0x0,
    0xb, 0xf1, 0x4, 0xfd, 0x77, 0xcf, 0x60, 0x0,
    0x3b, 0xff, 0xc5, 0x0,

    /* U+00F3 "ó" */
    0x0, 0x0, 0x8, 0xf5, 0x0, 0x0, 0x0, 0x8c,
    0x20, 0x0, 0x0, 0x0, 0x0, 0x0, 0x0, 0x0,
    0x3b, 0xff, 0xc5, 0x0, 0x4, 0xfd, 0x77, 0xcf,
    0x70, 0xe, 0xd0, 0x0, 0xa, 0xf1, 0x3f, 0x50,
    0x0, 0x3, 0xf6, 0x5f, 0x30, 0x0, 0x1, 0xf7,
    0x3f, 0x50, 0x0, 0x3, 0xf6, 0xe, 0xd0, 0x0,
    0xb, 0xf1, 0x4, 0xfd, 0x77, 0xcf, 0x60, 0x0,
    0x3b, 0xff, 0xc5, 0x0,

    /* U+00F4 "ô" */
    0x0, 0x4, 0xdd, 0x60, 0x0, 0x0, 0x4c, 0x21,
    0xb6, 0x0, 0x0, 0x0, 0x0, 0x0, 0x0, 0x0,
    0x3b, 0xff, 0xc5, 0x0, 0x4, 0xfd, 0x77, 0xcf,
    0x70, 0xe, 0xd0, 0x0, 0xa, 0xf1, 0x3f, 0x50,
    0x0, 0x3, 0xf6, 0x5f, 0x30, 0x0, 0x1, 0xf7,
    0x3f, 0x50, 0x0, 0x3, 0xf6, 0xe, 0xd0, 0x0,
    0xb, 0xf1, 0x4, 0xfd, 0x77, 0xcf, 0x60, 0x0,
    0x3b, 0xff, 0xc5, 0x0,

    /* U+00F5 "õ" */
    0x0, 0x2e, 0xd4, 0x4b, 0x0, 0x0, 0x86, 0x3c,
    0xe4, 0x0, 0x0, 0x0, 0x0, 0x0, 0x0, 0x0,
    0x3b, 0xff, 0xc5, 0x0, 0x4, 0xfd, 0x77, 0xcf,
    0x70, 0xe, 0xd0, 0x0, 0xa, 0xf1, 0x3f, 0x50,
    0x0, 0x3, 0xf6, 0x5f, 0x30, 0x0, 0x1, 0xf7,
    0x3f, 0x50, 0x0, 0x3, 0xf6, 0xe, 0xd0, 0x0,
    0xb, 0xf1, 0x4, 0xfd, 0x77, 0xcf, 0x60, 0x0,
    0x3b, 0xff, 0xc5, 0x0,

    /* U+00F6 "ö" */
    0x0, 0x1e, 0x42, 0xe3, 0x0, 0x0, 0x1a, 0x21,
    0xa2, 0x0, 0x0, 0x0, 0x0, 0x0, 0x0, 0x0,
    0x3b, 0xff, 0xc5, 0x0, 0x4, 0xfd, 0x77, 0xcf,
    0x70, 0xe, 0xd0, 0x0, 0xa, 0xf1, 0x3f, 0x50,
    0x0, 0x3, 0xf6, 0x5f, 0x30, 0x0, 0x1, 0xf7,
    0x3f, 0x50, 0x0, 0x3, 0xf6, 0xe, 0xd0, 0x0,
    0xb, 0xf1, 0x4, 0xfd, 0x77, 0xcf, 0x60, 0x0,
    0x3b, 0xff, 0xc5, 0x0,

    /* U+00F7 "÷" */
    0x0, 0x1e, 0x60, 0x0, 0x0, 0x1f, 0x60, 0x0,
    0x0, 0x0, 0x0, 0x0, 0x1, 0x11, 0x11, 0x10,
    0xef, 0xff, 0xff, 0xf3, 0x34, 0x44, 0x44, 0x40,
    0x0, 0x0, 0x0, 0x0, 0x0, 0x2f, 0x60, 0x0,
    0x0, 0x1e, 0x60, 0x0,

    /* U+00F8 "ø" */
    0x0, 0x0, 0x0, 0x1e, 0x20, 0x0, 0x3b, 0xff,
    0xeb, 0x0, 0x4, 0xfd, 0x78, 0xff, 0x70, 0xe,
    0xd0, 0x8, 0x9a, 0xf1, 0x3f, 0x50, 0x1e, 0x13,
    0xf6, 0x5f, 0x30, 0x99, 0x1, 0xf7, 0x3f, 0x51,
    0xe1, 0x3, 0xf6, 0xe, 0xd9, 0x90, 0xb, 0xf1,
    0x4, 0xff, 0x97, 0xcf, 0x60, 0x0, 0xad, 0xff,
    0xc5, 0x0, 0x2, 0xe1, 0x0, 0x0, 0x0,

    /* U+00F9 "ù" */
    0x1, 0xbd, 0x20, 0x0, 0x0, 0x0, 0x7c, 0x20,
    0x0, 0x0, 0x0, 0x0, 0x0, 0xa, 0xe0, 0x0,
    0x2, 0xf5, 0xae, 0x0, 0x0, 0x2f, 0x5a, 0xe0,
    0x0, 0x2, 0xf5, 0xae, 0x0, 0x0, 0x2f, 0x5a,
    0xe0, 0x0, 0x2, 0xf5, 0x9f, 0x0, 0x0, 0x4f,
    0x57, 0xf4, 0x0, 0xb, 0xf5, 0x1f, 0xf8, 0x7c,
    0xef, 0x50, 0x3b, 0xff, 0xb3, 0xf5,

    /* U+00FA "ú" */
    0x0, 0x0, 0x4f, 0x90, 0x0, 0x0, 0x4d, 0x40,
    0x0, 0x0, 0x0, 0x0, 0x0, 0xa, 0xe0, 0x0,
    0x2, 0xf5, 0xae, 0x0, 0x0, 0x2f, 0x5a, 0xe0,
    0x0, 0x2, 0xf5, 0xae, 0x0, 0x0, 0x2f, 0x5a,
    0xe0, 0x0, 0x2, 0xf5, 0x9f, 0x0, 0x0, 0x4f,
    0x57, 0xf4, 0x0, 0xb, 0xf5, 0x1f, 0xf8, 0x7c,
    0xef, 0x50, 0x3b, 0xff, 0xb3, 0xf5,

    /* U+00FB "û" */
    0x0, 0x2d, 0xca, 0x0, 0x0, 0x1a, 0x40, 0x79,
    0x0, 0x0, 0x0, 0x0, 0x0, 0xa, 0xe0, 0x0,
    0x2, 0xf5, 0xae, 0x0, 0x0, 0x2f, 0x5a, 0xe0,
    0x0, 0x2, 0xf5, 0xae, 0x0, 0x0, 0x2f, 0x5a,
    0xe0, 0x0, 0x2, 0xf5, 0x9f, 0x0, 0x0, 0x4f,
    0x57, 0xf4, 0x0, 0xb, 0xf5, 0x1f, 0xf8, 0x7c,
    0xef, 0x50, 0x3b, 0xff, 0xb3, 0xf5,

    /* U+00FC "ü" */
    0x0, 0xc8, 0xc, 0x80, 0x0, 0x8, 0x50, 0x85,
    0x0, 0x0, 0x0, 0x0, 0x0, 0xa, 0xe0, 0x0,
    0x2, 0xf5, 0xae, 0x0, 0x0, 0x2f, 0x5a, 0xe0,
    0x0, 0x2, 0xf5, 0xae, 0x0, 0x0, 0x2f, 0x5a,
    0xe0, 0x0, 0x2, 0xf5, 0x9f, 0x0, 0x0, 0x4f,
    0x57, 0xf4, 0x0, 0xb, 0xf5, 0x1f, 0xf8, 0x7c,
    0xef, 0x50, 0x3b, 0xff, 0xb3, 0xf5,

    /* U+00FD "ý" */
    0x0, 0x0, 0x5, 0xf7, 0x0, 0x0, 0x0, 0x6c,
    0x30, 0x0, 0x0, 0x0, 0x0, 0x0, 0x0, 0xd,
    0xc0, 0x0, 0x0, 0xcb, 0x6, 0xf3, 0x0, 0x2,
    0xf4, 0x0, 0xea, 0x0, 0x9, 0xd0, 0x0, 0x8f,
    0x10, 0x1f, 0x70, 0x0, 0x1f, 0x70, 0x7f, 0x10,
    0x0, 0xa, 0xe0, 0xd9, 0x0, 0x0, 0x3, 0xfa,
    0xf2, 0x0, 0x0, 0x0, 0xcf, 0xb0, 0x0, 0x0,
    0x0, 0x6f, 0x40, 0x0, 0x0, 0x0, 0xad, 0x0,
    0x0, 0x1c, 0x69, 0xf6, 0x0, 0x0, 0x1b, 0xfe,
    0x70, 0x0, 0x0,

    /* U+00FE "þ" */
    0x8f, 0x0, 0x0, 0x0, 0x0, 0x8f, 0x0, 0x0,
    0x0, 0x0, 0x8f, 0x0, 0x0, 0x0, 0x0, 0x8f,
    0x2b, 0xff, 0xb3, 0x0, 0x8f, 0xfc, 0x78, 0xef,
    0x40, 0x8f, 0x90, 0x0, 0x1e, 0xd0, 0x8f, 0x10,
    0x0, 0x7, 0xf2, 0x8f, 0x0, 0x0, 0x5, 0xf3,
    0x8f, 0x10, 0x0, 0x7, 0xf2, 0x8f, 0x90, 0x0,
    0x1e, 0xd0, 0x8f, 0xeb, 0x77, 0xef, 0x40, 0x8f,
    0x2b, 0xff, 0xb3, 0x0, 0x8f, 0x0, 0x0, 0x0,
    0x0, 0x8f, 0x0, 0x0, 0x0, 0x0, 0x8f, 0x0,
    0x0, 0x0, 0x0,

    /* U+00FF "ÿ" */
    0x0, 0xd, 0x60, 0xe6, 0x0, 0x0, 0x9, 0x40,
    0x94, 0x0, 0x0, 0x0, 0x0, 0x0, 0x0, 0xd,
    0xc0, 0x0, 0x0, 0xcb, 0x6, 0xf3, 0x0, 0x2,
    0xf4, 0x0, 0xea, 0x0, 0x9, 0xd0, 0x0, 0x8f,
    0x10, 0x1f, 0x70, 0x0, 0x1f, 0x70, 0x7f, 0x10,
    0x0, 0xa, 0xe0, 0xd9, 0x0, 0x0, 0x3, 0xfa,
    0xf2, 0x0, 0x0, 0x0, 0xcf, 0xb0, 0x0, 0x0,
    0x0, 0x6f, 0x40, 0x0, 0x0, 0x0, 0xad, 0x0,
    0x0, 0x1c, 0x69, 0xf6, 0x0, 0x0, 0x1b, 0xfe,
    0x70, 0x0, 0x0,

    /* U+E005 "" */
    0x0, 0x0, 0x0, 0xee, 0x0, 0x0, 0x0, 0x0,
    0x0, 0xee, 0xca, 0xff, 0xac, 0xee, 0x0, 0x0,
    0x0, 0xee, 0xcb, 0x99, 0xbc, 0xee, 0x0, 0x0,
    0x0, 0x0, 0x0, 0x66, 0x0, 0x0, 0x0, 0x0,
    0x0, 0x0, 0x0, 0xff, 0x0, 0x0, 0x0, 0x0,
    0x0, 0x0, 0x3b, 0xff, 0xb3, 0x0, 0x0, 0x0,
    0xef, 0xff, 0xff, 0xff, 0xff, 0xff, 0xc4, 0x0,
    0xff, 0xff, 0xff, 0xff, 0xff, 0xff, 0xff, 0x80,
    0xff, 0xff, 0xff, 0xff, 0xff, 0xff, 0xff, 0xf4,
    0xef, 0xff, 0xff, 0xff, 0xff, 0xff, 0xff, 0xfc,
    0x0, 0x3, 0xff, 0xff, 0xff, 0x33, 0xff, 0xff,
    0x0, 0x0, 0x3b, 0xff, 0xb3, 0x0, 0xcf, 0xfc,

    /* U+E041 "" */
    0xef, 0xff, 0xff, 0xff, 0xff, 0xff, 0xff, 0xff,
    0xe0, 0x0, 0xff, 0xff, 0xff, 0xff, 0xff, 0xff,
    0xff, 0xff, 0xf0, 0x0, 0xff, 0x1f, 0xf1, 0xff,
    0x1f, 0xf1, 0xff, 0x1f, 0xf0, 0x0, 0xff, 0xf,
    0xf0, 0xff, 0xf, 0xf0, 0xff, 0xf, 0xf0, 0x0,
    0xff, 0xf, 0xf0, 0xff, 0xf, 0xf0, 0xff, 0xf,
    0xf0, 0x0, 0xff, 0x1f, 0xff, 0xff, 0x1f, 0xf0,
    0xff, 0xf, 0xf0, 0x0, 0xff, 0xff, 0xff, 0xff,
    0xff, 0xf0, 0xff, 0xf, 0xf0, 0x0, 0xff, 0xfb,
    0x30, 0x3b, 0xff, 0xf0, 0xff, 0xf, 0xf0, 0x0,
    0xff, 0xb2, 0xbf, 0xb2, 0xbf, 0xff, 0xff, 0xff,
    0xff, 0xfe, 0xef, 0x3b, 0xe8, 0xeb, 0x3f, 0xff,
    0xff, 0xff, 0xff, 0xfe, 0x0, 0xf, 0x80, 0x8f,
    0x0, 0x0, 0x0, 0x0, 0x0, 0x0, 0x0, 0xb,
    0xe8, 0xeb, 0x0, 0x0, 0x0, 0x0, 0x0, 0x0,
    0x0, 0x1, 0xbf, 0xb1, 0x0, 0x0, 0x0, 0x0,
    0x0, 0x0,

    /* U+E059 "" */
    0x0, 0x0, 0x0, 0x81, 0x5c, 0x0, 0x0, 0x0,
    0x0, 0x0, 0x0, 0x1, 0x13, 0xff, 0xff, 0x60,
    0x0, 0x0, 0x0, 0x0, 0x0, 0x5, 0xff, 0xff,
    0xff, 0xfd, 0x0, 0x0, 0x0, 0x0, 0x1, 0x3c,
    0xff, 0xff, 0xff, 0xf4, 0x0, 0x0, 0x0, 0x0,
    0x3, 0xff, 0xff, 0x4f, 0xff, 0xf0, 0x0, 0x20,
    0x5c, 0x0, 0x3, 0xff, 0xff, 0xff, 0xfc, 0xc3,
    0x0, 0xef, 0xff, 0x60, 0x8e, 0xf3, 0x3f, 0xfc,
    0xc0, 0x0, 0x0, 0xcf, 0xff, 0xfd, 0x1f, 0xf3,
    0x3f, 0xd0, 0x0, 0x0, 0xa, 0xff, 0xff, 0xf4,
    0x4f, 0xff, 0xff, 0xa0, 0x0, 0x0, 0xd, 0xff,
    0xff, 0xf1, 0xdf, 0xff, 0xfc, 0x0, 0x0, 0xc,
    0xcf, 0xff, 0xff, 0xe8, 0x6, 0xff, 0xfe, 0x0,
    0x3c, 0xcf, 0xff, 0xff, 0xff, 0x30, 0x0, 0xc5,
    0x2, 0x0, 0xf, 0xff, 0x33, 0xff, 0xff, 0x30,
    0x0, 0x0, 0x0, 0x0, 0x4f, 0xff, 0x33, 0xff,
    0xc3, 0x10, 0x0, 0x0, 0x0, 0x0, 0xdf, 0xff,
    0xff, 0xff, 0x50, 0x0, 0x0, 0x0, 0x0, 0x0,
    0x6, 0xff, 0xff, 0x31, 0x10, 0x0, 0x0, 0x0,
    0x0, 0x0, 0x0, 0xc5, 0x18, 0x0, 0x0, 0x0,

    /* U+E05A "" */
    0x0, 0x0, 0x0, 0x0, 0x51, 0x3, 0xe1, 0x0,
    0x0, 0x0, 0x0, 0x0, 0xfd, 0xdf, 0xf5, 0x0,
    0x0, 0x0, 0x1a, 0x5c, 0xff, 0xff, 0xff, 0x63,
    0x0, 0x0, 0x1f, 0xff, 0xff, 0xff, 0xff, 0xfe,
    0x0, 0x10, 0x9f, 0xff, 0xff, 0xff, 0xff, 0xf1,
    0x0, 0xcf, 0xff, 0xfd, 0xff, 0xff, 0xff, 0xc0,
    0x0, 0x6f, 0xff, 0xd0, 0xdf, 0xff, 0xff, 0xc0,
    0x0, 0xcf, 0xff, 0xfd, 0xff, 0xff, 0xd8, 0xd0,
    0x6d, 0xff, 0xaa, 0xff, 0xff, 0xeb, 0x0, 0x0,
    0x3e, 0xfa, 0x0, 0xaf, 0xf4, 0x33, 0x0, 0x0,
    0xd, 0xfa, 0x0, 0xaf, 0xf5, 0x0, 0x0, 0x0,
    0x1f, 0xff, 0xaa, 0xff, 0x93, 0x0, 0x0, 0x0,
    0xef, 0xff, 0xff, 0xfd, 0x0, 0x0, 0x0, 0x0,
    0x26, 0xff, 0xff, 0xfa, 0x0, 0x0, 0x0, 0x0,
    0x0, 0x5f, 0xfd, 0xad, 0x0, 0x0, 0x0, 0x0,
    0x0, 0x1e, 0x30, 0x0, 0x0, 0x0, 0x0, 0x0,

    /* U+E05B "" */
    0x0, 0xdf, 0xff, 0xfa, 0x0, 0x0, 0x0, 0x0,
    0x0, 0xa, 0xff, 0xff, 0xf8, 0x0, 0x0, 0x0,
    0x0, 0x0, 0x6f, 0xff, 0xff, 0xf5, 0x0, 0x0,
    0x0, 0x0, 0x3, 0xff, 0xff, 0xff, 0xff, 0xff,
    0xd0, 0x0, 0x0, 0xf, 0xff, 0xff, 0xff, 0xff,
    0xf8, 0x0, 0x0, 0x0, 0xbf, 0xff, 0xff, 0xff,
    0xff, 0x30, 0x0, 0x0, 0x8, 0xff, 0xff, 0xff,
    0xff, 0xd0, 0x0, 0xb, 0xfa, 0x4f, 0xff, 0xff,
    0xff, 0xf8, 0x6f, 0xc0, 0xff, 0xe1, 0xff, 0xff,
    0xff, 0xff, 0x3b, 0xff, 0xf, 0xf2, 0x0, 0x0,
    0x0, 0x0, 0x0, 0x1f, 0xf0, 0xff, 0xff, 0xff,
    0xff, 0xff, 0xff, 0xff, 0xff, 0xf, 0xff, 0xff,
    0xff, 0xff, 0xff, 0xff, 0xff, 0xf0, 0x0, 0x0,
    0x0, 0x0, 0x0, 0x0, 0x0, 0x0, 0xf, 0xff,
    0xff, 0xff, 0xff, 0xff, 0xff, 0xff, 0xf0, 0xff,
    0xff, 0xff, 0xff, 0xff, 0xff, 0xff, 0xff, 0xb,
    0xff, 0xff, 0xff, 0xff, 0xff, 0xff, 0xff, 0xc0,

    /* U+E05C "" */
    0x0, 0x0, 0x0, 0xe, 0xff, 0x0, 0x0, 0x0,
    0x0, 0x0, 0x0, 0x0, 0x0, 0xff, 0xf0, 0x0,
    0x0, 0x0, 0x0, 0x0, 0x0, 0x27, 0x8f, 0xff,
    0x88, 0x30, 0x0, 0x0, 0x0, 0x0, 0x7, 0xff,
    0xff, 0xff, 0xf8, 0x0, 0x0, 0x0, 0x0, 0x0,
    0x7f, 0xff, 0xff, 0xff, 0x80, 0x0, 0x0, 0x0,
    0x0, 0x2, 0x78, 0xff, 0xf8, 0x83, 0x0, 0x0,
    0x0, 0x0, 0x0, 0x0, 0xf, 0xff, 0x0, 0x0,
    0x0, 0x0, 0x0, 0x0, 0x0, 0x0, 0xef, 0xf0,
    0x0, 0x0, 0x0, 0x0, 0x0, 0x0, 0x0, 0x0,
    0x0, 0x0, 0x0, 0x0, 0x0, 0x0, 0x0, 0x0,
    0x0, 0x0, 0x0, 0x0, 0x0, 0x0, 0x0, 0x0,
    0x1, 0x9e, 0xff, 0xff, 0xfc, 0x0, 0x5, 0xea,
    0x0, 0x3, 0xef, 0xff, 0xff, 0xff, 0xc0, 0xa,
    0xff, 0xf0, 0xef, 0xff, 0xff, 0xff, 0x20, 0x0,
    0x3d, 0xff, 0xe4, 0xf, 0xff, 0xff, 0xff, 0xff,
    0xff, 0xff, 0xff, 0xb1, 0x0, 0xff, 0xff, 0xff,
    0xff, 0xff, 0xff, 0xff, 0x70, 0x0, 0xe, 0xff,
    0xff, 0xff, 0xff, 0xff, 0xfc, 0x30, 0x0, 0x0,

    /* U+E05D "" */
    0x0, 0x0, 0x0, 0x0, 0xc, 0xc0, 0x0, 0x0,
    0x0, 0x0, 0x0, 0x0, 0x0, 0xcc, 0xf, 0xf0,
    0xcc, 0x0, 0x0, 0x0, 0x0, 0xa0, 0x0, 0xff,
    0xf, 0xf0, 0xff, 0x0, 0x0, 0x0, 0x6, 0xf6,
    0x0, 0xff, 0xf, 0xf0, 0xff, 0x4, 0x40, 0x0,
    0xaf, 0xff, 0xa0, 0xff, 0xf, 0xf0, 0xff, 0xf,
    0xf0, 0x0, 0x6, 0xf6, 0x0, 0xff, 0xf, 0xf0,
    0xff, 0xf, 0xf0, 0x0, 0x0, 0xa0, 0x0, 0xff,
    0xf, 0xf0, 0xff, 0xf, 0xf0, 0x0, 0x0, 0x0,
    0x0, 0xff, 0xff, 0xff, 0xff, 0xff, 0xf0, 0x0,
    0x0, 0xa, 0xe3, 0xff, 0xff, 0xff, 0xff, 0xff,
    0xf0, 0x0, 0x0, 0xe, 0xfe, 0xff, 0xf6, 0xff,
    0xff, 0xff, 0xf0, 0x0, 0x0, 0x6, 0xff, 0xff,
    0x60, 0x6f, 0xff, 0xff, 0x90, 0x0, 0x0, 0x0,
    0xaf, 0xff, 0xf6, 0xff, 0xff, 0xff, 0x1a, 0x0,
    0x0, 0x0, 0xd, 0xff, 0xff, 0xff, 0xff, 0x91,
    0x6f, 0x60, 0x0, 0x0, 0x3, 0xff, 0xff, 0xff,
    0xff, 0x1a, 0xff, 0xfa, 0x0, 0x0, 0x0, 0x7f,
    0xff, 0xff, 0xff, 0x91, 0x6f, 0x60, 0x0, 0x0,
    0x0, 0xa, 0xff, 0xff, 0xff, 0xf8, 0xa, 0x0,

    /* U+E05E "" */
    0x0, 0x0, 0x0, 0x0, 0x0, 0x0, 0x0, 0x0,
    0x0, 0x3, 0x74, 0xe1, 0x0, 0xc, 0xc0, 0x0,
    0x0, 0xb, 0xda, 0xe3, 0x30, 0xc, 0xc0, 0x0,
    0x0, 0xf, 0x8e, 0xad, 0xa0, 0x0, 0x0, 0x0,
    0x0, 0x5f, 0x7f, 0x7f, 0x7c, 0x20, 0x0, 0x0,
    0x41, 0xae, 0x9f, 0x8f, 0x8f, 0x20, 0x8, 0xf8,
    0xf8, 0xfe, 0xee, 0xdc, 0x68, 0x0, 0xf, 0xff,
    0xfd, 0xff, 0xf9, 0x40, 0x45, 0x0, 0x8, 0xf8,
    0xff, 0xfc, 0x15, 0xbf, 0xfd, 0x0, 0x0, 0x0,
    0xff, 0xd1, 0xbf, 0xff, 0xd8, 0x88, 0x88, 0x50,
    0xef, 0x58, 0xff, 0xff, 0xff, 0xff, 0xff, 0xd0,
    0x8f, 0x1e, 0xff, 0xff, 0xff, 0x88, 0x88, 0x85,
    0xb, 0xf, 0xff, 0xff, 0xff, 0xff, 0xff, 0xfd,
    0x0, 0x4, 0xdf, 0xff, 0xff, 0x88, 0x88, 0x50,
    0x8, 0xf8, 0x4f, 0xff, 0xff, 0xff, 0xff, 0xd0,
    0xf, 0xff, 0xf, 0xff, 0xff, 0x88, 0x85, 0x0,
    0x8, 0xf8, 0x1b, 0xff, 0xff, 0xff, 0xfd, 0x0,

    /* U+E05F "" */
    0x8c, 0x20, 0x0, 0x0, 0x0, 0x0, 0x0, 0x0,
    0x0, 0x0, 0xdf, 0xe4, 0x0, 0x0, 0x0, 0x0,
    0x0, 0x0, 0x0, 0x0, 0x1b, 0xff, 0x77, 0xff,
    0x72, 0xdf, 0xff, 0x70, 0x0, 0x0, 0x0, 0x7f,
    0xff, 0xf6, 0x3e, 0xff, 0xff, 0xf8, 0x0, 0x0,
    0xe6, 0x4, 0xef, 0xe6, 0xff, 0xfa, 0xff, 0xff,
    0xff, 0xfe, 0xff, 0xa0, 0x1c, 0xff, 0xff, 0x63,
    0xff, 0xff, 0xff, 0xff, 0xff, 0xfd, 0x20, 0x9f,
    0xfc, 0x5, 0xff, 0xff, 0xff, 0xff, 0xff, 0xff,
    0xf5, 0x5, 0xff, 0xd2, 0x3e, 0xff, 0xff, 0xff,
    0xff, 0xff, 0xff, 0x80, 0x2d, 0xff, 0x51, 0xcf,
    0xff, 0xff, 0xff, 0xff, 0xff, 0xfc, 0x10, 0xaf,
    0xf8, 0x9, 0xff, 0xff, 0xef, 0xff, 0xff, 0xff,
    0xe3, 0x6, 0xff, 0xc1, 0xcf, 0xfe, 0x0, 0x0,
    0x1c, 0xff, 0xff, 0x70, 0x3e, 0xfe, 0x40, 0x0,
    0x0, 0x0, 0x0, 0xbf, 0xff, 0xfa, 0x1, 0xbf,
    0xf7, 0x0, 0x0, 0x0, 0x0, 0x9, 0xfc, 0x8e,
    0x50, 0x8, 0xff, 0xb1, 0x0, 0x0, 0x0, 0x0,
    0x0, 0x0, 0x0, 0x0, 0x4e, 0xfd, 0x0, 0x0,
    0x0, 0x0, 0x0, 0x0, 0x0, 0x0, 0x2, 0xc8,

    /* U+E060 "" */
    0x8c, 0x20, 0x0, 0x0, 0x0, 0x0, 0x0, 0x0,
    0x0, 0x0, 0xdf, 0xe4, 0x0, 0x0, 0x0, 0x0,
    0x0, 0x0, 0x0, 0x0, 0x1b, 0xff, 0x77, 0xff,
    0x72, 0xdf, 0xff, 0x70, 0x0, 0x0, 0x0, 0x7f,
    0xff, 0xf6, 0x3e, 0xff, 0xff, 0xf8, 0x0, 0x0,
    0xf6, 0x4, 0xef, 0xe6, 0xff, 0xfa, 0xff, 0xff,
    0xf, 0xff, 0xff, 0xa0, 0x1c, 0xff, 0xff, 0x63,
    0xff, 0xff, 0xf, 0xff, 0xff, 0xf0, 0x20, 0x9f,
    0xfc, 0x5, 0xff, 0xff, 0xf, 0xff, 0xff, 0xf0,
    0xf4, 0x5, 0xff, 0xd2, 0x3e, 0xff, 0xf, 0xff,
    0xff, 0xf0, 0xff, 0x80, 0x2d, 0xff, 0x51, 0xcf,
    0xf, 0xff, 0xff, 0xf0, 0xff, 0xfb, 0x10, 0xaf,
    0xf8, 0x9, 0xf, 0xff, 0xf4, 0xf0, 0xff, 0xff,
    0xe3, 0x6, 0xff, 0xc1, 0xf, 0x4f, 0xff, 0xc0,
    0x1c, 0xff, 0xff, 0x70, 0x3e, 0xfe, 0x4c, 0xff,
    0x0, 0x0, 0x0, 0xbf, 0xff, 0xfa, 0x1, 0xbf,
    0xf7, 0x0, 0x0, 0x0, 0x0, 0x9, 0xfc, 0x8e,
    0x50, 0x8, 0xff, 0xb1, 0x0, 0x0, 0x0, 0x0,
    0x0, 0x0, 0x0, 0x0, 0x4e, 0xfd, 0x0, 0x0,
    0x0, 0x0, 0x0, 0x0, 0x0, 0x0, 0x2, 0xc8,

    /* U+E061 "" */
    0x0, 0x7, 0xcf, 0xff, 0xd9, 0x20, 0x0, 0x0,
    0x0, 0x0, 0x1, 0xdf, 0xff, 0xff, 0xff, 0xf6,
    0x0, 0x0, 0x0, 0x0, 0xd, 0xff, 0xff, 0xff,
    0xff, 0xff, 0x60, 0x0, 0x0, 0x0, 0x7f, 0xff,
    0xff, 0xff, 0xff, 0xff, 0xf0, 0x0, 0x0, 0x0,
    0xcf, 0xff, 0xff, 0xff, 0xff, 0xff, 0xf6, 0x0,
    0x0, 0x0, 0xff, 0xff, 0xff, 0xff, 0x33, 0xff,
    0xfc, 0x0, 0x0, 0x0, 0xff, 0xff, 0xff, 0xff,
    0x33, 0xff, 0xff, 0x20, 0x0, 0x0, 0xcf, 0xff,
    0xff, 0xff, 0xff, 0xff, 0xff, 0x70, 0x0, 0x0,
    0x7f, 0xff, 0xff, 0xff, 0xff, 0xff, 0xff, 0xd0,
    0x0, 0x5c, 0xd, 0xff, 0xff, 0xff, 0xff, 0xff,
    0xff, 0xc0, 0x0, 0x15, 0x2, 0xff, 0xff, 0xff,
    0xff, 0xff, 0xf0, 0x0, 0x5c, 0x0, 0x0, 0xff,
    0xff, 0xff, 0xf5, 0x11, 0x10, 0x27, 0x26, 0x27,
    0x0, 0xff, 0xff, 0xff, 0xf2, 0x0, 0x0, 0x4a,
    0x0, 0x4a, 0x0, 0xff, 0xff, 0xff, 0xff, 0xee,
    0xd0, 0x0, 0x4b, 0x0, 0x0, 0xff, 0xff, 0xff,
    0xff, 0xfe, 0x40, 0x0, 0x15, 0x15, 0x0, 0xff,
    0xff, 0xff, 0xf0, 0x0, 0x0, 0x0, 0x0, 0x5c,

    /* U+E062 "" */
    0x8c, 0x26, 0xcf, 0xff, 0xd9, 0x20, 0x0, 0x0,
    0x0, 0x0, 0xdf, 0xff, 0xff, 0xff, 0xff, 0xf6,
    0x0, 0x0, 0x0, 0x0, 0x1b, 0xff, 0xff, 0xff,
    0xff, 0xff, 0x60, 0x0, 0x0, 0x0, 0x41, 0x7f,
    0xff, 0xff, 0xff, 0xff, 0xf1, 0x0, 0x0, 0x0,
    0xce, 0x44, 0xef, 0xff, 0xff, 0xff, 0xf6, 0x0,
    0x0, 0x0, 0xff, 0xf7, 0x1c, 0xff, 0x93, 0xff,
    0xfc, 0x0, 0x0, 0x0, 0xff, 0xff, 0xb1, 0x9f,
    0xfb, 0xff, 0xff, 0x20, 0x0, 0x0, 0xcf, 0xff,
    0xfe, 0x35, 0xff, 0xff, 0xff, 0x70, 0x0, 0x0,
    0x7f, 0xff, 0xff, 0xf6, 0x2d, 0xff, 0xff, 0xd0,
    0x0, 0x5c, 0xd, 0xff, 0xff, 0xff, 0xa1, 0xaf,
    0xff, 0xc0, 0x0, 0x15, 0x1, 0xff, 0xff, 0xff,
    0xfd, 0x26, 0xff, 0xc1, 0x5c, 0x0, 0x0, 0xff,
    0xff, 0xff, 0xf3, 0x0, 0x3e, 0xfe, 0x55, 0x39,
    0x0, 0xff, 0xff, 0xff, 0xf3, 0x0, 0x1, 0xbf,
    0xf7, 0x39, 0x0, 0xff, 0xff, 0xff, 0xff, 0xff,
    0xe0, 0x8, 0xff, 0xb1, 0x0, 0xff, 0xff, 0xff,
    0xff, 0xfe, 0x40, 0x0, 0x4e, 0xfd, 0x0, 0xff,
    0xff, 0xff, 0xf0, 0x0, 0x0, 0x0, 0x2, 0xc8,

    /* U+E063 "" */
    0x0, 0x0, 0x5b, 0xef, 0xff, 0xd9, 0x20, 0x0,
    0x0, 0x0, 0xb, 0xff, 0xff, 0xff, 0xff, 0xf7,
    0x0, 0x0, 0x0, 0xbf, 0xff, 0xff, 0xff, 0xff,
    0xff, 0x60, 0x0, 0x5, 0xff, 0xff, 0xff, 0xff,
    0xff, 0xff, 0xf1, 0x0, 0x1, 0xaf, 0xff, 0xff,
    0xff, 0xff, 0xff, 0xf7, 0x0, 0xc, 0x26, 0xff,
    0xff, 0xff, 0x43, 0xff, 0xfd, 0x0, 0xe, 0xf6,
    0x2c, 0xff, 0xff, 0x43, 0xff, 0xff, 0x20, 0xc,
    0xff, 0xa1, 0x8f, 0xff, 0xff, 0xff, 0xff, 0x80,
    0x6, 0xff, 0xfe, 0x34, 0xef, 0xff, 0xff, 0xff,
    0xe0, 0x0, 0xcf, 0xff, 0xf7, 0x0, 0x0, 0x0,
    0x0, 0x0, 0x0, 0x1f, 0xff, 0xff, 0xf, 0xff,
    0xff, 0xff, 0xd0, 0x0, 0xf, 0xff, 0xff, 0xf,
    0xf9, 0x88, 0x88, 0x40, 0x0, 0xf, 0xff, 0xff,
    0xf, 0xf6, 0x44, 0x44, 0x0, 0x0, 0xf, 0xff,
    0xff, 0xf, 0xfc, 0xbb, 0xbb, 0x0, 0x0, 0xf,
    0xff, 0xff, 0xf, 0xf9, 0x88, 0x83, 0x0, 0x0,
    0xf, 0xff, 0xff, 0xf, 0xff, 0xff, 0xb1, 0x0,

    /* U+E064 "" */
    0x0, 0x7, 0xcf, 0xff, 0xfd, 0x92, 0x0, 0x0,
    0x1, 0xdf, 0xff, 0xff, 0xff, 0xff, 0x60, 0x0,
    0xd, 0xff, 0xff, 0xfa, 0xff, 0xff, 0xf5, 0x0,
    0x7f, 0xff, 0xcf, 0xf0, 0xff, 0xdf, 0xfe, 0x0,
    0xcf, 0xff, 0x53, 0x30, 0x33, 0x5f, 0xff, 0x60,
    0xff, 0xff, 0xd0, 0x20, 0x0, 0xdf, 0xff, 0xc0,
    0xff, 0xfc, 0x60, 0x80, 0x0, 0x6c, 0xff, 0xf1,
    0xcf, 0xf5, 0x10, 0x0, 0x20, 0x15, 0xff, 0xf7,
    0x7f, 0xff, 0xc0, 0x0, 0x80, 0xcf, 0xff, 0xfd,
    0xd, 0xff, 0x72, 0x20, 0x22, 0x7f, 0xff, 0xfd,
    0x2, 0xff, 0xbf, 0xe0, 0xef, 0xbf, 0xff, 0x10,
    0x0, 0xff, 0xff, 0xfa, 0xff, 0xff, 0xff, 0x0,
    0x0, 0xff, 0xff, 0xff, 0xff, 0xff, 0xfe, 0x0,
    0x0, 0xff, 0xff, 0xff, 0xff, 0xff, 0xe4, 0x0,
    0x0, 0xff, 0xff, 0xff, 0xff, 0x0, 0x0, 0x0,
    0x0, 0xff, 0xff, 0xff, 0xff, 0x0, 0x0, 0x0,

    /* U+E065 "" */
    0x0, 0x0, 0x0, 0x2, 0xdd, 0x20, 0x0, 0x0,
    0x0, 0x0, 0x0, 0x0, 0x3e, 0xff, 0xe3, 0xe,
    0xfe, 0x0, 0x0, 0x0, 0x4, 0xff, 0xff, 0xff,
    0x5f, 0xff, 0x0, 0x0, 0x0, 0x6f, 0xff, 0xff,
    0xff, 0xff, 0xff, 0x0, 0x0, 0x7, 0xff, 0xff,
    0xff, 0xff, 0xff, 0xff, 0x0, 0x0, 0x9f, 0xff,
    0xff, 0x99, 0xff, 0xff, 0xff, 0x0, 0xa, 0xff,
    0xff, 0xf5, 0x0, 0x5f, 0xff, 0xff, 0xb0, 0xbf,
    0xff, 0xff, 0xf0, 0x0, 0xf, 0xff, 0xff, 0xfc,
    0xae, 0xff, 0xff, 0xf3, 0x0, 0x3f, 0xff, 0xff,
    0xea, 0x1, 0xff, 0xff, 0xfe, 0x66, 0xef, 0xff,
    0xff, 0x10, 0x0, 0xff, 0xff, 0xfc, 0xbb, 0xcf,
    0xff, 0xff, 0x0, 0x0, 0xff, 0xfd, 0x20, 0x0,
    0x2, 0xdf, 0xff, 0x0, 0x0, 0xff, 0xf4, 0x0,
    0x0, 0x0, 0x4f, 0xff, 0x0, 0x0, 0xff, 0xf1,
    0x0, 0x0, 0x0, 0x1f, 0xff, 0x0, 0x0, 0xff,
    0xff, 0xff, 0xff, 0xff, 0xff, 0xff, 0x0, 0x0,
    0xcf, 0xff, 0xff, 0xff, 0xff, 0xff, 0xfc, 0x0,

    /* U+E066 "" */
    0x0, 0x0, 0x0, 0x7f, 0x70, 0x0, 0x0, 0x0,
    0x0, 0x0, 0x0, 0x0, 0x9, 0xff, 0xf9, 0xe,
    0xe0, 0x0, 0x0, 0x0, 0x0, 0x0, 0xbf, 0xff,
    0xff, 0xbf, 0xf0, 0x0, 0x0, 0x0, 0x0, 0x1c,
    0xff, 0xff, 0xff, 0xff, 0xf0, 0x0, 0x0, 0x0,
    0x2, 0xdf, 0xff, 0xff, 0xff, 0xff, 0xf2, 0x0,
    0x0, 0x0, 0x3e, 0xff, 0xff, 0xff, 0xff, 0xff,
    0xfe, 0x30, 0x0, 0x0, 0xdf, 0xff, 0xff, 0x10,
    0x1f, 0xff, 0xff, 0xd0, 0x0, 0x0, 0x34, 0xff,
    0xff, 0x0, 0x4, 0x0, 0x0, 0x0, 0x0, 0x0,
    0x0, 0xff, 0xff, 0x10, 0x4, 0xff, 0xff, 0xff,
    0xff, 0x40, 0x0, 0xff, 0xff, 0xff, 0x88, 0xf8,
    0x88, 0x88, 0x8f, 0x80, 0x0, 0xff, 0xff, 0xff,
    0x88, 0xf0, 0x0, 0x0, 0xf, 0x80, 0x0, 0xff,
    0xff, 0xff, 0x88, 0xf0, 0x0, 0x0, 0xf, 0x80,
    0x0, 0xcf, 0xff, 0xff, 0x88, 0xf0, 0x0, 0x0,
    0xf, 0x80, 0x0, 0x0, 0x0, 0x0, 0x8, 0xf0,
    0x0, 0x0, 0xf, 0x80, 0x0, 0x0, 0x0, 0x0,
    0xff, 0xff, 0xff, 0xff, 0xff, 0xff, 0x0, 0x0,
    0x0, 0x0, 0x9f, 0xff, 0xff, 0xff, 0xff, 0xf9,

    /* U+E067 "" */
    0x0, 0x0, 0x0, 0x0, 0xd, 0x80, 0x0, 0x0,
    0x0, 0x0, 0x0, 0x0, 0x0, 0x0, 0xe, 0x90,
    0x0, 0x0, 0x0, 0x0, 0x0, 0x0, 0x0, 0x0,
    0xe, 0x90, 0x0, 0x0, 0x0, 0x0, 0x0, 0x0,
    0x9f, 0xc2, 0xe, 0x90, 0x4d, 0xf7, 0x0, 0x0,
    0x0, 0x6, 0xff, 0xfb, 0x8, 0x50, 0xff, 0xff,
    0x50, 0x0, 0x0, 0x1f, 0xff, 0xfd, 0x2, 0x1,
    0xef, 0xff, 0xe0, 0x0, 0x0, 0x9f, 0xfe, 0x22,
    0xb, 0x60, 0x22, 0xef, 0xf8, 0x0, 0x1, 0xff,
    0xfb, 0x3e, 0xbf, 0xea, 0xe2, 0xbf, 0xff, 0x10,
    0x8, 0xff, 0xfa, 0x1b, 0xce, 0xff, 0xa1, 0xaf,
    0xff, 0x80, 0xe, 0xff, 0xa2, 0x9f, 0xbe, 0xff,
    0xf8, 0x2a, 0xff, 0xe0, 0x5f, 0xff, 0xa2, 0x9f,
    0xff, 0xbe, 0xf8, 0x2a, 0xff, 0xf4, 0xaf, 0xff,
    0xfa, 0x1b, 0xff, 0xbe, 0xa1, 0xaf, 0xff, 0xf9,
    0xef, 0xff, 0xfc, 0x3e, 0xbf, 0xeb, 0xe2, 0xcf,
    0xff, 0xfe, 0xff, 0xff, 0xfd, 0x12, 0xb, 0x60,
    0x20, 0xcf, 0xff, 0xff, 0xbf, 0xff, 0xff, 0xa0,
    0x6, 0x20, 0x1a, 0xff, 0xff, 0xfb, 0x1c, 0xff,
    0xea, 0x30, 0x0, 0x0, 0x3, 0xae, 0xff, 0xc1,
    0x0, 0x21, 0x0, 0x0, 0x0, 0x0, 0x0, 0x0,
    0x21, 0x0,

    /* U+E068 "" */
    0x4, 0xee, 0x40, 0x0, 0x0, 0x0, 0x4, 0xee,
    0x40, 0xe, 0xff, 0xe0, 0x0, 0x0, 0x0, 0xe,
    0xff, 0xe0, 0xe, 0xff, 0xe0, 0x0, 0x0, 0x0,
    0xe, 0xff, 0xe0, 0x4, 0xee, 0x40, 0x0, 0x0,
    0x0, 0x4, 0xee, 0x40, 0x0, 0x0, 0x0, 0x0,
    0x0, 0x0, 0x0, 0x0, 0x0, 0x4e, 0xff, 0xe4,
    0x0, 0x0, 0x0, 0x4e, 0xff, 0xe4, 0xef, 0xff,
    0xf8, 0x0, 0x0, 0x0, 0x8f, 0xff, 0xfe, 0xff,
    0xff, 0x82, 0xd0, 0x0, 0xd, 0x28, 0xff, 0xff,
    0xff, 0xf7, 0x3e, 0xf8, 0x88, 0x8f, 0xe3, 0x7f,
    0xff, 0xff, 0xf0, 0xdf, 0xff, 0xff, 0xff, 0xfd,
    0xf, 0xff, 0xcf, 0xf7, 0x3e, 0xf8, 0x88, 0x8f,
    0xe3, 0x7f, 0xfc, 0xf, 0xff, 0x72, 0xd0, 0x0,
    0xd, 0x27, 0xff, 0xf0, 0xf, 0xff, 0xf0, 0x0,
    0x0, 0x0, 0xf, 0xff, 0xf0, 0xf, 0xff, 0xf0,
    0x0, 0x0, 0x0, 0xf, 0xff, 0xf0, 0xf, 0xff,
    0xf0, 0x0, 0x0, 0x0, 0xf, 0xff, 0xf0, 0xc,
    0xff, 0xc0, 0x0, 0x0, 0x0, 0xc, 0xff, 0xc0,

    /* U+E069 "" */
    0x8c, 0x20, 0x0, 0xbf, 0xf4, 0x0, 0x0, 0x0,
    0x0, 0x0, 0xdf, 0xe4, 0x0, 0x9f, 0xfd, 0x0,
    0x0, 0x0, 0x0, 0x0, 0x1b, 0xff, 0x80, 0x4f,
    0xff, 0x70, 0x0, 0x0, 0x0, 0x0, 0x0, 0x7f,
    0xfb, 0x1f, 0xff, 0xe1, 0x0, 0x0, 0x0, 0x0,
    0x6, 0x4, 0xef, 0xee, 0xff, 0xf9, 0x0, 0x0,
    0x0, 0x0, 0xb, 0xa0, 0x1c, 0xff, 0xff, 0xff,
    0x20, 0x0, 0x0, 0x0, 0x7, 0xfd, 0x20, 0x9f,
    0xff, 0xff, 0xff, 0xff, 0xe9, 0x10, 0x2, 0xff,
    0xf5, 0x5, 0xff, 0xff, 0xff, 0xff, 0xff, 0xd0,
    0x2, 0xff, 0xff, 0x80, 0x2d, 0xff, 0xff, 0xff,
    0xff, 0xd0, 0x7, 0xff, 0xff, 0xfc, 0x10, 0xaf,
    0xff, 0xff, 0xe9, 0x10, 0xb, 0xff, 0x20, 0x6,
    0xe3, 0x6, 0xff, 0xc1, 0x0, 0x0, 0xe, 0xf6,
    0x0, 0xb, 0xff, 0x70, 0x3e, 0xfe, 0x40, 0x0,
    0x0, 0x0, 0x0, 0xf, 0xff, 0xe0, 0x1, 0xbf,
    0xf7, 0x0, 0x0, 0x0, 0x0, 0x4f, 0xff, 0x60,
    0x0, 0x8, 0xff, 0xb1, 0x0, 0x0, 0x0, 0x9f,
    0xfd, 0x0, 0x0, 0x0, 0x4e, 0xfd, 0x0, 0x0,
    0x0, 0xbf, 0xf4, 0x0, 0x0, 0x0, 0x2, 0xc8,

    /* U+E06A "" */
    0x0, 0xb, 0xff, 0xc0, 0x0, 0x0, 0x0, 0x0,
    0xff, 0xff, 0xff, 0xe6, 0x0, 0x0, 0xf, 0xff,
    0xff, 0xff, 0xf6, 0x0, 0x0, 0xff, 0xff, 0x0,
    0x6f, 0xd0, 0x0, 0x0, 0x0, 0x0, 0x0, 0x42,
    0x0, 0x9f, 0xff, 0xff, 0xf9, 0x0, 0x0, 0x3f,
    0xff, 0xff, 0xff, 0xf4, 0x0, 0x6, 0xff, 0xfa,
    0x9f, 0xff, 0x70, 0x0, 0x7f, 0xff, 0x32, 0xff,
    0xf8, 0x0, 0x9, 0xfa, 0x20, 0x2, 0x9f, 0xa0,
    0x0, 0xaf, 0xa3, 0x0, 0x39, 0xfb, 0x0, 0xc,
    0xff, 0xf3, 0x2f, 0xff, 0xd0, 0x0, 0xdf, 0xff,
    0xa9, 0xff, 0xfe, 0x0, 0xf, 0xff, 0xff, 0xff,
    0xff, 0xf0, 0x0, 0xdf, 0xff, 0xff, 0xff, 0xfe,
    0x0, 0x4, 0xef, 0xff, 0xff, 0xfe, 0x40, 0x0,

    /* U+E06B "" */
    0x0, 0xc, 0xff, 0xc0, 0x0, 0x0, 0x0, 0xf,
    0xff, 0xff, 0xfe, 0x50, 0x0, 0xf, 0xff, 0xff,
    0xff, 0xf6, 0x0, 0xf, 0xff, 0xf0, 0x6, 0xfd,
    0x0, 0x0, 0x0, 0x0, 0x0, 0x41, 0x9, 0xff,
    0xff, 0xff, 0x90, 0x0, 0x4f, 0xff, 0xff, 0xff,
    0xf4, 0x0, 0x6f, 0xff, 0xff, 0xff, 0xf6, 0x0,
    0x8f, 0xff, 0x77, 0xff, 0xf8, 0x0, 0x9f, 0xfc,
    0x0, 0xcf, 0xf9, 0x0, 0xbf, 0xf4, 0x0, 0x4f,
    0xfb, 0x0, 0xcf, 0xf3, 0x0, 0x3f, 0xfc, 0x0,
    0xef, 0xfb, 0x11, 0xbf, 0xfe, 0x0, 0xff, 0xff,
    0xff, 0xff, 0xff, 0x0, 0xef, 0xff, 0xff, 0xff,
    0xfe, 0x0, 0x4e, 0xff, 0xff, 0xff, 0xe4, 0x0,

    /* U+E06C "" */
    0x0, 0x0, 0x0, 0x6c, 0xe9, 0x20, 0x0, 0x0,
    0x0, 0x2, 0x9f, 0xff, 0xff, 0xfb, 0x50, 0x0,
    0x4, 0xcf, 0xff, 0xff, 0xff, 0xff, 0xfe, 0x70,
    0x3f, 0xff, 0xff, 0xfd, 0x5f, 0xff, 0xff, 0xf9,
    0x5f, 0xff, 0xe4, 0xc6, 0x1c, 0x89, 0xff, 0xfb,
    0x4f, 0xff, 0xf4, 0x0, 0x0, 0xe, 0xff, 0xfa,
    0x2f, 0xff, 0xf4, 0x19, 0x0, 0xd, 0xff, 0xf8,
    0xf, 0xfb, 0x0, 0x0, 0x0, 0x0, 0x6f, 0xf5,
    0xa, 0xff, 0xf4, 0x0, 0x19, 0xd, 0xff, 0xf1,
    0x4, 0xff, 0xf4, 0x0, 0x0, 0xe, 0xff, 0xb0,
    0x0, 0xdf, 0xe4, 0xc6, 0x1c, 0x89, 0xff, 0x40,
    0x0, 0x4f, 0xff, 0xfd, 0x5f, 0xff, 0xfa, 0x0,
    0x0, 0x9, 0xff, 0xff, 0xff, 0xff, 0xd1, 0x0,
    0x0, 0x0, 0xbf, 0xff, 0xff, 0xfe, 0x20, 0x0,
    0x0, 0x0, 0x9, 0xff, 0xff, 0xd2, 0x0, 0x0,
    0x0, 0x0, 0x0, 0x4c, 0xe8, 0x0, 0x0, 0x0,

    /* U+E06D "" */
    0x0, 0x0, 0x0, 0x0, 0x8e, 0xe8, 0x0, 0x0,
    0x0, 0x0, 0x0, 0x8, 0xff, 0xff, 0x80, 0x0,
    0x0, 0x0, 0x0, 0xe, 0xf3, 0x3f, 0xe0, 0x0,
    0x0, 0x0, 0x0, 0xf, 0xf0, 0xe, 0xe0, 0x0,
    0x0, 0x0, 0x0, 0xf, 0xf0, 0x0, 0x0, 0x0,
    0x0, 0x0, 0x0, 0xf, 0xf0, 0x0, 0x0, 0x0,
    0x6, 0x88, 0x40, 0xf, 0xf0, 0x4, 0x88, 0x60,
    0xe, 0xff, 0xf0, 0xf, 0xf0, 0xf, 0xff, 0xe0,
    0x0, 0x8, 0xf0, 0xf, 0xf0, 0xf, 0x80, 0x0,
    0xef, 0xff, 0xff, 0xff, 0xff, 0xff, 0xff, 0xfe,
    0xef, 0xff, 0xff, 0xff, 0xff, 0xff, 0xff, 0xfe,
    0x0, 0x0, 0x0, 0x0, 0x0, 0x0, 0x0, 0x0,
    0xf, 0xff, 0xff, 0xff, 0xff, 0xff, 0xff, 0xf0,
    0xe, 0xff, 0xff, 0xff, 0xff, 0xff, 0xff, 0xe0,
    0x8, 0xff, 0xff, 0xff, 0xff, 0xff, 0xff, 0x80,
    0x0, 0x8e, 0xff, 0xff, 0xff, 0xff, 0xe8, 0x0,

    /* U+E06E "" */
    0x0, 0x0, 0x8, 0xf8, 0x0, 0xc, 0xc0, 0x0,
    0x0, 0x0, 0xf, 0xff, 0x0, 0xc, 0xc0, 0x0,
    0x0, 0x0, 0x8, 0xf8, 0x0, 0x0, 0x0, 0x0,
    0x0, 0x0, 0x0, 0x0, 0x0, 0x0, 0x0, 0x0,
    0x0, 0x0, 0x0, 0x0, 0x4e, 0xe4, 0x0, 0x0,
    0x0, 0x0, 0x0, 0x0, 0xef, 0xfe, 0x0, 0x0,
    0x8, 0xef, 0xff, 0xf1, 0xef, 0xfe, 0x1e, 0x80,
    0x8f, 0xff, 0xff, 0xf7, 0x4e, 0xe4, 0x7f, 0xf8,
    0xef, 0xf7, 0x10, 0x0, 0x0, 0x0, 0x6f, 0xfe,
    0xff, 0x74, 0xef, 0xff, 0xff, 0xfe, 0x47, 0xff,
    0xff, 0x1e, 0xff, 0xff, 0xff, 0xff, 0xe1, 0xff,
    0xff, 0x1e, 0xff, 0xff, 0xff, 0xff, 0xe1, 0xff,
    0xff, 0x74, 0xef, 0xff, 0xff, 0xfe, 0x47, 0xff,
    0xef, 0xf7, 0x10, 0x0, 0x0, 0x1, 0x7f, 0xfe,
    0x8f, 0xff, 0xff, 0xff, 0xff, 0xff, 0xff, 0xf8,
    0x8, 0xef, 0xff, 0xff, 0xff, 0xff, 0xfe, 0x80,

    /* U+E06F "" */
    0x0, 0x0, 0xaf, 0xff, 0xf3, 0x0, 0x0, 0x0,
    0x0, 0xaf, 0xff, 0xf3, 0x0, 0x0, 0x0, 0x0,
    0x1, 0xfe, 0x0, 0x0, 0x0, 0x0, 0x1, 0x8d,
    0xff, 0xc7, 0x10, 0x50, 0x0, 0x3e, 0xff, 0xff,
    0xff, 0xec, 0xf7, 0x2, 0xff, 0xdd, 0xff, 0xdd,
    0xff, 0xe2, 0xc, 0xf8, 0x0, 0x98, 0x0, 0x6f,
    0xe0, 0x3f, 0xf4, 0xa2, 0x43, 0x71, 0x1f, 0xf5,
    0x6f, 0xff, 0xf0, 0x63, 0x92, 0x1f, 0xf9, 0x7f,
    0xff, 0x70, 0xd3, 0x92, 0x1f, 0xfa, 0x6f, 0xfd,
    0x9, 0xf3, 0x92, 0x1f, 0xf9, 0x2f, 0xf7, 0x2e,
    0xf4, 0x61, 0x2f, 0xf5, 0xb, 0xf5, 0x0, 0x5b,
    0x11, 0xaf, 0xe0, 0x2, 0xef, 0xff, 0xff, 0xff,
    0xff, 0x40, 0x0, 0x2e, 0xff, 0xff, 0xff, 0xf4,
    0x0, 0x0, 0x0, 0x7c, 0xff, 0xd8, 0x10, 0x0,
    0x0, 0x0, 0x0, 0x0, 0x0, 0x0, 0x0,

    /* U+E070 "" */
    0x7, 0xc5, 0xef, 0xff, 0xff, 0xff, 0xff, 0xff,
    0xff, 0x30, 0x0, 0xc, 0xff, 0xff, 0xff, 0xff,
    0xff, 0xff, 0xff, 0xff, 0xd0, 0x0, 0x0, 0xaf,
    0xff, 0xff, 0xff, 0xff, 0xff, 0xff, 0xff, 0xf9,
    0x0, 0x0, 0x7, 0xff, 0xff, 0xff, 0xff, 0xff,
    0xff, 0xff, 0xff, 0x30, 0xc, 0x60, 0x3e, 0xff,
    0xff, 0xff, 0xff, 0xff, 0xff, 0xff, 0xd0, 0xb,
    0xfa, 0x1, 0xcf, 0xff, 0xff, 0xff, 0xff, 0xff,
    0xff, 0xc0, 0x0, 0x0, 0x0, 0x8, 0xff, 0xa0,
    0x0, 0x0, 0x0, 0x0, 0x0, 0x0, 0xf, 0xf0,
    0x0, 0x5f, 0xff, 0xf0, 0x0, 0xf, 0xf0, 0x0,
    0x0, 0xf, 0xf0, 0x0, 0x2, 0xdf, 0xf5, 0x0,
    0xf, 0xf0, 0x0, 0x0, 0xf, 0xf0, 0x0, 0x0,
    0xa, 0xff, 0x90, 0xf, 0xf0, 0x0, 0x0, 0xf,
    0xf0, 0x0, 0x0, 0x0, 0x6f, 0xfc, 0x1f, 0xf0,
    0x0, 0x0, 0xf, 0xf0, 0x0, 0x0, 0x7, 0x3,
    0xef, 0xef, 0xf0, 0x0, 0x0, 0xf, 0xff, 0xff,
    0xff, 0xff, 0xb0, 0x1b, 0xff, 0xf0, 0x0, 0x0,
    0xf, 0xff, 0xff, 0xff, 0xff, 0xf0, 0x0, 0x7f,
    0xfb, 0x10, 0x0, 0xf, 0xff, 0xff, 0xff, 0xff,
    0xf0, 0x0, 0x4, 0xef, 0xd0, 0x0, 0xb, 0xff,
    0xff, 0xff, 0xff, 0xc0, 0x0, 0x0, 0x1c, 0x80,

    /* U+E071 "" */
    0x8c, 0x5f, 0xff, 0xff, 0xff, 0xff, 0xff, 0xff,
    0x40, 0x0, 0xdf, 0xff, 0xff, 0xff, 0xff, 0xff,
    0xff, 0xff, 0xd0, 0x0, 0x1b, 0xff, 0xff, 0xff,
    0xff, 0xff, 0xff, 0xff, 0xf7, 0x0, 0x0, 0x8f,
    0xff, 0xff, 0xff, 0xff, 0xff, 0xff, 0xff, 0x10,
    0x8a, 0x5, 0xff, 0xff, 0xff, 0xff, 0xff, 0xff,
    0xff, 0x80, 0x9f, 0xc1, 0x3e, 0xff, 0xff, 0xff,
    0xff, 0xff, 0xff, 0x90, 0x5f, 0xfe, 0x31, 0xcf,
    0xff, 0xff, 0xff, 0xff, 0xff, 0x50, 0x8, 0xfe,
    0x70, 0xa, 0xff, 0xff, 0xd4, 0x8e, 0xf8, 0x0,
    0x0, 0x0, 0x0, 0x0, 0x7f, 0xfa, 0x0, 0x0,
    0x0, 0x0, 0x1, 0xfd, 0x0, 0x0, 0x4, 0xef,
    0xc1, 0xd, 0xf1, 0x0, 0x1, 0xfd, 0x0, 0x0,
    0x0, 0x2d, 0xfe, 0x3d, 0xf1, 0x0, 0x1, 0xfd,
    0x0, 0x0, 0x0, 0x0, 0xbf, 0xff, 0xf1, 0x0,
    0x1, 0xff, 0xff, 0xff, 0xff, 0xf7, 0x8, 0xff,
    0xf1, 0x0, 0x1, 0xff, 0xff, 0xff, 0xff, 0xff,
    0xa0, 0x5f, 0xfb, 0x10, 0x1, 0xff, 0xff, 0xff,
    0xff, 0xff, 0xfd, 0x22, 0xdf, 0xd0, 0x0, 0xdf,
    0xff, 0xff, 0xff, 0xff, 0xff, 0xe4, 0x1b, 0x80,

    /* U+E072 "" */
    0x8c, 0x23, 0xdf, 0xff, 0xff, 0xff, 0xf8, 0x3d,
    0xe3, 0x0, 0xdf, 0xee, 0xff, 0xff, 0xff, 0xff,
    0xe1, 0xef, 0xfe, 0x0, 0x1b, 0xff, 0xff, 0xff,
    0xff, 0xff, 0x86, 0xff, 0xff, 0x60, 0x0, 0x7f,
    0xff, 0xff, 0xff, 0xff, 0x4b, 0xff, 0xff, 0xb0,
    0x0, 0x4, 0xef, 0xff, 0xff, 0xff, 0x1d, 0xf6,
    0x6f, 0xd0, 0x0, 0x90, 0x1c, 0xff, 0xff, 0xff,
    0xf, 0xf0, 0xf, 0xf0, 0x0, 0xfd, 0x20, 0x9f,
    0xff, 0xff, 0xf, 0xf0, 0xf, 0xf0, 0x0, 0xff,
    0xf4, 0x5, 0xff, 0xff, 0xe, 0xf6, 0x6f, 0xd0,
    0x0, 0xff, 0xff, 0x80, 0x2d, 0xff, 0x5b, 0xff,
    0xff, 0xb0, 0x0, 0xff, 0xff, 0xfb, 0x10, 0xaf,
    0xfd, 0xff, 0xff, 0x60, 0x0, 0xff, 0xff, 0xff,
    0xe3, 0x6, 0xff, 0xff, 0xfe, 0x0, 0x0, 0xff,
    0xff, 0xff, 0xff, 0x60, 0x3e, 0xff, 0xe3, 0x0,
    0x1, 0xff, 0xff, 0xff, 0xff, 0xf9, 0x1, 0xbf,
    0xf7, 0x0, 0x5, 0xff, 0xff, 0xff, 0xff, 0xfb,
    0x0, 0x8, 0xff, 0xb1, 0xa, 0xff, 0xff, 0xff,
    0xff, 0xf7, 0x0, 0x0, 0x4e, 0xfd, 0xe, 0xff,
    0xff, 0xff, 0xff, 0xe1, 0x0, 0x0, 0x2, 0xc8,

    /* U+E073 "" */
    0x8c, 0x20, 0x0, 0x0, 0x0, 0x0, 0x0, 0x0,
    0x0, 0x0, 0xdf, 0xe4, 0x0, 0x1, 0x9e, 0xfa,
    0x10, 0x0, 0x0, 0x0, 0x1b, 0xff, 0x80, 0xc,
    0xff, 0xff, 0xc0, 0x0, 0x0, 0x0, 0x0, 0x7f,
    0xfb, 0x5f, 0xff, 0xff, 0xf5, 0x4, 0xee, 0x40,
    0x5, 0x4, 0xef, 0xff, 0xff, 0xff, 0xf7, 0xe,
    0xff, 0xe0, 0xe, 0xa0, 0x1c, 0xff, 0xff, 0xff,
    0xf5, 0xe, 0xff, 0xe0, 0x4, 0xeb, 0x0, 0x9f,
    0xff, 0xff, 0xc0, 0x4, 0xee, 0x40, 0x0, 0x0,
    0x0, 0x5, 0xff, 0xfb, 0x10, 0x0, 0x0, 0x0,
    0x4e, 0xff, 0xe1, 0x0, 0x2d, 0xff, 0x50, 0x1e,
    0xff, 0xe4, 0xef, 0xff, 0x44, 0xcb, 0x10, 0xaf,
    0xfc, 0x44, 0xff, 0xfe, 0xff, 0xf9, 0x4f, 0xff,
    0xe3, 0x6, 0xff, 0xf4, 0x9f, 0xff, 0xcf, 0xf3,
    0xcf, 0xff, 0xff, 0x70, 0x3e, 0xfe, 0x7f, 0xfc,
    0x0, 0x0, 0xff, 0xff, 0xff, 0xfa, 0x1, 0xbf,
    0xf7, 0x0, 0x0, 0x0, 0xff, 0xff, 0xff, 0xff,
    0xd2, 0x8, 0xff, 0xb1, 0x0, 0x0, 0x8f, 0xff,
    0xff, 0xff, 0xff, 0x50, 0x4e, 0xfd, 0x0, 0x0,
    0x0, 0x0, 0x0, 0x0, 0x0, 0x0, 0x2, 0xc8,

    /* U+E074 "" */
    0x0, 0x0, 0x0, 0xa, 0xb0, 0x0, 0x0, 0x0,
    0x0, 0x0, 0x0, 0x0, 0xde, 0x0, 0x0, 0x0,
    0x0, 0x0, 0x9a, 0x0, 0x2f, 0xf3, 0x0, 0xaa,
    0x0, 0x0, 0x9, 0xfd, 0xaf, 0xff, 0xfb, 0xdf,
    0xa0, 0x0, 0x0, 0xd, 0xff, 0xff, 0xff, 0xff,
    0xe0, 0x0, 0x0, 0x0, 0xaf, 0xfa, 0xaf, 0xff,
    0xfb, 0x0, 0x0, 0x0, 0x2f, 0xfa, 0x0, 0x9f,
    0xff, 0xf3, 0x0, 0xa, 0xef, 0xff, 0xa0, 0x9,
    0xff, 0xff, 0xfe, 0xb0, 0xae, 0xff, 0xff, 0xaa,
    0xfd, 0xff, 0xff, 0xeb, 0x0, 0x2, 0xff, 0xff,
    0xfe, 0xd, 0xff, 0x30, 0x0, 0x0, 0xa, 0xff,
    0xff, 0xfd, 0xff, 0xb0, 0x0, 0x0, 0x0, 0xdf,
    0xff, 0xff, 0xff, 0xfe, 0x0, 0x0, 0x0, 0x9f,
    0xdb, 0xff, 0xff, 0xbd, 0xfa, 0x0, 0x0, 0x9,
    0xa0, 0x2, 0xff, 0x30, 0xa, 0xa0, 0x0, 0x0,
    0x0, 0x0, 0xd, 0xe0, 0x0, 0x0, 0x0, 0x0,
    0x0, 0x0, 0x0, 0xab, 0x0, 0x0, 0x0, 0x0,

    /* U+E075 "" */
    0x0, 0x0, 0x0, 0x0, 0x0, 0x0, 0x0, 0x0,
    0x0, 0x0, 0x0, 0x7, 0xd2, 0x0, 0x0, 0x0,
    0xab, 0x0, 0x0, 0x0, 0x0, 0x0, 0xc, 0xff,
    0x50, 0x0, 0x0, 0xde, 0x0, 0x0, 0x0, 0x0,
    0x0, 0x0, 0xaf, 0xfc, 0xa0, 0x2, 0xff, 0x30,
    0x9, 0x90, 0x0, 0x0, 0x0, 0x7, 0xff, 0xfd,
    0xaf, 0xff, 0xfb, 0xdf, 0xb0, 0x0, 0x0, 0x0,
    0x0, 0x3e, 0xff, 0xff, 0xff, 0xff, 0xfe, 0x0,
    0x0, 0x0, 0x0, 0x0, 0x1, 0xcf, 0xfe, 0xaf,
    0xff, 0xfb, 0x0, 0x0, 0x0, 0x0, 0x0, 0x0,
    0x8, 0xff, 0xaa, 0xff, 0xff, 0x30, 0x0, 0x0,
    0x0, 0xa, 0xef, 0x50, 0x5f, 0xff, 0xff, 0xff,
    0xfe, 0xb0, 0x0, 0x0, 0xa, 0xef, 0xf8, 0x2,
    0xdf, 0xff, 0xff, 0xfe, 0xb0, 0x0, 0x0, 0x0,
    0x2, 0xff, 0xc1, 0xa, 0xff, 0xff, 0x30, 0x0,
    0x0, 0x0, 0x0, 0x0, 0xaf, 0xfe, 0x40, 0x6f,
    0xfe, 0x10, 0x0, 0x0, 0x0, 0x0, 0x0, 0xdf,
    0xff, 0xf7, 0x3, 0xef, 0xe4, 0x0, 0x0, 0x0,
    0x0, 0xa, 0xfd, 0xbf, 0xff, 0xa0, 0x1b, 0xff,
    0x70, 0x0, 0x0, 0x0, 0xb, 0xb0, 0x2, 0xff,
    0x40, 0x0, 0x7f, 0xfb, 0x10, 0x0, 0x0, 0x0,
    0x0, 0x0, 0xde, 0x0, 0x0, 0x4, 0xef, 0xd0,
    0x0, 0x0, 0x0, 0x0, 0x0, 0xab, 0x0, 0x0,
    0x0, 0x1c, 0x80, 0x0, 0x0, 0x0, 0x0, 0x0,
    0x0, 0x0, 0x0, 0x0, 0x0, 0x0,

    /* U+E076 "" */
    0x0, 0x0, 0x8, 0x80, 0x0, 0x0, 0x0, 0x0,
    0x0, 0x0, 0x1, 0x40, 0xc, 0xc0, 0x4, 0x10,
    0x0, 0x0, 0x0, 0x0, 0x4, 0xfa, 0xaf, 0xfa,
    0xaf, 0x40, 0x0, 0x0, 0x0, 0x0, 0x0, 0xaf,
    0xff, 0xff, 0xfa, 0x0, 0x0, 0x0, 0x0, 0x0,
    0x0, 0xaf, 0x33, 0xff, 0xfa, 0x0, 0x0, 0x0,
    0x0, 0x0, 0x8c, 0xff, 0x33, 0xff, 0xff, 0xc8,
    0x0, 0x0, 0x0, 0x0, 0x8c, 0xff, 0xff, 0xf4,
    0xff, 0xc8, 0x0, 0x0, 0x0, 0x0, 0x0, 0xaf,
    0xff, 0xff, 0xfa, 0x0, 0x0, 0xd, 0x0, 0x0,
    0x0, 0xaf, 0xff, 0xff, 0xfa, 0x0, 0x95, 0x5f,
    0x55, 0x90, 0x4, 0xfa, 0xaf, 0xfa, 0xaf, 0x40,
    0x5f, 0xff, 0xff, 0x50, 0x1, 0x40, 0xc, 0xc0,
    0x4, 0x10, 0x5f, 0x33, 0xff, 0x50, 0x0, 0x0,
    0x8, 0x80, 0x0, 0xd, 0xff, 0x33, 0xff, 0xfd,
    0x0, 0x0, 0x0, 0x0, 0x0, 0x0, 0x5f, 0xff,
    0xff, 0x50, 0x0, 0x0, 0x0, 0x0, 0x0, 0x0,
    0x5f, 0xff, 0xff, 0x50, 0x0, 0x0, 0x0, 0x0,
    0x0, 0x0, 0x95, 0x5f, 0x55, 0x90, 0x0, 0x0,
    0x0, 0x0, 0x0, 0x0, 0x0, 0xd, 0x0, 0x0,

    /* U+E085 "" */
    0x0, 0xcf, 0xc3, 0x0, 0x3c, 0xfc, 0x0, 0x0,
    0xff, 0xff, 0xee, 0xff, 0xff, 0x0, 0x0, 0xff,
    0xd6, 0xaa, 0x6d, 0xff, 0x0, 0x0, 0xff, 0xf2,
    0x0, 0x2f, 0xff, 0x0, 0x0, 0xff, 0xf7, 0x0,
    0x7f, 0xff, 0x0, 0x5, 0xff, 0xfd, 0x0, 0xdf,
    0xff, 0x50, 0x1e, 0xff, 0xff, 0x22, 0xff, 0xff,
    0xe1, 0xaf, 0xff, 0xff, 0x68, 0xff, 0xff, 0xfa,
    0xff, 0xff, 0xff, 0x2d, 0xff, 0xff, 0xff, 0xff,
    0xff, 0xff, 0xf, 0xff, 0xff, 0xff, 0xff, 0xfe,
    0xff, 0xf, 0xff, 0xef, 0xff, 0xff, 0xc1, 0xef,
    0xf, 0xfe, 0x1c, 0xff, 0xfe, 0x1c, 0xff, 0xf,
    0xff, 0xc1, 0xef, 0xff, 0xef, 0xff, 0xf, 0xff,
    0xfe, 0xff, 0xff, 0xff, 0xff, 0xf, 0xff, 0xff,
    0xff, 0xcf, 0xff, 0xff, 0xf, 0xff, 0xff, 0xfc,

    /* U+E086 "" */
    0x0, 0xcf, 0xc3, 0x0, 0x3c, 0xfc, 0x0, 0x0,
    0xff, 0xff, 0xee, 0xff, 0xff, 0x0, 0x0, 0xff,
    0xd6, 0xaa, 0x6d, 0xff, 0x0, 0x0, 0xff, 0xf2,
    0x0, 0x2f, 0xff, 0x0, 0x0, 0xff, 0xf7, 0x0,
    0x7f, 0xff, 0x0, 0x5, 0xff, 0xfd, 0x0, 0xdf,
    0xff, 0x50, 0x1e, 0xff, 0xff, 0x22, 0xff, 0xff,
    0xe1, 0xaf, 0xff, 0xff, 0x68, 0xff, 0xff, 0xfa,
    0xff, 0x33, 0xff, 0x2d, 0xfa, 0x2f, 0xff, 0xff,
    0x33, 0xff, 0xf, 0xf8, 0x2, 0xff, 0xff, 0xff,
    0xff, 0xf, 0xfc, 0x8a, 0xff, 0xff, 0xee, 0xff,
    0xf, 0xff, 0xff, 0xff, 0xfe, 0x0, 0xef, 0xf,
    0xff, 0xff, 0xff, 0xfe, 0x0, 0xef, 0xf, 0xff,
    0xff, 0xff, 0xff, 0xee, 0xff, 0xf, 0xff, 0xff,
    0xff, 0xcf, 0xff, 0xff, 0xf, 0xff, 0xff, 0xfc,

    /* U+F000 "" */
    0xb, 0xff, 0xff, 0xff, 0xff, 0xff, 0xff, 0xff,
    0xc0, 0xc, 0xff, 0xff, 0xff, 0xff, 0xff, 0xff,
    0xff, 0xd0, 0x1, 0xdf, 0xff, 0xff, 0xff, 0xff,
    0xff, 0xfe, 0x20, 0x0, 0x1d, 0xff, 0xff, 0xff,
    0xff, 0xff, 0xe2, 0x0, 0x0, 0x1, 0xdf, 0xff,
    0xff, 0xff, 0xfe, 0x20, 0x0, 0x0, 0x0, 0x1d,
    0xff, 0xff, 0xff, 0xe2, 0x0, 0x0, 0x0, 0x0,
    0x1, 0xdf, 0xff, 0xfe, 0x20, 0x0, 0x0, 0x0,
    0x0, 0x0, 0x1d, 0xff, 0xe2, 0x0, 0x0, 0x0,
    0x0, 0x0, 0x0, 0x1, 0xff, 0x20, 0x0, 0x0,
    0x0, 0x0, 0x0, 0x0, 0x0, 0xff, 0x0, 0x0,
    0x0, 0x0, 0x0, 0x0, 0x0, 0x0, 0xff, 0x0,
    0x0, 0x0, 0x0, 0x0, 0x0, 0x0, 0x0, 0xff,
    0x0, 0x0, 0x0, 0x0, 0x0, 0x0, 0x0, 0x0,
    0xff, 0x0, 0x0, 0x0, 0x0, 0x0, 0x0, 0x0,
    0x0, 0xff, 0x0, 0x0, 0x0, 0x0, 0x0, 0x0,
    0x3, 0x78, 0xff, 0x87, 0x30, 0x0, 0x0, 0x0,
    0x0, 0xd, 0xff, 0xff, 0xff, 0xe0, 0x0, 0x0,

    /* U+F001 "" */
    0x0, 0x0, 0x0, 0x0, 0x0, 0x0, 0x49, 0xec,
    0x0, 0x0, 0x0, 0x0, 0x16, 0xbf, 0xff, 0xff,
    0x0, 0x0, 0x3, 0x8d, 0xff, 0xff, 0xff, 0xff,
    0x0, 0x0, 0xcf, 0xff, 0xff, 0xff, 0xff, 0xff,
    0x0, 0x0, 0xff, 0xff, 0xff, 0xff, 0xc7, 0xff,
    0x0, 0x0, 0xff, 0xff, 0xfa, 0x51, 0x0, 0xff,
    0x0, 0x0, 0xff, 0x84, 0x0, 0x0, 0x0, 0xff,
    0x0, 0x0, 0xff, 0x0, 0x0, 0x0, 0x0, 0xff,
    0x0, 0x0, 0xff, 0x0, 0x0, 0x0, 0x0, 0xff,
    0x0, 0x0, 0xff, 0x0, 0x0, 0x0, 0x0, 0xff,
    0x0, 0x0, 0xff, 0x0, 0x0, 0x2b, 0xee, 0xff,
    0x0, 0x0, 0xff, 0x0, 0x0, 0xdf, 0xff, 0xff,
    0x2b, 0xee, 0xff, 0x0, 0x0, 0xdf, 0xff, 0xfd,
    0xdf, 0xff, 0xff, 0x0, 0x0, 0x2b, 0xff, 0xb2,
    0xdf, 0xff, 0xfd, 0x0, 0x0, 0x0, 0x0, 0x0,
    0x2b, 0xff, 0xb2, 0x0, 0x0, 0x0, 0x0, 0x0,

    /* U+F002 "" */
    0x0, 0x3, 0xae, 0xfe, 0xa3, 0x0, 0x0, 0x0,
    0x0, 0x9f, 0xff, 0xff, 0xff, 0x90, 0x0, 0x0,
    0x9, 0xff, 0xfa, 0x8a, 0xff, 0xf9, 0x0, 0x0,
    0x3f, 0xfc, 0x10, 0x0, 0x1c, 0xff, 0x30, 0x0,
    0xaf, 0xf1, 0x0, 0x0, 0x1, 0xff, 0xa0, 0x0,
    0xef, 0xa0, 0x0, 0x0, 0x0, 0xaf, 0xe0, 0x0,
    0xff, 0x80, 0x0, 0x0, 0x0, 0x8f, 0xf0, 0x0,
    0xef, 0xa0, 0x0, 0x0, 0x0, 0xaf, 0xe0, 0x0,
    0xaf, 0xf1, 0x0, 0x0, 0x1, 0xff, 0xa0, 0x0,
    0x4f, 0xfc, 0x10, 0x0, 0x1c, 0xff, 0x40, 0x0,
    0x9, 0xff, 0xfa, 0x8a, 0xff, 0xfe, 0x40, 0x0,
    0x0, 0x9f, 0xff, 0xff, 0xff, 0xef, 0xf6, 0x0,
    0x0, 0x4, 0xae, 0xfe, 0xa4, 0x4f, 0xff, 0x60,
    0x0, 0x0, 0x0, 0x0, 0x0, 0x7, 0xff, 0xf6,
    0x0, 0x0, 0x0, 0x0, 0x0, 0x0, 0x7f, 0xfe,
    0x0, 0x0, 0x0, 0x0, 0x0, 0x0, 0x6, 0xe3,

    /* U+F004 "" */
    0x0, 0x0, 0x0, 0x0, 0x0, 0x0, 0x0, 0x0,
    0x0, 0x0, 0x19, 0xef, 0xc5, 0x0, 0x4c, 0xfe,
    0xa1, 0x0, 0x1, 0xdf, 0xff, 0xff, 0x87, 0xff,
    0xff, 0xfd, 0x10, 0x8, 0xff, 0xff, 0xff, 0xff,
    0xff, 0xff, 0xff, 0x90, 0xd, 0xff, 0xff, 0xff,
    0xff, 0xff, 0xff, 0xff, 0xe0, 0xf, 0xff, 0xff,
    0xff, 0xff, 0xff, 0xff, 0xff, 0xf0, 0xd, 0xff,
    0xff, 0xff, 0xff, 0xff, 0xff, 0xff, 0xe0, 0x6,
    0xff, 0xff, 0xff, 0xff, 0xff, 0xff, 0xff, 0x70,
    0x0, 0xaf, 0xff, 0xff, 0xff, 0xff, 0xff, 0xfb,
    0x0, 0x0, 0xa, 0xff, 0xff, 0xff, 0xff, 0xff,
    0xb0, 0x0, 0x0, 0x0, 0xbf, 0xff, 0xff, 0xff,
    0xfc, 0x0, 0x0, 0x0, 0x0, 0xb, 0xff, 0xff,
    0xff, 0xc0, 0x0, 0x0, 0x0, 0x0, 0x0, 0xcf,
    0xff, 0xfc, 0x0, 0x0, 0x0, 0x0, 0x0, 0x0,
    0xc, 0xff, 0xd1, 0x0, 0x0, 0x0, 0x0, 0x0,
    0x0, 0x1, 0xcc, 0x10, 0x0, 0x0, 0x0,

    /* U+F005 "" */
    0x0, 0x0, 0x0, 0x0, 0xcc, 0x0, 0x0, 0x0,
    0x0, 0x0, 0x0, 0x0, 0x5, 0xff, 0x50, 0x0,
    0x0, 0x0, 0x0, 0x0, 0x0, 0xd, 0xff, 0xd0,
    0x0, 0x0, 0x0, 0x0, 0x0, 0x0, 0x5f, 0xff,
    0xf5, 0x0, 0x0, 0x0, 0x0, 0x0, 0x13, 0xdf,
    0xff, 0xfd, 0x31, 0x0, 0x0, 0x19, 0xce, 0xff,
    0xff, 0xff, 0xff, 0xff, 0xec, 0x91, 0x4f, 0xff,
    0xff, 0xff, 0xff, 0xff, 0xff, 0xff, 0xf4, 0x9,
    0xff, 0xff, 0xff, 0xff, 0xff, 0xff, 0xff, 0x90,
    0x0, 0x9f, 0xff, 0xff, 0xff, 0xff, 0xff, 0xf9,
    0x0, 0x0, 0x8, 0xff, 0xff, 0xff, 0xff, 0xff,
    0x80, 0x0, 0x0, 0x0, 0xdf, 0xff, 0xff, 0xff,
    0xfd, 0x0, 0x0, 0x0, 0x0, 0xff, 0xff, 0xff,
    0xff, 0xff, 0x0, 0x0, 0x0, 0x2, 0xff, 0xff,
    0xff, 0xff, 0xff, 0x20, 0x0, 0x0, 0x4, 0xff,
    0xff, 0xff, 0xff, 0xff, 0x40, 0x0, 0x0, 0x7,
    0xff, 0xf8, 0x11, 0x8f, 0xff, 0x70, 0x0, 0x0,
    0x5, 0xe9, 0x10, 0x0, 0x1, 0x9e, 0x50, 0x0,
    0x0, 0x0, 0x0, 0x0, 0x0, 0x0, 0x0, 0x0,
    0x0,

    /* U+F007 "" */
    0x0, 0x0, 0x2b, 0xff, 0xb2, 0x0, 0x0, 0x0,
    0x2, 0xef, 0xff, 0xfe, 0x20, 0x0, 0x0, 0xb,
    0xff, 0xff, 0xff, 0xb0, 0x0, 0x0, 0xf, 0xff,
    0xff, 0xff, 0xf0, 0x0, 0x0, 0xf, 0xff, 0xff,
    0xff, 0xf0, 0x0, 0x0, 0xb, 0xff, 0xff, 0xff,
    0xb0, 0x0, 0x0, 0x2, 0xef, 0xff, 0xfe, 0x20,
    0x0, 0x0, 0x0, 0x2b, 0xff, 0xb2, 0x0, 0x0,
    0x0, 0x0, 0x0, 0x0, 0x0, 0x0, 0x0, 0x1,
    0x9e, 0xfb, 0x88, 0xbf, 0xe9, 0x10, 0x1e, 0xff,
    0xff, 0xff, 0xff, 0xff, 0xe1, 0x9f, 0xff, 0xff,
    0xff, 0xff, 0xff, 0xf9, 0xef, 0xff, 0xff, 0xff,
    0xff, 0xff, 0xfe, 0xff, 0xff, 0xff, 0xff, 0xff,
    0xff, 0xff, 0xff, 0xff, 0xff, 0xff, 0xff, 0xff,
    0xff, 0x8f, 0xff, 0xff, 0xff, 0xff, 0xff, 0xf8,

    /* U+F008 "" */
    0xd0, 0xf, 0xff, 0xff, 0xff, 0xff, 0xf0, 0xd,
    0xff, 0xff, 0xc8, 0x88, 0x88, 0x8c, 0xff, 0xff,
    0xf0, 0xf, 0x80, 0x0, 0x0, 0x8, 0xf0, 0xf,
    0xf0, 0xf, 0x80, 0x0, 0x0, 0x8, 0xf0, 0xf,
    0xff, 0xff, 0x80, 0x0, 0x0, 0x8, 0xff, 0xff,
    0xf0, 0xf, 0xec, 0xcc, 0xcc, 0xce, 0xf0, 0xf,
    0xf0, 0xf, 0xec, 0xcc, 0xcc, 0xce, 0xf0, 0xf,
    0xff, 0xff, 0x80, 0x0, 0x0, 0x8, 0xff, 0xff,
    0xf0, 0xf, 0x80, 0x0, 0x0, 0x8, 0xf0, 0xf,
    0xf0, 0xf, 0x80, 0x0, 0x0, 0x8, 0xf0, 0xf,
    0xff, 0xff, 0xc8, 0x88, 0x88, 0x8c, 0xff, 0xff,
    0xd0, 0xf, 0xff, 0xff, 0xff, 0xff, 0xf0, 0xd,

    /* U+F009 "" */
    0xdf, 0xff, 0xff, 0xf5, 0x5f, 0xff, 0xff, 0xfd,
    0xff, 0xff, 0xff, 0xf8, 0x8f, 0xff, 0xff, 0xff,
    0xff, 0xff, 0xff, 0xf8, 0x8f, 0xff, 0xff, 0xff,
    0xff, 0xff, 0xff, 0xf8, 0x8f, 0xff, 0xff, 0xff,
    0xff, 0xff, 0xff, 0xf8, 0x8f, 0xff, 0xff, 0xff,
    0xff, 0xff, 0xff, 0xf7, 0x7f, 0xff, 0xff, 0xff,
    0x58, 0x88, 0x88, 0x71, 0x17, 0x88, 0x88, 0x85,
    0x58, 0x88, 0x88, 0x71, 0x17, 0x88, 0x88, 0x85,
    0xff, 0xff, 0xff, 0xf7, 0x7f, 0xff, 0xff, 0xff,
    0xff, 0xff, 0xff, 0xf8, 0x8f, 0xff, 0xff, 0xff,
    0xff, 0xff, 0xff, 0xf8, 0x8f, 0xff, 0xff, 0xff,
    0xff, 0xff, 0xff, 0xf8, 0x8f, 0xff, 0xff, 0xff,
    0xff, 0xff, 0xff, 0xf8, 0x8f, 0xff, 0xff, 0xff,
    0xdf, 0xff, 0xff, 0xf5, 0x5f, 0xff, 0xff, 0xfd,

    /* U+F00A "" */
    0xdf, 0xff, 0x70, 0xef, 0xff, 0x62, 0xff, 0xff,
    0x4f, 0xff, 0xfa, 0x2f, 0xff, 0xf9, 0x4f, 0xff,
    0xf6, 0xff, 0xff, 0xa2, 0xff, 0xff, 0x94, 0xff,
    0xff, 0x6d, 0xff, 0xf7, 0xe, 0xff, 0xf6, 0x2f,
    0xff, 0xf4, 0x0, 0x0, 0x0, 0x0, 0x0, 0x0,
    0x0, 0x0, 0xd, 0xff, 0xf7, 0xe, 0xff, 0xf6,
    0x2f, 0xff, 0xf4, 0xff, 0xff, 0xa2, 0xff, 0xff,
    0x94, 0xff, 0xff, 0x6f, 0xff, 0xfa, 0x2f, 0xff,
    0xf9, 0x4f, 0xff, 0xf6, 0xdf, 0xff, 0x70, 0xef,
    0xff, 0x62, 0xff, 0xff, 0x40, 0x0, 0x0, 0x0,
    0x0, 0x0, 0x0, 0x0, 0x0, 0xdf, 0xff, 0x70,
    0xef, 0xff, 0x62, 0xff, 0xff, 0x4f, 0xff, 0xfa,
    0x2f, 0xff, 0xf9, 0x4f, 0xff, 0xf6, 0xff, 0xff,
    0xa2, 0xff, 0xff, 0x94, 0xff, 0xff, 0x6d, 0xff,
    0xf7, 0xe, 0xff, 0xf6, 0x2f, 0xff, 0xf4,

    /* U+F00B "" */
    0xdf, 0xff, 0x73, 0xff, 0xff, 0xff, 0xff, 0xfd,
    0xff, 0xff, 0xa5, 0xff, 0xff, 0xff, 0xff, 0xff,
    0xff, 0xff, 0xa5, 0xff, 0xff, 0xff, 0xff, 0xff,
    0xdf, 0xff, 0x73, 0xff, 0xff, 0xff, 0xff, 0xfd,
    0x0, 0x0, 0x0, 0x0, 0x0, 0x0, 0x0, 0x0,
    0xdf, 0xff, 0x73, 0xff, 0xff, 0xff, 0xff, 0xfd,
    0xff, 0xff, 0xa5, 0xff, 0xff, 0xff, 0xff, 0xff,
    0xff, 0xff, 0xa5, 0xff, 0xff, 0xff, 0xff, 0xff,
    0xdf, 0xff, 0x73, 0xff, 0xff, 0xff, 0xff, 0xfd,
    0x0, 0x0, 0x0, 0x0, 0x0, 0x0, 0x0, 0x0,
    0xdf, 0xff, 0x73, 0xff, 0xff, 0xff, 0xff, 0xfd,
    0xff, 0xff, 0xa5, 0xff, 0xff, 0xff, 0xff, 0xff,
    0xff, 0xff, 0xa5, 0xff, 0xff, 0xff, 0xff, 0xff,
    0xdf, 0xff, 0x73, 0xff, 0xff, 0xff, 0xff, 0xfd,

    /* U+F00C "" */
    0x0, 0x0, 0x0, 0x0, 0x0, 0x0, 0xa, 0xb1,
    0x0, 0x0, 0x0, 0x0, 0x0, 0x0, 0xbf, 0xfc,
    0x0, 0x0, 0x0, 0x0, 0x0, 0xb, 0xff, 0xfb,
    0x0, 0x0, 0x0, 0x0, 0x0, 0xbf, 0xff, 0xc0,
    0x1b, 0xa0, 0x0, 0x0, 0xb, 0xff, 0xfc, 0x0,
    0xcf, 0xfb, 0x0, 0x0, 0xbf, 0xff, 0xc0, 0x0,
    0xbf, 0xff, 0xb0, 0xb, 0xff, 0xfc, 0x0, 0x0,
    0xc, 0xff, 0xfb, 0xbf, 0xff, 0xc0, 0x0, 0x0,
    0x0, 0xcf, 0xff, 0xff, 0xfb, 0x0, 0x0, 0x0,
    0x0, 0xc, 0xff, 0xff, 0xb0, 0x0, 0x0, 0x0,
    0x0, 0x0, 0xbf, 0xfb, 0x0, 0x0, 0x0, 0x0,
    0x0, 0x0, 0xb, 0xb0, 0x0, 0x0, 0x0, 0x0,

    /* U+F00D "" */
    0x3, 0x0, 0x0, 0x0, 0x3, 0x0, 0x7f, 0xd1,
    0x0, 0x0, 0xcf, 0x80, 0xef, 0xfd, 0x10, 0xc,
    0xff, 0xf0, 0x4f, 0xff, 0xd2, 0xcf, 0xff, 0x50,
    0x4, 0xff, 0xff, 0xff, 0xf5, 0x0, 0x0, 0x4f,
    0xff, 0xff, 0x50, 0x0, 0x0, 0xd, 0xff, 0xfd,
    0x10, 0x0, 0x0, 0xcf, 0xff, 0xff, 0xd1, 0x0,
    0xc, 0xff, 0xf9, 0xff, 0xfd, 0x10, 0xbf, 0xff,
    0x50, 0x4f, 0xff, 0xc0, 0xcf, 0xf5, 0x0, 0x4,
    0xff, 0xd0, 0x1a, 0x50, 0x0, 0x0, 0x4a, 0x10,

    /* U+F00E "" */
    0x0, 0x3, 0xae, 0xfe, 0xa3, 0x0, 0x0, 0x0,
    0x0, 0x9f, 0xff, 0xff, 0xff, 0x90, 0x0, 0x0,
    0x9, 0xff, 0xc6, 0x46, 0xcf, 0xf9, 0x0, 0x0,
    0x3f, 0xf8, 0x2, 0x40, 0x8, 0xff, 0x30, 0x0,
    0xaf, 0xc0, 0x9, 0xf2, 0x0, 0xcf, 0xa0, 0x0,
    0xef, 0x61, 0x2a, 0xf4, 0x20, 0x6f, 0xe0, 0x0,
    0xff, 0x4b, 0xff, 0xff, 0xf4, 0x4f, 0xf0, 0x0,
    0xef, 0x66, 0x9d, 0xfa, 0x92, 0x6f, 0xe0, 0x0,
    0xaf, 0xc0, 0x9, 0xf2, 0x0, 0xcf, 0xa0, 0x0,
    0x4f, 0xf8, 0x6, 0xb1, 0x8, 0xff, 0x40, 0x0,
    0x9, 0xff, 0xc6, 0x46, 0xcf, 0xfe, 0x40, 0x0,
    0x0, 0x9f, 0xff, 0xff, 0xff, 0xef, 0xf6, 0x0,
    0x0, 0x4, 0xae, 0xfe, 0xa3, 0x5f, 0xff, 0x60,
    0x0, 0x0, 0x0, 0x0, 0x0, 0x7, 0xff, 0xf6,
    0x0, 0x0, 0x0, 0x0, 0x0, 0x0, 0x7f, 0xfe,
    0x0, 0x0, 0x0, 0x0, 0x0, 0x0, 0x7, 0xe3,

    /* U+F010 "" */
    0x0, 0x3, 0xae, 0xfe, 0xa3, 0x0, 0x0, 0x0,
    0x0, 0x9f, 0xff, 0xff, 0xff, 0x90, 0x0, 0x0,
    0x9, 0xff, 0xc6, 0x46, 0xcf, 0xf9, 0x0, 0x0,
    0x3f, 0xf8, 0x0, 0x0, 0x8, 0xff, 0x30, 0x0,
    0xaf, 0xc0, 0x0, 0x0, 0x0, 0xcf, 0xa0, 0x0,
    0xef, 0x66, 0x99, 0x99, 0x92, 0x6f, 0xe0, 0x0,
    0xff, 0x4b, 0xff, 0xff, 0xf4, 0x4f, 0xf0, 0x0,
    0xef, 0x61, 0x22, 0x22, 0x20, 0x6f, 0xe0, 0x0,
    0xaf, 0xc0, 0x0, 0x0, 0x0, 0xcf, 0xa0, 0x0,
    0x4f, 0xf8, 0x0, 0x0, 0x8, 0xff, 0x30, 0x0,
    0x9, 0xff, 0xc6, 0x46, 0xcf, 0xfe, 0x50, 0x0,
    0x0, 0x9f, 0xff, 0xff, 0xff, 0xef, 0xf7, 0x0,
    0x0, 0x4, 0xae, 0xfe, 0xa3, 0x5f, 0xff, 0x70,
    0x0, 0x0, 0x0, 0x0, 0x0, 0x7, 0xff, 0xf6,
    0x0, 0x0, 0x0, 0x0, 0x0, 0x0, 0x7f, 0xfe,
    0x0, 0x0, 0x0, 0x0, 0x0, 0x0, 0x7, 0xe3,

    /* U+F011 "" */
    0x0, 0x0, 0x0, 0x4f, 0xe0, 0x0, 0x0, 0x0,
    0x0, 0x2, 0x10, 0x6f, 0xf1, 0x3, 0x10, 0x0,
    0x0, 0x5f, 0xd0, 0x6f, 0xf1, 0x3f, 0xd1, 0x0,
    0x3, 0xff, 0xf1, 0x6f, 0xf1, 0x5f, 0xfd, 0x0,
    0xd, 0xff, 0x40, 0x6f, 0xf1, 0x9, 0xff, 0x70,
    0x4f, 0xf7, 0x0, 0x6f, 0xf1, 0x0, 0xcf, 0xe0,
    0x9f, 0xf0, 0x0, 0x6f, 0xf1, 0x0, 0x5f, 0xf3,
    0xbf, 0xc0, 0x0, 0x6f, 0xf1, 0x0, 0x2f, 0xf5,
    0xbf, 0xc0, 0x0, 0x4f, 0xe0, 0x0, 0x1f, 0xf6,
    0xaf, 0xe0, 0x0, 0x0, 0x0, 0x0, 0x4f, 0xf4,
    0x6f, 0xf4, 0x0, 0x0, 0x0, 0x0, 0xaf, 0xf0,
    0xe, 0xfe, 0x10, 0x0, 0x0, 0x5, 0xff, 0xa0,
    0x6, 0xff, 0xd3, 0x0, 0x0, 0x7f, 0xff, 0x20,
    0x0, 0x9f, 0xff, 0xda, 0xbe, 0xff, 0xf4, 0x0,
    0x0, 0x7, 0xff, 0xff, 0xff, 0xfd, 0x30, 0x0,
    0x0, 0x0, 0x17, 0xbd, 0xca, 0x50, 0x0, 0x0,

    /* U+F012 "" */
    0x0, 0x0, 0x0, 0x0, 0x0, 0x0, 0x0, 0x0,
    0xf, 0xf5, 0x0, 0x0, 0x0, 0x0, 0x0, 0x0,
    0x0, 0x0, 0x1f, 0xf6, 0x0, 0x0, 0x0, 0x0,
    0x0, 0x0, 0x0, 0x0, 0x1f, 0xf6, 0x0, 0x0,
    0x0, 0x0, 0x0, 0x0, 0xf, 0xf5, 0x1f, 0xf6,
    0x0, 0x0, 0x0, 0x0, 0x0, 0x0, 0x1f, 0xf6,
    0x1f, 0xf6, 0x0, 0x0, 0x0, 0x0, 0x0, 0x0,
    0x1f, 0xf6, 0x1f, 0xf6, 0x0, 0x0, 0x0, 0x0,
    0xf, 0xf5, 0x1f, 0xf6, 0x1f, 0xf6, 0x0, 0x0,
    0x0, 0x0, 0x1f, 0xf6, 0x1f, 0xf6, 0x1f, 0xf6,
    0x0, 0x0, 0x0, 0x0, 0x1f, 0xf6, 0x1f, 0xf6,
    0x1f, 0xf6, 0x0, 0x0, 0xf, 0xf5, 0x1f, 0xf6,
    0x1f, 0xf6, 0x1f, 0xf6, 0x0, 0x0, 0x1f, 0xf6,
    0x1f, 0xf6, 0x1f, 0xf6, 0x1f, 0xf6, 0x0, 0x0,
    0x1f, 0xf6, 0x1f, 0xf6, 0x1f, 0xf6, 0x1f, 0xf6,
    0xf, 0xf5, 0x1f, 0xf6, 0x1f, 0xf6, 0x1f, 0xf6,
    0x1f, 0xf6, 0x1f, 0xf6, 0x1f, 0xf6, 0x1f, 0xf6,
    0x1f, 0xf6, 0x1f, 0xf6, 0x1f, 0xf6, 0x1f, 0xf6,
    0x1f, 0xf6, 0x1f, 0xf6, 0x1f, 0xf6, 0xf, 0xf5,
    0xf, 0xf5, 0xf, 0xf5, 0xf, 0xf5, 0xf, 0xf5,

    /* U+F013 "" */
    0x0, 0x0, 0x0, 0x8b, 0xb8, 0x0, 0x0, 0x0,
    0x0, 0x0, 0x0, 0xff, 0xff, 0x0, 0x0, 0x0,
    0x0, 0x30, 0x6, 0xff, 0xff, 0x60, 0x3, 0x0,
    0x4, 0xfd, 0xdf, 0xff, 0xff, 0xfd, 0xef, 0x40,
    0xd, 0xff, 0xff, 0xff, 0xff, 0xff, 0xff, 0xd0,
    0x4f, 0xff, 0xff, 0xf9, 0x9f, 0xff, 0xff, 0xf4,
    0x8, 0xff, 0xff, 0x20, 0x2, 0xff, 0xff, 0x80,
    0x0, 0xff, 0xf9, 0x0, 0x0, 0x9f, 0xff, 0x0,
    0x0, 0xff, 0xf9, 0x0, 0x0, 0x9f, 0xff, 0x0,
    0x8, 0xff, 0xff, 0x20, 0x2, 0xff, 0xff, 0x80,
    0x4f, 0xff, 0xff, 0xf9, 0x9f, 0xff, 0xff, 0xf4,
    0xd, 0xff, 0xff, 0xff, 0xff, 0xff, 0xff, 0xd0,
    0x4, 0xfe, 0xdf, 0xff, 0xff, 0xfd, 0xdf, 0x40,
    0x0, 0x30, 0x6, 0xff, 0xff, 0x60, 0x3, 0x0,
    0x0, 0x0, 0x0, 0xff, 0xff, 0x0, 0x0, 0x0,
    0x0, 0x0, 0x0, 0x8b, 0xb8, 0x0, 0x0, 0x0,

    /* U+F015 "" */
    0x0, 0x0, 0x0, 0x3, 0xdd, 0x30, 0x2f, 0xf3,
    0x0, 0x0, 0x0, 0x0, 0x5, 0xff, 0xff, 0x63,
    0xff, 0x40, 0x0, 0x0, 0x0, 0x8, 0xff, 0x98,
    0xff, 0xbf, 0xf4, 0x0, 0x0, 0x0, 0xb, 0xff,
    0x62, 0x35, 0xff, 0xff, 0x40, 0x0, 0x0, 0x2d,
    0xfe, 0x35, 0xff, 0x53, 0xef, 0xf5, 0x0, 0x0,
    0x4e, 0xfd, 0x27, 0xff, 0xff, 0x81, 0xcf, 0xf4,
    0x0, 0x6f, 0xfb, 0x1a, 0xff, 0xff, 0xff, 0xb1,
    0xaf, 0xf7, 0xb, 0xf8, 0x1c, 0xff, 0xff, 0xff,
    0xff, 0xd2, 0x7f, 0xc0, 0x14, 0xe, 0xff, 0xff,
    0xff, 0xff, 0xff, 0xe0, 0x41, 0x0, 0x0, 0xff,
    0xff, 0xff, 0xff, 0xff, 0xff, 0x0, 0x0, 0x0,
    0xf, 0xff, 0xf9, 0x0, 0x8f, 0xff, 0xf0, 0x0,
    0x0, 0x0, 0xff, 0xff, 0x80, 0x7, 0xff, 0xff,
    0x0, 0x0, 0x0, 0xf, 0xff, 0xf8, 0x0, 0x7f,
    0xff, 0xf0, 0x0, 0x0, 0x0, 0xef, 0xff, 0x70,
    0x6, 0xff, 0xff, 0x0, 0x0,

    /* U+F017 "" */
    0x0, 0x0, 0x5, 0x9b, 0xb9, 0x50, 0x0, 0x0,
    0x0, 0x4, 0xdf, 0xff, 0xff, 0xfd, 0x40, 0x0,
    0x0, 0x6f, 0xff, 0xff, 0xff, 0xff, 0xf6, 0x0,
    0x4, 0xff, 0xff, 0xf1, 0x1f, 0xff, 0xff, 0x40,
    0xd, 0xff, 0xff, 0xf0, 0xf, 0xff, 0xff, 0xd0,
    0x5f, 0xff, 0xff, 0xf0, 0xf, 0xff, 0xff, 0xf5,
    0x9f, 0xff, 0xff, 0xf0, 0xf, 0xff, 0xff, 0xf9,
    0xbf, 0xff, 0xff, 0xf0, 0xf, 0xff, 0xff, 0xfb,
    0xbf, 0xff, 0xff, 0xf0, 0x5, 0xff, 0xff, 0xfb,
    0x9f, 0xff, 0xff, 0xfa, 0x0, 0x2f, 0xff, 0xf9,
    0x5f, 0xff, 0xff, 0xff, 0xd3, 0x8f, 0xff, 0xf5,
    0xe, 0xff, 0xff, 0xff, 0xff, 0xff, 0xff, 0xd0,
    0x4, 0xff, 0xff, 0xff, 0xff, 0xff, 0xff, 0x40,
    0x0, 0x6f, 0xff, 0xff, 0xff, 0xff, 0xf6, 0x0,
    0x0, 0x4, 0xef, 0xff, 0xff, 0xfd, 0x40, 0x0,
    0x0, 0x0, 0x5, 0x9b, 0xb9, 0x50, 0x0, 0x0,

    /* U+F018 "" */
    0x0, 0x0, 0x6, 0xff, 0xf5, 0x4f, 0xff, 0x70,
    0x0, 0x0, 0x0, 0x0, 0xe, 0xff, 0xff, 0xff,
    0xff, 0xe0, 0x0, 0x0, 0x0, 0x0, 0x5f, 0xff,
    0xf2, 0x1f, 0xff, 0xf6, 0x0, 0x0, 0x0, 0x0,
    0xcf, 0xff, 0xf1, 0xf, 0xff, 0xfd, 0x0, 0x0,
    0x0, 0x3, 0xff, 0xff, 0xff, 0xff, 0xff, 0xff,
    0x40, 0x0, 0x0, 0xa, 0xff, 0xff, 0xd0, 0xd,
    0xff, 0xff, 0xb0, 0x0, 0x0, 0x1f, 0xff, 0xff,
    0xb0, 0xa, 0xff, 0xff, 0xf2, 0x0, 0x0, 0x8f,
    0xff, 0xff, 0xd4, 0x4c, 0xff, 0xff, 0xf9, 0x0,
    0x0, 0xef, 0xff, 0xff, 0xeb, 0xbe, 0xff, 0xff,
    0xff, 0x10, 0x6, 0xff, 0xff, 0xff, 0x60, 0x5,
    0xff, 0xff, 0xff, 0x70, 0xd, 0xff, 0xff, 0xff,
    0x40, 0x3, 0xff, 0xff, 0xff, 0xd0, 0xb, 0xff,
    0xff, 0xff, 0x20, 0x1, 0xff, 0xff, 0xff, 0xc0,

    /* U+F019 "" */
    0x0, 0x0, 0x0, 0xdf, 0xfd, 0x0, 0x0, 0x0,
    0x0, 0x0, 0x0, 0xff, 0xff, 0x0, 0x0, 0x0,
    0x0, 0x0, 0x0, 0xff, 0xff, 0x0, 0x0, 0x0,
    0x0, 0x0, 0x0, 0xff, 0xff, 0x0, 0x0, 0x0,
    0x0, 0x0, 0x0, 0xff, 0xff, 0x0, 0x0, 0x0,
    0x0, 0x0, 0x0, 0xff, 0xff, 0x0, 0x0, 0x0,
    0x0, 0x4f, 0xff, 0xff, 0xff, 0xff, 0xf4, 0x0,
    0x0, 0xb, 0xff, 0xff, 0xff, 0xff, 0xb0, 0x0,
    0x0, 0x0, 0xbf, 0xff, 0xff, 0xfb, 0x0, 0x0,
    0x0, 0x0, 0xb, 0xff, 0xff, 0xb0, 0x0, 0x0,
    0x0, 0x0, 0x0, 0xbf, 0xfb, 0x0, 0x0, 0x0,
    0xdf, 0xff, 0xfc, 0x1b, 0xb1, 0xcf, 0xff, 0xfd,
    0xff, 0xff, 0xff, 0xc2, 0x2c, 0xff, 0xff, 0xff,
    0xff, 0xff, 0xff, 0xff, 0xff, 0xff, 0xff, 0xff,
    0xff, 0xff, 0xff, 0xff, 0xff, 0xf0, 0xe0, 0xff,
    0xdf, 0xff, 0xff, 0xff, 0xff, 0xff, 0xff, 0xfd,

    /* U+F01C "" */
    0x0, 0x4, 0xef, 0xff, 0xff, 0xff, 0xfe, 0x40,
    0x0, 0x0, 0x1e, 0xff, 0xff, 0xff, 0xff, 0xff,
    0xe1, 0x0, 0x0, 0xaf, 0xb0, 0x0, 0x0, 0x0,
    0xb, 0xfa, 0x0, 0x5, 0xff, 0x10, 0x0, 0x0,
    0x0, 0x1, 0xff, 0x50, 0x1e, 0xf6, 0x0, 0x0,
    0x0, 0x0, 0x0, 0x6f, 0xe1, 0xaf, 0xb0, 0x0,
    0x0, 0x0, 0x0, 0x0, 0xb, 0xfa, 0xff, 0xff,
    0xff, 0x70, 0x0, 0x8, 0xff, 0xff, 0xff, 0xff,
    0xff, 0xff, 0xe0, 0x0, 0xf, 0xff, 0xff, 0xff,
    0xff, 0xff, 0xff, 0xff, 0xff, 0xff, 0xff, 0xff,
    0xff, 0xff, 0xff, 0xff, 0xff, 0xff, 0xff, 0xff,
    0xff, 0xff, 0xff, 0xff, 0xff, 0xff, 0xff, 0xff,
    0xff, 0xff, 0xff, 0x8f, 0xff, 0xff, 0xff, 0xff,
    0xff, 0xff, 0xff, 0xf8,

    /* U+F01E "" */
    0x0, 0x0, 0x16, 0xbd, 0xca, 0x60, 0x3, 0xff,
    0x0, 0x5, 0xef, 0xff, 0xff, 0xfe, 0x52, 0xff,
    0x0, 0x7f, 0xfe, 0x97, 0x7a, 0xff, 0xf9, 0xff,
    0x5, 0xff, 0xa1, 0x0, 0x0, 0x1b, 0xff, 0xff,
    0xe, 0xfb, 0x0, 0x0, 0x2, 0x22, 0xdf, 0xff,
    0x5f, 0xf1, 0x0, 0x0, 0xf, 0xff, 0xff, 0xff,
    0x9f, 0xb0, 0x0, 0x0, 0xf, 0xff, 0xff, 0xff,
    0xbf, 0x80, 0x0, 0x0, 0x0, 0x0, 0x0, 0x0,
    0xbf, 0x80, 0x0, 0x0, 0x0, 0x0, 0x0, 0x0,
    0x9f, 0xb0, 0x0, 0x0, 0x0, 0x0, 0x0, 0x0,
    0x5f, 0xf1, 0x0, 0x0, 0x0, 0x0, 0x0, 0x0,
    0xe, 0xfb, 0x0, 0x0, 0x0, 0x0, 0x0, 0x0,
    0x5, 0xff, 0xa1, 0x0, 0x0, 0x1a, 0x60, 0x0,
    0x0, 0x8f, 0xfe, 0x96, 0x69, 0xff, 0xf2, 0x0,
    0x0, 0x6, 0xff, 0xff, 0xff, 0xfe, 0x50, 0x0,
    0x0, 0x0, 0x16, 0xbd, 0xdb, 0x60, 0x0, 0x0,

    /* U+F021 "" */
    0x0, 0x0, 0x6, 0xbd, 0xca, 0x60, 0x2, 0xff,
    0x0, 0x5, 0xef, 0xff, 0xff, 0xfe, 0x52, 0xff,
    0x0, 0x7f, 0xff, 0x96, 0x7a, 0xff, 0xf9, 0xff,
    0x5, 0xff, 0xb1, 0x0, 0x0, 0x1b, 0xff, 0xff,
    0xe, 0xfb, 0x0, 0x0, 0x2, 0x22, 0xdf, 0xff,
    0x5f, 0xf1, 0x0, 0x0, 0xf, 0xff, 0xff, 0xff,
    0x8f, 0xb0, 0x0, 0x0, 0xf, 0xff, 0xff, 0xff,
    0x0, 0x0, 0x0, 0x0, 0x0, 0x0, 0x0, 0x0,
    0x0, 0x0, 0x0, 0x0, 0x0, 0x0, 0x0, 0x0,
    0xff, 0xff, 0xff, 0xf0, 0x0, 0x0, 0xb, 0xf8,
    0xff, 0xff, 0xff, 0xf0, 0x0, 0x0, 0x1f, 0xf4,
    0xff, 0xfd, 0x22, 0x20, 0x0, 0x0, 0xbf, 0xe0,
    0xff, 0xff, 0xb1, 0x0, 0x0, 0x1b, 0xff, 0x40,
    0xff, 0x9f, 0xff, 0xa7, 0x69, 0xff, 0xf7, 0x0,
    0xff, 0x26, 0xef, 0xff, 0xff, 0xfe, 0x50, 0x0,
    0xff, 0x20, 0x16, 0xbc, 0xdb, 0x60, 0x0, 0x0,

    /* U+F022 "" */
    0x8f, 0xff, 0xff, 0xff, 0xff, 0xff, 0xff, 0xf8,
    0xff, 0xff, 0xff, 0xff, 0xff, 0xff, 0xff, 0xff,
    0xff, 0xfe, 0xef, 0xff, 0xff, 0xff, 0xff, 0xff,
    0xff, 0xe0, 0xe, 0x22, 0x22, 0x22, 0x2f, 0xff,
    0xff, 0xe0, 0xe, 0x22, 0x22, 0x22, 0x2f, 0xff,
    0xff, 0xfc, 0xcf, 0xff, 0xff, 0xff, 0xff, 0xff,
    0xff, 0xe0, 0xe, 0x22, 0x22, 0x22, 0x2f, 0xff,
    0xff, 0xe0, 0xe, 0x22, 0x22, 0x22, 0x2f, 0xff,
    0xff, 0xfc, 0xcf, 0xff, 0xff, 0xff, 0xff, 0xff,
    0xff, 0xe0, 0xe, 0x22, 0x22, 0x22, 0x2f, 0xff,
    0xff, 0xe0, 0xe, 0x22, 0x22, 0x22, 0x2f, 0xff,
    0xff, 0xfe, 0xef, 0xff, 0xff, 0xff, 0xff, 0xff,
    0xff, 0xff, 0xff, 0xff, 0xff, 0xff, 0xff, 0xff,
    0x8f, 0xff, 0xff, 0xff, 0xff, 0xff, 0xff, 0xf8,

    /* U+F023 "" */
    0x0, 0x0, 0x4b, 0xff, 0xb4, 0x0, 0x0, 0x0,
    0x6, 0xff, 0xff, 0xff, 0x60, 0x0, 0x0, 0x2f,
    0xff, 0x99, 0xff, 0xf2, 0x0, 0x0, 0x9f, 0xf3,
    0x0, 0x3f, 0xf9, 0x0, 0x0, 0xbf, 0xc0, 0x0,
    0xc, 0xfb, 0x0, 0x0, 0xcf, 0xc0, 0x0, 0xc,
    0xfc, 0x0, 0x0, 0xcf, 0xc0, 0x0, 0xc, 0xfc,
    0x0, 0x8f, 0xff, 0xff, 0xff, 0xff, 0xff, 0xf8,
    0xff, 0xff, 0xff, 0xff, 0xff, 0xff, 0xff, 0xff,
    0xff, 0xff, 0xff, 0xff, 0xff, 0xff, 0xff, 0xff,
    0xff, 0xff, 0xff, 0xff, 0xff, 0xff, 0xff, 0xff,
    0xff, 0xff, 0xff, 0xff, 0xff, 0xff, 0xff, 0xff,
    0xff, 0xff, 0xff, 0xff, 0xff, 0xff, 0xff, 0xff,
    0xff, 0xff, 0xff, 0xff, 0xff, 0xff, 0xff, 0xff,
    0xff, 0x8f, 0xff, 0xff, 0xff, 0xff, 0xff, 0xf8,

    /* U+F024 "" */
    0x0, 0x0, 0x0, 0x0, 0x0, 0x0, 0x0, 0x0,
    0x3e, 0xe3, 0x0, 0x0, 0x0, 0x0, 0x0, 0x0,
    0xbf, 0xfb, 0x0, 0x0, 0x0, 0x0, 0x0, 0x0,
    0x8f, 0xfe, 0xdf, 0xeb, 0x72, 0x0, 0x27, 0xdc,
    0xf, 0xff, 0xff, 0xff, 0xff, 0xff, 0xff, 0xff,
    0xf, 0xff, 0xff, 0xff, 0xff, 0xff, 0xff, 0xff,
    0xf, 0xff, 0xff, 0xff, 0xff, 0xff, 0xff, 0xff,
    0xf, 0xff, 0xff, 0xff, 0xff, 0xff, 0xff, 0xff,
    0xf, 0xff, 0xff, 0xff, 0xff, 0xff, 0xff, 0xff,
    0xf, 0xff, 0xff, 0xff, 0xff, 0xff, 0xff, 0xff,
    0xf, 0xff, 0xff, 0xff, 0xff, 0xff, 0xff, 0xff,
    0xf, 0xff, 0xff, 0xff, 0xff, 0xff, 0xff, 0xff,
    0xf, 0xff, 0xdb, 0x9b, 0xff, 0xff, 0xff, 0xf6,
    0xf, 0xf2, 0x0, 0x0, 0x4, 0x8a, 0x96, 0x10,
    0xf, 0xf0, 0x0, 0x0, 0x0, 0x0, 0x0, 0x0,
    0xf, 0xf0, 0x0, 0x0, 0x0, 0x0, 0x0, 0x0,
    0xd, 0xd0, 0x0, 0x0, 0x0, 0x0, 0x0, 0x0,

    /* U+F025 "" */
    0x0, 0x0, 0x39, 0xdf, 0xfd, 0x93, 0x0, 0x0,
    0x0, 0x9, 0xff, 0xff, 0xff, 0xff, 0x90, 0x0,
    0x0, 0xbf, 0xf9, 0x30, 0x3, 0x9f, 0xfb, 0x0,
    0x9, 0xfe, 0x30, 0x0, 0x0, 0x3, 0xef, 0x90,
    0x3f, 0xf3, 0x0, 0x0, 0x0, 0x0, 0x3f, 0xf3,
    0x9f, 0x90, 0x0, 0x0, 0x0, 0x0, 0x9, 0xf9,
    0xdf, 0x30, 0x0, 0x0, 0x0, 0x0, 0x3, 0xfd,
    0xff, 0x6d, 0xfd, 0x0, 0x0, 0xdf, 0xd6, 0xff,
    0xff, 0xff, 0xff, 0x0, 0x0, 0xff, 0xff, 0xff,
    0xff, 0xff, 0xff, 0x0, 0x0, 0xff, 0xff, 0xff,
    0x5f, 0xff, 0xff, 0x0, 0x0, 0xff, 0xff, 0xf5,
    0xc, 0xff, 0xff, 0x0, 0x0, 0xff, 0xff, 0xc0,
    0x4, 0xff, 0xff, 0x0, 0x0, 0xff, 0xff, 0x40,
    0x0, 0x4c, 0xfd, 0x0, 0x0, 0xdf, 0xc4, 0x0,

    /* U+F026 "" */
    0x0, 0x0, 0x0, 0x0, 0x0, 0x0, 0x0, 0x8d,
    0x0, 0x0, 0x8, 0xff, 0x0, 0x0, 0x8f, 0xff,
    0xdf, 0xff, 0xff, 0xff, 0xff, 0xff, 0xff, 0xff,
    0xff, 0xff, 0xff, 0xff, 0xff, 0xff, 0xff, 0xff,
    0xff, 0xff, 0xff, 0xff, 0xdf, 0xff, 0xff, 0xff,
    0x0, 0x0, 0x9f, 0xff, 0x0, 0x0, 0x9, 0xff,
    0x0, 0x0, 0x0, 0x8d, 0x0, 0x0, 0x0, 0x0,

    /* U+F027 "" */
    0x0, 0x0, 0x0, 0x0, 0x0, 0x0, 0x0, 0x0,
    0x0, 0x8d, 0x0, 0x0, 0x0, 0x0, 0x8, 0xff,
    0x0, 0x0, 0x0, 0x0, 0x8f, 0xff, 0x0, 0x0,
    0xcf, 0xff, 0xff, 0xff, 0x1, 0x50, 0xff, 0xff,
    0xff, 0xff, 0x6, 0xf7, 0xff, 0xff, 0xff, 0xff,
    0x0, 0xbe, 0xff, 0xff, 0xff, 0xff, 0x0, 0xae,
    0xff, 0xff, 0xff, 0xff, 0x5, 0xf8, 0xdf, 0xff,
    0xff, 0xff, 0x2, 0x60, 0x0, 0x0, 0x9f, 0xff,
    0x0, 0x0, 0x0, 0x0, 0x9, 0xff, 0x0, 0x0,
    0x0, 0x0, 0x0, 0x9e, 0x0, 0x0, 0x0, 0x0,
    0x0, 0x0, 0x0, 0x0,

    /* U+F028 "" */
    0x0, 0x0, 0x0, 0x0, 0x0, 0x0, 0x6, 0x10,
    0x0, 0x0, 0x0, 0x0, 0x0, 0x0, 0x0, 0x1f,
    0xd2, 0x0, 0x0, 0x0, 0x0, 0x8d, 0x0, 0x0,
    0x3, 0xee, 0x10, 0x0, 0x0, 0x8, 0xff, 0x0,
    0xa, 0xb1, 0x2f, 0xb0, 0x0, 0x0, 0x8f, 0xff,
    0x0, 0x5, 0xfc, 0x7, 0xf4, 0xdf, 0xff, 0xff,
    0xff, 0x2, 0x50, 0x5f, 0x60, 0xf9, 0xff, 0xff,
    0xff, 0xff, 0x6, 0xf7, 0xc, 0xc0, 0xbd, 0xff,
    0xff, 0xff, 0xff, 0x0, 0xae, 0x9, 0xf0, 0x9f,
    0xff, 0xff, 0xff, 0xff, 0x0, 0xae, 0x9, 0xe0,
    0x9f, 0xff, 0xff, 0xff, 0xff, 0x6, 0xf7, 0xc,
    0xc0, 0xbd, 0xdf, 0xff, 0xff, 0xff, 0x2, 0x50,
    0x5f, 0x60, 0xf9, 0x0, 0x0, 0x9f, 0xff, 0x0,
    0x5, 0xfc, 0x7, 0xf4, 0x0, 0x0, 0x9, 0xff,
    0x0, 0xa, 0xb1, 0x2f, 0xb0, 0x0, 0x0, 0x0,
    0x8d, 0x0, 0x0, 0x3, 0xee, 0x10, 0x0, 0x0,
    0x0, 0x0, 0x0, 0x0, 0x1f, 0xd2, 0x0, 0x0,
    0x0, 0x0, 0x0, 0x0, 0x0, 0x6, 0x10, 0x0,

    /* U+F029 "" */
    0xff, 0xff, 0xff, 0x0, 0xff, 0xff, 0xff, 0xff,
    0xff, 0xff, 0x0, 0xff, 0xff, 0xff, 0xff, 0x0,
    0xff, 0x0, 0xff, 0x0, 0xff, 0xff, 0x0, 0xff,
    0x0, 0xff, 0x0, 0xff, 0xff, 0xff, 0xff, 0x0,
    0xff, 0xff, 0xff, 0xff, 0xff, 0xff, 0x0, 0xff,
    0xff, 0xff, 0x0, 0x0, 0x0, 0x0, 0x0, 0x0,
    0x0, 0x0, 0x0, 0x0, 0x0, 0x0, 0x0, 0x0,
    0xff, 0xff, 0xff, 0x0, 0xff, 0xf0, 0xf, 0xff,
    0xff, 0xff, 0x0, 0xff, 0xff, 0xff, 0xff, 0x0,
    0xff, 0x0, 0xff, 0xff, 0xff, 0xff, 0x0, 0xff,
    0x0, 0xff, 0xf, 0xff, 0xff, 0xff, 0xff, 0x0,
    0xff, 0x0, 0x0, 0xff, 0xff, 0xff, 0x0, 0xff,
    0xf, 0xf,

    /* U+F02A "" */
    0xb6, 0x4, 0x94, 0x82, 0x98, 0x98, 0xa3, 0xbb,
    0x2b, 0x60, 0x49, 0x48, 0x29, 0x89, 0x8a, 0x3b,
    0xb2, 0xb6, 0x4, 0x94, 0x82, 0x98, 0x98, 0xa3,
    0xbb, 0x2b, 0x60, 0x49, 0x48, 0x29, 0x89, 0x8a,
    0x3b, 0xb2, 0xb6, 0x4, 0x94, 0x82, 0x98, 0x98,
    0xa3, 0xbb, 0x2b, 0x60, 0x49, 0x48, 0x29, 0x89,
    0x8a, 0x3b, 0xb2, 0xb6, 0x4, 0x94, 0x82, 0x98,
    0x98, 0xa3, 0xbb, 0x2b, 0x60, 0x49, 0x48, 0x29,
    0x89, 0x8a, 0x3b, 0xb2, 0xb6, 0x4, 0x94, 0x82,
    0x98, 0x98, 0xa3, 0xbb, 0x2b, 0x60, 0x49, 0x48,
    0x29, 0x89, 0x8a, 0x3b, 0xb2, 0xb6, 0x4, 0x94,
    0x82, 0x98, 0x98, 0xa3, 0xbb, 0x2b, 0x60, 0x49,
    0x48, 0x29, 0x89, 0x8a, 0x3b, 0xb2,

    /* U+F02B "" */
    0x8f, 0xff, 0xff, 0xff, 0xc1, 0x0, 0x0, 0x0,
    0xff, 0xff, 0xff, 0xff, 0xfd, 0x10, 0x0, 0x0,
    0xff, 0x70, 0x7f, 0xff, 0xff, 0xd1, 0x0, 0x0,
    0xff, 0x0, 0xf, 0xff, 0xff, 0xfd, 0x10, 0x0,
    0xff, 0x70, 0x7f, 0xff, 0xff, 0xff, 0xd1, 0x0,
    0xff, 0xff, 0xff, 0xff, 0xff, 0xff, 0xfd, 0x10,
    0xff, 0xff, 0xff, 0xff, 0xff, 0xff, 0xff, 0xd1,
    0xff, 0xff, 0xff, 0xff, 0xff, 0xff, 0xff, 0xfc,
    0xcf, 0xff, 0xff, 0xff, 0xff, 0xff, 0xff, 0xfe,
    0x2e, 0xff, 0xff, 0xff, 0xff, 0xff, 0xff, 0xf4,
    0x2, 0xef, 0xff, 0xff, 0xff, 0xff, 0xff, 0x40,
    0x0, 0x2e, 0xff, 0xff, 0xff, 0xff, 0xf4, 0x0,
    0x0, 0x2, 0xef, 0xff, 0xff, 0xff, 0x40, 0x0,
    0x0, 0x0, 0x2e, 0xff, 0xff, 0xf4, 0x0, 0x0,
    0x0, 0x0, 0x2, 0xef, 0xff, 0x40, 0x0, 0x0,
    0x0, 0x0, 0x0, 0x2c, 0xe4, 0x0, 0x0, 0x0,

    /* U+F02C "" */
    0x8f, 0xff, 0xff, 0xff, 0xc1, 0x3f, 0xc1, 0x0,
    0x0, 0x0, 0xff, 0xff, 0xff, 0xff, 0xfd, 0x13,
    0xfd, 0x10, 0x0, 0x0, 0xff, 0x70, 0x7f, 0xff,
    0xff, 0xd1, 0x3e, 0xd1, 0x0, 0x0, 0xff, 0x0,
    0xf, 0xff, 0xff, 0xfd, 0x13, 0xed, 0x10, 0x0,
    0xff, 0x70, 0x7f, 0xff, 0xff, 0xff, 0xd1, 0x3e,
    0xd1, 0x0, 0xff, 0xff, 0xff, 0xff, 0xff, 0xff,
    0xfd, 0x13, 0xed, 0x10, 0xff, 0xff, 0xff, 0xff,
    0xff, 0xff, 0xff, 0xd1, 0x4f, 0xd1, 0xff, 0xff,
    0xff, 0xff, 0xff, 0xff, 0xff, 0xfc, 0xc, 0xfc,
    0xcf, 0xff, 0xff, 0xff, 0xff, 0xff, 0xff, 0xfe,
    0xc, 0xfe, 0x2e, 0xff, 0xff, 0xff, 0xff, 0xff,
    0xff, 0xf4, 0x2f, 0xf4, 0x2, 0xef, 0xff, 0xff,
    0xff, 0xff, 0xff, 0x41, 0xcf, 0x40, 0x0, 0x2e,
    0xff, 0xff, 0xff, 0xff, 0xf4, 0x1c, 0xf4, 0x0,
    0x0, 0x2, 0xef, 0xff, 0xff, 0xff, 0x41, 0xcf,
    0x40, 0x0, 0x0, 0x0, 0x2e, 0xff, 0xff, 0xf4,
    0x1c, 0xf4, 0x0, 0x0, 0x0, 0x0, 0x2, 0xef,
    0xff, 0x41, 0xcf, 0x40, 0x0, 0x0, 0x0, 0x0,
    0x0, 0x2c, 0xe4, 0x9, 0xe4, 0x0, 0x0, 0x0,

    /* U+F02D "" */
    0x8, 0xef, 0xff, 0xff, 0xff, 0xff, 0xfd, 0x8f,
    0xff, 0xff, 0xff, 0xff, 0xff, 0xff, 0xef, 0xff,
    0xff, 0xff, 0xff, 0xff, 0xff, 0xff, 0xff, 0xff,
    0xff, 0xff, 0xff, 0xff, 0xff, 0xff, 0x0, 0x0,
    0x0, 0xf, 0xff, 0xff, 0xff, 0xff, 0xff, 0xff,
    0xff, 0xff, 0xff, 0xff, 0x0, 0x0, 0x0, 0xf,
    0xff, 0xff, 0xff, 0xff, 0xff, 0xff, 0xff, 0xff,
    0xff, 0xff, 0xff, 0xff, 0xff, 0xff, 0xff, 0xff,
    0xff, 0xff, 0xff, 0xff, 0xff, 0xff, 0xff, 0xff,
    0xff, 0xff, 0xff, 0xff, 0xff, 0xff, 0xff, 0xff,
    0xff, 0xff, 0xff, 0xfe, 0xff, 0x30, 0x0, 0x0,
    0x0, 0x1, 0xfa, 0xef, 0x30, 0x0, 0x0, 0x0,
    0x1, 0xfa, 0x8f, 0xff, 0xff, 0xff, 0xff, 0xff,
    0xfe, 0x8, 0xef, 0xff, 0xff, 0xff, 0xff, 0xfd,

    /* U+F02E "" */
    0x8f, 0xff, 0xff, 0xff, 0xff, 0xf8, 0xff, 0xff,
    0xff, 0xff, 0xff, 0xff, 0xff, 0xff, 0xff, 0xff,
    0xff, 0xff, 0xff, 0xff, 0xff, 0xff, 0xff, 0xff,
    0xff, 0xff, 0xff, 0xff, 0xff, 0xff, 0xff, 0xff,
    0xff, 0xff, 0xff, 0xff, 0xff, 0xff, 0xff, 0xff,
    0xff, 0xff, 0xff, 0xff, 0xff, 0xff, 0xff, 0xff,
    0xff, 0xff, 0xff, 0xff, 0xff, 0xff, 0xff, 0xff,
    0xff, 0xff, 0xff, 0xff, 0xff, 0xff, 0xff, 0xff,
    0xff, 0xff, 0xff, 0xff, 0xff, 0xff, 0xff, 0xff,
    0xff, 0xff, 0xfc, 0xcf, 0xff, 0xff, 0xff, 0xfe,
    0x60, 0x6, 0xef, 0xff, 0xff, 0x80, 0x0, 0x0,
    0x8, 0xff, 0xb2, 0x0, 0x0, 0x0, 0x0, 0x2b,

    /* U+F02F "" */
    0x0, 0xcf, 0xff, 0xff, 0xff, 0xff, 0x70, 0x0,
    0x0, 0xff, 0xff, 0xff, 0xff, 0xff, 0xf7, 0x0,
    0x0, 0xff, 0x0, 0x0, 0x0, 0xff, 0xff, 0x0,
    0x0, 0xff, 0x0, 0x0, 0x0, 0xef, 0xff, 0x0,
    0x0, 0xff, 0x0, 0x0, 0x0, 0x0, 0xff, 0x0,
    0x0, 0xff, 0x0, 0x0, 0x0, 0x0, 0xff, 0x0,
    0x4e, 0xff, 0x0, 0x0, 0x0, 0x0, 0xff, 0xe4,
    0xef, 0xff, 0xff, 0xff, 0xff, 0xff, 0xfd, 0xfe,
    0xff, 0xff, 0xff, 0xff, 0xff, 0xff, 0xd0, 0xdf,
    0xff, 0xff, 0xff, 0xff, 0xff, 0xff, 0xfd, 0xff,
    0xff, 0xff, 0xff, 0xff, 0xff, 0xff, 0xff, 0xff,
    0xef, 0xff, 0x0, 0x0, 0x0, 0x0, 0xff, 0xfe,
    0x0, 0xff, 0x0, 0x0, 0x0, 0x0, 0xff, 0x0,
    0x0, 0xff, 0x0, 0x0, 0x0, 0x0, 0xff, 0x0,
    0x0, 0xff, 0xff, 0xff, 0xff, 0xff, 0xff, 0x0,
    0x0, 0xcf, 0xff, 0xff, 0xff, 0xff, 0xfc, 0x0,

    /* U+F030 "" */
    0x0, 0x0, 0x1d, 0xff, 0xff, 0xd1, 0x0, 0x0,
    0x0, 0x0, 0x9f, 0xff, 0xff, 0xf9, 0x0, 0x0,
    0x8f, 0xff, 0xff, 0xff, 0xff, 0xff, 0xff, 0xf8,
    0xff, 0xff, 0xff, 0xff, 0xff, 0xff, 0xff, 0xff,
    0xff, 0xff, 0xff, 0x94, 0x49, 0xff, 0xff, 0xff,
    0xff, 0xff, 0xf4, 0x28, 0x82, 0x4f, 0xff, 0xff,
    0xff, 0xff, 0x93, 0xff, 0xff, 0x29, 0xff, 0xff,
    0xff, 0xff, 0x4a, 0xff, 0xff, 0x94, 0xff, 0xff,
    0xff, 0xff, 0x4b, 0xff, 0xff, 0xa4, 0xff, 0xff,
    0xff, 0xff, 0x95, 0xff, 0xff, 0x49, 0xff, 0xff,
    0xff, 0xff, 0xf4, 0x5c, 0xc5, 0x4f, 0xff, 0xff,
    0xff, 0xff, 0xff, 0x94, 0x49, 0xff, 0xff, 0xff,
    0xff, 0xff, 0xff, 0xff, 0xff, 0xff, 0xff, 0xff,
    0x8f, 0xff, 0xff, 0xff, 0xff, 0xff, 0xff, 0xf8,

    /* U+F031 "" */
    0x0, 0x0, 0x8, 0xff, 0x80, 0x0, 0x0, 0x0,
    0x0, 0xf, 0xff, 0xf0, 0x0, 0x0, 0x0, 0x0,
    0x5f, 0xff, 0xf5, 0x0, 0x0, 0x0, 0x0, 0xbf,
    0xff, 0xfb, 0x0, 0x0, 0x0, 0x1, 0xff, 0x9a,
    0xff, 0x10, 0x0, 0x0, 0x6, 0xff, 0x44, 0xff,
    0x60, 0x0, 0x0, 0xc, 0xfe, 0x0, 0xef, 0xc0,
    0x0, 0x0, 0x2f, 0xfc, 0x88, 0xcf, 0xf2, 0x0,
    0x0, 0x8f, 0xff, 0xff, 0xff, 0xf8, 0x0, 0x0,
    0xdf, 0xff, 0xff, 0xff, 0xfd, 0x0, 0x3, 0xff,
    0x60, 0x0, 0x7, 0xff, 0x30, 0x9, 0xff, 0x10,
    0x0, 0x1, 0xff, 0x90, 0xef, 0xff, 0xe0, 0x0,
    0xe, 0xff, 0xfe, 0xef, 0xff, 0xe0, 0x0, 0xe,
    0xff, 0xfe,

    /* U+F032 "" */
    0x5f, 0xff, 0xff, 0xff, 0xc4, 0x0, 0x7, 0xff,
    0xff, 0xff, 0xff, 0xf5, 0x0, 0x27, 0xff, 0xc8,
    0x88, 0xff, 0xe0, 0x0, 0xf, 0xf9, 0x0, 0x5,
    0xff, 0x30, 0x0, 0xff, 0x90, 0x0, 0x5f, 0xf3,
    0x0, 0xf, 0xfc, 0x88, 0x8e, 0xfe, 0x0, 0x0,
    0xff, 0xff, 0xff, 0xff, 0x90, 0x0, 0xf, 0xff,
    0xff, 0xff, 0xff, 0x50, 0x0, 0xff, 0x90, 0x0,
    0x9f, 0xfc, 0x0, 0xf, 0xf9, 0x0, 0x0, 0xff,
    0xf0, 0x0, 0xff, 0x90, 0x0, 0x3f, 0xfe, 0x2,
    0x7f, 0xfc, 0x88, 0x8e, 0xff, 0x90, 0x7f, 0xff,
    0xff, 0xff, 0xff, 0xd1, 0x5, 0xff, 0xff, 0xff,
    0xfe, 0x91, 0x0,

    /* U+F033 "" */
    0x0, 0xe, 0xff, 0xff, 0xfe, 0x0, 0xe, 0xff,
    0xff, 0xfe, 0x0, 0x0, 0x2f, 0xf6, 0x0, 0x0,
    0x0, 0x6f, 0xf2, 0x0, 0x0, 0x0, 0xaf, 0xe0,
    0x0, 0x0, 0x0, 0xef, 0xa0, 0x0, 0x0, 0x2,
    0xff, 0x60, 0x0, 0x0, 0x6, 0xff, 0x20, 0x0,
    0x0, 0xa, 0xfe, 0x0, 0x0, 0x0, 0xe, 0xfa,
    0x0, 0x0, 0x0, 0x2f, 0xf6, 0x0, 0x0, 0x0,
    0x6f, 0xf2, 0x0, 0x0, 0xef, 0xff, 0xff, 0xe0,
    0x0, 0xef, 0xff, 0xff, 0xe0, 0x0,

    /* U+F034 "" */
    0xef, 0xff, 0xff, 0xff, 0xfe, 0x0, 0x0, 0xaa,
    0x0, 0xf, 0xff, 0xff, 0xff, 0xff, 0xf0, 0x0,
    0xaf, 0xfa, 0x0, 0xff, 0x88, 0xff, 0xb8, 0xff,
    0x0, 0xaf, 0xff, 0xfa, 0xe, 0xe0, 0x1f, 0xf6,
    0xe, 0xe0, 0x7, 0x8f, 0xf8, 0x70, 0x0, 0x1,
    0xff, 0x60, 0x0, 0x0, 0x0, 0xff, 0x0, 0x0,
    0x0, 0x1f, 0xf6, 0x0, 0x0, 0x0, 0xf, 0xf0,
    0x0, 0x0, 0x1, 0xff, 0x60, 0x0, 0x0, 0x0,
    0xff, 0x0, 0x0, 0x0, 0x1f, 0xf6, 0x0, 0x0,
    0x0, 0xf, 0xf0, 0x0, 0x0, 0x1, 0xff, 0x60,
    0x0, 0x0, 0x0, 0xff, 0x0, 0x0, 0x0, 0x1f,
    0xf6, 0x0, 0x0, 0x0, 0xf, 0xf0, 0x0, 0x0,
    0x1, 0xff, 0x60, 0x0, 0x0, 0x78, 0xff, 0x87,
    0x0, 0x0, 0x1f, 0xf6, 0x0, 0x0, 0xa, 0xff,
    0xff, 0xa0, 0x0, 0xcf, 0xff, 0xff, 0x10, 0x0,
    0xa, 0xff, 0xa0, 0x0, 0xc, 0xff, 0xff, 0xf1,
    0x0, 0x0, 0xa, 0xa0, 0x0,

    /* U+F035 "" */
    0xef, 0xff, 0xff, 0xff, 0xff, 0xff, 0xfe, 0xff,
    0xff, 0xff, 0xff, 0xff, 0xff, 0xff, 0xff, 0x88,
    0x8b, 0xff, 0x88, 0x88, 0xff, 0x66, 0x0, 0x7,
    0xff, 0x0, 0x0, 0x66, 0x0, 0x0, 0x7, 0xff,
    0x0, 0x0, 0x0, 0x0, 0x0, 0x7, 0xff, 0x0,
    0x0, 0x0, 0x0, 0x0, 0xaf, 0xff, 0xf3, 0x0,
    0x0, 0x0, 0x0, 0xaf, 0xff, 0xf3, 0x0, 0x0,
    0x0, 0xb5, 0x0, 0x0, 0x0, 0x99, 0x0, 0xb,
    0xf6, 0x0, 0x0, 0x0, 0xaf, 0xa0, 0xaf, 0xff,
    0xff, 0xff, 0xff, 0xff, 0xfa, 0xaf, 0xff, 0xff,
    0xff, 0xff, 0xff, 0xfa, 0xb, 0xf6, 0x0, 0x0,
    0x0, 0xaf, 0xa0, 0x0, 0xb5, 0x0, 0x0, 0x0,
    0x99, 0x0, 0x0, 0x0, 0x0, 0x0, 0x0, 0x0,
    0x0,

    /* U+F036 "" */
    0xff, 0xff, 0xff, 0xff, 0xf0, 0x0, 0x0, 0xff,
    0xff, 0xff, 0xff, 0xf0, 0x0, 0x0, 0x0, 0x0,
    0x0, 0x0, 0x0, 0x0, 0x0, 0x0, 0x0, 0x0,
    0x0, 0x0, 0x0, 0x0, 0xef, 0xff, 0xff, 0xff,
    0xff, 0xff, 0xfe, 0xef, 0xff, 0xff, 0xff, 0xff,
    0xff, 0xfe, 0x0, 0x0, 0x0, 0x0, 0x0, 0x0,
    0x0, 0x0, 0x0, 0x0, 0x0, 0x0, 0x0, 0x0,
    0xff, 0xff, 0xff, 0xff, 0xf0, 0x0, 0x0, 0xff,
    0xff, 0xff, 0xff, 0xf0, 0x0, 0x0, 0x0, 0x0,
    0x0, 0x0, 0x0, 0x0, 0x0, 0x0, 0x0, 0x0,
    0x0, 0x0, 0x0, 0x0, 0xef, 0xff, 0xff, 0xff,
    0xff, 0xff, 0xfe, 0xef, 0xff, 0xff, 0xff, 0xff,
    0xff, 0xfe,

    /* U+F037 "" */
    0x0, 0xf, 0xff, 0xff, 0xff, 0xf0, 0x0, 0x0,
    0xf, 0xff, 0xff, 0xff, 0xf0, 0x0, 0x0, 0x0,
    0x0, 0x0, 0x0, 0x0, 0x0, 0x0, 0x0, 0x0,
    0x0, 0x0, 0x0, 0x0, 0xef, 0xff, 0xff, 0xff,
    0xff, 0xff, 0xfe, 0xef, 0xff, 0xff, 0xff, 0xff,
    0xff, 0xfe, 0x0, 0x0, 0x0, 0x0, 0x0, 0x0,
    0x0, 0x0, 0x0, 0x0, 0x0, 0x0, 0x0, 0x0,
    0x0, 0xf, 0xff, 0xff, 0xff, 0xf0, 0x0, 0x0,
    0xf, 0xff, 0xff, 0xff, 0xf0, 0x0, 0x0, 0x0,
    0x0, 0x0, 0x0, 0x0, 0x0, 0x0, 0x0, 0x0,
    0x0, 0x0, 0x0, 0x0, 0xef, 0xff, 0xff, 0xff,
    0xff, 0xff, 0xfe, 0xef, 0xff, 0xff, 0xff, 0xff,
    0xff, 0xfe,

    /* U+F038 "" */
    0x0, 0x0, 0xf, 0xff, 0xff, 0xff, 0xff, 0x0,
    0x0, 0xf, 0xff, 0xff, 0xff, 0xff, 0x0, 0x0,
    0x0, 0x0, 0x0, 0x0, 0x0, 0x0, 0x0, 0x0,
    0x0, 0x0, 0x0, 0x0, 0xef, 0xff, 0xff, 0xff,
    0xff, 0xff, 0xfe, 0xef, 0xff, 0xff, 0xff, 0xff,
    0xff, 0xfe, 0x0, 0x0, 0x0, 0x0, 0x0, 0x0,
    0x0, 0x0, 0x0, 0x0, 0x0, 0x0, 0x0, 0x0,
    0x0, 0x0, 0xf, 0xff, 0xff, 0xff, 0xff, 0x0,
    0x0, 0xf, 0xff, 0xff, 0xff, 0xff, 0x0, 0x0,
    0x0, 0x0, 0x0, 0x0, 0x0, 0x0, 0x0, 0x0,
    0x0, 0x0, 0x0, 0x0, 0xef, 0xff, 0xff, 0xff,
    0xff, 0xff, 0xfe, 0xef, 0xff, 0xff, 0xff, 0xff,
    0xff, 0xfe,

    /* U+F039 "" */
    0xef, 0xff, 0xff, 0xff, 0xff, 0xff, 0xfe, 0xef,
    0xff, 0xff, 0xff, 0xff, 0xff, 0xfe, 0x0, 0x0,
    0x0, 0x0, 0x0, 0x0, 0x0, 0x0, 0x0, 0x0,
    0x0, 0x0, 0x0, 0x0, 0xef, 0xff, 0xff, 0xff,
    0xff, 0xff, 0xfe, 0xef, 0xff, 0xff, 0xff, 0xff,
    0xff, 0xfe, 0x0, 0x0, 0x0, 0x0, 0x0, 0x0,
    0x0, 0x0, 0x0, 0x0, 0x0, 0x0, 0x0, 0x0,
    0xef, 0xff, 0xff, 0xff, 0xff, 0xff, 0xfe, 0xef,
    0xff, 0xff, 0xff, 0xff, 0xff, 0xfe, 0x0, 0x0,
    0x0, 0x0, 0x0, 0x0, 0x0, 0x0, 0x0, 0x0,
    0x0, 0x0, 0x0, 0x0, 0xef, 0xff, 0xff, 0xff,
    0xff, 0xff, 0xfe, 0xef, 0xff, 0xff, 0xff, 0xff,
    0xff, 0xfe,

    /* U+F03A "" */
    0x68, 0x60, 0x0, 0x0, 0x0, 0x0, 0x0, 0x0,
    0xff, 0xf0, 0xe, 0xff, 0xff, 0xff, 0xff, 0xfe,
    0xff, 0xf0, 0xe, 0xff, 0xff, 0xff, 0xff, 0xfe,
    0x68, 0x60, 0x0, 0x0, 0x0, 0x0, 0x0, 0x0,
    0x0, 0x0, 0x0, 0x0, 0x0, 0x0, 0x0, 0x0,
    0x68, 0x60, 0x0, 0x0, 0x0, 0x0, 0x0, 0x0,
    0xff, 0xf0, 0xe, 0xff, 0xff, 0xff, 0xff, 0xfe,
    0xff, 0xf0, 0xe, 0xff, 0xff, 0xff, 0xff, 0xfe,
    0x68, 0x60, 0x0, 0x0, 0x0, 0x0, 0x0, 0x0,
    0x0, 0x0, 0x0, 0x0, 0x0, 0x0, 0x0, 0x0,
    0x68, 0x60, 0x0, 0x0, 0x0, 0x0, 0x0, 0x0,
    0xff, 0xf0, 0xe, 0xff, 0xff, 0xff, 0xff, 0xfe,
    0xff, 0xf0, 0xe, 0xff, 0xff, 0xff, 0xff, 0xfe,
    0x68, 0x60, 0x0, 0x0, 0x0, 0x0, 0x0, 0x0,

    /* U+F03B "" */
    0xef, 0xff, 0xff, 0xff, 0xff, 0xff, 0xfe, 0xef,
    0xff, 0xff, 0xff, 0xff, 0xff, 0xfe, 0x0, 0x0,
    0x0, 0x0, 0x0, 0x0, 0x0, 0x0, 0x6, 0x0,
    0x0, 0x0, 0x0, 0x0, 0x0, 0xaf, 0x0, 0xff,
    0xff, 0xff, 0xff, 0xa, 0xff, 0x0, 0xff, 0xff,
    0xff, 0xff, 0xaf, 0xff, 0x0, 0x0, 0x0, 0x0,
    0x0, 0xaf, 0xff, 0x0, 0x0, 0x0, 0x0, 0x0,
    0xa, 0xff, 0x0, 0xff, 0xff, 0xff, 0xff, 0x0,
    0xaf, 0x0, 0xff, 0xff, 0xff, 0xff, 0x0, 0x6,
    0x0, 0x0, 0x0, 0x0, 0x0, 0x0, 0x0, 0x0,
    0x0, 0x0, 0x0, 0x0, 0xef, 0xff, 0xff, 0xff,
    0xff, 0xff, 0xfe, 0xef, 0xff, 0xff, 0xff, 0xff,
    0xff, 0xfe,

    /* U+F03C "" */
    0xef, 0xff, 0xff, 0xff, 0xff, 0xff, 0xfe, 0xef,
    0xff, 0xff, 0xff, 0xff, 0xff, 0xfe, 0x0, 0x0,
    0x0, 0x0, 0x0, 0x0, 0x0, 0x60, 0x0, 0x0,
    0x0, 0x0, 0x0, 0x0, 0xfa, 0x0, 0x0, 0xff,
    0xff, 0xff, 0xff, 0xff, 0xa0, 0x0, 0xff, 0xff,
    0xff, 0xff, 0xff, 0xfa, 0x0, 0x0, 0x0, 0x0,
    0x0, 0xff, 0xfa, 0x0, 0x0, 0x0, 0x0, 0x0,
    0xff, 0xa0, 0x0, 0xff, 0xff, 0xff, 0xff, 0xfa,
    0x0, 0x0, 0xff, 0xff, 0xff, 0xff, 0x60, 0x0,
    0x0, 0x0, 0x0, 0x0, 0x0, 0x0, 0x0, 0x0,
    0x0, 0x0, 0x0, 0x0, 0xef, 0xff, 0xff, 0xff,
    0xff, 0xff, 0xfe, 0xef, 0xff, 0xff, 0xff, 0xff,
    0xff, 0xfe,

    /* U+F03D "" */
    0x8f, 0xff, 0xff, 0xff, 0xff, 0xf8, 0x0, 0x0,
    0x0, 0xff, 0xff, 0xff, 0xff, 0xff, 0xff, 0x0,
    0x3, 0xcc, 0xff, 0xff, 0xff, 0xff, 0xff, 0xff,
    0x0, 0x7f, 0xff, 0xff, 0xff, 0xff, 0xff, 0xff,
    0xff, 0xc, 0xff, 0xff, 0xff, 0xff, 0xff, 0xff,
    0xff, 0xff, 0xf, 0xff, 0xff, 0xff, 0xff, 0xff,
    0xff, 0xff, 0xff, 0xf, 0xff, 0xff, 0xff, 0xff,
    0xff, 0xff, 0xff, 0xff, 0xf, 0xff, 0xff, 0xff,
    0xff, 0xff, 0xff, 0xff, 0xff, 0xf, 0xff, 0xff,
    0xff, 0xff, 0xff, 0xff, 0xff, 0xff, 0xc, 0xff,
    0xff, 0xff, 0xff, 0xff, 0xff, 0xff, 0xff, 0x0,
    0x7f, 0xff, 0xff, 0xff, 0xff, 0xff, 0xff, 0xff,
    0x0, 0x3, 0xcc, 0x8f, 0xff, 0xff, 0xff, 0xff,
    0xf8, 0x0, 0x0, 0x0,

    /* U+F03E "" */
    0x8f, 0xff, 0xff, 0xff, 0xff, 0xff, 0xff, 0xf8,
    0xff, 0xfc, 0xff, 0xff, 0xff, 0xff, 0xff, 0xff,
    0xff, 0x20, 0x2f, 0xff, 0xff, 0xff, 0xff, 0xff,
    0xfc, 0x0, 0xc, 0xff, 0xff, 0xee, 0xff, 0xff,
    0xff, 0x20, 0x2f, 0xff, 0xfe, 0x12, 0xef, 0xff,
    0xff, 0xfc, 0xff, 0xff, 0xe1, 0x0, 0x2e, 0xff,
    0xff, 0xfe, 0x4e, 0xfe, 0x10, 0x0, 0x2, 0xff,
    0xff, 0xe1, 0x2, 0xc1, 0x0, 0x0, 0x0, 0xff,
    0xff, 0x10, 0x0, 0x0, 0x0, 0x0, 0x0, 0xff,
    0xff, 0x0, 0x0, 0x0, 0x0, 0x0, 0x0, 0xff,
    0xff, 0xff, 0xff, 0xff, 0xff, 0xff, 0xff, 0xff,
    0x8f, 0xff, 0xff, 0xff, 0xff, 0xff, 0xff, 0xf8,

    /* U+F041 "" */
    0x0, 0x7, 0xcf, 0xfc, 0x70, 0x0, 0x1, 0xdf,
    0xff, 0xff, 0xfd, 0x10, 0xd, 0xff, 0xff, 0xff,
    0xff, 0xd0, 0x7f, 0xff, 0xff, 0xff, 0xff, 0xf7,
    0xcf, 0xff, 0xff, 0xff, 0xff, 0xfc, 0xff, 0xff,
    0xff, 0xff, 0xff, 0xff, 0xff, 0xff, 0xff, 0xff,
    0xff, 0xff, 0xcf, 0xff, 0xff, 0xff, 0xff, 0xfc,
    0x6f, 0xff, 0xff, 0xff, 0xff, 0xf6, 0xd, 0xff,
    0xff, 0xff, 0xff, 0xd0, 0x3, 0xff, 0xff, 0xff,
    0xff, 0x30, 0x0, 0x8f, 0xff, 0xff, 0xf8, 0x0,
    0x0, 0xc, 0xff, 0xff, 0xc0, 0x0, 0x0, 0x2,
    0xff, 0xff, 0x20, 0x0, 0x0, 0x0, 0x7f, 0xf7,
    0x0, 0x0, 0x0, 0x0, 0xb, 0xb0, 0x0, 0x0,

    /* U+F042 "" */
    0x0, 0x0, 0x16, 0xbc, 0xdb, 0x61, 0x0, 0x0,
    0x0, 0x6, 0xef, 0xff, 0xff, 0xfe, 0x60, 0x0,
    0x0, 0x8f, 0xff, 0xff, 0x35, 0xbf, 0xf8, 0x0,
    0x5, 0xff, 0xff, 0xff, 0x0, 0x6, 0xff, 0x50,
    0xe, 0xff, 0xff, 0xff, 0x0, 0x0, 0x6f, 0xe0,
    0x5f, 0xff, 0xff, 0xff, 0x0, 0x0, 0xc, 0xf5,
    0x9f, 0xff, 0xff, 0xff, 0x0, 0x0, 0x7, 0xf9,
    0xbf, 0xff, 0xff, 0xff, 0x0, 0x0, 0x4, 0xfb,
    0xbf, 0xff, 0xff, 0xff, 0x0, 0x0, 0x4, 0xfb,
    0x9f, 0xff, 0xff, 0xff, 0x0, 0x0, 0x7, 0xf9,
    0x5f, 0xff, 0xff, 0xff, 0x0, 0x0, 0xc, 0xf5,
    0xe, 0xff, 0xff, 0xff, 0x0, 0x0, 0x6f, 0xe0,
    0x5, 0xff, 0xff, 0xff, 0x0, 0x6, 0xff, 0x50,
    0x0, 0x8f, 0xff, 0xff, 0x25, 0xbf, 0xf8, 0x0,
    0x0, 0x6, 0xef, 0xff, 0xff, 0xfe, 0x60, 0x0,
    0x0, 0x0, 0x16, 0xbd, 0xdb, 0x61, 0x0, 0x0,

    /* U+F043 "" */
    0x0, 0x0, 0x4e, 0x40, 0x0, 0x0, 0x0, 0xb,
    0xfb, 0x0, 0x0, 0x0, 0x1, 0xff, 0xf1, 0x0,
    0x0, 0x0, 0x9f, 0xff, 0x90, 0x0, 0x0, 0x2f,
    0xff, 0xff, 0x30, 0x0, 0xc, 0xff, 0xff, 0xfc,
    0x0, 0x7, 0xff, 0xff, 0xff, 0xf8, 0x2, 0xff,
    0xff, 0xff, 0xff, 0xf2, 0x9f, 0xff, 0xff, 0xff,
    0xff, 0x9e, 0xff, 0xff, 0xff, 0xff, 0xfe, 0xff,
    0x2f, 0xff, 0xff, 0xff, 0xfe, 0xf2, 0xbf, 0xff,
    0xff, 0xfe, 0x9f, 0xa1, 0xbf, 0xff, 0xff, 0x92,
    0xff, 0xa2, 0x2f, 0xff, 0xf2, 0x4, 0xff, 0xff,
    0xff, 0xf4, 0x0, 0x2, 0x9e, 0xfe, 0x92, 0x0,

    /* U+F044 "" */
    0x0, 0x0, 0x0, 0x0, 0x0, 0x0, 0x0, 0xae,
    0x40, 0x0, 0x0, 0x0, 0x0, 0x0, 0x0, 0xa,
    0xff, 0xf4, 0x8f, 0xff, 0xff, 0xff, 0xff, 0xa0,
    0x53, 0xef, 0xfe, 0xff, 0xff, 0xff, 0xff, 0xfc,
    0x1b, 0xf8, 0x3e, 0xfb, 0xff, 0x0, 0x0, 0x0,
    0x0, 0xbf, 0xff, 0x83, 0xa0, 0xff, 0x0, 0x0,
    0x0, 0xb, 0xff, 0xff, 0xf5, 0x0, 0xff, 0x0,
    0x0, 0x0, 0xbf, 0xff, 0xff, 0xb0, 0x0, 0xff,
    0x0, 0x0, 0xb, 0xff, 0xff, 0xfb, 0x0, 0x0,
    0xff, 0x0, 0x0, 0xbf, 0xff, 0xff, 0xb0, 0x0,
    0x0, 0xff, 0x0, 0x9, 0xff, 0xff, 0xfb, 0x1a,
    0x0, 0x0, 0xff, 0x0, 0xc, 0xff, 0xff, 0xb0,
    0xcf, 0x0, 0x0, 0xff, 0x0, 0xe, 0xff, 0xfb,
    0x0, 0xff, 0x0, 0x0, 0xff, 0x0, 0xd, 0xec,
    0x90, 0x0, 0xff, 0x0, 0x0, 0xff, 0x0, 0x0,
    0x0, 0x0, 0x0, 0xff, 0x0, 0x0, 0xff, 0xff,
    0xff, 0xff, 0xff, 0xff, 0xff, 0x0, 0x0, 0x8f,
    0xff, 0xff, 0xff, 0xff, 0xff, 0xf8, 0x0, 0x0,

    /* U+F048 "" */
    0x0, 0x0, 0x0, 0x0, 0x0, 0xff, 0x30, 0x0,
    0x1, 0xcc, 0xff, 0x40, 0x0, 0x2d, 0xff, 0xff,
    0x40, 0x3, 0xef, 0xff, 0xff, 0x40, 0x3f, 0xff,
    0xff, 0xff, 0x44, 0xff, 0xff, 0xff, 0xff, 0x9f,
    0xff, 0xff, 0xff, 0xff, 0xff, 0xff, 0xff, 0xff,
    0xff, 0xff, 0xff, 0xff, 0xff, 0xff, 0xaf, 0xff,
    0xff, 0xff, 0xff, 0x45, 0xff, 0xff, 0xff, 0xff,
    0x40, 0x4f, 0xff, 0xff, 0xff, 0x40, 0x3, 0xef,
    0xff, 0xff, 0x40, 0x0, 0x2d, 0xff, 0xff, 0x30,
    0x0, 0x1, 0xcc, 0x0, 0x0, 0x0, 0x0, 0x0,

    /* U+F049 "" */
    0x0, 0x0, 0x0, 0x0, 0x0, 0x0, 0x0, 0x0,
    0xff, 0x0, 0x0, 0x1c, 0xc0, 0x0, 0x1, 0xcc,
    0xff, 0x0, 0x2, 0xef, 0xf0, 0x0, 0x2e, 0xff,
    0xff, 0x0, 0x3e, 0xff, 0xf0, 0x3, 0xef, 0xff,
    0xff, 0x4, 0xff, 0xff, 0xf0, 0x4f, 0xff, 0xff,
    0xff, 0x5f, 0xff, 0xff, 0xf5, 0xff, 0xff, 0xff,
    0xff, 0xff, 0xff, 0xff, 0xff, 0xff, 0xff, 0xff,
    0xff, 0xff, 0xff, 0xff, 0xff, 0xff, 0xff, 0xff,
    0xff, 0x5f, 0xff, 0xff, 0xf5, 0xff, 0xff, 0xff,
    0xff, 0x4, 0xff, 0xff, 0xf0, 0x4f, 0xff, 0xff,
    0xff, 0x0, 0x3e, 0xff, 0xf0, 0x3, 0xef, 0xff,
    0xff, 0x0, 0x2, 0xef, 0xf0, 0x0, 0x2e, 0xff,
    0xff, 0x0, 0x0, 0x1c, 0xc0, 0x0, 0x1, 0xcc,
    0x0, 0x0, 0x0, 0x0, 0x0, 0x0, 0x0, 0x0,

    /* U+F04A "" */
    0x0, 0x0, 0x0, 0x0, 0x0, 0x0, 0x0, 0x0,
    0x0, 0x0, 0x2, 0xcc, 0x0, 0x0, 0x2, 0xcc,
    0x0, 0x0, 0x3e, 0xff, 0x0, 0x0, 0x3e, 0xff,
    0x0, 0x6, 0xff, 0xff, 0x0, 0x6, 0xff, 0xff,
    0x0, 0x8f, 0xff, 0xff, 0x0, 0x8f, 0xff, 0xff,
    0xb, 0xff, 0xff, 0xff, 0xb, 0xff, 0xff, 0xff,
    0xcf, 0xff, 0xff, 0xff, 0xcf, 0xff, 0xff, 0xff,
    0xcf, 0xff, 0xff, 0xff, 0xcf, 0xff, 0xff, 0xff,
    0xb, 0xff, 0xff, 0xff, 0xb, 0xff, 0xff, 0xff,
    0x0, 0x8f, 0xff, 0xff, 0x0, 0x8f, 0xff, 0xff,
    0x0, 0x6, 0xff, 0xff, 0x0, 0x6, 0xff, 0xff,
    0x0, 0x0, 0x3e, 0xff, 0x0, 0x0, 0x3e, 0xff,
    0x0, 0x0, 0x2, 0xcc, 0x0, 0x0, 0x2, 0xcc,
    0x0, 0x0, 0x0, 0x0, 0x0, 0x0, 0x0, 0x0,

    /* U+F04B "" */
    0x0, 0x0, 0x0, 0x0, 0x0, 0x0, 0x0, 0x8f,
    0x91, 0x0, 0x0, 0x0, 0x0, 0x0, 0xff, 0xff,
    0x70, 0x0, 0x0, 0x0, 0x0, 0xff, 0xff, 0xfd,
    0x40, 0x0, 0x0, 0x0, 0xff, 0xff, 0xff, 0xfa,
    0x10, 0x0, 0x0, 0xff, 0xff, 0xff, 0xff, 0xf7,
    0x0, 0x0, 0xff, 0xff, 0xff, 0xff, 0xff, 0xd5,
    0x0, 0xff, 0xff, 0xff, 0xff, 0xff, 0xff, 0xb2,
    0xff, 0xff, 0xff, 0xff, 0xff, 0xff, 0xfd, 0xff,
    0xff, 0xff, 0xff, 0xff, 0xff, 0xfd, 0xff, 0xff,
    0xff, 0xff, 0xff, 0xff, 0xb2, 0xff, 0xff, 0xff,
    0xff, 0xff, 0xd5, 0x0, 0xff, 0xff, 0xff, 0xff,
    0xf7, 0x0, 0x0, 0xff, 0xff, 0xff, 0xfa, 0x20,
    0x0, 0x0, 0xff, 0xff, 0xfd, 0x40, 0x0, 0x0,
    0x0, 0xff, 0xff, 0x70, 0x0, 0x0, 0x0, 0x0,
    0x8e, 0xa1, 0x0, 0x0, 0x0, 0x0, 0x0, 0x0,
    0x0, 0x0, 0x0, 0x0, 0x0, 0x0,

    /* U+F04C "" */
    0x0, 0x0, 0x0, 0x0, 0x0, 0x0, 0x0, 0x8f,
    0xff, 0xf8, 0x0, 0x8f, 0xff, 0xf8, 0xff, 0xff,
    0xff, 0x0, 0xff, 0xff, 0xff, 0xff, 0xff, 0xff,
    0x0, 0xff, 0xff, 0xff, 0xff, 0xff, 0xff, 0x0,
    0xff, 0xff, 0xff, 0xff, 0xff, 0xff, 0x0, 0xff,
    0xff, 0xff, 0xff, 0xff, 0xff, 0x0, 0xff, 0xff,
    0xff, 0xff, 0xff, 0xff, 0x0, 0xff, 0xff, 0xff,
    0xff, 0xff, 0xff, 0x0, 0xff, 0xff, 0xff, 0xff,
    0xff, 0xff, 0x0, 0xff, 0xff, 0xff, 0xff, 0xff,
    0xff, 0x0, 0xff, 0xff, 0xff, 0xff, 0xff, 0xff,
    0x0, 0xff, 0xff, 0xff, 0xff, 0xff, 0xff, 0x0,
    0xff, 0xff, 0xff, 0xff, 0xff, 0xff, 0x0, 0xff,
    0xff, 0xff, 0x7f, 0xff, 0xf7, 0x0, 0x7f, 0xff,
    0xf7,

    /* U+F04D "" */
    0x8f, 0xff, 0xff, 0xff, 0xff, 0xff, 0xf8, 0xff,
    0xff, 0xff, 0xff, 0xff, 0xff, 0xff, 0xff, 0xff,
    0xff, 0xff, 0xff, 0xff, 0xff, 0xff, 0xff, 0xff,
    0xff, 0xff, 0xff, 0xff, 0xff, 0xff, 0xff, 0xff,
    0xff, 0xff, 0xff, 0xff, 0xff, 0xff, 0xff, 0xff,
    0xff, 0xff, 0xff, 0xff, 0xff, 0xff, 0xff, 0xff,
    0xff, 0xff, 0xff, 0xff, 0xff, 0xff, 0xff, 0xff,
    0xff, 0xff, 0xff, 0xff, 0xff, 0xff, 0xff, 0xff,
    0xff, 0xff, 0xff, 0xff, 0xff, 0xff, 0xff, 0xff,
    0xff, 0xff, 0xff, 0xff, 0xff, 0xff, 0xff, 0xff,
    0xff, 0xff, 0xff, 0xff, 0xff, 0xff, 0xff, 0xff,
    0xff, 0xff, 0xff, 0x8f, 0xff, 0xff, 0xff, 0xff,
    0xff, 0xf8,

    /* U+F04E "" */
    0x0, 0x0, 0x0, 0x0, 0x0, 0x0, 0x0, 0x0,
    0xcc, 0x20, 0x0, 0x0, 0xcc, 0x20, 0x0, 0x0,
    0xff, 0xe3, 0x0, 0x0, 0xff, 0xe3, 0x0, 0x0,
    0xff, 0xff, 0x60, 0x0, 0xff, 0xff, 0x60, 0x0,
    0xff, 0xff, 0xf8, 0x0, 0xff, 0xff, 0xf8, 0x0,
    0xff, 0xff, 0xff, 0xb0, 0xff, 0xff, 0xff, 0xb0,
    0xff, 0xff, 0xff, 0xfc, 0xff, 0xff, 0xff, 0xfc,
    0xff, 0xff, 0xff, 0xfc, 0xff, 0xff, 0xff, 0xfc,
    0xff, 0xff, 0xff, 0xb0, 0xff, 0xff, 0xff, 0xb0,
    0xff, 0xff, 0xf8, 0x0, 0xff, 0xff, 0xf8, 0x0,
    0xff, 0xff, 0x60, 0x0, 0xff, 0xff, 0x60, 0x0,
    0xff, 0xe3, 0x0, 0x0, 0xff, 0xe3, 0x0, 0x0,
    0xcc, 0x20, 0x0, 0x0, 0xcc, 0x20, 0x0, 0x0,
    0x0, 0x0, 0x0, 0x0, 0x0, 0x0, 0x0, 0x0,

    /* U+F050 "" */
    0x0, 0x0, 0x0, 0x0, 0x0, 0x0, 0x0, 0x0,
    0xcc, 0x10, 0x0, 0xc, 0xc1, 0x0, 0x0, 0xff,
    0xff, 0xe2, 0x0, 0xf, 0xfe, 0x20, 0x0, 0xff,
    0xff, 0xfe, 0x30, 0xf, 0xff, 0xe3, 0x0, 0xff,
    0xff, 0xff, 0xf4, 0xf, 0xff, 0xff, 0x40, 0xff,
    0xff, 0xff, 0xff, 0x5f, 0xff, 0xff, 0xf5, 0xff,
    0xff, 0xff, 0xff, 0xff, 0xff, 0xff, 0xff, 0xff,
    0xff, 0xff, 0xff, 0xff, 0xff, 0xff, 0xff, 0xff,
    0xff, 0xff, 0xff, 0x5f, 0xff, 0xff, 0xf5, 0xff,
    0xff, 0xff, 0xf4, 0xf, 0xff, 0xff, 0x40, 0xff,
    0xff, 0xfe, 0x30, 0xf, 0xff, 0xe3, 0x0, 0xff,
    0xff, 0xe2, 0x0, 0xf, 0xfe, 0x20, 0x0, 0xff,
    0xcc, 0x10, 0x0, 0xc, 0xc1, 0x0, 0x0, 0xff,
    0x0, 0x0, 0x0, 0x0, 0x0, 0x0, 0x0, 0x0,

    /* U+F051 "" */
    0x0, 0x0, 0x0, 0x0, 0x0, 0xcc, 0x10, 0x0,
    0x3, 0xff, 0xff, 0xd2, 0x0, 0x4, 0xff, 0xff,
    0xfe, 0x30, 0x4, 0xff, 0xff, 0xff, 0xf4, 0x4,
    0xff, 0xff, 0xff, 0xff, 0x54, 0xff, 0xff, 0xff,
    0xff, 0xfa, 0xff, 0xff, 0xff, 0xff, 0xff, 0xff,
    0xff, 0xff, 0xff, 0xff, 0xff, 0xff, 0xff, 0xff,
    0xf9, 0xff, 0xff, 0xff, 0xff, 0x44, 0xff, 0xff,
    0xff, 0xf3, 0x4, 0xff, 0xff, 0xfe, 0x30, 0x4,
    0xff, 0xff, 0xd2, 0x0, 0x4, 0xff, 0xcc, 0x10,
    0x0, 0x3, 0xff, 0x0, 0x0, 0x0, 0x0, 0x0,

    /* U+F052 "" */
    0x0, 0x0, 0x0, 0x2d, 0xd2, 0x0, 0x0, 0x0,
    0x0, 0x0, 0x1, 0xef, 0xfe, 0x20, 0x0, 0x0,
    0x0, 0x0, 0x1d, 0xff, 0xff, 0xd1, 0x0, 0x0,
    0x0, 0x0, 0xcf, 0xff, 0xff, 0xfd, 0x0, 0x0,
    0x0, 0xb, 0xff, 0xff, 0xff, 0xff, 0xc0, 0x0,
    0x0, 0xaf, 0xff, 0xff, 0xff, 0xff, 0xfb, 0x0,
    0x8, 0xff, 0xff, 0xff, 0xff, 0xff, 0xff, 0x90,
    0xe, 0xff, 0xff, 0xff, 0xff, 0xff, 0xff, 0xf0,
    0x7, 0xff, 0xff, 0xff, 0xff, 0xff, 0xff, 0x80,
    0x0, 0x0, 0x0, 0x0, 0x0, 0x0, 0x0, 0x0,
    0xb, 0xff, 0xff, 0xff, 0xff, 0xff, 0xff, 0xc0,
    0xf, 0xff, 0xff, 0xff, 0xff, 0xff, 0xff, 0xf0,
    0xf, 0xff, 0xff, 0xff, 0xff, 0xff, 0xff, 0xf0,
    0xb, 0xff, 0xff, 0xff, 0xff, 0xff, 0xff, 0xc0,

    /* U+F053 "" */
    0x0, 0x0, 0x0, 0x1a, 0x40, 0x0, 0x0, 0x1,
    0xdf, 0xf0, 0x0, 0x0, 0x1d, 0xff, 0xa0, 0x0,
    0x1, 0xdf, 0xfa, 0x0, 0x0, 0x1d, 0xff, 0xa0,
    0x0, 0x1, 0xdf, 0xfa, 0x0, 0x0, 0xc, 0xff,
    0xa0, 0x0, 0x0, 0xd, 0xff, 0x80, 0x0, 0x0,
    0x1, 0xdf, 0xf8, 0x0, 0x0, 0x0, 0x1d, 0xff,
    0x80, 0x0, 0x0, 0x1, 0xdf, 0xf8, 0x0, 0x0,
    0x0, 0x1d, 0xff, 0x80, 0x0, 0x0, 0x1, 0xdf,
    0xf0, 0x0, 0x0, 0x0, 0x1b, 0x50,

    /* U+F054 "" */
    0x4, 0xa1, 0x0, 0x0, 0x0, 0xf, 0xfc, 0x10,
    0x0, 0x0, 0xa, 0xff, 0xc1, 0x0, 0x0, 0x0,
    0xaf, 0xfc, 0x10, 0x0, 0x0, 0xa, 0xff, 0xc1,
    0x0, 0x0, 0x0, 0xaf, 0xfc, 0x10, 0x0, 0x0,
    0xa, 0xff, 0xc0, 0x0, 0x0, 0x8, 0xff, 0xd0,
    0x0, 0x0, 0x8f, 0xfd, 0x10, 0x0, 0x8, 0xff,
    0xd1, 0x0, 0x0, 0x8f, 0xfd, 0x10, 0x0, 0x8,
    0xff, 0xd1, 0x0, 0x0, 0xf, 0xfd, 0x10, 0x0,
    0x0, 0x5, 0xb1, 0x0, 0x0, 0x0,

    /* U+F055 "" */
    0x0, 0x0, 0x39, 0xde, 0xeb, 0x60, 0x0, 0x0,
    0x0, 0x9, 0xff, 0xff, 0xff, 0xfd, 0x30, 0x0,
    0x0, 0xbf, 0xff, 0xff, 0xff, 0xff, 0xf3, 0x0,
    0x9, 0xff, 0xff, 0xb4, 0x6f, 0xff, 0xfe, 0x10,
    0x2f, 0xff, 0xff, 0x90, 0x2f, 0xff, 0xff, 0x90,
    0x8f, 0xff, 0xff, 0x90, 0x2f, 0xff, 0xff, 0xf0,
    0xcf, 0xfb, 0x88, 0x50, 0x18, 0x88, 0xff, 0xf3,
    0xef, 0xf5, 0x0, 0x0, 0x0, 0x0, 0xef, 0xf5,
    0xef, 0xf5, 0x0, 0x0, 0x0, 0x0, 0xef, 0xf5,
    0xcf, 0xfb, 0x88, 0x50, 0x18, 0x88, 0xff, 0xf3,
    0x8f, 0xff, 0xff, 0x90, 0x2f, 0xff, 0xff, 0xf0,
    0x2f, 0xff, 0xff, 0x90, 0x2f, 0xff, 0xff, 0x90,
    0x9, 0xff, 0xff, 0xb4, 0x6f, 0xff, 0xfe, 0x10,
    0x0, 0xbf, 0xff, 0xff, 0xff, 0xff, 0xf3, 0x0,
    0x0, 0x9, 0xff, 0xff, 0xff, 0xfd, 0x30, 0x0,
    0x0, 0x0, 0x39, 0xde, 0xeb, 0x60, 0x0, 0x0,

    /* U+F056 "" */
    0x0, 0x0, 0x3, 0x68, 0x75, 0x0, 0x0, 0x0,
    0x0, 0x4, 0xdf, 0xff, 0xff, 0xf8, 0x0, 0x0,
    0x0, 0x6f, 0xff, 0xff, 0xff, 0xff, 0xc1, 0x0,
    0x5, 0xff, 0xff, 0xff, 0xff, 0xff, 0xfb, 0x0,
    0xe, 0xff, 0xff, 0xff, 0xff, 0xff, 0xff, 0x60,
    0x7f, 0xff, 0xff, 0xff, 0xff, 0xff, 0xff, 0xd0,
    0xbf, 0xff, 0xff, 0xff, 0xff, 0xff, 0xff, 0xf2,
    0xdf, 0xf5, 0x0, 0x0, 0x0, 0x0, 0xef, 0xf4,
    0xef, 0xf5, 0x0, 0x0, 0x0, 0x0, 0xef, 0xf5,
    0xcf, 0xfb, 0x88, 0x88, 0x88, 0x88, 0xff, 0xf3,
    0x9f, 0xff, 0xff, 0xff, 0xff, 0xff, 0xff, 0xf0,
    0x3f, 0xff, 0xff, 0xff, 0xff, 0xff, 0xff, 0xa0,
    0xa, 0xff, 0xff, 0xff, 0xff, 0xff, 0xff, 0x10,
    0x0, 0xcf, 0xff, 0xff, 0xff, 0xff, 0xf4, 0x0,
    0x0, 0xa, 0xff, 0xff, 0xff, 0xfe, 0x30, 0x0,
    0x0, 0x0, 0x39, 0xde, 0xeb, 0x60, 0x0, 0x0,

    /* U+F057 "" */
    0x0, 0x0, 0x3, 0x79, 0x97, 0x30, 0x0, 0x0,
    0x0, 0x3, 0xcf, 0xff, 0xff, 0xfc, 0x30, 0x0,
    0x0, 0x5f, 0xff, 0xff, 0xff, 0xff, 0xf5, 0x0,
    0x3, 0xff, 0xff, 0xff, 0xff, 0xff, 0xff, 0x30,
    0xd, 0xff, 0xf5, 0xcf, 0xfc, 0x5f, 0xff, 0xd0,
    0x4f, 0xff, 0x40, 0x1c, 0xc0, 0x5, 0xff, 0xf4,
    0x9f, 0xff, 0x90, 0x1, 0x0, 0x9, 0xff, 0xf8,
    0xbf, 0xff, 0xf9, 0x0, 0x0, 0xaf, 0xff, 0xfa,
    0xbf, 0xff, 0xfc, 0x0, 0x0, 0xcf, 0xff, 0xfb,
    0xaf, 0xff, 0xc0, 0x0, 0x0, 0x1c, 0xff, 0xf9,
    0x6f, 0xff, 0x30, 0xa, 0x90, 0x3, 0xff, 0xf5,
    0xe, 0xff, 0xd2, 0x9f, 0xf9, 0x2e, 0xff, 0xe0,
    0x6, 0xff, 0xff, 0xff, 0xff, 0xff, 0xff, 0x50,
    0x0, 0x8f, 0xff, 0xff, 0xff, 0xff, 0xf8, 0x0,
    0x0, 0x6, 0xff, 0xff, 0xff, 0xfe, 0x60, 0x0,
    0x0, 0x0, 0x17, 0xbd, 0xdb, 0x61, 0x0, 0x0,

    /* U+F058 "" */
    0x0, 0x0, 0x3, 0x79, 0x97, 0x30, 0x0, 0x0,
    0x0, 0x3, 0xcf, 0xff, 0xff, 0xfc, 0x30, 0x0,
    0x0, 0x5f, 0xff, 0xff, 0xff, 0xff, 0xf5, 0x0,
    0x3, 0xff, 0xff, 0xff, 0xff, 0xff, 0xff, 0x30,
    0xd, 0xff, 0xff, 0xff, 0xff, 0xff, 0xff, 0xd0,
    0x4f, 0xff, 0xff, 0xff, 0xff, 0xd1, 0x7f, 0xf4,
    0x9f, 0xff, 0xff, 0xff, 0xfd, 0x10, 0x4f, 0xf8,
    0xbf, 0xfd, 0x9f, 0xff, 0xd1, 0x4, 0xff, 0xfa,
    0xbf, 0xf1, 0x8, 0xfd, 0x10, 0x4f, 0xff, 0xfb,
    0xaf, 0xfa, 0x0, 0x61, 0x4, 0xff, 0xff, 0xf9,
    0x6f, 0xff, 0xa0, 0x0, 0x4f, 0xff, 0xff, 0xf5,
    0xe, 0xff, 0xfa, 0x4, 0xff, 0xff, 0xff, 0xe0,
    0x6, 0xff, 0xff, 0xcf, 0xff, 0xff, 0xff, 0x50,
    0x0, 0x8f, 0xff, 0xff, 0xff, 0xff, 0xf8, 0x0,
    0x0, 0x6, 0xff, 0xff, 0xff, 0xfe, 0x60, 0x0,
    0x0, 0x0, 0x17, 0xbd, 0xdb, 0x61, 0x0, 0x0,

    /* U+F059 "" */
    0x0, 0x0, 0x4, 0x8a, 0xa8, 0x40, 0x0, 0x0,
    0x0, 0x4, 0xdf, 0xff, 0xff, 0xfd, 0x30, 0x0,
    0x0, 0x6f, 0xff, 0xff, 0xef, 0xff, 0xf5, 0x0,
    0x4, 0xff, 0xfd, 0x40, 0x2, 0xbf, 0xff, 0x30,
    0xd, 0xff, 0xd1, 0x0, 0x0, 0xb, 0xff, 0xd0,
    0x5f, 0xff, 0xb0, 0x2b, 0xb2, 0x4, 0xff, 0xf4,
    0x9f, 0xff, 0xfd, 0xef, 0xf4, 0x3, 0xff, 0xf8,
    0xbf, 0xff, 0xff, 0xfd, 0x30, 0x9, 0xff, 0xfa,
    0xbf, 0xff, 0xff, 0xf1, 0x0, 0x8f, 0xff, 0xfb,
    0x9f, 0xff, 0xff, 0xc0, 0xb, 0xff, 0xff, 0xf9,
    0x5f, 0xff, 0xff, 0xfe, 0xef, 0xff, 0xff, 0xf5,
    0xe, 0xff, 0xff, 0xc0, 0xc, 0xff, 0xff, 0xe0,
    0x6, 0xff, 0xff, 0xa0, 0xa, 0xff, 0xff, 0x50,
    0x0, 0x8f, 0xff, 0xf9, 0x9f, 0xff, 0xf8, 0x0,
    0x0, 0x6, 0xff, 0xff, 0xff, 0xfe, 0x60, 0x0,
    0x0, 0x0, 0x17, 0xbd, 0xdb, 0x61, 0x0, 0x0,

    /* U+F05A "" */
    0x0, 0x0, 0x16, 0xbd, 0xcb, 0x61, 0x0, 0x0,
    0x0, 0x6, 0xff, 0xff, 0xff, 0xfe, 0x50, 0x0,
    0x0, 0x8f, 0xff, 0xff, 0xff, 0xff, 0xf7, 0x0,
    0x5, 0xff, 0xff, 0xfb, 0xcf, 0xff, 0xff, 0x50,
    0xe, 0xff, 0xff, 0xc0, 0xd, 0xff, 0xff, 0xe0,
    0x5f, 0xff, 0xff, 0xd0, 0xd, 0xff, 0xff, 0xf5,
    0x9f, 0xff, 0xff, 0xfd, 0xdf, 0xff, 0xff, 0xf9,
    0xbf, 0xff, 0xff, 0x40, 0xf, 0xff, 0xff, 0xfb,
    0xbf, 0xff, 0xff, 0x70, 0xf, 0xff, 0xff, 0xfa,
    0x9f, 0xff, 0xff, 0xf0, 0xf, 0xff, 0xff, 0xf9,
    0x5f, 0xff, 0xff, 0xc0, 0xd, 0xff, 0xff, 0xf4,
    0xe, 0xff, 0xff, 0x40, 0x4, 0xff, 0xff, 0xd0,
    0x4, 0xff, 0xff, 0xff, 0xff, 0xff, 0xff, 0x40,
    0x0, 0x6f, 0xff, 0xff, 0xff, 0xff, 0xf6, 0x0,
    0x0, 0x4, 0xef, 0xff, 0xff, 0xfd, 0x40, 0x0,
    0x0, 0x0, 0x5, 0x9b, 0xb9, 0x50, 0x0, 0x0,

    /* U+F05B "" */
    0x0, 0x0, 0x0, 0xf, 0xf0, 0x0, 0x0, 0x0,
    0x0, 0x0, 0x4, 0x9f, 0xf9, 0x40, 0x0, 0x0,
    0x0, 0x1, 0xbf, 0xff, 0xff, 0xfb, 0x10, 0x0,
    0x0, 0x1e, 0xfe, 0x8f, 0xf8, 0xef, 0xe1, 0x0,
    0x0, 0xbf, 0xc1, 0xf, 0xf0, 0x1c, 0xfb, 0x0,
    0x4, 0xfe, 0x10, 0x0, 0x0, 0x1, 0xef, 0x40,
    0x9, 0xf8, 0x0, 0x0, 0x0, 0x0, 0x8f, 0x90,
    0xff, 0xff, 0xf0, 0xc, 0xc0, 0xf, 0xff, 0xff,
    0xff, 0xff, 0xf0, 0xc, 0xc0, 0xf, 0xff, 0xff,
    0x9, 0xf8, 0x0, 0x0, 0x0, 0x0, 0x8f, 0x90,
    0x4, 0xfe, 0x10, 0x0, 0x0, 0x1, 0xef, 0x40,
    0x0, 0xbf, 0xc1, 0xf, 0xf0, 0x1c, 0xfb, 0x0,
    0x0, 0x1e, 0xfe, 0x8f, 0xf8, 0xef, 0xe1, 0x0,
    0x0, 0x1, 0xbf, 0xff, 0xff, 0xfb, 0x10, 0x0,
    0x0, 0x0, 0x4, 0x9f, 0xf9, 0x40, 0x0, 0x0,
    0x0, 0x0, 0x0, 0xf, 0xf0, 0x0, 0x0, 0x0,

    /* U+F05E "" */
    0x0, 0x0, 0x3, 0x79, 0x97, 0x30, 0x0, 0x0,
    0x0, 0x3, 0xcf, 0xff, 0xff, 0xfc, 0x30, 0x0,
    0x0, 0x5f, 0xfe, 0x86, 0x69, 0xef, 0xf5, 0x0,
    0x3, 0xff, 0xe1, 0x0, 0x0, 0x9, 0xff, 0x30,
    0xd, 0xff, 0xfb, 0x0, 0x0, 0x0, 0x9f, 0xd0,
    0x4f, 0xd2, 0xef, 0xb0, 0x0, 0x0, 0xe, 0xf4,
    0x9f, 0x70, 0x2e, 0xfb, 0x0, 0x0, 0x8, 0xf8,
    0xbf, 0x40, 0x2, 0xef, 0xb0, 0x0, 0x5, 0xfa,
    0xbf, 0x40, 0x0, 0x2e, 0xfb, 0x0, 0x4, 0xfb,
    0xaf, 0x60, 0x0, 0x2, 0xef, 0xb0, 0x6, 0xf9,
    0x6f, 0xc0, 0x0, 0x0, 0x2e, 0xfb, 0xc, 0xf5,
    0xe, 0xf5, 0x0, 0x0, 0x2, 0xef, 0xdf, 0xe0,
    0x6, 0xff, 0x50, 0x0, 0x0, 0x2e, 0xff, 0x50,
    0x0, 0x8f, 0xfb, 0x52, 0x25, 0xbf, 0xf8, 0x0,
    0x0, 0x6, 0xff, 0xff, 0xff, 0xfe, 0x60, 0x0,
    0x0, 0x0, 0x17, 0xbd, 0xdb, 0x61, 0x0, 0x0,

    /* U+F060 "" */
    0x0, 0x0, 0x0, 0x0, 0x0, 0x0, 0x0, 0x0,
    0x0, 0x0, 0x1d, 0xa0, 0x0, 0x0, 0x0, 0x0,
    0x0, 0x1d, 0xff, 0x30, 0x0, 0x0, 0x0, 0x0,
    0x1d, 0xff, 0x70, 0x0, 0x0, 0x0, 0x0, 0x1d,
    0xff, 0x70, 0x0, 0x0, 0x0, 0x0, 0x1d, 0xff,
    0x60, 0x0, 0x0, 0x0, 0x0, 0x1d, 0xff, 0xc7,
    0x77, 0x77, 0x77, 0x75, 0xc, 0xff, 0xff, 0xff,
    0xff, 0xff, 0xff, 0xf0, 0x8f, 0xff, 0xff, 0xff,
    0xff, 0xff, 0xfe, 0x0, 0x9f, 0xfc, 0x10, 0x0,
    0x0, 0x0, 0x0, 0x0, 0x9f, 0xfc, 0x0, 0x0,
    0x0, 0x0, 0x0, 0x0, 0x9f, 0xfc, 0x10, 0x0,
    0x0, 0x0, 0x0, 0x0, 0x9f, 0xfd, 0x0, 0x0,
    0x0, 0x0, 0x0, 0x0, 0x9f, 0xf2, 0x0, 0x0,
    0x0, 0x0, 0x0, 0x0, 0x64, 0x0, 0x0, 0x0,
    0x0,

    /* U+F061 "" */
    0x0, 0x0, 0x0, 0x0, 0x0, 0x0, 0x0, 0x0,
    0x0, 0x0, 0x9d, 0x20, 0x0, 0x0, 0x0, 0x0,
    0x2, 0xff, 0xe2, 0x0, 0x0, 0x0, 0x0, 0x0,
    0x7f, 0xfe, 0x20, 0x0, 0x0, 0x0, 0x0, 0x6,
    0xff, 0xe2, 0x0, 0x0, 0x0, 0x0, 0x0, 0x6f,
    0xfe, 0x20, 0x47, 0x77, 0x77, 0x77, 0x7c, 0xff,
    0xe2, 0xff, 0xff, 0xff, 0xff, 0xff, 0xff, 0xfd,
    0xdf, 0xff, 0xff, 0xff, 0xff, 0xff, 0xf9, 0x0,
    0x0, 0x0, 0x0, 0x1c, 0xff, 0x90, 0x0, 0x0,
    0x0, 0x0, 0xbf, 0xf9, 0x0, 0x0, 0x0, 0x0,
    0xc, 0xff, 0x90, 0x0, 0x0, 0x0, 0x0, 0xcf,
    0xf9, 0x0, 0x0, 0x0, 0x0, 0x2, 0xff, 0x90,
    0x0, 0x0, 0x0, 0x0, 0x0, 0x37, 0x0, 0x0,
    0x0,

    /* U+F062 "" */
    0x0, 0x0, 0x0, 0x9d, 0x10, 0x0, 0x0, 0x0,
    0x0, 0xa, 0xff, 0xd1, 0x0, 0x0, 0x0, 0x0,
    0xaf, 0xff, 0xfd, 0x10, 0x0, 0x0, 0xa, 0xff,
    0xff, 0xff, 0xd1, 0x0, 0x0, 0xaf, 0xfc, 0xff,
    0xcf, 0xfd, 0x10, 0xa, 0xff, 0xb1, 0xff, 0x66,
    0xff, 0xd1, 0x7f, 0xfc, 0x1, 0xff, 0x60, 0x7f,
    0xfd, 0x4f, 0xc0, 0x1, 0xff, 0x60, 0x7, 0xf9,
    0x2, 0x0, 0x1, 0xff, 0x60, 0x0, 0x20, 0x0,
    0x0, 0x1, 0xff, 0x60, 0x0, 0x0, 0x0, 0x0,
    0x1, 0xff, 0x60, 0x0, 0x0, 0x0, 0x0, 0x1,
    0xff, 0x60, 0x0, 0x0, 0x0, 0x0, 0x1, 0xff,
    0x60, 0x0, 0x0, 0x0, 0x0, 0x0, 0xef, 0x40,
    0x0, 0x0,

    /* U+F063 "" */
    0x0, 0x0, 0x0, 0xef, 0x40, 0x0, 0x0, 0x0,
    0x0, 0x1, 0xff, 0x60, 0x0, 0x0, 0x0, 0x0,
    0x1, 0xff, 0x60, 0x0, 0x0, 0x0, 0x0, 0x1,
    0xff, 0x60, 0x0, 0x0, 0x0, 0x0, 0x1, 0xff,
    0x60, 0x0, 0x0, 0x2, 0x0, 0x1, 0xff, 0x60,
    0x0, 0x20, 0x4f, 0xc0, 0x1, 0xff, 0x60, 0x7,
    0xf9, 0x7f, 0xfc, 0x1, 0xff, 0x60, 0x7f, 0xfd,
    0xa, 0xff, 0xb1, 0xff, 0x66, 0xff, 0xd1, 0x0,
    0xaf, 0xfc, 0xff, 0xcf, 0xfd, 0x10, 0x0, 0xa,
    0xff, 0xff, 0xff, 0xd1, 0x0, 0x0, 0x0, 0xaf,
    0xff, 0xfd, 0x10, 0x0, 0x0, 0x0, 0xa, 0xff,
    0xd1, 0x0, 0x0, 0x0, 0x0, 0x0, 0x9d, 0x10,
    0x0, 0x0,

    /* U+F064 "" */
    0x0, 0x0, 0x0, 0x0, 0x0, 0x0, 0x0, 0x0,
    0x0, 0x0, 0x0, 0x0, 0xe, 0xb0, 0x0, 0x0,
    0x0, 0x0, 0x0, 0x0, 0xf, 0xfd, 0x10, 0x0,
    0x0, 0x0, 0x0, 0x0, 0xf, 0xff, 0xe3, 0x0,
    0x0, 0x1, 0x59, 0xbd, 0xdf, 0xff, 0xff, 0x40,
    0x1, 0xaf, 0xff, 0xff, 0xff, 0xff, 0xff, 0xf6,
    0xd, 0xff, 0xff, 0xff, 0xff, 0xff, 0xff, 0xfe,
    0x7f, 0xff, 0xff, 0xff, 0xff, 0xff, 0xff, 0xe2,
    0xdf, 0xff, 0xfc, 0x87, 0x6f, 0xff, 0xfd, 0x10,
    0xff, 0xfe, 0x30, 0x0, 0xf, 0xff, 0xb0, 0x0,
    0xef, 0xf4, 0x0, 0x0, 0xf, 0xf9, 0x0, 0x0,
    0xbf, 0xf1, 0x0, 0x0, 0xb, 0x70, 0x0, 0x0,
    0x4f, 0xf2, 0x0, 0x0, 0x0, 0x0, 0x0, 0x0,
    0xa, 0xf4, 0x0, 0x0, 0x0, 0x0, 0x0, 0x0,
    0x0, 0x95, 0x0, 0x0, 0x0, 0x0, 0x0, 0x0,

    /* U+F065 "" */
    0xdf, 0xff, 0xf0, 0x0, 0xf, 0xff, 0xfd, 0xff,
    0xff, 0xf0, 0x0, 0xf, 0xff, 0xff, 0xff, 0x0,
    0x0, 0x0, 0x0, 0x0, 0xff, 0xff, 0x0, 0x0,
    0x0, 0x0, 0x0, 0xff, 0xff, 0x0, 0x0, 0x0,
    0x0, 0x0, 0xff, 0x0, 0x0, 0x0, 0x0, 0x0,
    0x0, 0x0, 0x0, 0x0, 0x0, 0x0, 0x0, 0x0,
    0x0, 0x0, 0x0, 0x0, 0x0, 0x0, 0x0, 0x0,
    0x0, 0x0, 0x0, 0x0, 0x0, 0x0, 0x0, 0xff,
    0x0, 0x0, 0x0, 0x0, 0x0, 0xff, 0xff, 0x0,
    0x0, 0x0, 0x0, 0x0, 0xff, 0xff, 0x0, 0x0,
    0x0, 0x0, 0x0, 0xff, 0xff, 0xff, 0xf0, 0x0,
    0xf, 0xff, 0xff, 0xdf, 0xff, 0xf0, 0x0, 0xf,
    0xff, 0xfd,

    /* U+F066 "" */
    0x0, 0xf, 0xf0, 0x0, 0xf, 0xf0, 0x0, 0x0,
    0xf, 0xf0, 0x0, 0xf, 0xf0, 0x0, 0x0, 0xf,
    0xf0, 0x0, 0xf, 0xf0, 0x0, 0xff, 0xff, 0xf0,
    0x0, 0xf, 0xff, 0xff, 0xff, 0xff, 0xd0, 0x0,
    0xd, 0xff, 0xff, 0x0, 0x0, 0x0, 0x0, 0x0,
    0x0, 0x0, 0x0, 0x0, 0x0, 0x0, 0x0, 0x0,
    0x0, 0x0, 0x0, 0x0, 0x0, 0x0, 0x0, 0x0,
    0x0, 0x0, 0x0, 0x0, 0x0, 0x0, 0x0, 0xff,
    0xff, 0xd0, 0x0, 0xd, 0xff, 0xff, 0xff, 0xff,
    0xf0, 0x0, 0xf, 0xff, 0xff, 0x0, 0xf, 0xf0,
    0x0, 0xf, 0xf0, 0x0, 0x0, 0xf, 0xf0, 0x0,
    0xf, 0xf0, 0x0, 0x0, 0xf, 0xf0, 0x0, 0xf,
    0xf0, 0x0,

    /* U+F067 "" */
    0x0, 0x0, 0x4, 0xff, 0x40, 0x0, 0x0, 0x0,
    0x0, 0x8, 0xff, 0x80, 0x0, 0x0, 0x0, 0x0,
    0x8, 0xff, 0x80, 0x0, 0x0, 0x0, 0x0, 0x8,
    0xff, 0x80, 0x0, 0x0, 0x0, 0x0, 0x8, 0xff,
    0x80, 0x0, 0x0, 0x48, 0x88, 0x8c, 0xff, 0xc8,
    0x88, 0x84, 0xff, 0xff, 0xff, 0xff, 0xff, 0xff,
    0xff, 0xff, 0xff, 0xff, 0xff, 0xff, 0xff, 0xff,
    0x48, 0x88, 0x8c, 0xff, 0xc8, 0x88, 0x84, 0x0,
    0x0, 0x8, 0xff, 0x80, 0x0, 0x0, 0x0, 0x0,
    0x8, 0xff, 0x80, 0x0, 0x0, 0x0, 0x0, 0x8,
    0xff, 0x80, 0x0, 0x0, 0x0, 0x0, 0x8, 0xff,
    0x80, 0x0, 0x0, 0x0, 0x0, 0x4, 0xff, 0x40,
    0x0, 0x0,

    /* U+F068 "" */
    0x14, 0x44, 0x44, 0x44, 0x44, 0x44, 0x41, 0xef,
    0xff, 0xff, 0xff, 0xff, 0xff, 0xfe, 0xff, 0xff,
    0xff, 0xff, 0xff, 0xff, 0xff, 0x7b, 0xbb, 0xbb,
    0xbb, 0xbb, 0xbb, 0xb7,

    /* U+F069 "" */
    0x0, 0x0, 0x0, 0x6f, 0xe0, 0x0, 0x0, 0x0,
    0x0, 0x0, 0x0, 0x8f, 0xf2, 0x0, 0x0, 0x0,
    0x0, 0x0, 0x0, 0x8f, 0xf1, 0x0, 0x0, 0x0,
    0xb, 0x91, 0x0, 0x7f, 0xf1, 0x0, 0x3c, 0x50,
    0x5f, 0xfe, 0x60, 0x7f, 0xf1, 0x1a, 0xff, 0xe0,
    0x3e, 0xff, 0xfc, 0xaf, 0xf7, 0xff, 0xff, 0xa0,
    0x0, 0x7f, 0xff, 0xff, 0xff, 0xff, 0xc3, 0x0,
    0x0, 0x1, 0x9f, 0xff, 0xff, 0xd5, 0x0, 0x0,
    0x0, 0x1, 0x8f, 0xff, 0xff, 0xd5, 0x0, 0x0,
    0x0, 0x7f, 0xff, 0xff, 0xff, 0xff, 0xc3, 0x0,
    0x3e, 0xff, 0xfc, 0xaf, 0xf7, 0xff, 0xff, 0xa0,
    0x5f, 0xfe, 0x60, 0x7f, 0xf1, 0x1a, 0xff, 0xe0,
    0xb, 0x91, 0x0, 0x7f, 0xf1, 0x0, 0x3c, 0x50,
    0x0, 0x0, 0x0, 0x8f, 0xf1, 0x0, 0x0, 0x0,
    0x0, 0x0, 0x0, 0x8f, 0xf2, 0x0, 0x0, 0x0,
    0x0, 0x0, 0x0, 0x6f, 0xe0, 0x0, 0x0, 0x0,

    /* U+F06A "" */
    0x0, 0x0, 0x5, 0x9b, 0xa8, 0x40, 0x0, 0x0,
    0x0, 0x6, 0xef, 0xff, 0xff, 0xfc, 0x20, 0x0,
    0x0, 0x9f, 0xff, 0xff, 0xff, 0xff, 0xf4, 0x0,
    0x7, 0xff, 0xff, 0xff, 0xff, 0xff, 0xff, 0x20,
    0x1f, 0xff, 0xff, 0x80, 0xd, 0xff, 0xff, 0xb0,
    0x7f, 0xff, 0xff, 0x80, 0xd, 0xff, 0xff, 0xf2,
    0xcf, 0xff, 0xff, 0x90, 0xe, 0xff, 0xff, 0xf6,
    0xdf, 0xff, 0xff, 0xa0, 0xf, 0xff, 0xff, 0xf8,
    0xef, 0xff, 0xff, 0xb0, 0x1f, 0xff, 0xff, 0xf8,
    0xcf, 0xff, 0xff, 0xfa, 0xcf, 0xff, 0xff, 0xf6,
    0x8f, 0xff, 0xff, 0x80, 0xd, 0xff, 0xff, 0xf2,
    0x2f, 0xff, 0xff, 0x80, 0xd, 0xff, 0xff, 0xc0,
    0x8, 0xff, 0xff, 0xf8, 0xbf, 0xff, 0xff, 0x30,
    0x0, 0xaf, 0xff, 0xff, 0xff, 0xff, 0xf5, 0x0,
    0x0, 0x8, 0xff, 0xff, 0xff, 0xfe, 0x40, 0x0,
    0x0, 0x0, 0x17, 0xbd, 0xca, 0x60, 0x0, 0x0,

    /* U+F06B "" */
    0x0, 0x9, 0xee, 0x60, 0x6, 0xdf, 0xa0, 0x0,
    0x0, 0x9f, 0x9b, 0xf8, 0x7f, 0xb9, 0xfa, 0x0,
    0x0, 0xea, 0x0, 0x9f, 0xfa, 0x0, 0x9f, 0x0,
    0x0, 0xcd, 0x10, 0xd, 0xd0, 0x1, 0xcd, 0x0,
    0xcf, 0xff, 0xff, 0xff, 0xff, 0xff, 0xff, 0xfc,
    0xff, 0xff, 0xff, 0xff, 0xff, 0xff, 0xff, 0xff,
    0xff, 0xff, 0xff, 0xff, 0xff, 0xff, 0xff, 0xff,
    0xef, 0xff, 0xff, 0xff, 0xff, 0xff, 0xff, 0xfe,
    0x0, 0x0, 0x0, 0x0, 0x0, 0x0, 0x0, 0x0,
    0xf, 0xff, 0xff, 0xf0, 0xf, 0xff, 0xff, 0xf0,
    0xf, 0xff, 0xff, 0xf0, 0xf, 0xff, 0xff, 0xf0,
    0xf, 0xff, 0xff, 0xf0, 0xf, 0xff, 0xff, 0xf0,
    0xf, 0xff, 0xff, 0xf0, 0xf, 0xff, 0xff, 0xf0,
    0xc, 0xff, 0xff, 0xf0, 0xf, 0xff, 0xff, 0xc0,

    /* U+F06C "" */
    0x0, 0x0, 0x0, 0x0, 0x0, 0x0, 0x0, 0x0,
    0x1d, 0x20, 0x0, 0x0, 0x0, 0x0, 0x0, 0x0,
    0x0, 0x1, 0xcf, 0x70, 0x0, 0x0, 0x0, 0x0,
    0x0, 0x0, 0x2, 0x6e, 0xff, 0xc0, 0x0, 0x0,
    0x0, 0x6, 0xcf, 0xff, 0xff, 0xff, 0xff, 0xe0,
    0x0, 0x0, 0x1, 0xcf, 0xff, 0xff, 0xff, 0xff,
    0xff, 0xf0, 0x0, 0x0, 0xc, 0xff, 0xff, 0xff,
    0xff, 0xff, 0xff, 0xf0, 0x0, 0x0, 0x6f, 0xff,
    0xff, 0xff, 0xff, 0xff, 0xff, 0xe0, 0x0, 0x0,
    0xcf, 0xfe, 0x96, 0x21, 0x9, 0xff, 0xff, 0xb0,
    0x0, 0x0, 0xec, 0x41, 0x59, 0xce, 0xff, 0xff,
    0xff, 0x70, 0x0, 0x0, 0x52, 0x9f, 0xff, 0xff,
    0xff, 0xff, 0xff, 0x10, 0x0, 0x0, 0x6f, 0xff,
    0xff, 0xff, 0xff, 0xff, 0xf8, 0x0, 0x0, 0x9,
    0xff, 0xff, 0xff, 0xff, 0xff, 0xff, 0xd0, 0x0,
    0x0, 0x8f, 0xfd, 0xff, 0xff, 0xff, 0xff, 0xfd,
    0x10, 0x0, 0x4, 0xff, 0x41, 0xcf, 0xff, 0xff,
    0xff, 0xb1, 0x0, 0x0, 0xc, 0xf7, 0x0, 0x6,
    0xcf, 0xfd, 0x93, 0x0, 0x0, 0x0, 0xb, 0xc0,
    0x0, 0x0, 0x0, 0x0, 0x0, 0x0, 0x0, 0x0,
    0x0, 0x0, 0x0, 0x0, 0x0, 0x0, 0x0, 0x0,
    0x0, 0x0,

    /* U+F06D "" */
    0x0, 0x0, 0x0, 0x0, 0x0, 0x0, 0x0, 0x0,
    0xa, 0x90, 0x0, 0x0, 0x0, 0x0, 0x5f, 0xe0,
    0x0, 0x0, 0x0, 0x0, 0xcf, 0xf6, 0x0, 0x0,
    0x0, 0x0, 0xff, 0xff, 0x40, 0x0, 0x0, 0x0,
    0xdf, 0xff, 0xf4, 0x0, 0x1, 0x50, 0x6f, 0xff,
    0xff, 0x40, 0xd, 0xf0, 0x9, 0xff, 0xff, 0xe1,
    0x7f, 0xf0, 0x0, 0xaf, 0xff, 0xf7, 0xcf, 0xf0,
    0x0, 0x1f, 0xff, 0xfd, 0xff, 0xf1, 0x0, 0x1f,
    0xff, 0xff, 0xff, 0xfb, 0x11, 0xbf, 0xff, 0xff,
    0xcf, 0xff, 0xff, 0xff, 0xff, 0xfc, 0x6f, 0xff,
    0xff, 0xff, 0xff, 0xf6, 0xc, 0xff, 0xff, 0xff,
    0xff, 0xc0, 0x1, 0xcf, 0xff, 0xff, 0xfc, 0x10,
    0x0, 0x6, 0xcf, 0xfc, 0x60, 0x0,

    /* U+F06E "" */
    0x0, 0x0, 0x5, 0xad, 0xff, 0xda, 0x50, 0x0,
    0x0, 0x0, 0x4, 0xdf, 0xfc, 0x88, 0xcf, 0xfd,
    0x40, 0x0, 0x0, 0x7f, 0xfe, 0x40, 0x0, 0x4,
    0xef, 0xf7, 0x0, 0x7, 0xff, 0xf4, 0x0, 0x9e,
    0x80, 0x4f, 0xff, 0x70, 0x4f, 0xff, 0xc0, 0x0,
    0xaf, 0xf8, 0xc, 0xff, 0xf4, 0xdf, 0xff, 0x80,
    0x9a, 0xff, 0xfe, 0x8, 0xff, 0xfd, 0xdf, 0xff,
    0x80, 0xef, 0xff, 0xfe, 0x8, 0xff, 0xfd, 0x4f,
    0xff, 0xc0, 0x8f, 0xff, 0xf8, 0xc, 0xff, 0xf4,
    0x7, 0xff, 0xf4, 0x8, 0xee, 0x80, 0x4f, 0xff,
    0x70, 0x0, 0x8f, 0xfe, 0x40, 0x0, 0x4, 0xef,
    0xf8, 0x0, 0x0, 0x4, 0xdf, 0xfc, 0x88, 0xcf,
    0xfd, 0x40, 0x0, 0x0, 0x0, 0x5, 0xad, 0xff,
    0xda, 0x50, 0x0, 0x0,

    /* U+F070 "" */
    0x8c, 0x20, 0x0, 0x0, 0x0, 0x0, 0x0, 0x0,
    0x0, 0x0, 0xdf, 0xe4, 0x0, 0x0, 0x0, 0x0,
    0x0, 0x0, 0x0, 0x0, 0x1b, 0xff, 0x80, 0x5a,
    0xdf, 0xfd, 0xa5, 0x0, 0x0, 0x0, 0x0, 0x7f,
    0xff, 0xff, 0xc8, 0x8c, 0xff, 0xd4, 0x0, 0x0,
    0x0, 0x4, 0xef, 0xf7, 0x0, 0x0, 0x4e, 0xff,
    0x70, 0x0, 0x0, 0x0, 0x1c, 0xff, 0x69, 0xe8,
    0x4, 0xff, 0xf7, 0x0, 0x4, 0xe3, 0x0, 0x9f,
    0xfe, 0xff, 0x80, 0xcf, 0xff, 0x40, 0xd, 0xff,
    0x70, 0x5, 0xff, 0xff, 0xe0, 0x8f, 0xff, 0xd0,
    0xd, 0xff, 0xf7, 0x0, 0x2d, 0xff, 0xe0, 0x8f,
    0xff, 0xd0, 0x4, 0xff, 0xfc, 0x0, 0x0, 0xaf,
    0xf8, 0xcf, 0xff, 0x30, 0x0, 0x7f, 0xff, 0x40,
    0x0, 0x6, 0xff, 0xff, 0xf7, 0x0, 0x0, 0x8,
    0xff, 0xf4, 0x0, 0x0, 0x3e, 0xff, 0xa0, 0x0,
    0x0, 0x0, 0x4d, 0xff, 0xc8, 0x82, 0x1, 0xbf,
    0xf7, 0x0, 0x0, 0x0, 0x0, 0x5a, 0xdf, 0xfc,
    0x10, 0x8, 0xff, 0xb0, 0x0, 0x0, 0x0, 0x0,
    0x0, 0x0, 0x0, 0x0, 0x4e, 0xfd, 0x0, 0x0,
    0x0, 0x0, 0x0, 0x0, 0x0, 0x0, 0x2, 0xc8,

    /* U+F071 "" */
    0x0, 0x0, 0x0, 0x0, 0x2d, 0xd2, 0x0, 0x0,
    0x0, 0x0, 0x0, 0x0, 0x0, 0x0, 0xbf, 0xfc,
    0x0, 0x0, 0x0, 0x0, 0x0, 0x0, 0x0, 0x4,
    0xff, 0xff, 0x50, 0x0, 0x0, 0x0, 0x0, 0x0,
    0x0, 0xd, 0xff, 0xff, 0xe0, 0x0, 0x0, 0x0,
    0x0, 0x0, 0x0, 0x7f, 0xff, 0xff, 0xf8, 0x0,
    0x0, 0x0, 0x0, 0x0, 0x1, 0xff, 0xd8, 0x8d,
    0xff, 0x10, 0x0, 0x0, 0x0, 0x0, 0x9, 0xff,
    0xb0, 0xa, 0xff, 0xa0, 0x0, 0x0, 0x0, 0x0,
    0x2f, 0xff, 0xb0, 0xb, 0xff, 0xf3, 0x0, 0x0,
    0x0, 0x0, 0xcf, 0xff, 0xc0, 0xc, 0xff, 0xfc,
    0x0, 0x0, 0x0, 0x5, 0xff, 0xff, 0xd0, 0xc,
    0xff, 0xff, 0x60, 0x0, 0x0, 0xd, 0xff, 0xff,
    0xf9, 0x9f, 0xff, 0xff, 0xe0, 0x0, 0x0, 0x7f,
    0xff, 0xff, 0xe2, 0x2d, 0xff, 0xff, 0xf8, 0x0,
    0x1, 0xff, 0xff, 0xff, 0xa0, 0x9, 0xff, 0xff,
    0xff, 0x20, 0xa, 0xff, 0xff, 0xff, 0xe3, 0x3e,
    0xff, 0xff, 0xff, 0xb0, 0xe, 0xff, 0xff, 0xff,
    0xff, 0xff, 0xff, 0xff, 0xff, 0xf0, 0x7, 0xff,
    0xff, 0xff, 0xff, 0xff, 0xff, 0xff, 0xff, 0x80,

    /* U+F072 "" */
    0x0, 0x0, 0xb, 0xff, 0x40, 0x0, 0x0, 0x0,
    0x0, 0x0, 0x0, 0x0, 0x8f, 0xfd, 0x0, 0x0,
    0x0, 0x0, 0x0, 0x0, 0x0, 0x3, 0xff, 0xf7,
    0x0, 0x0, 0x0, 0x0, 0x0, 0x0, 0x0, 0xf,
    0xff, 0xf1, 0x0, 0x0, 0x0, 0x0, 0xdf, 0x60,
    0x0, 0xaf, 0xff, 0x90, 0x0, 0x0, 0x0, 0xb,
    0xff, 0x30, 0x6, 0xff, 0xff, 0x30, 0x0, 0x0,
    0x0, 0x6f, 0xff, 0xff, 0xff, 0xff, 0xff, 0xff,
    0xfe, 0x91, 0x1, 0xff, 0xff, 0xff, 0xff, 0xff,
    0xff, 0xff, 0xff, 0xd0, 0x1f, 0xff, 0xff, 0xff,
    0xff, 0xff, 0xff, 0xff, 0xfd, 0x6, 0xff, 0xff,
    0xff, 0xff, 0xff, 0xff, 0xff, 0xe9, 0x10, 0xbf,
    0xf3, 0x0, 0x6f, 0xff, 0xf3, 0x0, 0x0, 0x0,
    0xd, 0xf6, 0x0, 0xa, 0xff, 0xf9, 0x0, 0x0,
    0x0, 0x0, 0x0, 0x0, 0x0, 0xff, 0xff, 0x10,
    0x0, 0x0, 0x0, 0x0, 0x0, 0x0, 0x3f, 0xff,
    0x70, 0x0, 0x0, 0x0, 0x0, 0x0, 0x0, 0x8,
    0xff, 0xd0, 0x0, 0x0, 0x0, 0x0, 0x0, 0x0,
    0x0, 0xbf, 0xf4, 0x0, 0x0, 0x0, 0x0, 0x0,

    /* U+F073 "" */
    0x0, 0xe, 0xe0, 0x0, 0xe, 0xe0, 0x0, 0x0,
    0xf, 0xf0, 0x0, 0xf, 0xf0, 0x0, 0x8f, 0xff,
    0xff, 0xff, 0xff, 0xff, 0xf8, 0xff, 0xff, 0xff,
    0xff, 0xff, 0xff, 0xff, 0xff, 0xff, 0xff, 0xff,
    0xff, 0xff, 0xff, 0x0, 0x0, 0x0, 0x0, 0x0,
    0x0, 0x0, 0xff, 0xff, 0xff, 0xff, 0xff, 0xff,
    0xff, 0xff, 0xff, 0xff, 0xff, 0xff, 0xff, 0xff,
    0xff, 0x0, 0xff, 0x0, 0xff, 0x0, 0xff, 0xff,
    0x0, 0xff, 0x0, 0xff, 0x0, 0xff, 0xff, 0xff,
    0xff, 0xff, 0xff, 0xff, 0xff, 0xff, 0xff, 0xff,
    0xff, 0xff, 0xff, 0xff, 0xff, 0x0, 0xff, 0x0,
    0xff, 0x0, 0xff, 0xff, 0x0, 0xff, 0x0, 0xff,
    0x0, 0xff, 0xff, 0xff, 0xff, 0xff, 0xff, 0xff,
    0xff, 0x8f, 0xff, 0xff, 0xff, 0xff, 0xff, 0xf8,

    /* U+F074 "" */
    0x0, 0x0, 0x0, 0x0, 0x0, 0x0, 0x0, 0x0,
    0x0, 0x0, 0x0, 0x0, 0x0, 0x0, 0xd8, 0x0,
    0x0, 0x0, 0x0, 0x0, 0x0, 0x0, 0xff, 0x80,
    0xff, 0xff, 0x70, 0x0, 0x7, 0xff, 0xff, 0xf8,
    0xff, 0xff, 0xf6, 0x0, 0x6f, 0xff, 0xff, 0xfd,
    0x78, 0x8e, 0xff, 0x15, 0xff, 0xe8, 0xff, 0xe2,
    0x0, 0x2, 0xe5, 0x4f, 0xfe, 0x20, 0xfe, 0x20,
    0x0, 0x0, 0x13, 0xff, 0xf3, 0x0, 0x52, 0x0,
    0x0, 0x0, 0x3f, 0xff, 0x31, 0x0, 0x52, 0x0,
    0x0, 0x2, 0xef, 0xf4, 0x5e, 0x20, 0xfe, 0x20,
    0x78, 0x8e, 0xff, 0x51, 0xff, 0xe8, 0xff, 0xe2,
    0xff, 0xff, 0xf6, 0x0, 0x6f, 0xff, 0xff, 0xfd,
    0xff, 0xff, 0x70, 0x0, 0x7, 0xff, 0xff, 0xf8,
    0x0, 0x0, 0x0, 0x0, 0x0, 0x0, 0xff, 0x80,
    0x0, 0x0, 0x0, 0x0, 0x0, 0x0, 0xd8, 0x0,
    0x0, 0x0, 0x0, 0x0, 0x0, 0x0, 0x0, 0x0,

    /* U+F075 "" */
    0x0, 0x0, 0x5a, 0xdf, 0xfe, 0xa5, 0x0, 0x0,
    0x0, 0x3, 0xdf, 0xff, 0xff, 0xff, 0xfd, 0x30,
    0x0, 0x4, 0xff, 0xff, 0xff, 0xff, 0xff, 0xff,
    0x50, 0x1, 0xff, 0xff, 0xff, 0xff, 0xff, 0xff,
    0xff, 0x20, 0x9f, 0xff, 0xff, 0xff, 0xff, 0xff,
    0xff, 0xf9, 0xd, 0xff, 0xff, 0xff, 0xff, 0xff,
    0xff, 0xff, 0xe0, 0xff, 0xff, 0xff, 0xff, 0xff,
    0xff, 0xff, 0xff, 0xd, 0xff, 0xff, 0xff, 0xff,
    0xff, 0xff, 0xff, 0xe0, 0x9f, 0xff, 0xff, 0xff,
    0xff, 0xff, 0xff, 0xf9, 0x1, 0xff, 0xff, 0xff,
    0xff, 0xff, 0xff, 0xff, 0x20, 0x5, 0xff, 0xff,
    0xff, 0xff, 0xff, 0xff, 0x50, 0x0, 0x9f, 0xff,
    0xff, 0xff, 0xff, 0xfd, 0x30, 0x0, 0x2f, 0xff,
    0x9a, 0xdf, 0xfe, 0xa5, 0x0, 0x0, 0xb, 0xd9,
    0x20, 0x0, 0x0, 0x0, 0x0, 0x0, 0x0,

    /* U+F076 "" */
    0x2, 0x22, 0x10, 0x0, 0x0, 0x1, 0x22, 0x20,
    0xdf, 0xff, 0xf5, 0x0, 0x0, 0x5f, 0xff, 0xfd,
    0xff, 0xff, 0xf8, 0x0, 0x0, 0x8f, 0xff, 0xff,
    0xff, 0xff, 0xf8, 0x0, 0x0, 0x8f, 0xff, 0xff,
    0xcd, 0xdd, 0xd6, 0x0, 0x0, 0x6d, 0xdd, 0xdc,
    0x22, 0x22, 0x20, 0x0, 0x0, 0x2, 0x22, 0x22,
    0xff, 0xff, 0xf7, 0x0, 0x0, 0x7f, 0xff, 0xff,
    0xff, 0xff, 0xf8, 0x0, 0x0, 0x8f, 0xff, 0xff,
    0xff, 0xff, 0xf9, 0x0, 0x0, 0x9f, 0xff, 0xff,
    0xdf, 0xff, 0xfe, 0x0, 0x0, 0xef, 0xff, 0xfc,
    0x8f, 0xff, 0xff, 0xc4, 0x4c, 0xff, 0xff, 0xf8,
    0x1e, 0xff, 0xff, 0xff, 0xff, 0xff, 0xff, 0xf1,
    0x4, 0xff, 0xff, 0xff, 0xff, 0xff, 0xff, 0x40,
    0x0, 0x5f, 0xff, 0xff, 0xff, 0xff, 0xf6, 0x0,
    0x0, 0x2, 0xbf, 0xff, 0xff, 0xfb, 0x20, 0x0,
    0x0, 0x0, 0x1, 0x68, 0x86, 0x20, 0x0, 0x0,

    /* U+F077 "" */
    0x0, 0x0, 0x0, 0x0, 0x0, 0x0, 0x0, 0x0,
    0x0, 0x1, 0xdd, 0x10, 0x0, 0x0, 0x0, 0x0,
    0x1d, 0xff, 0xd1, 0x0, 0x0, 0x0, 0x1, 0xdf,
    0xff, 0xfd, 0x10, 0x0, 0x0, 0x1d, 0xff, 0x99,
    0xff, 0xd1, 0x0, 0x1, 0xdf, 0xf9, 0x0, 0x9f,
    0xfd, 0x10, 0x1d, 0xff, 0x90, 0x0, 0x9, 0xff,
    0xd1, 0xbf, 0xf9, 0x0, 0x0, 0x0, 0x9f, 0xfb,
    0x5f, 0x90, 0x0, 0x0, 0x0, 0x9, 0xf5, 0x0,
    0x0, 0x0, 0x0, 0x0, 0x0, 0x0,

    /* U+F078 "" */
    0x0, 0x0, 0x0, 0x0, 0x0, 0x0, 0x0, 0x5f,
    0x90, 0x0, 0x0, 0x0, 0x9, 0xf5, 0xbf, 0xf9,
    0x0, 0x0, 0x0, 0x9f, 0xfb, 0x1d, 0xff, 0x90,
    0x0, 0x9, 0xff, 0xd1, 0x1, 0xdf, 0xf9, 0x0,
    0x9f, 0xfd, 0x10, 0x0, 0x1d, 0xff, 0x99, 0xff,
    0xd1, 0x0, 0x0, 0x1, 0xdf, 0xff, 0xfd, 0x10,
    0x0, 0x0, 0x0, 0x1d, 0xff, 0xd1, 0x0, 0x0,
    0x0, 0x0, 0x1, 0xdd, 0x10, 0x0, 0x0, 0x0,
    0x0, 0x0, 0x0, 0x0, 0x0, 0x0,

    /* U+F079 "" */
    0x0, 0x0, 0x0, 0x0, 0x0, 0x0, 0x0, 0x0,
    0x0, 0x0, 0x0, 0x1d, 0xd1, 0x0, 0x0, 0x0,
    0x0, 0x0, 0x0, 0x0, 0x1, 0xdf, 0xfd, 0x10,
    0xef, 0xff, 0xff, 0xff, 0xd0, 0x0, 0x1d, 0xff,
    0xff, 0xd1, 0xaf, 0xff, 0xff, 0xff, 0xf0, 0x0,
    0xcf, 0xcf, 0xfc, 0xfc, 0x0, 0x0, 0x0, 0xf,
    0xf0, 0x0, 0x6b, 0x1f, 0xf1, 0xb6, 0x0, 0x0,
    0x0, 0xf, 0xf0, 0x0, 0x0, 0xf, 0xf0, 0x0,
    0x0, 0x0, 0x0, 0xf, 0xf0, 0x0, 0x0, 0xf,
    0xf0, 0x0, 0x0, 0x0, 0x0, 0xf, 0xf0, 0x0,
    0x0, 0xf, 0xf0, 0x0, 0x0, 0x0, 0x6b, 0x1f,
    0xf1, 0xb6, 0x0, 0xf, 0xf0, 0x0, 0x0, 0x0,
    0xcf, 0xcf, 0xfc, 0xfc, 0x0, 0xf, 0xff, 0xff,
    0xff, 0xfa, 0x1d, 0xff, 0xff, 0xd1, 0x0, 0xd,
    0xff, 0xff, 0xff, 0xfe, 0x1, 0xdf, 0xfd, 0x10,
    0x0, 0x0, 0x0, 0x0, 0x0, 0x0, 0x0, 0x1d,
    0xd1, 0x0, 0x0, 0x0, 0x0, 0x0, 0x0, 0x0,
    0x0, 0x0, 0x0, 0x0,

    /* U+F07A "" */
    0xd, 0xff, 0xf8, 0x0, 0x0, 0x0, 0x0, 0x0,
    0x0, 0x0, 0xd, 0xff, 0xfd, 0x0, 0x0, 0x0,
    0x0, 0x0, 0x0, 0x0, 0x0, 0x0, 0xff, 0xff,
    0xff, 0xff, 0xff, 0xff, 0xff, 0xd0, 0x0, 0x0,
    0xcf, 0xff, 0xff, 0xff, 0xff, 0xff, 0xff, 0xd0,
    0x0, 0x0, 0x9f, 0xff, 0xff, 0xff, 0xff, 0xff,
    0xff, 0x90, 0x0, 0x0, 0x5f, 0xff, 0xff, 0xff,
    0xff, 0xff, 0xff, 0x50, 0x0, 0x0, 0x2f, 0xff,
    0xff, 0xff, 0xff, 0xff, 0xff, 0x20, 0x0, 0x0,
    0xf, 0xff, 0xff, 0xff, 0xff, 0xff, 0xfe, 0x0,
    0x0, 0x0, 0xc, 0xff, 0xff, 0xff, 0xff, 0xff,
    0xfb, 0x0, 0x0, 0x0, 0x8, 0xff, 0xff, 0xff,
    0xff, 0xff, 0xf6, 0x0, 0x0, 0x0, 0x5, 0xfb,
    0x0, 0x0, 0x0, 0x0, 0x0, 0x0, 0x0, 0x0,
    0x2, 0xff, 0xff, 0xff, 0xff, 0xff, 0xc0, 0x0,
    0x0, 0x0, 0x0, 0xff, 0xff, 0xff, 0xff, 0xff,
    0xd0, 0x0, 0x0, 0x0, 0x8, 0xff, 0x80, 0x0,
    0x0, 0x8f, 0xf7, 0x0, 0x0, 0x0, 0xb, 0xff,
    0xa0, 0x0, 0x0, 0xbf, 0xfa, 0x0, 0x0, 0x0,
    0x3, 0xed, 0x30, 0x0, 0x0, 0x3e, 0xd3, 0x0,

    /* U+F07B "" */
    0x8f, 0xff, 0xff, 0xd1, 0x0, 0x0, 0x0, 0x0,
    0xff, 0xff, 0xff, 0xfd, 0x10, 0x0, 0x0, 0x0,
    0xff, 0xff, 0xff, 0xff, 0xff, 0xff, 0xff, 0xf8,
    0xff, 0xff, 0xff, 0xff, 0xff, 0xff, 0xff, 0xff,
    0xff, 0xff, 0xff, 0xff, 0xff, 0xff, 0xff, 0xff,
    0xff, 0xff, 0xff, 0xff, 0xff, 0xff, 0xff, 0xff,
    0xff, 0xff, 0xff, 0xff, 0xff, 0xff, 0xff, 0xff,
    0xff, 0xff, 0xff, 0xff, 0xff, 0xff, 0xff, 0xff,
    0xff, 0xff, 0xff, 0xff, 0xff, 0xff, 0xff, 0xff,
    0xff, 0xff, 0xff, 0xff, 0xff, 0xff, 0xff, 0xff,
    0xff, 0xff, 0xff, 0xff, 0xff, 0xff, 0xff, 0xff,
    0x8f, 0xff, 0xff, 0xff, 0xff, 0xff, 0xff, 0xf8,

    /* U+F07C "" */
    0x8f, 0xff, 0xff, 0xd1, 0x0, 0x0, 0x0, 0x0,
    0x0, 0xf, 0xff, 0xff, 0xff, 0xd1, 0x0, 0x0,
    0x0, 0x0, 0x0, 0xff, 0xff, 0xff, 0xff, 0xff,
    0xff, 0xff, 0x80, 0x0, 0xf, 0xff, 0xff, 0xff,
    0xff, 0xff, 0xff, 0xff, 0x0, 0x0, 0xff, 0xff,
    0xff, 0xff, 0xff, 0xff, 0xff, 0xf0, 0x0, 0xf,
    0xfe, 0x40, 0x0, 0x0, 0x0, 0x0, 0x0, 0x0,
    0x0, 0xff, 0x37, 0xef, 0xff, 0xff, 0xff, 0xff,
    0xff, 0xfd, 0xf, 0x94, 0xff, 0xff, 0xff, 0xff,
    0xff, 0xff, 0xff, 0xa0, 0xe1, 0xdf, 0xff, 0xff,
    0xff, 0xff, 0xff, 0xff, 0xf2, 0x6, 0x7f, 0xff,
    0xff, 0xff, 0xff, 0xff, 0xff, 0xf8, 0x0, 0x1f,
    0xff, 0xff, 0xff, 0xff, 0xff, 0xff, 0xfe, 0x0,
    0x3, 0xff, 0xff, 0xff, 0xff, 0xff, 0xff, 0xfd,
    0x30, 0x0,

    /* U+F080 "" */
    0xee, 0x0, 0x0, 0x0, 0x0, 0x0, 0xf, 0xf0,
    0xff, 0x0, 0x0, 0xf, 0xf0, 0x0, 0xf, 0xf0,
    0xff, 0x0, 0x0, 0xf, 0xf0, 0x0, 0xf, 0xf0,
    0xff, 0x0, 0x0, 0xf, 0xf0, 0xff, 0xf, 0xf0,
    0xff, 0x0, 0x0, 0xf, 0xf0, 0xff, 0xf, 0xf0,
    0xff, 0x0, 0xff, 0xf, 0xf0, 0xff, 0xf, 0xf0,
    0xff, 0x0, 0xff, 0xf, 0xf0, 0xff, 0xf, 0xf0,
    0xff, 0x0, 0xff, 0xf, 0xf0, 0xff, 0xf, 0xf0,
    0xff, 0x0, 0x0, 0x0, 0x0, 0x0, 0x0, 0x0,
    0xff, 0x0, 0x0, 0x0, 0x0, 0x0, 0x0, 0x0,
    0xff, 0xff, 0xff, 0xff, 0xff, 0xff, 0xff, 0xfe,
    0xcf, 0xff, 0xff, 0xff, 0xff, 0xff, 0xff, 0xfe,

    /* U+F083 "" */
    0x8f, 0xff, 0xff, 0xff, 0xff, 0xff, 0xff, 0xf8,
    0xf1, 0x0, 0xf, 0x30, 0x0, 0x0, 0x0, 0x1f,
    0xf8, 0x88, 0x85, 0x0, 0x0, 0x0, 0x0, 0xf,
    0xf0, 0x0, 0x0, 0x0, 0x0, 0x0, 0x0, 0xf,
    0xff, 0xff, 0xff, 0xfc, 0xcf, 0xff, 0xff, 0xff,
    0xff, 0xff, 0xfb, 0x13, 0x31, 0xbf, 0xff, 0xff,
    0xff, 0xff, 0xd1, 0xb8, 0xcc, 0x1d, 0xff, 0xff,
    0xff, 0xff, 0x68, 0x45, 0xdf, 0x86, 0xff, 0xff,
    0xff, 0xff, 0x4b, 0x2f, 0xff, 0xb4, 0xff, 0xff,
    0xff, 0xff, 0x67, 0xff, 0xff, 0x76, 0xff, 0xff,
    0xff, 0xff, 0xd0, 0xaf, 0xfa, 0xd, 0xff, 0xff,
    0xff, 0xff, 0xfb, 0x10, 0x1, 0xbf, 0xff, 0xff,
    0xff, 0xff, 0xff, 0xfc, 0xcf, 0xff, 0xff, 0xff,
    0x8f, 0xff, 0xff, 0xff, 0xff, 0xff, 0xff, 0xf8,

    /* U+F084 "" */
    0x0, 0x0, 0x0, 0x2, 0x9e, 0xfe, 0x92, 0x0,
    0x0, 0x0, 0x0, 0x4f, 0xff, 0xff, 0xff, 0x40,
    0x0, 0x0, 0x2, 0xff, 0xff, 0xfa, 0xaf, 0xf2,
    0x0, 0x0, 0x9, 0xff, 0xff, 0xa0, 0xa, 0xf9,
    0x0, 0x0, 0xe, 0xff, 0xff, 0xa0, 0xa, 0xfe,
    0x0, 0x0, 0xf, 0xff, 0xff, 0xfa, 0xaf, 0xff,
    0x0, 0x0, 0xe, 0xff, 0xff, 0xff, 0xff, 0xfe,
    0x0, 0x0, 0x1e, 0xff, 0xff, 0xff, 0xff, 0xf9,
    0x0, 0x1, 0xef, 0xff, 0xff, 0xff, 0xff, 0xf2,
    0x0, 0x1e, 0xff, 0xff, 0xff, 0xff, 0xff, 0x40,
    0x1, 0xef, 0xff, 0xff, 0xff, 0xfe, 0x92, 0x0,
    0x1e, 0xff, 0xff, 0xff, 0xd1, 0x0, 0x0, 0x0,
    0xdf, 0xff, 0xff, 0xf0, 0x0, 0x0, 0x0, 0x0,
    0xff, 0xff, 0xff, 0xd0, 0x0, 0x0, 0x0, 0x0,
    0xff, 0xff, 0xf0, 0x0, 0x0, 0x0, 0x0, 0x0,
    0xdf, 0xff, 0xd0, 0x0, 0x0, 0x0, 0x0, 0x0,

    /* U+F085 "" */
    0x0, 0x0, 0x0, 0x0, 0x0, 0x0, 0x0, 0x0,
    0x0, 0x0, 0x0, 0x0, 0x0, 0x0, 0x1, 0x0,
    0x0, 0x0, 0x7, 0xe6, 0xe8, 0x0, 0x0, 0x0,
    0x0, 0xef, 0xf7, 0x0, 0x0, 0xa, 0xff, 0xfb,
    0x0, 0x0, 0x0, 0x1, 0xff, 0xfa, 0x0, 0x0,
    0x9f, 0xc3, 0xbf, 0xa0, 0x0, 0x9a, 0x7f, 0xff,
    0xff, 0xc6, 0xc3, 0xef, 0x70, 0x6f, 0xf0, 0x6,
    0xff, 0xff, 0xff, 0xff, 0xff, 0xfe, 0x2c, 0xfa,
    0xed, 0x10, 0xd, 0xff, 0xff, 0xfb, 0xdf, 0xff,
    0xff, 0x6b, 0xff, 0xfc, 0x0, 0x6, 0xef, 0xfe,
    0x20, 0x9, 0xff, 0xfb, 0x21, 0x60, 0x62, 0x0,
    0x0, 0x9f, 0xf9, 0x0, 0x0, 0xff, 0xf2, 0x0,
    0x0, 0x0, 0x0, 0x0, 0x9f, 0xfa, 0x0, 0x1,
    0xff, 0xf2, 0x0, 0x0, 0x0, 0x0, 0x7, 0xff,
    0xff, 0x40, 0x9, 0xff, 0xfd, 0x22, 0x70, 0x62,
    0x0, 0xd, 0xff, 0xff, 0xfd, 0xef, 0xff, 0xff,
    0x6b, 0xff, 0xfc, 0x0, 0x5, 0xff, 0xff, 0xff,
    0xff, 0xff, 0xfd, 0x2d, 0xe9, 0xed, 0x10, 0x0,
    0x89, 0x6e, 0xff, 0xff, 0xb5, 0xb3, 0xef, 0x70,
    0x6f, 0xf0, 0x0, 0x0, 0x1, 0xff, 0xf9, 0x0,
    0x0, 0x9f, 0xc4, 0xcf, 0x90, 0x0, 0x0, 0x0,
    0xdf, 0xf6, 0x0, 0x0, 0xa, 0xff, 0xfb, 0x0,
    0x0, 0x0, 0x0, 0x0, 0x0, 0x0, 0x0, 0x7,
    0xe6, 0xd8, 0x0, 0x0, 0x0, 0x0, 0x0, 0x0,
    0x0, 0x0, 0x0, 0x0, 0x0, 0x0,

    /* U+F086 "" */
    0x0, 0x6, 0xbe, 0xfe, 0xc6, 0x0, 0x0, 0x0,
    0x0, 0x0, 0x2d, 0xff, 0xff, 0xff, 0xfe, 0x30,
    0x0, 0x0, 0x0, 0x2e, 0xff, 0xff, 0xff, 0xff,
    0xff, 0x20, 0x0, 0x0, 0xa, 0xff, 0xff, 0xff,
    0xff, 0xff, 0xfb, 0x0, 0x0, 0x0, 0xef, 0xff,
    0xff, 0xff, 0xff, 0xff, 0xf0, 0x60, 0x0, 0xe,
    0xff, 0xff, 0xff, 0xff, 0xff, 0xff, 0xf, 0xe2,
    0x0, 0xaf, 0xff, 0xff, 0xff, 0xff, 0xff, 0xb3,
    0xff, 0xf2, 0x2, 0xff, 0xff, 0xff, 0xff, 0xff,
    0xf2, 0xaf, 0xff, 0xb0, 0x2f, 0xff, 0xff, 0xff,
    0xff, 0xe3, 0x6f, 0xff, 0xff, 0xb, 0xd7, 0x6b,
    0xef, 0xec, 0x61, 0x8f, 0xff, 0xff, 0xf0, 0x0,
    0x0, 0x0, 0x1, 0x37, 0xef, 0xff, 0xff, 0xfb,
    0x0, 0x0, 0x0, 0x1e, 0xff, 0xff, 0xff, 0xff,
    0xff, 0x20, 0x0, 0x0, 0x0, 0x3d, 0xff, 0xff,
    0xff, 0xff, 0xf3, 0x0, 0x0, 0x0, 0x0, 0x6,
    0xbe, 0xfe, 0xb6, 0x6c, 0xc0,

    /* U+F089 "" */
    0x0, 0x0, 0x0, 0x0, 0xc0, 0x0, 0x0, 0x0,
    0x5f, 0x0, 0x0, 0x0, 0xd, 0xf0, 0x0, 0x0,
    0x5, 0xff, 0x0, 0x0, 0x13, 0xdf, 0xf1, 0x9c,
    0xff, 0xff, 0xff, 0x4f, 0xff, 0xff, 0xff, 0xf0,
    0x9f, 0xff, 0xff, 0xff, 0x0, 0x9f, 0xff, 0xff,
    0xf0, 0x0, 0x8f, 0xff, 0xff, 0x0, 0x0, 0xdf,
    0xff, 0xf0, 0x0, 0xf, 0xff, 0xff, 0x0, 0x2,
    0xff, 0xff, 0xf0, 0x0, 0x4f, 0xff, 0xff, 0x0,
    0x7, 0xff, 0xf8, 0x10, 0x0, 0x5e, 0x91, 0x0,
    0x0, 0x0, 0x0, 0x0, 0x0,

    /* U+F08D "" */
    0xd, 0xff, 0xff, 0xff, 0xff, 0xd0, 0xf, 0xff,
    0xff, 0xff, 0xff, 0xf0, 0xd, 0xff, 0xff, 0xff,
    0xff, 0xd0, 0x0, 0xf, 0xff, 0xff, 0xf0, 0x0,
    0x0, 0x1f, 0xff, 0xff, 0xf1, 0x0, 0x0, 0x3f,
    0xff, 0xff, 0xf3, 0x0, 0x0, 0x5f, 0xff, 0xff,
    0xf5, 0x0, 0x8, 0xff, 0xff, 0xff, 0xff, 0x80,
    0x6f, 0xff, 0xff, 0xff, 0xff, 0xf6, 0xdf, 0xff,
    0xff, 0xff, 0xff, 0xfd, 0xdf, 0xff, 0xff, 0xff,
    0xff, 0xfd, 0x0, 0x0, 0xf, 0xf0, 0x0, 0x0,
    0x0, 0x0, 0xf, 0xf0, 0x0, 0x0, 0x0, 0x0,
    0xf, 0xf0, 0x0, 0x0, 0x0, 0x0, 0xe, 0xe0,
    0x0, 0x0, 0x0, 0x0, 0x6, 0x60, 0x0, 0x0,

    /* U+F091 "" */
    0x0, 0x0, 0xdf, 0xff, 0xff, 0xff, 0xfd, 0x0,
    0x0, 0x0, 0x0, 0xff, 0xff, 0xff, 0xff, 0xff,
    0x0, 0x0, 0xdf, 0xff, 0xff, 0xff, 0xff, 0xff,
    0xff, 0xff, 0xfd, 0xff, 0xff, 0xff, 0xff, 0xff,
    0xff, 0xff, 0xff, 0xff, 0xff, 0x0, 0xff, 0xff,
    0xff, 0xff, 0xff, 0x0, 0xff, 0xcf, 0x80, 0xdf,
    0xff, 0xff, 0xff, 0xfd, 0x8, 0xfc, 0x4f, 0xfc,
    0xcf, 0xff, 0xff, 0xff, 0xfc, 0xcf, 0xf4, 0x4,
    0xef, 0xff, 0xff, 0xff, 0xff, 0xff, 0xfe, 0x40,
    0x0, 0x7, 0xbf, 0xff, 0xff, 0xff, 0xfb, 0x70,
    0x0, 0x0, 0x0, 0x3, 0xff, 0xff, 0xff, 0x30,
    0x0, 0x0, 0x0, 0x0, 0x0, 0x6f, 0xff, 0xf6,
    0x0, 0x0, 0x0, 0x0, 0x0, 0x0, 0x8, 0xff,
    0x80, 0x0, 0x0, 0x0, 0x0, 0x0, 0x0, 0x8,
    0xff, 0x80, 0x0, 0x0, 0x0, 0x0, 0x0, 0x6,
    0x8c, 0xff, 0xc8, 0x60, 0x0, 0x0, 0x0, 0x0,
    0xcf, 0xff, 0xff, 0xff, 0xfc, 0x0, 0x0, 0x0,
    0x0, 0xff, 0xff, 0xff, 0xff, 0xff, 0x0, 0x0,

    /* U+F093 "" */
    0x0, 0x0, 0x0, 0xb, 0xb0, 0x0, 0x0, 0x0,
    0x0, 0x0, 0x0, 0xbf, 0xfb, 0x0, 0x0, 0x0,
    0x0, 0x0, 0xb, 0xff, 0xff, 0xb0, 0x0, 0x0,
    0x0, 0x0, 0xbf, 0xff, 0xff, 0xfb, 0x0, 0x0,
    0x0, 0xb, 0xff, 0xff, 0xff, 0xff, 0xb0, 0x0,
    0x0, 0x4f, 0xff, 0xff, 0xff, 0xff, 0xf4, 0x0,
    0x0, 0x0, 0x0, 0xff, 0xff, 0x0, 0x0, 0x0,
    0x0, 0x0, 0x0, 0xff, 0xff, 0x0, 0x0, 0x0,
    0x0, 0x0, 0x0, 0xff, 0xff, 0x0, 0x0, 0x0,
    0x0, 0x0, 0x0, 0xff, 0xff, 0x0, 0x0, 0x0,
    0x0, 0x0, 0x0, 0xff, 0xff, 0x0, 0x0, 0x0,
    0xdf, 0xff, 0xf0, 0xdf, 0xfd, 0xf, 0xff, 0xfd,
    0xff, 0xff, 0xf9, 0x0, 0x0, 0x9f, 0xff, 0xff,
    0xff, 0xff, 0xff, 0xff, 0xff, 0xff, 0xff, 0xff,
    0xff, 0xff, 0xff, 0xff, 0xff, 0xf0, 0xe0, 0xff,
    0xdf, 0xff, 0xff, 0xff, 0xff, 0xff, 0xff, 0xfd,

    /* U+F094 "" */
    0x0, 0x0, 0x0, 0x2, 0x57, 0x77, 0x67, 0xca,
    0x10, 0x0, 0x0, 0x2, 0xbf, 0xff, 0xff, 0xff,
    0xff, 0xc0, 0x0, 0x0, 0x6f, 0xf8, 0x4f, 0xff,
    0xff, 0xff, 0xf0, 0x0, 0x6, 0xfd, 0x25, 0xcf,
    0xff, 0xff, 0xff, 0xc0, 0x0, 0x3f, 0xd1, 0x9f,
    0xff, 0xff, 0xff, 0xff, 0xa0, 0x0, 0xcf, 0x2a,
    0xff, 0xff, 0xff, 0xff, 0xff, 0xa0, 0x3, 0xf8,
    0x5f, 0xff, 0xff, 0xff, 0xff, 0xff, 0xb0, 0x7,
    0xf2, 0xdf, 0xff, 0xff, 0xff, 0xff, 0xff, 0xb0,
    0x8, 0xfe, 0xff, 0xff, 0xff, 0xff, 0xff, 0xff,
    0xa0, 0x9, 0xff, 0xff, 0xff, 0xff, 0xff, 0xff,
    0xff, 0x70, 0x8, 0xff, 0xff, 0xff, 0xff, 0xff,
    0xff, 0xff, 0x20, 0x7, 0xff, 0xff, 0xff, 0xff,
    0xff, 0xff, 0xf9, 0x0, 0x8, 0xff, 0xff, 0xff,
    0xff, 0xff, 0xff, 0xc0, 0x0, 0xd, 0xff, 0xff,
    0xff, 0xff, 0xff, 0xfc, 0x10, 0x0, 0xc, 0xff,
    0xff, 0xff, 0xff, 0xff, 0x90, 0x0, 0x0, 0x2,
    0xef, 0xdb, 0xcd, 0xdb, 0x82, 0x0, 0x0, 0x0,
    0x0, 0x2, 0x0, 0x0, 0x0, 0x0, 0x0, 0x0,
    0x0,

    /* U+F095 "" */
    0x0, 0x0, 0x0, 0x0, 0x0, 0x0, 0x0, 0x0,
    0x0, 0x0, 0x0, 0x0, 0x0, 0x0, 0x0, 0xae,
    0xa6, 0x20, 0x0, 0x0, 0x0, 0x0, 0x0, 0x1,
    0xff, 0xff, 0xf0, 0x0, 0x0, 0x0, 0x0, 0x0,
    0x8, 0xff, 0xff, 0xf0, 0x0, 0x0, 0x0, 0x0,
    0x0, 0xe, 0xff, 0xff, 0xe0, 0x0, 0x0, 0x0,
    0x0, 0x0, 0x1f, 0xff, 0xff, 0xb0, 0x0, 0x0,
    0x0, 0x0, 0x0, 0x3, 0xef, 0xff, 0x70, 0x0,
    0x0, 0x0, 0x0, 0x0, 0x0, 0x4f, 0xff, 0x20,
    0x0, 0x0, 0x0, 0x0, 0x0, 0x0, 0xbf, 0xfc,
    0x0, 0x0, 0x0, 0x0, 0x0, 0x0, 0x6, 0xff,
    0xf4, 0x0, 0x0, 0x0, 0x2, 0x0, 0x0, 0x4f,
    0xff, 0xa0, 0x0, 0x0, 0x28, 0xef, 0x40, 0x6,
    0xff, 0xfd, 0x0, 0x0, 0x9, 0xff, 0xff, 0xe4,
    0xbf, 0xff, 0xe1, 0x0, 0x0, 0xd, 0xff, 0xff,
    0xff, 0xff, 0xfd, 0x10, 0x0, 0x0, 0xa, 0xff,
    0xff, 0xff, 0xff, 0x90, 0x0, 0x0, 0x0, 0x6,
    0xff, 0xff, 0xff, 0xb3, 0x0, 0x0, 0x0, 0x0,
    0x2, 0xff, 0xdb, 0x72, 0x0, 0x0, 0x0, 0x0,
    0x0,

    /* U+F098 "" */
    0x8f, 0xff, 0xff, 0xff, 0xff, 0xff, 0xf8, 0xff,
    0xff, 0xff, 0xff, 0xff, 0xff, 0xff, 0xff, 0xff,
    0xff, 0xff, 0xe1, 0x37, 0xff, 0xff, 0xff, 0xff,
    0xff, 0x80, 0x0, 0xff, 0xff, 0xff, 0xff, 0xff,
    0x20, 0x2, 0xff, 0xff, 0xff, 0xff, 0xff, 0xc1,
    0x6, 0xff, 0xff, 0xff, 0xff, 0xff, 0xf2, 0xb,
    0xff, 0xff, 0xff, 0xff, 0xff, 0x70, 0x4f, 0xff,
    0xff, 0xe8, 0x3c, 0xf7, 0x1, 0xdf, 0xff, 0xff,
    0x10, 0x1, 0x20, 0x1c, 0xff, 0xff, 0xff, 0x30,
    0x0, 0x4, 0xdf, 0xff, 0xff, 0xff, 0x70, 0x26,
    0xbf, 0xff, 0xff, 0xff, 0xff, 0xff, 0xff, 0xff,
    0xff, 0xff, 0xff, 0x8f, 0xff, 0xff, 0xff, 0xff,
    0xff, 0xf8,

    /* U+F09C "" */
    0x0, 0x0, 0x4b, 0xff, 0xb4, 0x0, 0x0, 0x0,
    0x6, 0xff, 0xff, 0xff, 0x60, 0x0, 0x0, 0x2f,
    0xff, 0x99, 0xff, 0xf2, 0x0, 0x0, 0x8f, 0xf3,
    0x0, 0x3f, 0xf9, 0x0, 0x0, 0xbf, 0xc0, 0x0,
    0xc, 0xfb, 0x0, 0x0, 0xcf, 0xc0, 0x0, 0x9,
    0xf9, 0x0, 0x0, 0xcf, 0xc0, 0x0, 0x0, 0x0,
    0x0, 0x0, 0xcf, 0xc0, 0x0, 0x0, 0x0, 0x0,
    0x8f, 0xff, 0xff, 0xff, 0xff, 0xff, 0xf8, 0xff,
    0xff, 0xff, 0xff, 0xff, 0xff, 0xff, 0xff, 0xff,
    0xff, 0xff, 0xff, 0xff, 0xff, 0xff, 0xff, 0xff,
    0xff, 0xff, 0xff, 0xff, 0xff, 0xff, 0xff, 0xff,
    0xff, 0xff, 0xff, 0xff, 0xff, 0xff, 0xff, 0xff,
    0xff, 0xff, 0xff, 0xff, 0xff, 0xff, 0xff, 0xff,
    0xff, 0x8f, 0xff, 0xff, 0xff, 0xff, 0xff, 0xf8,

    /* U+F09D "" */
    0x8f, 0xff, 0xff, 0xff, 0xff, 0xff, 0xff, 0xff,
    0xf8, 0xff, 0xff, 0xff, 0xff, 0xff, 0xff, 0xff,
    0xff, 0xff, 0xff, 0xff, 0xff, 0xff, 0xff, 0xff,
    0xff, 0xff, 0xff, 0x0, 0x0, 0x0, 0x0, 0x0,
    0x0, 0x0, 0x0, 0x0, 0x0, 0x0, 0x0, 0x0,
    0x0, 0x0, 0x0, 0x0, 0x0, 0x0, 0x0, 0x0,
    0x0, 0x0, 0x0, 0x0, 0x0, 0x0, 0x0, 0x0,
    0x0, 0x0, 0x0, 0x0, 0x0, 0x0, 0x0, 0xff,
    0xff, 0xff, 0xff, 0xff, 0xff, 0xff, 0xff, 0xff,
    0xff, 0xff, 0xff, 0xff, 0xff, 0xff, 0xff, 0xff,
    0xff, 0xff, 0xff, 0xff, 0xff, 0xff, 0xff, 0xff,
    0xff, 0xff, 0xff, 0x0, 0xf, 0x0, 0x0, 0xf,
    0xff, 0xff, 0xff, 0xff, 0x0, 0xf, 0x0, 0x0,
    0xf, 0xff, 0xff, 0xff, 0xff, 0xff, 0xff, 0xff,
    0xff, 0xff, 0xff, 0xff, 0xff, 0x8f, 0xff, 0xff,
    0xff, 0xff, 0xff, 0xff, 0xff, 0xf8,

    /* U+F09E "" */
    0xee, 0xc8, 0x40, 0x0, 0x0, 0x0, 0x0, 0xff,
    0xff, 0xfe, 0x60, 0x0, 0x0, 0x0, 0x7a, 0xcf,
    0xff, 0xfc, 0x20, 0x0, 0x0, 0x0, 0x1, 0x6e,
    0xff, 0xf4, 0x0, 0x0, 0x65, 0x20, 0x0, 0x8f,
    0xff, 0x40, 0x0, 0xff, 0xfd, 0x50, 0x5, 0xff,
    0xf2, 0x0, 0xef, 0xff, 0xfb, 0x0, 0x5f, 0xfd,
    0x0, 0x2, 0x7e, 0xff, 0xd0, 0x8, 0xff, 0x60,
    0x0, 0x0, 0xaf, 0xfb, 0x0, 0xef, 0xe0, 0x0,
    0x0, 0xa, 0xff, 0x50, 0x6f, 0xf4, 0x4e, 0xe4,
    0x0, 0xef, 0xd0, 0x1f, 0xf8, 0xef, 0xfe, 0x0,
    0x7f, 0xf2, 0xc, 0xfc, 0xef, 0xfe, 0x0, 0x2f,
    0xf5, 0xa, 0xfe, 0x4e, 0xe4, 0x0, 0xe, 0xf6,
    0x7, 0xfe,

    /* U+F0A0 "" */
    0x0, 0x4, 0xef, 0xff, 0xff, 0xff, 0xfe, 0x40,
    0x0, 0x0, 0x1e, 0xff, 0xff, 0xff, 0xff, 0xff,
    0xe1, 0x0, 0x0, 0xaf, 0xff, 0xff, 0xff, 0xff,
    0xff, 0xfa, 0x0, 0x5, 0xff, 0xff, 0xff, 0xff,
    0xff, 0xff, 0xff, 0x50, 0x1e, 0xff, 0xff, 0xff,
    0xff, 0xff, 0xff, 0xff, 0xe1, 0x0, 0x0, 0x0,
    0x0, 0x0, 0x0, 0x0, 0x0, 0x0, 0x8f, 0xff,
    0xff, 0xff, 0xff, 0xff, 0xff, 0xff, 0xf8, 0xff,
    0xff, 0xff, 0xff, 0xff, 0xff, 0xff, 0xff, 0xff,
    0xff, 0xff, 0xff, 0xff, 0xff, 0xf3, 0x3f, 0x33,
    0xff, 0xff, 0xff, 0xff, 0xff, 0xff, 0xf3, 0x3f,
    0x33, 0xff, 0xff, 0xff, 0xff, 0xff, 0xff, 0xff,
    0xff, 0xff, 0xff, 0x8f, 0xff, 0xff, 0xff, 0xff,
    0xff, 0xff, 0xff, 0xf8,

    /* U+F0A1 "" */
    0x0, 0x0, 0x0, 0x0, 0x0, 0x0, 0x0, 0x2c,
    0xb0, 0x0, 0x0, 0x0, 0x0, 0x0, 0x0, 0x4,
    0xef, 0xf0, 0x0, 0x0, 0x0, 0x0, 0x0, 0x0,
    0x8f, 0xff, 0xf0, 0x0, 0x0, 0x0, 0x0, 0x2,
    0x6d, 0xff, 0x7f, 0xf0, 0x4e, 0xff, 0xff, 0xff,
    0xff, 0xff, 0xd3, 0xf, 0xf0, 0xef, 0xff, 0xff,
    0xff, 0xfd, 0xa5, 0x0, 0xf, 0xf0, 0xff, 0xff,
    0xff, 0xff, 0x0, 0x0, 0x0, 0xf, 0xfa, 0xff,
    0xff, 0xff, 0xff, 0x0, 0x0, 0x0, 0xf, 0xff,
    0xff, 0xff, 0xff, 0xff, 0x0, 0x0, 0x0, 0xf,
    0xfa, 0xef, 0xff, 0xff, 0xff, 0xfd, 0xa5, 0x0,
    0xf, 0xf0, 0x4e, 0xff, 0xff, 0xff, 0xff, 0xff,
    0xd3, 0xf, 0xf0, 0x0, 0xf, 0xff, 0xf0, 0x2,
    0x7d, 0xff, 0x7f, 0xf0, 0x0, 0xf, 0xff, 0xf1,
    0x0, 0x0, 0x8f, 0xff, 0xf0, 0x0, 0xd, 0xff,
    0xf5, 0x0, 0x0, 0x4, 0xff, 0xf0, 0x0, 0x8,
    0xff, 0xfd, 0x0, 0x0, 0x0, 0x2c, 0xb0, 0x0,
    0x2, 0xff, 0xfb, 0x0, 0x0, 0x0, 0x0, 0x0,

    /* U+F0A3 "" */
    0x0, 0x0, 0x0, 0x0, 0x0, 0x0, 0x0, 0x0,
    0x0, 0x0, 0x0, 0x0, 0x8c, 0x10, 0xc9, 0x0,
    0x0, 0x0, 0x0, 0x0, 0x0, 0xdf, 0xcc, 0xfe,
    0x0, 0x0, 0x0, 0x0, 0xe, 0xd9, 0xff, 0xff,
    0xff, 0xad, 0xf0, 0x0, 0x0, 0xd, 0xff, 0xff,
    0xff, 0xff, 0xff, 0xe0, 0x0, 0x0, 0x9, 0xff,
    0xff, 0xff, 0xff, 0xff, 0xa0, 0x0, 0x8, 0xef,
    0xff, 0xff, 0xff, 0xff, 0xff, 0xfe, 0x90, 0xc,
    0xff, 0xff, 0xff, 0xff, 0xff, 0xff, 0xff, 0xc0,
    0x0, 0xcf, 0xff, 0xff, 0xff, 0xff, 0xff, 0xfc,
    0x10, 0x0, 0xcf, 0xff, 0xff, 0xff, 0xff, 0xff,
    0xfc, 0x10, 0xc, 0xff, 0xff, 0xff, 0xff, 0xff,
    0xff, 0xff, 0xc0, 0x8, 0xef, 0xff, 0xff, 0xff,
    0xff, 0xff, 0xfe, 0x90, 0x0, 0x9, 0xff, 0xff,
    0xff, 0xff, 0xff, 0xa0, 0x0, 0x0, 0xd, 0xff,
    0xff, 0xff, 0xff, 0xff, 0xe0, 0x0, 0x0, 0xe,
    0xd9, 0xff, 0xff, 0xff, 0xad, 0xf0, 0x0, 0x0,
    0x0, 0x0, 0xdf, 0xcc, 0xfe, 0x0, 0x0, 0x0,
    0x0, 0x0, 0x0, 0x8c, 0x10, 0xc9, 0x0, 0x0,
    0x0, 0x0, 0x0, 0x0, 0x0, 0x0, 0x0, 0x0,
    0x0, 0x0,

    /* U+F0A4 "" */
    0x0, 0x0, 0x0, 0x1, 0xdd, 0x20, 0x0, 0x0,
    0x0, 0x0, 0x0, 0xb, 0xff, 0x70, 0x0, 0x0,
    0x0, 0x0, 0x4, 0xdf, 0xff, 0x42, 0x22, 0x10,
    0x58, 0x51, 0xbf, 0xff, 0xff, 0xff, 0xff, 0xfa,
    0xff, 0xf7, 0xff, 0xff, 0xff, 0xff, 0xff, 0xfe,
    0xff, 0xf8, 0xff, 0xff, 0xff, 0xfd, 0x99, 0x93,
    0xff, 0xf8, 0xff, 0xff, 0xff, 0xfc, 0x0, 0x0,
    0xff, 0xf8, 0xff, 0xff, 0xff, 0xf8, 0x0, 0x0,
    0xff, 0xf8, 0xff, 0xff, 0xff, 0xf6, 0x0, 0x0,
    0xf0, 0xf8, 0xff, 0xff, 0xff, 0xe2, 0x0, 0x0,
    0xdf, 0xd4, 0xef, 0xff, 0xff, 0xc0, 0x0, 0x0,
    0x0, 0x0, 0x4, 0xbf, 0xfd, 0x30, 0x0, 0x0,

    /* U+F0A5 "" */
    0x0, 0x0, 0x0, 0x2d, 0xc0, 0x0, 0x0, 0x0,
    0x0, 0x0, 0x0, 0x7, 0xff, 0xa0, 0x0, 0x0,
    0x0, 0x0, 0x12, 0x22, 0x5f, 0xff, 0xc3, 0x0,
    0x0, 0x0, 0xbf, 0xff, 0xff, 0xff, 0xff, 0xfb,
    0x5, 0x85, 0xf, 0xff, 0xff, 0xff, 0xff, 0xff,
    0xf6, 0xff, 0xf0, 0x49, 0x99, 0xdf, 0xff, 0xff,
    0xff, 0x8f, 0xff, 0x0, 0x0, 0xd, 0xff, 0xff,
    0xff, 0xf8, 0xff, 0xf0, 0x0, 0x0, 0x9f, 0xff,
    0xff, 0xff, 0x8f, 0xff, 0x0, 0x0, 0x7, 0xff,
    0xff, 0xff, 0xf8, 0xff, 0xf0, 0x0, 0x0, 0x2f,
    0xff, 0xff, 0xff, 0x8e, 0x1f, 0x0, 0x0, 0x0,
    0xcf, 0xff, 0xff, 0xe3, 0xdf, 0xc0, 0x0, 0x0,
    0x4, 0xdf, 0xeb, 0x40, 0x0, 0x0,

    /* U+F0A6 "" */
    0x0, 0xa, 0xe4, 0x0, 0x0, 0x0, 0x0, 0x1,
    0xff, 0x90, 0x0, 0x0, 0x0, 0x0, 0x1f, 0xfa,
    0x0, 0x0, 0x0, 0x0, 0x1, 0xff, 0xa0, 0x0,
    0x0, 0x0, 0x0, 0x1f, 0xfd, 0xc8, 0x62, 0x0,
    0x1, 0x74, 0xff, 0xff, 0xff, 0xec, 0x40, 0xdf,
    0xff, 0xff, 0xff, 0xff, 0xfd, 0xc, 0xff, 0xff,
    0xff, 0xff, 0xff, 0xf0, 0xb, 0xff, 0xff, 0xff,
    0xff, 0xff, 0x0, 0xd, 0xff, 0xff, 0xff, 0xff,
    0xb0, 0x0, 0x3f, 0xff, 0xff, 0xff, 0xf5, 0x0,
    0x0, 0xbf, 0xff, 0xff, 0xfe, 0x0, 0x0, 0x1,
    0x68, 0x88, 0x88, 0x40, 0x0, 0x0, 0x5f, 0xff,
    0xff, 0xfd, 0x0, 0x0, 0x7, 0xff, 0xff, 0xf0,
    0xf0, 0x0, 0x0, 0x5f, 0xff, 0xff, 0xfd, 0x0,

    /* U+F0A7 "" */
    0x0, 0x5, 0xff, 0xff, 0xff, 0xd0, 0x0, 0x0,
    0x7f, 0xff, 0xff, 0xf, 0x0, 0x0, 0x5, 0xff,
    0xff, 0xff, 0xe0, 0x0, 0x0, 0x6, 0x77, 0x77,
    0x73, 0x0, 0x0, 0xa, 0xff, 0xff, 0xff, 0xe0,
    0x0, 0x2, 0xff, 0xff, 0xff, 0xff, 0x40, 0x0,
    0xcf, 0xff, 0xff, 0xff, 0xfb, 0x0, 0x9f, 0xff,
    0xff, 0xff, 0xff, 0xf0, 0xbf, 0xff, 0xff, 0xff,
    0xff, 0xff, 0xd, 0xff, 0xff, 0xff, 0xff, 0xff,
    0xe0, 0x28, 0x5f, 0xff, 0xff, 0xff, 0xd5, 0x0,
    0x1, 0xff, 0xee, 0xa8, 0x30, 0x0, 0x0, 0x1f,
    0xfa, 0x0, 0x0, 0x0, 0x0, 0x1, 0xff, 0xa0,
    0x0, 0x0, 0x0, 0x0, 0x1f, 0xf9, 0x0, 0x0,
    0x0, 0x0, 0x0, 0xbf, 0x40, 0x0, 0x0, 0x0,
    0x0, 0x0, 0x0, 0x0, 0x0, 0x0, 0x0,

    /* U+F0A8 "" */
    0x0, 0x0, 0x5, 0x9b, 0xb9, 0x50, 0x0, 0x0,
    0x0, 0x4, 0xdf, 0xff, 0xff, 0xfd, 0x40, 0x0,
    0x0, 0x6f, 0xff, 0xff, 0xff, 0xff, 0xf6, 0x0,
    0x4, 0xff, 0xff, 0xf6, 0x5f, 0xff, 0xff, 0x40,
    0xd, 0xff, 0xff, 0x50, 0x1f, 0xff, 0xff, 0xd0,
    0x5f, 0xff, 0xf5, 0x1, 0xcf, 0xff, 0xff, 0xf5,
    0x9f, 0xff, 0x50, 0x1d, 0xff, 0xff, 0xff, 0xf9,
    0xbf, 0xf6, 0x0, 0x0, 0x0, 0x0, 0x2f, 0xfb,
    0xbf, 0xf6, 0x0, 0x0, 0x0, 0x0, 0x2f, 0xfb,
    0x9f, 0xff, 0x50, 0x1d, 0xff, 0xff, 0xff, 0xf9,
    0x5f, 0xff, 0xf5, 0x1, 0xcf, 0xff, 0xff, 0xf5,
    0xe, 0xff, 0xff, 0x50, 0x1f, 0xff, 0xff, 0xd0,
    0x4, 0xff, 0xff, 0xf6, 0x5f, 0xff, 0xff, 0x40,
    0x0, 0x6f, 0xff, 0xff, 0xff, 0xff, 0xf6, 0x0,
    0x0, 0x4, 0xef, 0xff, 0xff, 0xfd, 0x40, 0x0,
    0x0, 0x0, 0x5, 0x9b, 0xb9, 0x50, 0x0, 0x0,

    /* U+F0A9 "" */
    0x0, 0x0, 0x5, 0x9b, 0xb9, 0x50, 0x0, 0x0,
    0x0, 0x4, 0xdf, 0xff, 0xff, 0xfd, 0x40, 0x0,
    0x0, 0x6f, 0xff, 0xff, 0xff, 0xff, 0xf6, 0x0,
    0x4, 0xff, 0xff, 0xf5, 0x6f, 0xff, 0xff, 0x40,
    0xd, 0xff, 0xff, 0xf1, 0x5, 0xff, 0xff, 0xd0,
    0x5f, 0xff, 0xff, 0xfc, 0x10, 0x5f, 0xff, 0xf5,
    0x9f, 0xff, 0xff, 0xff, 0xd1, 0x5, 0xff, 0xf9,
    0xbf, 0xf2, 0x0, 0x0, 0x0, 0x0, 0x6f, 0xfb,
    0xbf, 0xf2, 0x0, 0x0, 0x0, 0x0, 0x6f, 0xfb,
    0x9f, 0xff, 0xff, 0xff, 0xd1, 0x5, 0xff, 0xf9,
    0x5f, 0xff, 0xff, 0xfc, 0x10, 0x5f, 0xff, 0xf5,
    0xe, 0xff, 0xff, 0xf1, 0x5, 0xff, 0xff, 0xd0,
    0x4, 0xff, 0xff, 0xf5, 0x6f, 0xff, 0xff, 0x40,
    0x0, 0x6f, 0xff, 0xff, 0xff, 0xff, 0xf6, 0x0,
    0x0, 0x4, 0xef, 0xff, 0xff, 0xfd, 0x40, 0x0,
    0x0, 0x0, 0x5, 0x9b, 0xb9, 0x50, 0x0, 0x0,

    /* U+F0AA "" */
    0x0, 0x0, 0x5, 0x9b, 0xb9, 0x50, 0x0, 0x0,
    0x0, 0x4, 0xef, 0xff, 0xff, 0xfe, 0x40, 0x0,
    0x0, 0x7f, 0xff, 0xff, 0xff, 0xff, 0xf7, 0x0,
    0x4, 0xff, 0xff, 0xf6, 0x6f, 0xff, 0xff, 0x40,
    0xe, 0xff, 0xff, 0x50, 0x5, 0xff, 0xff, 0xe0,
    0x5f, 0xff, 0xf5, 0x0, 0x0, 0x5f, 0xff, 0xf5,
    0x9f, 0xff, 0x50, 0x10, 0x1, 0x5, 0xff, 0xf9,
    0xbf, 0xf6, 0x1, 0xd0, 0xd, 0x10, 0x6f, 0xfb,
    0xbf, 0xf5, 0x1c, 0xf0, 0xf, 0xc1, 0x5f, 0xfb,
    0x9f, 0xff, 0xff, 0xf0, 0xf, 0xff, 0xff, 0xf9,
    0x5f, 0xff, 0xff, 0xf0, 0xf, 0xff, 0xff, 0xf5,
    0xe, 0xff, 0xff, 0xf0, 0xf, 0xff, 0xff, 0xd0,
    0x4, 0xff, 0xff, 0xf2, 0x2f, 0xff, 0xff, 0x40,
    0x0, 0x6f, 0xff, 0xff, 0xff, 0xff, 0xf6, 0x0,
    0x0, 0x4, 0xef, 0xff, 0xff, 0xfd, 0x40, 0x0,
    0x0, 0x0, 0x5, 0x9b, 0xb9, 0x50, 0x0, 0x0,

    /* U+F0AB "" */
    0x0, 0x0, 0x5, 0x9b, 0xb9, 0x50, 0x0, 0x0,
    0x0, 0x4, 0xdf, 0xff, 0xff, 0xfd, 0x40, 0x0,
    0x0, 0x6f, 0xff, 0xff, 0xff, 0xff, 0xf6, 0x0,
    0x4, 0xff, 0xff, 0xf2, 0x2f, 0xff, 0xff, 0x40,
    0xd, 0xff, 0xff, 0xf0, 0xf, 0xff, 0xff, 0xd0,
    0x5f, 0xff, 0xff, 0xf0, 0xf, 0xff, 0xff, 0xf5,
    0x9f, 0xff, 0xff, 0xf0, 0xf, 0xff, 0xff, 0xf9,
    0xbf, 0xf5, 0x1c, 0xf0, 0xf, 0xc1, 0x5f, 0xfb,
    0xbf, 0xf6, 0x1, 0xd0, 0xd, 0x10, 0x6f, 0xfb,
    0x9f, 0xff, 0x50, 0x10, 0x1, 0x5, 0xff, 0xf9,
    0x5f, 0xff, 0xf5, 0x0, 0x0, 0x5f, 0xff, 0xf5,
    0xe, 0xff, 0xff, 0x50, 0x5, 0xff, 0xff, 0xe0,
    0x4, 0xff, 0xff, 0xf6, 0x6f, 0xff, 0xff, 0x40,
    0x0, 0x7f, 0xff, 0xff, 0xff, 0xff, 0xf7, 0x0,
    0x0, 0x5, 0xef, 0xff, 0xff, 0xfe, 0x40, 0x0,
    0x0, 0x0, 0x5, 0x9b, 0xb9, 0x50, 0x0, 0x0,

    /* U+F0AC "" */
    0x0, 0x0, 0x1, 0x2a, 0x70, 0x20, 0x0, 0x0,
    0x0, 0x6, 0xe1, 0xdf, 0xf5, 0x7c, 0x20, 0x0,
    0x0, 0xaf, 0x94, 0xff, 0xfd, 0x1f, 0xf3, 0x0,
    0x8, 0xff, 0x4a, 0xff, 0xff, 0x2c, 0xfe, 0x10,
    0x2f, 0xff, 0x1d, 0xff, 0xff, 0x68, 0xff, 0xa0,
    0x0, 0x0, 0x0, 0x0, 0x0, 0x0, 0x0, 0x0,
    0xdf, 0xfd, 0x2f, 0xff, 0xff, 0xb4, 0xff, 0xf5,
    0xff, 0xfc, 0x3f, 0xff, 0xff, 0xb4, 0xff, 0xf7,
    0xff, 0xfc, 0x3f, 0xff, 0xff, 0xb4, 0xff, 0xf7,
    0xdf, 0xfd, 0x2f, 0xff, 0xff, 0xb4, 0xff, 0xf5,
    0x0, 0x0, 0x0, 0x0, 0x0, 0x0, 0x0, 0x0,
    0x2f, 0xff, 0x1d, 0xff, 0xff, 0x68, 0xff, 0xa0,
    0x8, 0xff, 0x4a, 0xff, 0xff, 0x2c, 0xfe, 0x10,
    0x0, 0xaf, 0x94, 0xff, 0xfd, 0x1f, 0xf3, 0x0,
    0x0, 0x6, 0xe1, 0xdf, 0xf5, 0x7c, 0x20, 0x0,
    0x0, 0x0, 0x1, 0x2a, 0x70, 0x20, 0x0, 0x0,

    /* U+F0AD "" */
    0x0, 0x0, 0x0, 0x0, 0x0, 0x0, 0x0, 0x0,
    0x0, 0x0, 0x0, 0x0, 0x0, 0x7d, 0xfb, 0x0,
    0x0, 0x0, 0x0, 0x0, 0x0, 0xcf, 0xfe, 0x20,
    0x0, 0x0, 0x0, 0x0, 0x0, 0x7f, 0xfe, 0x20,
    0x0, 0x0, 0x0, 0x0, 0x0, 0xc, 0xff, 0x80,
    0x0, 0x1a, 0x0, 0x0, 0x0, 0x0, 0xef, 0xfb,
    0x0, 0x1d, 0xf0, 0x0, 0x0, 0x0, 0xc, 0xff,
    0xfa, 0x8d, 0xfe, 0x0, 0x0, 0x0, 0x5, 0xff,
    0xff, 0xff, 0xff, 0x80, 0x0, 0x0, 0x5, 0xff,
    0xff, 0xff, 0xff, 0xc0, 0x0, 0x0, 0x5, 0xff,
    0xff, 0xfd, 0xfd, 0x70, 0x0, 0x0, 0x5, 0xff,
    0xff, 0xf5, 0x0, 0x0, 0x0, 0x0, 0x4, 0xff,
    0xff, 0xf5, 0x0, 0x0, 0x0, 0x0, 0x4, 0xff,
    0xff, 0xf5, 0x0, 0x0, 0x0, 0x0, 0x4, 0xff,
    0xff, 0xf5, 0x0, 0x0, 0x0, 0x0, 0x0, 0xda,
    0x9f, 0xf5, 0x0, 0x0, 0x0, 0x0, 0x0, 0xd,
    0x99, 0xf5, 0x0, 0x0, 0x0, 0x0, 0x0, 0x0,
    0x4e, 0xe5, 0x0, 0x0, 0x0, 0x0, 0x0, 0x0,
    0x0,

    /* U+F0AE "" */
    0x0, 0x5, 0xd1, 0x0, 0x0, 0x0, 0x0, 0x0,
    0x4, 0x65, 0xfb, 0xb, 0xff, 0xff, 0xff, 0xff,
    0xf2, 0x7f, 0xfb, 0x0, 0xbf, 0xff, 0xff, 0xff,
    0xff, 0x20, 0x8b, 0x0, 0x0, 0x0, 0x0, 0x0,
    0x0, 0x0, 0x0, 0x0, 0x0, 0x0, 0x0, 0x0,
    0x0, 0x0, 0x0, 0x0, 0x5d, 0x10, 0x0, 0x0,
    0x0, 0x0, 0x0, 0x47, 0x5f, 0xb0, 0xbf, 0xff,
    0xff, 0xff, 0xff, 0x27, 0xff, 0xb0, 0xb, 0xff,
    0xff, 0xff, 0xff, 0xf2, 0x8, 0xb0, 0x0, 0x0,
    0x0, 0x0, 0x0, 0x0, 0x0, 0x0, 0x0, 0x0,
    0x0, 0x0, 0x0, 0x0, 0x0, 0x4, 0x60, 0x0,
    0x0, 0x0, 0x0, 0x0, 0x0, 0x2, 0xff, 0x90,
    0xb, 0xff, 0xff, 0xff, 0xff, 0xf2, 0x2f, 0xf9,
    0x0, 0xbf, 0xff, 0xff, 0xff, 0xff, 0x20, 0x46,
    0x0, 0x0, 0x0, 0x0, 0x0, 0x0, 0x0,

    /* U+F0B0 "" */
    0xd, 0xff, 0xff, 0xff, 0xff, 0xff, 0xff, 0xff,
    0xe0, 0x8, 0xff, 0xff, 0xff, 0xff, 0xff, 0xff,
    0xff, 0x90, 0x0, 0x8f, 0xff, 0xff, 0xff, 0xff,
    0xff, 0xf9, 0x0, 0x0, 0x8, 0xff, 0xff, 0xff,
    0xff, 0xff, 0x90, 0x0, 0x0, 0x0, 0x8f, 0xff,
    0xff, 0xff, 0xf9, 0x0, 0x0, 0x0, 0x0, 0x8,
    0xff, 0xff, 0xff, 0x90, 0x0, 0x0, 0x0, 0x0,
    0x0, 0x8f, 0xff, 0xf9, 0x0, 0x0, 0x0, 0x0,
    0x0, 0x0, 0xf, 0xff, 0xf0, 0x0, 0x0, 0x0,
    0x0, 0x0, 0x0, 0xf, 0xff, 0xf0, 0x0, 0x0,
    0x0, 0x0, 0x0, 0x0, 0xf, 0xff, 0xf0, 0x0,
    0x0, 0x0, 0x0, 0x0, 0x0, 0xf, 0xff, 0xf0,
    0x0, 0x0, 0x0, 0x0, 0x0, 0x0, 0xf, 0xff,
    0xf0, 0x0, 0x0, 0x0, 0x0, 0x0, 0x0, 0xf,
    0xff, 0xf0, 0x0, 0x0, 0x0, 0x0, 0x0, 0x0,
    0xe, 0xff, 0xf0, 0x0, 0x0, 0x0, 0x0, 0x0,
    0x0, 0x3, 0xef, 0xf0, 0x0, 0x0, 0x0, 0x0,
    0x0, 0x0, 0x0, 0xa, 0xe0, 0x0, 0x0, 0x0,
    0x0, 0x0, 0x0, 0x0, 0x0, 0x0, 0x0, 0x0,
    0x0,

    /* U+F0B1 "" */
    0x0, 0x0, 0x8f, 0xff, 0xff, 0xf8, 0x0, 0x0,
    0x0, 0x0, 0xff, 0xff, 0xff, 0xff, 0x0, 0x0,
    0x0, 0x0, 0xff, 0x0, 0x0, 0xff, 0x0, 0x0,
    0x8f, 0xff, 0xff, 0xff, 0xff, 0xff, 0xff, 0xf8,
    0xff, 0xff, 0xff, 0xff, 0xff, 0xff, 0xff, 0xff,
    0xff, 0xff, 0xff, 0xff, 0xff, 0xff, 0xff, 0xff,
    0xff, 0xff, 0xff, 0xff, 0xff, 0xff, 0xff, 0xff,
    0x0, 0x0, 0x0, 0x0, 0x0, 0x0, 0x0, 0x0,
    0xff, 0xff, 0xff, 0x0, 0x0, 0xff, 0xff, 0xff,
    0xff, 0xff, 0xff, 0x10, 0x1, 0xff, 0xff, 0xff,
    0xff, 0xff, 0xff, 0xff, 0xff, 0xff, 0xff, 0xff,
    0xff, 0xff, 0xff, 0xff, 0xff, 0xff, 0xff, 0xff,
    0xff, 0xff, 0xff, 0xff, 0xff, 0xff, 0xff, 0xff,
    0x8f, 0xff, 0xff, 0xff, 0xff, 0xff, 0xff, 0xf8,

    /* U+F0B2 "" */
    0x0, 0x0, 0x0, 0xb, 0xb0, 0x0, 0x0, 0x0,
    0x0, 0x0, 0x0, 0xb, 0xff, 0xc0, 0x0, 0x0,
    0x0, 0x0, 0x0, 0xb, 0xff, 0xff, 0xc0, 0x0,
    0x0, 0x0, 0x0, 0x1, 0xef, 0xff, 0xfe, 0x20,
    0x0, 0x0, 0x0, 0x2, 0x0, 0xd, 0xe0, 0x0,
    0x10, 0x0, 0x0, 0xb, 0xf0, 0x0, 0xde, 0x0,
    0xe, 0xc0, 0x0, 0xb, 0xff, 0x0, 0xd, 0xe0,
    0x0, 0xff, 0xc0, 0xb, 0xff, 0xfe, 0xee, 0xff,
    0xee, 0xef, 0xff, 0xc0, 0xbf, 0xff, 0xee, 0xef,
    0xfe, 0xee, 0xff, 0xfc, 0x0, 0xbf, 0xf0, 0x0,
    0xde, 0x0, 0xf, 0xfc, 0x0, 0x0, 0xbf, 0x0,
    0xd, 0xe0, 0x0, 0xec, 0x0, 0x0, 0x0, 0x10,
    0x0, 0xde, 0x0, 0x1, 0x0, 0x0, 0x0, 0x0,
    0x1e, 0xff, 0xff, 0xe2, 0x0, 0x0, 0x0, 0x0,
    0x0, 0xbf, 0xff, 0xfc, 0x0, 0x0, 0x0, 0x0,
    0x0, 0x0, 0xbf, 0xfc, 0x0, 0x0, 0x0, 0x0,
    0x0, 0x0, 0x0, 0xbc, 0x0, 0x0, 0x0, 0x0,

    /* U+F0C0 "" */
    0x0, 0x0, 0x0, 0x2, 0xbf, 0xe8, 0x0, 0x0,
    0x0, 0x0, 0x0, 0x0, 0x0, 0x1e, 0xff, 0xff,
    0x90, 0x0, 0x0, 0x0, 0x4, 0xee, 0x40, 0x8f,
    0xff, 0xff, 0xf1, 0x4, 0xee, 0x40, 0xe, 0xff,
    0xe0, 0xbf, 0xff, 0xff, 0xf4, 0xe, 0xff, 0xe0,
    0xe, 0xff, 0xe0, 0x8f, 0xff, 0xff, 0xf1, 0xe,
    0xff, 0xe0, 0x4, 0xee, 0x40, 0x1e, 0xff, 0xff,
    0x90, 0x4, 0xee, 0x40, 0x0, 0x0, 0x0, 0x2,
    0xbf, 0xe8, 0x0, 0x0, 0x0, 0x0, 0x4e, 0xff,
    0xe1, 0x0, 0x0, 0x0, 0x0, 0x2e, 0xff, 0xe4,
    0xef, 0xff, 0x45, 0xdf, 0xb8, 0x9d, 0xfc, 0x45,
    0xff, 0xfe, 0xff, 0xf9, 0x4f, 0xff, 0xff, 0xff,
    0xff, 0xf4, 0x9f, 0xff, 0xcf, 0xf3, 0xcf, 0xff,
    0xff, 0xff, 0xff, 0xfc, 0x3f, 0xfc, 0x0, 0x0,
    0xff, 0xff, 0xff, 0xff, 0xff, 0xff, 0x0, 0x0,
    0x0, 0x0, 0xff, 0xff, 0xff, 0xff, 0xff, 0xff,
    0x0, 0x0, 0x0, 0x0, 0x8f, 0xff, 0xff, 0xff,
    0xff, 0xf8, 0x0, 0x0,

    /* U+F0C1 "" */
    0x0, 0x0, 0x0, 0x0, 0x2a, 0xef, 0xd6, 0x0,
    0x0, 0x0, 0x0, 0x0, 0x3e, 0xff, 0xff, 0xfb,
    0x0, 0x0, 0x0, 0x0, 0x3f, 0xff, 0xb8, 0xdf,
    0xf7, 0x0, 0x0, 0x0, 0x3f, 0xff, 0x50, 0x0,
    0xdf, 0xd0, 0x0, 0x0, 0xe, 0xff, 0x50, 0x0,
    0x8, 0xff, 0x0, 0x0, 0x5, 0xff, 0x64, 0xb1,
    0x0, 0xaf, 0xf0, 0x0, 0x31, 0x8f, 0xf0, 0xff,
    0xc0, 0x5f, 0xfa, 0x0, 0x3f, 0x87, 0xff, 0x19,
    0xff, 0x5a, 0xff, 0x20, 0x2e, 0xfb, 0x4f, 0xfa,
    0xf, 0xf8, 0x7f, 0x40, 0x9, 0xff, 0x50, 0xbf,
    0xf0, 0xff, 0x91, 0x30, 0x0, 0xef, 0xb0, 0x1,
    0xb5, 0x5f, 0xf6, 0x0, 0x0, 0xf, 0xf9, 0x0,
    0x0, 0x4f, 0xfe, 0x10, 0x0, 0x0, 0xcf, 0xe1,
    0x0, 0x4f, 0xff, 0x40, 0x0, 0x0, 0x6, 0xff,
    0xe9, 0xaf, 0xff, 0x40, 0x0, 0x0, 0x0, 0xa,
    0xff, 0xff, 0xff, 0x40, 0x0, 0x0, 0x0, 0x0,
    0x6, 0xdf, 0xea, 0x20, 0x0, 0x0, 0x0, 0x0,

    /* U+F0C2 "" */
    0x0, 0x0, 0x4, 0xcf, 0xeb, 0x40, 0x0, 0x0,
    0x0, 0x0, 0x0, 0x0, 0x8f, 0xff, 0xff, 0xf8,
    0x0, 0x0, 0x0, 0x0, 0x0, 0x4, 0xff, 0xff,
    0xff, 0xff, 0xae, 0xe8, 0x0, 0x0, 0x0, 0xc,
    0xff, 0xff, 0xff, 0xff, 0xff, 0xff, 0x80, 0x0,
    0x0, 0xf, 0xff, 0xff, 0xff, 0xff, 0xff, 0xff,
    0xe0, 0x0, 0x0, 0x7f, 0xff, 0xff, 0xff, 0xff,
    0xff, 0xff, 0xe0, 0x0, 0xc, 0xff, 0xff, 0xff,
    0xff, 0xff, 0xff, 0xff, 0xfa, 0x20, 0x7f, 0xff,
    0xff, 0xff, 0xff, 0xff, 0xff, 0xff, 0xff, 0xe2,
    0xdf, 0xff, 0xff, 0xff, 0xff, 0xff, 0xff, 0xff,
    0xff, 0xfa, 0xff, 0xff, 0xff, 0xff, 0xff, 0xff,
    0xff, 0xff, 0xff, 0xfe, 0xdf, 0xff, 0xff, 0xff,
    0xff, 0xff, 0xff, 0xff, 0xff, 0xff, 0x8f, 0xff,
    0xff, 0xff, 0xff, 0xff, 0xff, 0xff, 0xff, 0xfb,
    0xc, 0xff, 0xff, 0xff, 0xff, 0xff, 0xff, 0xff,
    0xff, 0xe2, 0x0, 0x8d, 0xff, 0xff, 0xff, 0xff,
    0xff, 0xff, 0xfb, 0x20,

    /* U+F0C3 "" */
    0x0, 0x0, 0xcf, 0xff, 0xff, 0xfd, 0x0, 0x0,
    0x0, 0x0, 0xcf, 0xff, 0xff, 0xfd, 0x0, 0x0,
    0x0, 0x0, 0xf, 0xf0, 0xf, 0xf0, 0x0, 0x0,
    0x0, 0x0, 0xf, 0xf0, 0xf, 0xf0, 0x0, 0x0,
    0x0, 0x0, 0xf, 0xf0, 0xf, 0xf0, 0x0, 0x0,
    0x0, 0x0, 0xf, 0xf0, 0xf, 0xf0, 0x0, 0x0,
    0x0, 0x0, 0xf, 0xf0, 0xf, 0xf0, 0x0, 0x0,
    0x0, 0x0, 0x7f, 0xd0, 0xc, 0xf8, 0x0, 0x0,
    0x0, 0x1, 0xff, 0x40, 0x3, 0xff, 0x20, 0x0,
    0x0, 0xb, 0xfa, 0x0, 0x0, 0x9f, 0xb0, 0x0,
    0x0, 0x4f, 0xff, 0xff, 0xff, 0xff, 0xf5, 0x0,
    0x0, 0xef, 0xff, 0xff, 0xff, 0xff, 0xfe, 0x10,
    0x8, 0xff, 0xff, 0xff, 0xff, 0xff, 0xff, 0x90,
    0xe, 0xff, 0xff, 0xff, 0xff, 0xff, 0xff, 0xf0,
    0xd, 0xff, 0xff, 0xff, 0xff, 0xff, 0xff, 0xe0,
    0x3, 0xdf, 0xff, 0xff, 0xff, 0xff, 0xfd, 0x40,

    /* U+F0C4 "" */
    0x8, 0xee, 0x80, 0x0, 0x0, 0x6, 0x61, 0x8,
    0xff, 0xff, 0x80, 0x0, 0x2d, 0xff, 0xd0, 0xef,
    0x33, 0xfe, 0x0, 0x2e, 0xff, 0xf3, 0xe, 0xf3,
    0x3f, 0xe0, 0x2e, 0xff, 0xf3, 0x0, 0x8f, 0xff,
    0xff, 0x6e, 0xff, 0xf3, 0x0, 0x0, 0x8e, 0xff,
    0xff, 0xff, 0xf3, 0x0, 0x0, 0x0, 0x2, 0xef,
    0xff, 0xf3, 0x0, 0x0, 0x0, 0x0, 0x2e, 0xff,
    0xff, 0x30, 0x0, 0x0, 0x8, 0xef, 0xff, 0xff,
    0xff, 0x30, 0x0, 0x8, 0xff, 0xff, 0xf6, 0xef,
    0xff, 0x30, 0x0, 0xef, 0x33, 0xfe, 0x2, 0xef,
    0xff, 0x30, 0xe, 0xf3, 0x3f, 0xe0, 0x2, 0xef,
    0xff, 0x30, 0x8f, 0xff, 0xf8, 0x0, 0x2, 0xdf,
    0xfd, 0x0, 0x8e, 0xe8, 0x0, 0x0, 0x0, 0x66,
    0x10,

    /* U+F0C5 "" */
    0x0, 0x0, 0xdf, 0xff, 0xff, 0xd, 0x10, 0x0,
    0x0, 0xff, 0xff, 0xff, 0xf, 0xd1, 0x0, 0x0,
    0xff, 0xff, 0xff, 0xf, 0xfd, 0xdf, 0xf0, 0xff,
    0xff, 0xff, 0x20, 0x0, 0xff, 0xf0, 0xff, 0xff,
    0xff, 0xff, 0xff, 0xff, 0xf0, 0xff, 0xff, 0xff,
    0xff, 0xff, 0xff, 0xf0, 0xff, 0xff, 0xff, 0xff,
    0xff, 0xff, 0xf0, 0xff, 0xff, 0xff, 0xff, 0xff,
    0xff, 0xf0, 0xff, 0xff, 0xff, 0xff, 0xff, 0xff,
    0xf0, 0xff, 0xff, 0xff, 0xff, 0xff, 0xff, 0xf0,
    0xff, 0xff, 0xff, 0xff, 0xff, 0xff, 0xf0, 0xff,
    0xff, 0xff, 0xff, 0xff, 0xff, 0xf0, 0xdf, 0xff,
    0xff, 0xff, 0xfd, 0xff, 0xf9, 0x0, 0x0, 0x0,
    0x0, 0x0, 0xff, 0xff, 0xff, 0xff, 0xff, 0x0,
    0x0, 0xdf, 0xff, 0xff, 0xff, 0xfd, 0x0, 0x0,

    /* U+F0C6 "" */
    0x0, 0x0, 0x0, 0x0, 0x5d, 0xfd, 0x50, 0x0,
    0x0, 0x0, 0x0, 0x7f, 0xff, 0xff, 0x50, 0x0,
    0x0, 0x0, 0x6f, 0xf6, 0x7, 0xfd, 0x0, 0x0,
    0x0, 0x6f, 0xf7, 0x0, 0xf, 0xf0, 0x0, 0x0,
    0x6f, 0xf9, 0xea, 0x4, 0xfe, 0x0, 0x0, 0x5f,
    0xf9, 0xef, 0xb3, 0xff, 0x70, 0x0, 0x5f, 0xf9,
    0xef, 0xc4, 0xff, 0xa0, 0x0, 0x4f, 0xf9, 0xdf,
    0xc4, 0xff, 0xa5, 0x0, 0x2f, 0xf8, 0xdf, 0xc4,
    0xef, 0xbb, 0xf7, 0xa, 0xf9, 0x8f, 0xc3, 0xef,
    0xbb, 0xfe, 0x20, 0xef, 0x2a, 0xf9, 0xef, 0xbb,
    0xfe, 0x20, 0xe, 0xf1, 0x5f, 0xff, 0xbb, 0xfe,
    0x30, 0x0, 0xcf, 0x60, 0x59, 0x7a, 0xff, 0x30,
    0x0, 0x6, 0xff, 0x50, 0x2b, 0xff, 0x30, 0x0,
    0x0, 0xa, 0xff, 0xff, 0xfe, 0x30, 0x0, 0x0,
    0x0, 0x6, 0xdf, 0xea, 0x20, 0x0, 0x0, 0x0,

    /* U+F0C7 "" */
    0x8f, 0xff, 0xff, 0xff, 0xff, 0xc1, 0x0, 0xff,
    0xff, 0xff, 0xff, 0xff, 0xfd, 0x10, 0xff, 0x0,
    0x0, 0x0, 0x1, 0xff, 0xd1, 0xff, 0x0, 0x0,
    0x0, 0x0, 0xff, 0xfc, 0xff, 0x0, 0x0, 0x0,
    0x0, 0xff, 0xff, 0xff, 0x0, 0x0, 0x0, 0x0,
    0xff, 0xff, 0xff, 0xff, 0xff, 0xff, 0xff, 0xff,
    0xff, 0xff, 0xff, 0xff, 0xff, 0xff, 0xff, 0xff,
    0xff, 0xff, 0xfb, 0x11, 0xbf, 0xff, 0xff, 0xff,
    0xff, 0xf1, 0x0, 0x1f, 0xff, 0xff, 0xff, 0xff,
    0xf1, 0x0, 0x1f, 0xff, 0xff, 0xff, 0xff, 0xfb,
    0x11, 0xbf, 0xff, 0xff, 0xff, 0xff, 0xff, 0xff,
    0xff, 0xff, 0xff, 0x8f, 0xff, 0xff, 0xff, 0xff,
    0xff, 0xf8,

    /* U+F0C8 "" */
    0x8f, 0xff, 0xff, 0xff, 0xff, 0xff, 0xf8, 0xff,
    0xff, 0xff, 0xff, 0xff, 0xff, 0xff, 0xff, 0xff,
    0xff, 0xff, 0xff, 0xff, 0xff, 0xff, 0xff, 0xff,
    0xff, 0xff, 0xff, 0xff, 0xff, 0xff, 0xff, 0xff,
    0xff, 0xff, 0xff, 0xff, 0xff, 0xff, 0xff, 0xff,
    0xff, 0xff, 0xff, 0xff, 0xff, 0xff, 0xff, 0xff,
    0xff, 0xff, 0xff, 0xff, 0xff, 0xff, 0xff, 0xff,
    0xff, 0xff, 0xff, 0xff, 0xff, 0xff, 0xff, 0xff,
    0xff, 0xff, 0xff, 0xff, 0xff, 0xff, 0xff, 0xff,
    0xff, 0xff, 0xff, 0xff, 0xff, 0xff, 0xff, 0xff,
    0xff, 0xff, 0xff, 0xff, 0xff, 0xff, 0xff, 0xff,
    0xff, 0xff, 0xff, 0x8f, 0xff, 0xff, 0xff, 0xff,
    0xff, 0xf8,

    /* U+F0C9 "" */
    0x12, 0x22, 0x22, 0x22, 0x22, 0x22, 0x21, 0xff,
    0xff, 0xff, 0xff, 0xff, 0xff, 0xff, 0xff, 0xff,
    0xff, 0xff, 0xff, 0xff, 0xff, 0x12, 0x22, 0x22,
    0x22, 0x22, 0x22, 0x21, 0x0, 0x0, 0x0, 0x0,
    0x0, 0x0, 0x0, 0x12, 0x22, 0x22, 0x22, 0x22,
    0x22, 0x21, 0xff, 0xff, 0xff, 0xff, 0xff, 0xff,
    0xff, 0xff, 0xff, 0xff, 0xff, 0xff, 0xff, 0xff,
    0x12, 0x22, 0x22, 0x22, 0x22, 0x22, 0x21, 0x0,
    0x0, 0x0, 0x0, 0x0, 0x0, 0x0, 0x12, 0x22,
    0x22, 0x22, 0x22, 0x22, 0x21, 0xff, 0xff, 0xff,
    0xff, 0xff, 0xff, 0xff, 0xff, 0xff, 0xff, 0xff,
    0xff, 0xff, 0xff, 0x12, 0x22, 0x22, 0x22, 0x22,
    0x22, 0x21,

    /* U+F0CA "" */
    0x27, 0x20, 0x0, 0x0, 0x0, 0x0, 0x0, 0x0,
    0xdf, 0xd0, 0xe, 0xff, 0xff, 0xff, 0xff, 0xfe,
    0xdf, 0xd0, 0xe, 0xff, 0xff, 0xff, 0xff, 0xfe,
    0x27, 0x20, 0x0, 0x0, 0x0, 0x0, 0x0, 0x0,
    0x0, 0x0, 0x0, 0x0, 0x0, 0x0, 0x0, 0x0,
    0x27, 0x20, 0x0, 0x0, 0x0, 0x0, 0x0, 0x0,
    0xdf, 0xd0, 0xe, 0xff, 0xff, 0xff, 0xff, 0xfe,
    0xdf, 0xd0, 0xe, 0xff, 0xff, 0xff, 0xff, 0xfe,
    0x27, 0x20, 0x0, 0x0, 0x0, 0x0, 0x0, 0x0,
    0x0, 0x0, 0x0, 0x0, 0x0, 0x0, 0x0, 0x0,
    0x27, 0x20, 0x0, 0x0, 0x0, 0x0, 0x0, 0x0,
    0xdf, 0xd0, 0xe, 0xff, 0xff, 0xff, 0xff, 0xfe,
    0xdf, 0xd0, 0xe, 0xff, 0xff, 0xff, 0xff, 0xfe,
    0x27, 0x20, 0x0, 0x0, 0x0, 0x0, 0x0, 0x0,

    /* U+F0CB "" */
    0x4, 0xf0, 0x0, 0x0, 0x0, 0x0, 0x0, 0x0,
    0x0, 0x0, 0xf0, 0x0, 0xef, 0xff, 0xff, 0xff,
    0xff, 0xf0, 0x0, 0xf0, 0x0, 0xef, 0xff, 0xff,
    0xff, 0xff, 0xf0, 0xa, 0xfb, 0x0, 0x0, 0x0,
    0x0, 0x0, 0x0, 0x0, 0x0, 0x0, 0x0, 0x0,
    0x0, 0x0, 0x0, 0x0, 0x0, 0x9, 0xf7, 0x0,
    0x0, 0x0, 0x0, 0x0, 0x0, 0x0, 0x3, 0xac,
    0x0, 0xef, 0xff, 0xff, 0xff, 0xff, 0xf0, 0x9,
    0xd2, 0x0, 0xef, 0xff, 0xff, 0xff, 0xff, 0xf0,
    0xe, 0xfb, 0x0, 0x0, 0x0, 0x0, 0x0, 0x0,
    0x0, 0x0, 0x0, 0x0, 0x0, 0x0, 0x0, 0x0,
    0x0, 0x0, 0xa, 0xf9, 0x0, 0x0, 0x0, 0x0,
    0x0, 0x0, 0x0, 0x3, 0xf4, 0x0, 0xef, 0xff,
    0xff, 0xff, 0xff, 0xf0, 0x3, 0xbc, 0x0, 0xef,
    0xff, 0xff, 0xff, 0xff, 0xf0, 0xc, 0xf7, 0x0,
    0x0, 0x0, 0x0, 0x0, 0x0, 0x0,

    /* U+F0CC "" */
    0x0, 0x0, 0x3b, 0xff, 0xfe, 0xa2, 0x0, 0x0,
    0x0, 0x3, 0xff, 0xff, 0xff, 0xfe, 0x10, 0x0,
    0x0, 0xb, 0xff, 0x98, 0x8a, 0xff, 0x80, 0x0,
    0x0, 0xf, 0xf9, 0x0, 0x0, 0x65, 0x0, 0x0,
    0x0, 0xe, 0xfb, 0x0, 0x0, 0x0, 0x0, 0x0,
    0x0, 0x9, 0xff, 0xd8, 0x30, 0x0, 0x0, 0x0,
    0xef, 0xff, 0xff, 0xff, 0xff, 0xff, 0xff, 0xfe,
    0xef, 0xff, 0xff, 0xff, 0xff, 0xff, 0xff, 0xfe,
    0x0, 0x0, 0x0, 0x0, 0x0, 0x0, 0x0, 0x0,
    0x0, 0x0, 0x0, 0x0, 0x0, 0xbf, 0xe0, 0x0,
    0x0, 0x0, 0x56, 0x0, 0x0, 0x9f, 0xf0, 0x0,
    0x0, 0x8, 0xff, 0xa8, 0x89, 0xff, 0xb0, 0x0,
    0x0, 0x2, 0xef, 0xff, 0xff, 0xff, 0x30, 0x0,
    0x0, 0x0, 0x2a, 0xef, 0xff, 0xb3, 0x0, 0x0,

    /* U+F0CD "" */
    0x6f, 0xff, 0xfe, 0x0, 0xef, 0xff, 0xf6, 0x6f,
    0xff, 0xfe, 0x0, 0xef, 0xff, 0xf6, 0x0, 0xff,
    0x80, 0x0, 0x8, 0xff, 0x0, 0x0, 0xff, 0x80,
    0x0, 0x8, 0xff, 0x0, 0x0, 0xff, 0x80, 0x0,
    0x8, 0xff, 0x0, 0x0, 0xff, 0x80, 0x0, 0x8,
    0xff, 0x0, 0x0, 0xff, 0x80, 0x0, 0x8, 0xff,
    0x0, 0x0, 0xff, 0x90, 0x0, 0x9, 0xff, 0x0,
    0x0, 0xcf, 0xf2, 0x0, 0x2f, 0xfc, 0x0, 0x0,
    0x4f, 0xff, 0x99, 0xff, 0xf4, 0x0, 0x0, 0x8,
    0xff, 0xff, 0xff, 0x80, 0x0, 0x0, 0x0, 0x4c,
    0xff, 0xc4, 0x0, 0x0, 0x0, 0x0, 0x0, 0x0,
    0x0, 0x0, 0x0, 0x0, 0x0, 0x0, 0x0, 0x0,
    0x0, 0x0, 0xef, 0xff, 0xff, 0xff, 0xff, 0xff,
    0xfe, 0xef, 0xff, 0xff, 0xff, 0xff, 0xff, 0xfe,

    /* U+F0CE "" */
    0x8f, 0xff, 0xff, 0xff, 0xff, 0xff, 0xff, 0xf8,
    0xff, 0xff, 0xff, 0xff, 0xff, 0xff, 0xff, 0xff,
    0xff, 0xff, 0xff, 0xff, 0xff, 0xff, 0xff, 0xff,
    0xff, 0xff, 0xff, 0xff, 0xff, 0xff, 0xff, 0xff,
    0xff, 0x0, 0x0, 0xf, 0xf0, 0x0, 0x0, 0xff,
    0xff, 0x0, 0x0, 0xf, 0xf0, 0x0, 0x0, 0xff,
    0xff, 0x0, 0x0, 0xf, 0xf0, 0x0, 0x0, 0xff,
    0xff, 0xff, 0xff, 0xff, 0xff, 0xff, 0xff, 0xff,
    0xff, 0xff, 0xff, 0xff, 0xff, 0xff, 0xff, 0xff,
    0xff, 0x0, 0x0, 0xf, 0xf0, 0x0, 0x0, 0xff,
    0xff, 0x0, 0x0, 0xf, 0xf0, 0x0, 0x0, 0xff,
    0xff, 0x0, 0x0, 0xf, 0xf0, 0x0, 0x0, 0xff,
    0xff, 0xff, 0xff, 0xff, 0xff, 0xff, 0xff, 0xff,
    0x8f, 0xff, 0xff, 0xff, 0xff, 0xff, 0xff, 0xf8,

    /* U+F0D0 "" */
    0x0, 0x80, 0x0, 0x34, 0x0, 0x8, 0xe4, 0x0,
    0x5, 0xf5, 0x2, 0xed, 0x20, 0x8f, 0xff, 0x40,
    0x8f, 0xff, 0x80, 0x43, 0x8, 0xfd, 0x5f, 0xf4,
    0x5, 0xf5, 0x0, 0x0, 0x8f, 0xd1, 0x5, 0xfe,
    0x0, 0x80, 0x0, 0x8, 0xfe, 0x10, 0x1d, 0xf8,
    0x0, 0x0, 0x0, 0x8f, 0xff, 0x61, 0xdf, 0x80,
    0x0, 0x0, 0x8, 0xff, 0xff, 0xfe, 0xf8, 0x0,
    0x0, 0x0, 0x8f, 0xff, 0xff, 0xff, 0x80, 0x0,
    0x0, 0x8, 0xff, 0xff, 0xff, 0xf8, 0x0, 0x0,
    0x0, 0x8f, 0xff, 0xff, 0xff, 0x80, 0x8, 0x0,
    0x8, 0xff, 0xff, 0xff, 0xf8, 0x0, 0x5f, 0x50,
    0x8f, 0xff, 0xff, 0xff, 0x80, 0x8, 0xff, 0xf8,
    0xef, 0xff, 0xff, 0xf8, 0x0, 0x0, 0x5f, 0x50,
    0x4f, 0xff, 0xff, 0x80, 0x0, 0x0, 0x8, 0x0,
    0x4, 0xff, 0xf8, 0x0, 0x0, 0x0, 0x0, 0x0,
    0x0, 0x4e, 0x80, 0x0, 0x0, 0x0, 0x0, 0x0,

    /* U+F0D1 "" */
    0x8f, 0xff, 0xff, 0xff, 0xff, 0xff, 0x80, 0x0,
    0x0, 0x0, 0xff, 0xff, 0xff, 0xff, 0xff, 0xff,
    0xf0, 0x0, 0x0, 0x0, 0xff, 0xff, 0xff, 0xff,
    0xff, 0xff, 0xf0, 0x0, 0x0, 0x0, 0xff, 0xff,
    0xff, 0xff, 0xff, 0xff, 0xff, 0xf7, 0x0, 0x0,
    0xff, 0xff, 0xff, 0xff, 0xff, 0xff, 0xf8, 0xbf,
    0x80, 0x0, 0xff, 0xff, 0xff, 0xff, 0xff, 0xff,
    0xf0, 0x9, 0xf8, 0x0, 0xff, 0xff, 0xff, 0xff,
    0xff, 0xff, 0xf0, 0x0, 0x9f, 0x70, 0xff, 0xff,
    0xff, 0xff, 0xff, 0xff, 0xf0, 0x0, 0xb, 0xf0,
    0xff, 0xff, 0xff, 0xff, 0xff, 0xff, 0xff, 0xff,
    0xff, 0xf0, 0xff, 0xff, 0xff, 0xff, 0xff, 0xff,
    0xff, 0xff, 0xff, 0xf0, 0xff, 0xff, 0xff, 0xff,
    0xff, 0xff, 0xff, 0xff, 0xff, 0xf0, 0xff, 0xff,
    0xaa, 0xff, 0xff, 0xff, 0xff, 0xaa, 0xff, 0xfe,
    0x8f, 0xfa, 0x0, 0xaf, 0xff, 0xff, 0xfa, 0x0,
    0xaf, 0xfe, 0x0, 0xea, 0x0, 0xae, 0x0, 0x0,
    0xea, 0x0, 0xae, 0x0, 0x0, 0x8f, 0xaa, 0xf8,
    0x0, 0x0, 0x8f, 0xaa, 0xf8, 0x0, 0x0, 0x8,
    0xee, 0x80, 0x0, 0x0, 0x8, 0xee, 0x80, 0x0,

    /* U+F0D6 "" */
    0xcf, 0xff, 0xff, 0xff, 0xff, 0xff, 0xff, 0xff,
    0xff, 0xfc, 0xfc, 0x8e, 0xff, 0xff, 0xff, 0xff,
    0xff, 0xff, 0xa8, 0xcf, 0xf8, 0xe, 0xff, 0xff,
    0xff, 0xff, 0xff, 0xff, 0x90, 0x8f, 0xfa, 0xbf,
    0xff, 0xff, 0xa1, 0x1a, 0xff, 0xff, 0xf9, 0xaf,
    0xff, 0xff, 0xff, 0xfd, 0x0, 0x0, 0xdf, 0xff,
    0xff, 0xff, 0xff, 0xff, 0xff, 0xf9, 0x0, 0x0,
    0x9f, 0xff, 0xff, 0xff, 0xff, 0xff, 0xff, 0xf9,
    0x0, 0x0, 0x9f, 0xff, 0xff, 0xff, 0xff, 0xff,
    0xff, 0xfd, 0x0, 0x0, 0xdf, 0xff, 0xff, 0xff,
    0xfe, 0xff, 0xff, 0xff, 0xa1, 0x1a, 0xff, 0xff,
    0xfe, 0xef, 0xf8, 0x2f, 0xff, 0xff, 0xff, 0xff,
    0xff, 0xff, 0xb0, 0x8f, 0xfc, 0x8e, 0xff, 0xff,
    0xff, 0xff, 0xff, 0xff, 0xa8, 0xcf, 0xcf, 0xff,
    0xff, 0xff, 0xff, 0xff, 0xff, 0xff, 0xff, 0xfc,

    /* U+F0D7 "" */
    0x8f, 0xff, 0xff, 0xff, 0xf8, 0x2e, 0xff, 0xff,
    0xff, 0xe2, 0x2, 0xef, 0xff, 0xfe, 0x20, 0x0,
    0x2e, 0xff, 0xe2, 0x0, 0x0, 0x2, 0xee, 0x20,
    0x0, 0x0, 0x0, 0x11, 0x0, 0x0,

    /* U+F0D8 "" */
    0x0, 0x0, 0x11, 0x0, 0x0, 0x0, 0x2, 0xee,
    0x20, 0x0, 0x0, 0x2e, 0xff, 0xe2, 0x0, 0x2,
    0xef, 0xff, 0xfe, 0x20, 0x2e, 0xff, 0xff, 0xff,
    0xe2, 0x8f, 0xff, 0xff, 0xff, 0xf8,

    /* U+F0D9 "" */
    0x0, 0x0, 0x28, 0x0, 0x2, 0xef, 0x0, 0x2e,
    0xff, 0x2, 0xef, 0xff, 0x1e, 0xff, 0xff, 0x1e,
    0xff, 0xff, 0x2, 0xef, 0xff, 0x0, 0x2e, 0xff,
    0x0, 0x2, 0xef, 0x0, 0x0, 0x28,

    /* U+F0DA "" */
    0x82, 0x0, 0x0, 0xfe, 0x20, 0x0, 0xff, 0xe2,
    0x0, 0xff, 0xfe, 0x20, 0xff, 0xff, 0xe1, 0xff,
    0xff, 0xe1, 0xff, 0xfe, 0x20, 0xff, 0xe2, 0x0,
    0xfe, 0x20, 0x0, 0x82, 0x0, 0x0,

    /* U+F0DB "" */
    0x8f, 0xff, 0xff, 0xff, 0xff, 0xff, 0xff, 0xf8,
    0xff, 0xff, 0xff, 0xff, 0xff, 0xff, 0xff, 0xff,
    0xff, 0xff, 0xff, 0xff, 0xff, 0xff, 0xff, 0xff,
    0xff, 0xff, 0xff, 0xff, 0xff, 0xff, 0xff, 0xff,
    0xff, 0x0, 0x0, 0xf, 0xf0, 0x0, 0x0, 0xff,
    0xff, 0x0, 0x0, 0xf, 0xf0, 0x0, 0x0, 0xff,
    0xff, 0x0, 0x0, 0xf, 0xf0, 0x0, 0x0, 0xff,
    0xff, 0x0, 0x0, 0xf, 0xf0, 0x0, 0x0, 0xff,
    0xff, 0x0, 0x0, 0xf, 0xf0, 0x0, 0x0, 0xff,
    0xff, 0x0, 0x0, 0xf, 0xf0, 0x0, 0x0, 0xff,
    0xff, 0x0, 0x0, 0xf, 0xf0, 0x0, 0x0, 0xff,
    0xff, 0x0, 0x0, 0xf, 0xf0, 0x0, 0x0, 0xff,
    0xff, 0xff, 0xff, 0xff, 0xff, 0xff, 0xff, 0xff,
    0x8f, 0xff, 0xff, 0xff, 0xff, 0xff, 0xff, 0xf8,

    /* U+F0DC "" */
    0x0, 0x0, 0x0, 0x0, 0x0, 0x0, 0x2, 0xee,
    0x20, 0x0, 0x0, 0x2e, 0xff, 0xe2, 0x0, 0x2,
    0xef, 0xff, 0xfe, 0x20, 0x1e, 0xff, 0xff, 0xff,
    0xe1, 0x5f, 0xff, 0xff, 0xff, 0xf5, 0x0, 0x0,
    0x0, 0x0, 0x0, 0x0, 0x0, 0x0, 0x0, 0x0,
    0x5f, 0xff, 0xff, 0xff, 0xf5, 0x1e, 0xff, 0xff,
    0xff, 0xe1, 0x2, 0xef, 0xff, 0xfe, 0x20, 0x0,
    0x2e, 0xff, 0xe2, 0x0, 0x0, 0x2, 0xee, 0x20,
    0x0, 0x0, 0x0, 0x0, 0x0, 0x0,

    /* U+F0DD "" */
    0x5f, 0xff, 0xff, 0xff, 0xf5, 0x1e, 0xff, 0xff,
    0xff, 0xe1, 0x2, 0xef, 0xff, 0xfe, 0x20, 0x0,
    0x2e, 0xff, 0xe2, 0x0, 0x0, 0x2, 0xee, 0x20,
    0x0, 0x0, 0x0, 0x0, 0x0, 0x0,

    /* U+F0DE "" */
    0x0, 0x0, 0x0, 0x0, 0x0, 0x0, 0x2, 0xee,
    0x20, 0x0, 0x0, 0x2e, 0xff, 0xe2, 0x0, 0x2,
    0xef, 0xff, 0xfe, 0x20, 0x1e, 0xff, 0xff, 0xff,
    0xe1, 0x5f, 0xff, 0xff, 0xff, 0xf5,

    /* U+F0E0 "" */
    0x8f, 0xff, 0xff, 0xff, 0xff, 0xff, 0xff, 0xf8,
    0xff, 0xff, 0xff, 0xff, 0xff, 0xff, 0xff, 0xff,
    0xcf, 0xff, 0xff, 0xff, 0xff, 0xff, 0xff, 0xfc,
    0x9, 0xff, 0xff, 0xff, 0xff, 0xff, 0xff, 0x90,
    0xd2, 0x5f, 0xff, 0xff, 0xff, 0xff, 0xf5, 0x2d,
    0xff, 0x62, 0xcf, 0xff, 0xff, 0xfc, 0x26, 0xff,
    0xff, 0xfa, 0x18, 0xff, 0xff, 0x81, 0xaf, 0xff,
    0xff, 0xff, 0xe3, 0x4d, 0xd4, 0x3e, 0xff, 0xff,
    0xff, 0xff, 0xff, 0x81, 0x18, 0xff, 0xff, 0xff,
    0xff, 0xff, 0xff, 0xff, 0xff, 0xff, 0xff, 0xff,
    0xff, 0xff, 0xff, 0xff, 0xff, 0xff, 0xff, 0xff,
    0x8f, 0xff, 0xff, 0xff, 0xff, 0xff, 0xff, 0xf8,

    /* U+F0E2 "" */
    0xff, 0x30, 0x16, 0xbd, 0xdb, 0x71, 0x0, 0x0,
    0xff, 0x46, 0xef, 0xff, 0xff, 0xff, 0x60, 0x0,
    0xff, 0xbf, 0xff, 0x96, 0x69, 0xef, 0xf8, 0x0,
    0xff, 0xff, 0xb1, 0x0, 0x0, 0xa, 0xff, 0x60,
    0xff, 0xfe, 0x44, 0x30, 0x0, 0x0, 0xbf, 0xe0,
    0xff, 0xff, 0xff, 0xf0, 0x0, 0x0, 0x1f, 0xf5,
    0xff, 0xff, 0xff, 0xf0, 0x0, 0x0, 0xb, 0xfa,
    0x0, 0x0, 0x0, 0x0, 0x0, 0x0, 0x8, 0xfb,
    0x0, 0x0, 0x0, 0x0, 0x0, 0x0, 0x8, 0xfb,
    0x0, 0x0, 0x0, 0x0, 0x0, 0x0, 0xb, 0xf9,
    0x0, 0x0, 0x0, 0x0, 0x0, 0x0, 0x1f, 0xf5,
    0x0, 0x0, 0x0, 0x0, 0x0, 0x0, 0xbf, 0xe0,
    0x0, 0x6, 0xa1, 0x0, 0x0, 0x1a, 0xff, 0x50,
    0x0, 0x2f, 0xff, 0x96, 0x69, 0xef, 0xf8, 0x0,
    0x0, 0x5, 0xef, 0xff, 0xff, 0xfe, 0x60, 0x0,
    0x0, 0x0, 0x6, 0xbd, 0xdb, 0x61, 0x0, 0x0,

    /* U+F0E3 "" */
    0x0, 0x0, 0x0, 0x0, 0x8d, 0x20, 0x0, 0x0,
    0x0, 0x0, 0x0, 0x9, 0xff, 0x90, 0x0, 0x0,
    0x0, 0x0, 0x0, 0x9f, 0xff, 0xa0, 0x0, 0x0,
    0x0, 0x0, 0x9, 0xff, 0xff, 0xfa, 0x0, 0x0,
    0x0, 0x0, 0x4f, 0xff, 0xff, 0xff, 0xa0, 0x0,
    0x0, 0x0, 0xc, 0xef, 0xff, 0xff, 0xfa, 0x92,
    0x0, 0x0, 0x0, 0x7, 0xff, 0xff, 0xff, 0xfd,
    0x0, 0x0, 0x0, 0x8, 0xff, 0xff, 0xff, 0xf8,
    0x0, 0x0, 0x0, 0x8f, 0x87, 0xff, 0xff, 0x90,
    0x0, 0x5, 0xfc, 0xf8, 0x0, 0xef, 0xf9, 0x0,
    0x0, 0x5f, 0xff, 0xc0, 0x0, 0xcf, 0x90, 0x0,
    0x5, 0xff, 0xff, 0xf0, 0x0, 0x4, 0x0, 0x0,
    0x5f, 0xff, 0xff, 0x50, 0x0, 0x0, 0x0, 0x0,
    0xff, 0xff, 0xf5, 0x0, 0x0, 0x0, 0x0, 0x0,
    0x7f, 0xff, 0x50, 0x0, 0x0, 0x0, 0x0, 0x0,
    0x7, 0xf5, 0x0, 0x0, 0x0, 0x0, 0x0, 0x0,

    /* U+F0E7 "" */
    0xd, 0xff, 0xff, 0xe0, 0x0, 0x1, 0xff, 0xff,
    0xfd, 0x0, 0x0, 0x3f, 0xff, 0xff, 0x70, 0x0,
    0x5, 0xff, 0xff, 0xf2, 0x0, 0x0, 0x7f, 0xff,
    0xfd, 0x0, 0x0, 0x9, 0xff, 0xff, 0xff, 0xff,
    0xe0, 0xcf, 0xff, 0xff, 0xff, 0xfb, 0xe, 0xff,
    0xff, 0xff, 0xff, 0x20, 0xcf, 0xff, 0xff, 0xff,
    0x80, 0x0, 0x0, 0x9, 0xff, 0xe1, 0x0, 0x0,
    0x0, 0xdf, 0xf6, 0x0, 0x0, 0x0, 0x1f, 0xfd,
    0x0, 0x0, 0x0, 0x5, 0xff, 0x30, 0x0, 0x0,
    0x0, 0x9f, 0xa0, 0x0, 0x0, 0x0, 0xc, 0xf1,
    0x0, 0x0, 0x0, 0x0, 0xd7, 0x0, 0x0, 0x0,

    /* U+F0E8 "" */
    0x0, 0x0, 0x0, 0xc, 0xff, 0xff, 0xc0, 0x0,
    0x0, 0x0, 0x0, 0x0, 0x0, 0xf, 0xff, 0xff,
    0xf0, 0x0, 0x0, 0x0, 0x0, 0x0, 0x0, 0xf,
    0xff, 0xff, 0xf0, 0x0, 0x0, 0x0, 0x0, 0x0,
    0x0, 0xf, 0xff, 0xff, 0xf0, 0x0, 0x0, 0x0,
    0x0, 0x0, 0x0, 0xc, 0xff, 0xff, 0xc0, 0x0,
    0x0, 0x0, 0x0, 0x0, 0x0, 0x0, 0xc, 0xc0,
    0x0, 0x0, 0x0, 0x0, 0x0, 0x0, 0x0, 0x0,
    0xc, 0xc0, 0x0, 0x0, 0x0, 0x0, 0x1, 0xdf,
    0xff, 0xff, 0xff, 0xff, 0xff, 0xff, 0xfd, 0x10,
    0x3, 0xfa, 0x88, 0x88, 0x8e, 0xe8, 0x88, 0x88,
    0xaf, 0x30, 0x4, 0xf4, 0x0, 0x0, 0xc, 0xc0,
    0x0, 0x0, 0x4f, 0x40, 0x0, 0x0, 0x0, 0x0,
    0x0, 0x0, 0x0, 0x0, 0x0, 0x0, 0xcf, 0xff,
    0xc0, 0x4, 0xff, 0xff, 0x40, 0xc, 0xff, 0xfc,
    0xff, 0xff, 0xf0, 0x8, 0xff, 0xff, 0x80, 0xf,
    0xff, 0xff, 0xff, 0xff, 0xf0, 0x8, 0xff, 0xff,
    0x80, 0xf, 0xff, 0xff, 0xff, 0xff, 0xf0, 0x8,
    0xff, 0xff, 0x80, 0xf, 0xff, 0xff, 0xcf, 0xff,
    0xc0, 0x4, 0xff, 0xff, 0x40, 0xc, 0xff, 0xfc,

    /* U+F0E9 "" */
    0x0, 0x0, 0x0, 0x0, 0xbc, 0x0, 0x0, 0x0,
    0x0, 0x0, 0x0, 0x0, 0x2, 0x5f, 0xf5, 0x20,
    0x0, 0x0, 0x0, 0x0, 0x0, 0x4c, 0xff, 0xff,
    0xff, 0xc5, 0x0, 0x0, 0x0, 0x0, 0xaf, 0xff,
    0xff, 0xff, 0xff, 0xfa, 0x0, 0x0, 0x0, 0xcf,
    0xff, 0xff, 0xff, 0xff, 0xff, 0xfc, 0x0, 0x0,
    0x9f, 0xff, 0xff, 0xff, 0xff, 0xff, 0xff, 0xfa,
    0x0, 0x2f, 0xff, 0xff, 0xff, 0xff, 0xff, 0xff,
    0xff, 0xf3, 0x9, 0xff, 0xff, 0xff, 0xff, 0xff,
    0xff, 0xff, 0xff, 0xa0, 0xd7, 0x2, 0xcf, 0xf9,
    0x11, 0x8f, 0xfd, 0x30, 0x6e, 0x1, 0x0, 0x1,
    0xeb, 0xc, 0xd0, 0x9e, 0x10, 0x0, 0x10, 0x0,
    0x0, 0x3, 0x10, 0xff, 0x1, 0x30, 0x0, 0x0,
    0x0, 0x0, 0x0, 0x0, 0xf, 0xf0, 0x0, 0x0,
    0x0, 0x0, 0x0, 0x0, 0x0, 0x0, 0xff, 0x0,
    0x0, 0x0, 0x0, 0x0, 0x0, 0x0, 0x9d, 0x2f,
    0xf0, 0x0, 0x0, 0x0, 0x0, 0x0, 0x0, 0xb,
    0xff, 0xfc, 0x0, 0x0, 0x0, 0x0, 0x0, 0x0,
    0x0, 0x1b, 0xfc, 0x20, 0x0, 0x0, 0x0, 0x0,

    /* U+F0EA "" */
    0x0, 0x4, 0xde, 0x40, 0x0, 0x0, 0x0, 0xdf,
    0xff, 0x99, 0xff, 0xfd, 0x0, 0x0, 0xff, 0xff,
    0x99, 0xff, 0xff, 0x0, 0x0, 0xff, 0xff, 0xff,
    0xff, 0xff, 0x0, 0x0, 0xff, 0xff, 0x90, 0x0,
    0x0, 0x0, 0x0, 0xff, 0xff, 0xd, 0xff, 0xff,
    0xd, 0x10, 0xff, 0xff, 0xf, 0xff, 0xff, 0xf,
    0xd1, 0xff, 0xff, 0xf, 0xff, 0xff, 0xf, 0xfd,
    0xff, 0xff, 0xf, 0xff, 0xff, 0x20, 0x0, 0xff,
    0xff, 0xf, 0xff, 0xff, 0xff, 0xff, 0xff, 0xff,
    0xf, 0xff, 0xff, 0xff, 0xff, 0xff, 0xff, 0xf,
    0xff, 0xff, 0xff, 0xff, 0xdf, 0xff, 0xf, 0xff,
    0xff, 0xff, 0xff, 0x0, 0x0, 0xf, 0xff, 0xff,
    0xff, 0xff, 0x0, 0x0, 0xf, 0xff, 0xff, 0xff,
    0xff, 0x0, 0x0, 0xd, 0xff, 0xff, 0xff, 0xfd,

    /* U+F0EB "" */
    0x0, 0x2a, 0xef, 0xe9, 0x20, 0x0, 0x4f, 0xff,
    0xff, 0xff, 0x40, 0x2f, 0xfa, 0x22, 0xff, 0xff,
    0x29, 0xfa, 0x1b, 0xff, 0xff, 0xf9, 0xef, 0x2b,
    0xff, 0xff, 0xff, 0xef, 0xf2, 0xff, 0xff, 0xff,
    0xff, 0xef, 0xff, 0xff, 0xff, 0xff, 0xe9, 0xff,
    0xff, 0xff, 0xff, 0xf9, 0x2f, 0xff, 0xff, 0xff,
    0xff, 0x20, 0x5f, 0xff, 0xff, 0xff, 0x50, 0x0,
    0xaf, 0xff, 0xff, 0xa0, 0x0, 0x3, 0xff, 0xff,
    0xf3, 0x0, 0x0, 0x0, 0x0, 0x0, 0x0, 0x0,
    0x0, 0xff, 0xff, 0xf0, 0x0, 0x0, 0xe, 0xff,
    0xfe, 0x0, 0x0, 0x0, 0x4f, 0xff, 0x50, 0x0,

    /* U+F0F0 "" */
    0x0, 0x0, 0x2b, 0xff, 0xb2, 0x0, 0x0, 0x0,
    0x2, 0xff, 0xff, 0xfe, 0x20, 0x0, 0x0, 0xb,
    0xff, 0xff, 0xff, 0xb0, 0x0, 0x0, 0xf, 0xff,
    0xff, 0xff, 0xf0, 0x0, 0x0, 0xf, 0xff, 0xff,
    0xff, 0xf0, 0x0, 0x0, 0xb, 0xff, 0xff, 0xff,
    0xb0, 0x0, 0x0, 0x2, 0xff, 0xff, 0xfe, 0x20,
    0x0, 0x0, 0x0, 0x2b, 0xff, 0xb2, 0x0, 0x0,
    0x0, 0x0, 0x0, 0x0, 0x0, 0x0, 0x0, 0x1,
    0x96, 0x7b, 0x88, 0xb0, 0xe9, 0x10, 0x1d, 0xf7,
    0x8f, 0xff, 0xc0, 0xcf, 0xe1, 0x9f, 0xf5, 0x5f,
    0xf8, 0x27, 0x28, 0xf9, 0xef, 0x73, 0x37, 0xf1,
    0xdf, 0xd1, 0xfe, 0xff, 0x49, 0x85, 0xf0, 0xff,
    0xf0, 0xff, 0xff, 0xc1, 0x2c, 0xf2, 0x4f, 0x43,
    0xff, 0x9f, 0xff, 0xff, 0xff, 0xff, 0xff, 0xf9,

    /* U+F0F1 "" */
    0x0, 0x0, 0x0, 0x0, 0x0, 0x0, 0x0, 0x0,
    0x7c, 0xe5, 0x0, 0x5f, 0xc7, 0x0, 0x0, 0x0,
    0xff, 0xf6, 0x0, 0x6f, 0xff, 0x0, 0x0, 0x0,
    0xff, 0x10, 0x0, 0x1, 0xff, 0x0, 0x0, 0x0,
    0xff, 0x0, 0x0, 0x0, 0xff, 0x0, 0x6, 0x60,
    0xff, 0x0, 0x0, 0x0, 0xff, 0x0, 0xaf, 0xfa,
    0xff, 0x0, 0x0, 0x0, 0xff, 0x0, 0xfa, 0xaf,
    0xff, 0x10, 0x0, 0x1, 0xff, 0x0, 0xbf, 0xfa,
    0xcf, 0x70, 0x0, 0x7, 0xfc, 0x0, 0xf, 0xf0,
    0x4f, 0xf7, 0x11, 0x7f, 0xf4, 0x0, 0xf, 0xf0,
    0x8, 0xff, 0xff, 0xff, 0x70, 0x0, 0xf, 0xf0,
    0x0, 0x5c, 0xff, 0xb4, 0x0, 0x0, 0xf, 0xf0,
    0x0, 0x0, 0xef, 0x20, 0x0, 0x0, 0x1f, 0xe0,
    0x0, 0x0, 0xaf, 0x90, 0x0, 0x0, 0x9f, 0xa0,
    0x0, 0x0, 0x3f, 0xfa, 0x20, 0x2a, 0xff, 0x20,
    0x0, 0x0, 0x5, 0xff, 0xff, 0xff, 0xf5, 0x0,
    0x0, 0x0, 0x0, 0x2a, 0xef, 0xea, 0x20, 0x0,

    /* U+F0F2 "" */
    0x0, 0x0, 0x8f, 0xff, 0xff, 0xf8, 0x0, 0x0,
    0x0, 0x0, 0xff, 0xff, 0xff, 0xff, 0x0, 0x0,
    0x0, 0x0, 0xff, 0x0, 0x0, 0xff, 0x0, 0x0,
    0x8f, 0xf0, 0xff, 0xff, 0xff, 0xff, 0xf, 0xf8,
    0xff, 0xf0, 0xff, 0xff, 0xff, 0xff, 0xf, 0xff,
    0xff, 0xf0, 0xff, 0xff, 0xff, 0xff, 0xf, 0xff,
    0xff, 0xf0, 0xff, 0xff, 0xff, 0xff, 0xf, 0xff,
    0xff, 0xf0, 0xff, 0xff, 0xff, 0xff, 0xf, 0xff,
    0xff, 0xf0, 0xff, 0xff, 0xff, 0xff, 0xf, 0xff,
    0xff, 0xf0, 0xff, 0xff, 0xff, 0xff, 0xf, 0xff,
    0xff, 0xf0, 0xff, 0xff, 0xff, 0xff, 0xf, 0xff,
    0xff, 0xf0, 0xff, 0xff, 0xff, 0xff, 0xf, 0xff,
    0xff, 0xf0, 0xff, 0xff, 0xff, 0xff, 0xf, 0xff,
    0x8f, 0xf0, 0xff, 0xff, 0xff, 0xff, 0xf, 0xf8,

    /* U+F0F3 "" */
    0x0, 0x0, 0x0, 0xbc, 0x0, 0x0, 0x0, 0x0,
    0x0, 0x0, 0x2f, 0xf3, 0x0, 0x0, 0x0, 0x0,
    0x1, 0xbf, 0xff, 0xfc, 0x10, 0x0, 0x0, 0x1,
    0xdf, 0xff, 0xff, 0xfe, 0x10, 0x0, 0x0, 0x8f,
    0xff, 0xff, 0xff, 0xf9, 0x0, 0x0, 0xd, 0xff,
    0xff, 0xff, 0xff, 0xe0, 0x0, 0x0, 0xff, 0xff,
    0xff, 0xff, 0xff, 0x0, 0x0, 0xf, 0xff, 0xff,
    0xff, 0xff, 0xf1, 0x0, 0x3, 0xff, 0xff, 0xff,
    0xff, 0xff, 0x40, 0x0, 0x7f, 0xff, 0xff, 0xff,
    0xff, 0xf8, 0x0, 0x1e, 0xff, 0xff, 0xff, 0xff,
    0xff, 0xf2, 0xc, 0xff, 0xff, 0xff, 0xff, 0xff,
    0xff, 0xd0, 0xbf, 0xff, 0xff, 0xff, 0xff, 0xff,
    0xfc, 0x0, 0x0, 0x0, 0x0, 0x0, 0x0, 0x0,
    0x0, 0x0, 0x0, 0xd, 0xff, 0xe0, 0x0, 0x0,
    0x0, 0x0, 0x0, 0x4e, 0xe4, 0x0, 0x0, 0x0,

    /* U+F0F4 "" */
    0x0, 0x0, 0xcf, 0xff, 0xff, 0xff, 0xff, 0xff,
    0xff, 0xb2, 0x0, 0x0, 0x0, 0xff, 0xff, 0xff,
    0xff, 0xff, 0xff, 0xff, 0xff, 0x20, 0x0, 0x0,
    0xff, 0xff, 0xff, 0xff, 0xff, 0xff, 0x1, 0xbf,
    0xb0, 0x0, 0x0, 0xff, 0xff, 0xff, 0xff, 0xff,
    0xff, 0x0, 0x1f, 0xf0, 0x0, 0x0, 0xff, 0xff,
    0xff, 0xff, 0xff, 0xff, 0x0, 0x1f, 0xf0, 0x0,
    0x0, 0xff, 0xff, 0xff, 0xff, 0xff, 0xff, 0x1,
    0xbf, 0xb0, 0x0, 0x0, 0xff, 0xff, 0xff, 0xff,
    0xff, 0xff, 0xff, 0xff, 0x20, 0x0, 0x0, 0xff,
    0xff, 0xff, 0xff, 0xff, 0xff, 0xff, 0xb2, 0x0,
    0x0, 0x0, 0xef, 0xff, 0xff, 0xff, 0xff, 0xfe,
    0x0, 0x0, 0x0, 0x0, 0x0, 0x8f, 0xff, 0xff,
    0xff, 0xff, 0xf9, 0x0, 0x0, 0x0, 0x0, 0x0,
    0x8, 0xef, 0xff, 0xff, 0xfe, 0x90, 0x0, 0x0,
    0x0, 0x0, 0x0, 0x0, 0x0, 0x0, 0x0, 0x0,
    0x0, 0x0, 0x0, 0x0, 0xe, 0xff, 0xff, 0xff,
    0xff, 0xff, 0xff, 0xff, 0xff, 0xff, 0x0, 0x7,
    0xff, 0xff, 0xff, 0xff, 0xff, 0xff, 0xff, 0xff,
    0xf8, 0x0,

    /* U+F0F8 "" */
    0x0, 0x0, 0x5f, 0xff, 0xf5, 0x0, 0x0, 0x0,
    0x0, 0x8f, 0x88, 0xf8, 0x0, 0x0, 0x0, 0x0,
    0x88, 0x0, 0x88, 0x0, 0x0, 0xd, 0xff, 0xff,
    0x88, 0xff, 0xff, 0xd0, 0xf, 0xff, 0xff, 0xff,
    0xff, 0xff, 0xf0, 0xf, 0xff, 0xff, 0xff, 0xff,
    0xff, 0xf0, 0xf, 0xff, 0x0, 0xff, 0x0, 0xff,
    0xf0, 0xf, 0xff, 0x0, 0xff, 0x0, 0xff, 0xf0,
    0xf, 0xff, 0xff, 0xff, 0xff, 0xff, 0xf0, 0xf,
    0xff, 0x0, 0xff, 0x0, 0xff, 0xf0, 0xf, 0xff,
    0x0, 0xff, 0x0, 0xff, 0xf0, 0xf, 0xff, 0xff,
    0xff, 0xff, 0xff, 0xf0, 0xf, 0xff, 0xff, 0x0,
    0xff, 0xff, 0xf0, 0xf, 0xff, 0xff, 0x0, 0xff,
    0xff, 0xf0, 0xf, 0xff, 0xff, 0x0, 0xff, 0xff,
    0xf0, 0xff, 0xff, 0xff, 0xff, 0xff, 0xff, 0xff,

    /* U+F0F9 "" */
    0x8f, 0xff, 0xff, 0xff, 0xff, 0xff, 0x80, 0x0,
    0x0, 0x0, 0xff, 0xff, 0xff, 0xff, 0xff, 0xff,
    0xf0, 0x0, 0x0, 0x0, 0xff, 0xff, 0xff, 0xff,
    0xff, 0xff, 0xf0, 0x0, 0x0, 0x0, 0xff, 0xff,
    0xf8, 0x8, 0xff, 0xff, 0xff, 0xf7, 0x0, 0x0,
    0xff, 0xff, 0xf8, 0x8, 0xff, 0xff, 0xf8, 0xbf,
    0x80, 0x0, 0xff, 0xf8, 0x0, 0x0, 0x8, 0xff,
    0xf0, 0x9, 0xf8, 0x0, 0xff, 0xf8, 0x0, 0x0,
    0x8, 0xff, 0xf0, 0x0, 0x9f, 0x70, 0xff, 0xff,
    0xf8, 0x8, 0xff, 0xff, 0xf0, 0x0, 0xb, 0xf0,
    0xff, 0xff, 0xf8, 0x8, 0xff, 0xff, 0xff, 0xff,
    0xff, 0xf0, 0xff, 0xff, 0xff, 0xff, 0xff, 0xff,
    0xff, 0xff, 0xff, 0xf0, 0xff, 0xff, 0xff, 0xff,
    0xff, 0xff, 0xff, 0xff, 0xff, 0xf0, 0xff, 0xff,
    0xaa, 0xff, 0xff, 0xff, 0xff, 0xaa, 0xff, 0xfe,
    0x8f, 0xfa, 0x0, 0xaf, 0xff, 0xff, 0xfa, 0x0,
    0xaf, 0xfe, 0x0, 0xea, 0x0, 0xae, 0x0, 0x0,
    0xea, 0x0, 0xae, 0x0, 0x0, 0x8f, 0xaa, 0xf8,
    0x0, 0x0, 0x8f, 0xaa, 0xf8, 0x0, 0x0, 0x8,
    0xee, 0x80, 0x0, 0x0, 0x8, 0xee, 0x80, 0x0,

    /* U+F0FA "" */
    0x0, 0x0, 0x8f, 0xff, 0xff, 0xf8, 0x0, 0x0,
    0x0, 0x0, 0xff, 0xff, 0xff, 0xff, 0x0, 0x0,
    0x0, 0x0, 0xff, 0x0, 0x0, 0xff, 0x0, 0x0,
    0x8f, 0xf, 0xff, 0xff, 0xff, 0xff, 0xf0, 0xf8,
    0xff, 0xf, 0xff, 0xff, 0xff, 0xff, 0xf0, 0xff,
    0xff, 0xf, 0xff, 0xf1, 0x1f, 0xff, 0xf0, 0xff,
    0xff, 0xf, 0xff, 0xf0, 0xf, 0xff, 0xf0, 0xff,
    0xff, 0xf, 0xf1, 0x0, 0x0, 0x1f, 0xf0, 0xff,
    0xff, 0xf, 0xf1, 0x0, 0x0, 0x1f, 0xf0, 0xff,
    0xff, 0xf, 0xff, 0xf0, 0xf, 0xff, 0xf0, 0xff,
    0xff, 0xf, 0xff, 0xf1, 0x1f, 0xff, 0xf0, 0xff,
    0xff, 0xf, 0xff, 0xff, 0xff, 0xff, 0xf0, 0xff,
    0xff, 0xf, 0xff, 0xff, 0xff, 0xff, 0xf0, 0xff,
    0x8f, 0xf, 0xff, 0xff, 0xff, 0xff, 0xf0, 0xf8,

    /* U+F0FB "" */
    0x0, 0x0, 0x1d, 0xf9, 0x50, 0x0, 0x0, 0x0,
    0x0, 0x0, 0x0, 0x0, 0xc, 0xfe, 0x10, 0x0,
    0x0, 0x0, 0x0, 0x0, 0x0, 0x0, 0xc, 0xff,
    0xc0, 0x0, 0x0, 0x0, 0x0, 0x0, 0xbe, 0x20,
    0xc, 0xff, 0xf9, 0x0, 0x0, 0x0, 0x0, 0x0,
    0xcf, 0xd1, 0xc, 0xff, 0xff, 0x50, 0x0, 0x0,
    0x0, 0x0, 0xaf, 0xfc, 0x8e, 0xff, 0xff, 0xff,
    0xa6, 0x42, 0x0, 0x0, 0xbd, 0xff, 0xff, 0xff,
    0xff, 0xff, 0xff, 0xff, 0xfe, 0xa4, 0xbd, 0xff,
    0xff, 0xff, 0xff, 0xff, 0xff, 0xff, 0xfe, 0xa4,
    0xaf, 0xfc, 0x8e, 0xff, 0xff, 0xff, 0xa7, 0x53,
    0x10, 0x0, 0xcf, 0xd1, 0xc, 0xff, 0xff, 0x50,
    0x0, 0x0, 0x0, 0x0, 0xbe, 0x20, 0xc, 0xff,
    0xf9, 0x0, 0x0, 0x0, 0x0, 0x0, 0x0, 0x0,
    0xc, 0xff, 0xc0, 0x0, 0x0, 0x0, 0x0, 0x0,
    0x0, 0x0, 0xc, 0xfe, 0x10, 0x0, 0x0, 0x0,
    0x0, 0x0, 0x0, 0x0, 0x1d, 0xf9, 0x50, 0x0,
    0x0, 0x0, 0x0, 0x0,

    /* U+F0FC "" */
    0xdf, 0xff, 0xff, 0xff, 0xfd, 0x0, 0x0, 0xff,
    0xff, 0xff, 0xff, 0xff, 0x0, 0x0, 0xff, 0xff,
    0xff, 0xff, 0xff, 0xff, 0xb1, 0xff, 0xf2, 0xff,
    0x2f, 0xff, 0xff, 0xfb, 0xff, 0xf0, 0xff, 0xf,
    0xff, 0x1, 0xff, 0xff, 0xf0, 0xff, 0xf, 0xff,
    0x0, 0xff, 0xff, 0xf0, 0xff, 0xf, 0xff, 0x0,
    0xff, 0xff, 0xf0, 0xff, 0xf, 0xff, 0x0, 0xff,
    0xff, 0xf0, 0xff, 0xf, 0xff, 0x0, 0xff, 0xff,
    0xf0, 0xff, 0xf, 0xff, 0x7e, 0xfc, 0xff, 0xf2,
    0xff, 0x2f, 0xff, 0xff, 0xc2, 0xff, 0xff, 0xff,
    0xff, 0xff, 0xb4, 0x0, 0xff, 0xff, 0xff, 0xff,
    0xff, 0x0, 0x0, 0xdf, 0xff, 0xff, 0xff, 0xfd,
    0x0, 0x0,

    /* U+F0FD "" */
    0x8f, 0xff, 0xff, 0xff, 0xff, 0xff, 0xf8, 0xff,
    0xff, 0xff, 0xff, 0xff, 0xff, 0xff, 0xff, 0xff,
    0xff, 0xff, 0xff, 0xff, 0xff, 0xff, 0xf1, 0x1f,
    0xff, 0xf1, 0x1f, 0xff, 0xff, 0xf0, 0xf, 0xff,
    0xf0, 0xf, 0xff, 0xff, 0xf0, 0xf, 0xff, 0xf0,
    0xf, 0xff, 0xff, 0xf0, 0x0, 0x0, 0x0, 0xf,
    0xff, 0xff, 0xf0, 0x0, 0x0, 0x0, 0xf, 0xff,
    0xff, 0xf0, 0xf, 0xff, 0xf0, 0xf, 0xff, 0xff,
    0xf0, 0xf, 0xff, 0xf0, 0xf, 0xff, 0xff, 0xf1,
    0x1f, 0xff, 0xf1, 0x1f, 0xff, 0xff, 0xff, 0xff,
    0xff, 0xff, 0xff, 0xff, 0xff, 0xff, 0xff, 0xff,
    0xff, 0xff, 0xff, 0x8f, 0xff, 0xff, 0xff, 0xff,
    0xff, 0xf8,

    /* U+F0FE "" */
    0x8f, 0xff, 0xff, 0xff, 0xff, 0xff, 0xf8, 0xff,
    0xff, 0xff, 0xff, 0xff, 0xff, 0xff, 0xff, 0xff,
    0xfe, 0x88, 0xef, 0xff, 0xff, 0xff, 0xff, 0xfc,
    0x0, 0xcf, 0xff, 0xff, 0xff, 0xff, 0xfc, 0x0,
    0xcf, 0xff, 0xff, 0xff, 0xec, 0xc9, 0x0, 0x9c,
    0xce, 0xff, 0xff, 0x80, 0x0, 0x0, 0x0, 0x8,
    0xff, 0xff, 0x80, 0x0, 0x0, 0x0, 0x8, 0xff,
    0xff, 0xec, 0xc9, 0x0, 0x9c, 0xce, 0xff, 0xff,
    0xff, 0xfc, 0x0, 0xcf, 0xff, 0xff, 0xff, 0xff,
    0xfc, 0x0, 0xcf, 0xff, 0xff, 0xff, 0xff, 0xfe,
    0x88, 0xef, 0xff, 0xff, 0xff, 0xff, 0xff, 0xff,
    0xff, 0xff, 0xff, 0x8f, 0xff, 0xff, 0xff, 0xff,
    0xff, 0xf8,

    /* U+F100 "" */
    0x0, 0x0, 0x2d, 0x80, 0x0, 0x2d, 0x80, 0x0,
    0x2, 0xef, 0xf1, 0x2, 0xef, 0xf1, 0x0, 0x2e,
    0xff, 0x70, 0x2e, 0xff, 0x70, 0x2, 0xef, 0xf7,
    0x2, 0xef, 0xf7, 0x0, 0xe, 0xff, 0x70, 0xe,
    0xff, 0x70, 0x0, 0xe, 0xff, 0x80, 0xe, 0xff,
    0x80, 0x0, 0x2, 0xef, 0xf8, 0x2, 0xef, 0xf8,
    0x0, 0x0, 0x2e, 0xff, 0x80, 0x2e, 0xff, 0x80,
    0x0, 0x2, 0xef, 0xf1, 0x2, 0xef, 0xf1, 0x0,
    0x0, 0x2d, 0x80, 0x0, 0x2d, 0x80,

    /* U+F101 "" */
    0x8, 0xd2, 0x0, 0x8, 0xd2, 0x0, 0x0, 0x1f,
    0xfe, 0x20, 0x1f, 0xfe, 0x20, 0x0, 0x8, 0xff,
    0xe2, 0x8, 0xff, 0xe2, 0x0, 0x0, 0x8f, 0xfe,
    0x20, 0x8f, 0xfe, 0x20, 0x0, 0x8, 0xff, 0xe0,
    0x8, 0xff, 0xe0, 0x0, 0x7, 0xff, 0xe0, 0x7,
    0xff, 0xe0, 0x0, 0x7f, 0xfe, 0x20, 0x7f, 0xfe,
    0x20, 0x7, 0xff, 0xe2, 0x7, 0xff, 0xe2, 0x0,
    0x1f, 0xfe, 0x20, 0x1f, 0xfe, 0x20, 0x0, 0x8,
    0xd2, 0x0, 0x8, 0xd2, 0x0, 0x0,

    /* U+F102 "" */
    0x0, 0x0, 0x1, 0x0, 0x0, 0x0, 0x0, 0x1e,
    0xe2, 0x0, 0x0, 0x0, 0x1e, 0xff, 0xe2, 0x0,
    0x0, 0x1e, 0xff, 0xff, 0xe2, 0x0, 0x1e, 0xff,
    0x87, 0xff, 0xe2, 0xd, 0xff, 0x80, 0x7, 0xff,
    0xd0, 0x8f, 0x80, 0x1, 0x7, 0xf9, 0x0, 0x10,
    0x1e, 0xe2, 0x1, 0x0, 0x0, 0x1e, 0xff, 0xe2,
    0x0, 0x0, 0x1e, 0xff, 0xff, 0xe2, 0x0, 0x1e,
    0xff, 0x87, 0xff, 0xe2, 0xd, 0xff, 0x80, 0x7,
    0xff, 0xd0, 0x8f, 0x80, 0x0, 0x7, 0xf9, 0x0,
    0x10, 0x0, 0x0, 0x1, 0x0,

    /* U+F103 "" */
    0x1, 0x0, 0x0, 0x0, 0x10, 0x8, 0xf8, 0x0,
    0x0, 0x7f, 0x90, 0xdf, 0xf8, 0x0, 0x7f, 0xfd,
    0x2, 0xef, 0xf8, 0x7f, 0xfe, 0x20, 0x2, 0xef,
    0xff, 0xfe, 0x20, 0x0, 0x2, 0xef, 0xfe, 0x20,
    0x0, 0x1, 0x2, 0xee, 0x20, 0x10, 0x8, 0xf8,
    0x0, 0x10, 0x7f, 0x90, 0xdf, 0xf8, 0x0, 0x7f,
    0xfd, 0x2, 0xef, 0xf8, 0x7f, 0xfe, 0x20, 0x2,
    0xef, 0xff, 0xfe, 0x20, 0x0, 0x2, 0xef, 0xfe,
    0x20, 0x0, 0x0, 0x2, 0xee, 0x20, 0x0, 0x0,
    0x0, 0x0, 0x10, 0x0, 0x0,

    /* U+F104 "" */
    0x0, 0x0, 0x2d, 0x80, 0x0, 0x2, 0xef, 0xf1,
    0x0, 0x2e, 0xff, 0x70, 0x2, 0xef, 0xf7, 0x0,
    0xe, 0xff, 0x70, 0x0, 0xe, 0xff, 0x80, 0x0,
    0x2, 0xef, 0xf8, 0x0, 0x0, 0x2e, 0xff, 0x80,
    0x0, 0x2, 0xef, 0xf1, 0x0, 0x0, 0x2d, 0x80,

    /* U+F105 "" */
    0x8, 0xd2, 0x0, 0x0, 0x1f, 0xfe, 0x20, 0x0,
    0x8, 0xff, 0xe2, 0x0, 0x0, 0x8f, 0xfe, 0x20,
    0x0, 0x8, 0xff, 0xe0, 0x0, 0x7, 0xff, 0xe0,
    0x0, 0x7f, 0xfe, 0x20, 0x7, 0xff, 0xe2, 0x0,
    0x1f, 0xfe, 0x20, 0x0, 0x8, 0xd2, 0x0, 0x0,

    /* U+F106 "" */
    0x0, 0x0, 0x1, 0x0, 0x0, 0x0, 0x0, 0x1e,
    0xe2, 0x0, 0x0, 0x0, 0x1e, 0xff, 0xe2, 0x0,
    0x0, 0x1e, 0xff, 0xff, 0xe2, 0x0, 0x1e, 0xff,
    0x87, 0xff, 0xe2, 0xd, 0xff, 0x80, 0x7, 0xff,
    0xd0, 0x8f, 0x80, 0x0, 0x7, 0xf9, 0x0, 0x10,
    0x0, 0x0, 0x1, 0x0,

    /* U+F107 "" */
    0x1, 0x0, 0x0, 0x0, 0x10, 0x8, 0xf8, 0x0,
    0x0, 0x7f, 0x90, 0xdf, 0xf8, 0x0, 0x7f, 0xfd,
    0x2, 0xef, 0xf8, 0x7f, 0xfe, 0x20, 0x2, 0xef,
    0xff, 0xfe, 0x20, 0x0, 0x2, 0xef, 0xfe, 0x20,
    0x0, 0x0, 0x2, 0xee, 0x20, 0x0, 0x0, 0x0,
    0x0, 0x10, 0x0, 0x0,

    /* U+F108 "" */
    0x8f, 0xff, 0xff, 0xff, 0xff, 0xff, 0xff, 0xff,
    0xf8, 0xff, 0xff, 0xff, 0xff, 0xff, 0xff, 0xff,
    0xff, 0xff, 0xff, 0x0, 0x0, 0x0, 0x0, 0x0,
    0x0, 0x0, 0xff, 0xff, 0x0, 0x0, 0x0, 0x0,
    0x0, 0x0, 0x0, 0xff, 0xff, 0x0, 0x0, 0x0,
    0x0, 0x0, 0x0, 0x0, 0xff, 0xff, 0x0, 0x0,
    0x0, 0x0, 0x0, 0x0, 0x0, 0xff, 0xff, 0x0,
    0x0, 0x0, 0x0, 0x0, 0x0, 0x0, 0xff, 0xff,
    0x0, 0x0, 0x0, 0x0, 0x0, 0x0, 0x0, 0xff,
    0xff, 0x0, 0x0, 0x0, 0x0, 0x0, 0x0, 0x0,
    0xff, 0xff, 0x0, 0x0, 0x0, 0x0, 0x0, 0x0,
    0x0, 0xff, 0xff, 0x0, 0x0, 0x0, 0x0, 0x0,
    0x0, 0x0, 0xff, 0xff, 0xff, 0xff, 0xff, 0xff,
    0xff, 0xff, 0xff, 0xff, 0x8f, 0xff, 0xff, 0xff,
    0xff, 0xff, 0xff, 0xff, 0xf8, 0x0, 0x0, 0x0,
    0xa, 0xff, 0xa0, 0x0, 0x0, 0x0, 0x0, 0x0,
    0x58, 0x8f, 0xff, 0xf8, 0x85, 0x0, 0x0, 0x0,
    0x0, 0xdf, 0xff, 0xff, 0xff, 0xfd, 0x0, 0x0,

    /* U+F109 "" */
    0x0, 0x8f, 0xff, 0xff, 0xff, 0xff, 0xff, 0xff,
    0xf8, 0x0, 0x0, 0xff, 0xff, 0xff, 0xff, 0xff,
    0xff, 0xff, 0xff, 0x0, 0x0, 0xff, 0x0, 0x0,
    0x0, 0x0, 0x0, 0x0, 0xff, 0x0, 0x0, 0xff,
    0x0, 0x0, 0x0, 0x0, 0x0, 0x0, 0xff, 0x0,
    0x0, 0xff, 0x0, 0x0, 0x0, 0x0, 0x0, 0x0,
    0xff, 0x0, 0x0, 0xff, 0x0, 0x0, 0x0, 0x0,
    0x0, 0x0, 0xff, 0x0, 0x0, 0xff, 0x0, 0x0,
    0x0, 0x0, 0x0, 0x0, 0xff, 0x0, 0x0, 0xff,
    0x0, 0x0, 0x0, 0x0, 0x0, 0x0, 0xff, 0x0,
    0x0, 0xff, 0x0, 0x0, 0x0, 0x0, 0x0, 0x0,
    0xff, 0x0, 0x0, 0xff, 0x0, 0x0, 0x0, 0x0,
    0x0, 0x0, 0xff, 0x0, 0x0, 0xff, 0xff, 0xff,
    0xff, 0xff, 0xff, 0xff, 0xff, 0x0, 0x0, 0xff,
    0xff, 0xff, 0xff, 0xff, 0xff, 0xff, 0xff, 0x0,
    0x0, 0x0, 0x0, 0x0, 0x0, 0x0, 0x0, 0x0,
    0x0, 0x0, 0xef, 0xff, 0xff, 0xff, 0x30, 0x5,
    0xff, 0xff, 0xff, 0xfe, 0xef, 0xff, 0xff, 0xff,
    0xff, 0xff, 0xff, 0xff, 0xff, 0xfe, 0x4e, 0xff,
    0xff, 0xff, 0xff, 0xff, 0xff, 0xff, 0xff, 0xe4,

    /* U+F10A "" */
    0x8f, 0xff, 0xff, 0xff, 0xff, 0xff, 0xf8, 0xff,
    0xff, 0xff, 0xff, 0xff, 0xff, 0xff, 0xff, 0xff,
    0xff, 0xff, 0xff, 0xff, 0xff, 0xff, 0xff, 0xff,
    0xff, 0xff, 0xff, 0xff, 0xff, 0xff, 0xff, 0xff,
    0xff, 0xff, 0xff, 0xff, 0xff, 0xff, 0xff, 0xff,
    0xff, 0xff, 0xff, 0xff, 0xff, 0xff, 0xff, 0xff,
    0xff, 0xff, 0xff, 0xff, 0xff, 0xff, 0xff, 0xff,
    0xff, 0xff, 0xff, 0xff, 0xff, 0xff, 0xff, 0xff,
    0xff, 0xff, 0xff, 0xff, 0xff, 0xff, 0xff, 0xff,
    0xff, 0xff, 0xff, 0xff, 0xff, 0xff, 0xff, 0xff,
    0xff, 0xff, 0xff, 0xff, 0xff, 0xff, 0xff, 0xff,
    0xff, 0xff, 0xff, 0xff, 0xff, 0xff, 0x33, 0xff,
    0xff, 0xff, 0xff, 0xff, 0xff, 0x33, 0xff, 0xff,
    0xff, 0x8f, 0xff, 0xff, 0xff, 0xff, 0xff, 0xf8,

    /* U+F10B "" */
    0x8f, 0xff, 0xff, 0xff, 0xf8, 0xff, 0xff, 0xff,
    0xff, 0xff, 0xff, 0xff, 0xff, 0xff, 0xff, 0xff,
    0xff, 0xff, 0xff, 0xff, 0xff, 0xff, 0xff, 0xff,
    0xff, 0xff, 0xff, 0xff, 0xff, 0xff, 0xff, 0xff,
    0xff, 0xff, 0xff, 0xff, 0xff, 0xff, 0xff, 0xff,
    0xff, 0xff, 0xff, 0xff, 0xff, 0xff, 0xff, 0xff,
    0xff, 0xff, 0xff, 0xff, 0xff, 0xff, 0xff, 0xff,
    0xff, 0xff, 0xff, 0xff, 0xff, 0xff, 0xff, 0xff,
    0xff, 0xff, 0xff, 0x33, 0xff, 0xff, 0xff, 0xff,
    0x33, 0xff, 0xff, 0x8f, 0xff, 0xff, 0xff, 0xf8,

    /* U+F10D "" */
    0x0, 0x4c, 0xfd, 0x0, 0x0, 0x4, 0xcf, 0xd0,
    0x8, 0xff, 0xff, 0x0, 0x0, 0x8f, 0xff, 0xf0,
    0x4f, 0xff, 0xfd, 0x0, 0x4, 0xff, 0xff, 0xd0,
    0xcf, 0xfb, 0x10, 0x0, 0xc, 0xff, 0xb1, 0x0,
    0xff, 0xf1, 0x0, 0x0, 0xf, 0xff, 0x10, 0x0,
    0xff, 0xf0, 0x0, 0x0, 0xf, 0xff, 0x0, 0x0,
    0xff, 0xf0, 0x0, 0x0, 0xf, 0xff, 0x0, 0x0,
    0xff, 0xff, 0xff, 0x80, 0xf, 0xff, 0xff, 0xf8,
    0xff, 0xff, 0xff, 0xf0, 0xf, 0xff, 0xff, 0xff,
    0xff, 0xff, 0xff, 0xf0, 0xf, 0xff, 0xff, 0xff,
    0xff, 0xff, 0xff, 0xf0, 0xf, 0xff, 0xff, 0xff,
    0xff, 0xff, 0xff, 0xf0, 0xf, 0xff, 0xff, 0xff,
    0xff, 0xff, 0xff, 0xf0, 0xf, 0xff, 0xff, 0xff,
    0x8f, 0xff, 0xff, 0x80, 0x8, 0xff, 0xff, 0xf8,

    /* U+F10E "" */
    0x8f, 0xff, 0xff, 0x80, 0x8, 0xff, 0xff, 0xf8,
    0xff, 0xff, 0xff, 0xf0, 0xf, 0xff, 0xff, 0xff,
    0xff, 0xff, 0xff, 0xf0, 0xf, 0xff, 0xff, 0xff,
    0xff, 0xff, 0xff, 0xf0, 0xf, 0xff, 0xff, 0xff,
    0xff, 0xff, 0xff, 0xf0, 0xf, 0xff, 0xff, 0xff,
    0xff, 0xff, 0xff, 0xf0, 0xf, 0xff, 0xff, 0xff,
    0x8f, 0xff, 0xff, 0xf0, 0x8, 0xff, 0xff, 0xff,
    0x0, 0x0, 0xff, 0xf0, 0x0, 0x0, 0xf, 0xff,
    0x0, 0x0, 0xff, 0xf0, 0x0, 0x0, 0xf, 0xff,
    0x0, 0x1, 0xff, 0xf0, 0x0, 0x0, 0x1f, 0xff,
    0x0, 0x1b, 0xff, 0xc0, 0x0, 0x1, 0xbf, 0xfc,
    0xd, 0xff, 0xff, 0x40, 0x0, 0xdf, 0xff, 0xf4,
    0xf, 0xff, 0xf8, 0x0, 0x0, 0xff, 0xff, 0x80,
    0xd, 0xfc, 0x40, 0x0, 0x0, 0xdf, 0xc4, 0x0,

    /* U+F110 "" */
    0x0, 0x0, 0x0, 0x4e, 0xc0, 0x0, 0x0, 0x0,
    0x0, 0x0, 0x0, 0xaf, 0xf3, 0x0, 0x0, 0x0,
    0x0, 0xbf, 0x60, 0x4e, 0xc0, 0x0, 0x0, 0x0,
    0x0, 0xff, 0xb0, 0x0, 0x0, 0x0, 0x0, 0x0,
    0x0, 0x8d, 0x40, 0x0, 0x0, 0x0, 0x0, 0x0,
    0x0, 0x0, 0x0, 0x0, 0x0, 0x0, 0x0, 0x0,
    0x3, 0x0, 0x0, 0x0, 0x0, 0x0, 0x0, 0x30,
    0xcf, 0xc0, 0x0, 0x0, 0x0, 0x0, 0xc, 0xfc,
    0xef, 0xe0, 0x0, 0x0, 0x0, 0x0, 0xe, 0xfe,
    0x4a, 0x40, 0x0, 0x0, 0x0, 0x0, 0x4, 0xa4,
    0x0, 0x0, 0x0, 0x0, 0x0, 0x0, 0x0, 0x0,
    0x0, 0x6b, 0x30, 0x0, 0x0, 0x4, 0xb6, 0x0,
    0x0, 0xff, 0xb0, 0x0, 0x0, 0xd, 0xff, 0x0,
    0x0, 0xbf, 0x60, 0x4e, 0xc0, 0x8, 0xfb, 0x0,
    0x0, 0x0, 0x0, 0xaf, 0xf3, 0x0, 0x0, 0x0,
    0x0, 0x0, 0x0, 0x4e, 0xc0, 0x0, 0x0, 0x0,

    /* U+F111 "" */
    0x0, 0x0, 0x3, 0x79, 0x97, 0x30, 0x0, 0x0,
    0x0, 0x3, 0xcf, 0xff, 0xff, 0xfc, 0x30, 0x0,
    0x0, 0x5f, 0xff, 0xff, 0xff, 0xff, 0xf5, 0x0,
    0x3, 0xff, 0xff, 0xff, 0xff, 0xff, 0xff, 0x30,
    0xd, 0xff, 0xff, 0xff, 0xff, 0xff, 0xff, 0xd0,
    0x4f, 0xff, 0xff, 0xff, 0xff, 0xff, 0xff, 0xf4,
    0x9f, 0xff, 0xff, 0xff, 0xff, 0xff, 0xff, 0xf8,
    0xbf, 0xff, 0xff, 0xff, 0xff, 0xff, 0xff, 0xfa,
    0xbf, 0xff, 0xff, 0xff, 0xff, 0xff, 0xff, 0xfb,
    0xaf, 0xff, 0xff, 0xff, 0xff, 0xff, 0xff, 0xf9,
    0x6f, 0xff, 0xff, 0xff, 0xff, 0xff, 0xff, 0xf5,
    0xe, 0xff, 0xff, 0xff, 0xff, 0xff, 0xff, 0xe0,
    0x6, 0xff, 0xff, 0xff, 0xff, 0xff, 0xff, 0x50,
    0x0, 0x8f, 0xff, 0xff, 0xff, 0xff, 0xf8, 0x0,
    0x0, 0x6, 0xff, 0xff, 0xff, 0xfe, 0x60, 0x0,
    0x0, 0x0, 0x17, 0xbd, 0xdb, 0x61, 0x0, 0x0,

    /* U+F118 "" */
    0x0, 0x0, 0x28, 0xbd, 0xca, 0x50, 0x0, 0x0,
    0x0, 0x8, 0xff, 0xff, 0xff, 0xfd, 0x30, 0x0,
    0x0, 0xbf, 0xff, 0xff, 0xff, 0xff, 0xf4, 0x0,
    0x9, 0xff, 0xff, 0xff, 0xff, 0xff, 0xfe, 0x20,
    0x2f, 0xff, 0xff, 0xff, 0xff, 0xff, 0xff, 0xa0,
    0x9f, 0xff, 0xc8, 0xff, 0xfc, 0x8f, 0xff, 0xf1,
    0xdf, 0xff, 0x40, 0xdf, 0xf4, 0xd, 0xff, 0xf5,
    0xff, 0xff, 0xc8, 0xff, 0xfc, 0x8f, 0xff, 0xf7,
    0xff, 0xff, 0xff, 0xff, 0xff, 0xff, 0xff, 0xf6,
    0xdf, 0xff, 0xff, 0xff, 0xff, 0xff, 0xff, 0xf5,
    0x9f, 0xff, 0x39, 0xff, 0xfe, 0x3a, 0xff, 0xf1,
    0x3f, 0xff, 0xd1, 0x25, 0x40, 0x6f, 0xff, 0xa0,
    0x9, 0xff, 0xff, 0x96, 0x7c, 0xff, 0xfe, 0x20,
    0x0, 0xbf, 0xff, 0xff, 0xff, 0xff, 0xf4, 0x0,
    0x0, 0x9, 0xff, 0xff, 0xff, 0xfd, 0x30, 0x0,
    0x0, 0x0, 0x28, 0xbd, 0xca, 0x50, 0x0, 0x0,

    /* U+F119 "" */
    0x0, 0x0, 0x28, 0xbd, 0xca, 0x50, 0x0, 0x0,
    0x0, 0x9, 0xff, 0xff, 0xff, 0xfd, 0x30, 0x0,
    0x0, 0xbf, 0xff, 0xff, 0xff, 0xff, 0xf4, 0x0,
    0x9, 0xff, 0xff, 0xff, 0xff, 0xff, 0xff, 0x20,
    0x3f, 0xff, 0xff, 0xff, 0xff, 0xff, 0xff, 0xa0,
    0x9f, 0xff, 0xc7, 0xff, 0xfc, 0x7f, 0xff, 0xf1,
    0xdf, 0xff, 0x40, 0xdf, 0xf4, 0xd, 0xff, 0xf5,
    0xff, 0xff, 0xd9, 0xff, 0xfd, 0x9f, 0xff, 0xf7,
    0xff, 0xff, 0xff, 0xff, 0xff, 0xff, 0xff, 0xf6,
    0xdf, 0xff, 0xff, 0xff, 0xff, 0xff, 0xff, 0xf5,
    0x9f, 0xff, 0xf9, 0x20, 0x15, 0xdf, 0xff, 0xf1,
    0x2f, 0xff, 0x53, 0xcf, 0xe8, 0x1d, 0xff, 0x90,
    0x8, 0xff, 0xaf, 0xff, 0xff, 0xcd, 0xfe, 0x10,
    0x0, 0xaf, 0xff, 0xff, 0xff, 0xff, 0xe3, 0x0,
    0x0, 0x7, 0xff, 0xff, 0xff, 0xfc, 0x20, 0x0,
    0x0, 0x0, 0x16, 0xab, 0xa8, 0x30, 0x0, 0x0,

    /* U+F11A "" */
    0x0, 0x0, 0x28, 0xbd, 0xca, 0x50, 0x0, 0x0,
    0x0, 0x8, 0xff, 0xff, 0xff, 0xfd, 0x30, 0x0,
    0x0, 0xbf, 0xff, 0xff, 0xff, 0xff, 0xf4, 0x0,
    0x9, 0xff, 0xff, 0xff, 0xff, 0xff, 0xfe, 0x10,
    0x2f, 0xff, 0xff, 0xff, 0xff, 0xff, 0xff, 0xa0,
    0x9f, 0xff, 0xc8, 0xff, 0xfc, 0x8f, 0xff, 0xf1,
    0xdf, 0xff, 0x40, 0xcf, 0xf4, 0xc, 0xff, 0xf5,
    0xff, 0xff, 0xb6, 0xff, 0xfb, 0x6f, 0xff, 0xf6,
    0xff, 0xff, 0xff, 0xff, 0xff, 0xff, 0xff, 0xf7,
    0xdf, 0xff, 0xff, 0xff, 0xff, 0xff, 0xff, 0xf5,
    0x9f, 0xff, 0xdb, 0xbb, 0xbb, 0xbf, 0xff, 0xf1,
    0x3f, 0xff, 0x84, 0x44, 0x44, 0x4e, 0xff, 0xb0,
    0xa, 0xff, 0xff, 0xff, 0xff, 0xff, 0xff, 0x20,
    0x0, 0xcf, 0xff, 0xff, 0xff, 0xff, 0xf5, 0x0,
    0x0, 0xa, 0xff, 0xff, 0xff, 0xfe, 0x40, 0x0,
    0x0, 0x0, 0x39, 0xde, 0xeb, 0x60, 0x0, 0x0,

    /* U+F11B "" */
    0x0, 0x4c, 0xff, 0xff, 0xff, 0xff, 0xff, 0xff,
    0xc4, 0x0, 0x8, 0xff, 0xff, 0xff, 0xff, 0xff,
    0xff, 0xff, 0xff, 0x80, 0x4f, 0xff, 0x75, 0xff,
    0xff, 0xff, 0xff, 0xfd, 0x4b, 0xf4, 0xcf, 0xff,
    0x41, 0xff, 0xff, 0xff, 0xff, 0xf7, 0x4, 0xfc,
    0xff, 0x74, 0x10, 0x47, 0xff, 0xff, 0xff, 0xfd,
    0x4b, 0xff, 0xff, 0x74, 0x10, 0x47, 0xff, 0xff,
    0xfd, 0x4b, 0xff, 0xff, 0xcf, 0xff, 0x41, 0xff,
    0xff, 0xff, 0xf6, 0x4, 0xff, 0xfc, 0x4f, 0xff,
    0x75, 0xff, 0xff, 0xff, 0xfd, 0x4b, 0xff, 0xf5,
    0x8, 0xff, 0xff, 0xff, 0xa8, 0x89, 0xff, 0xff,
    0xff, 0x80, 0x0, 0x4c, 0xff, 0xc5, 0x0, 0x0,
    0x4b, 0xff, 0xc5, 0x0,

    /* U+F11C "" */
    0x8f, 0xff, 0xff, 0xff, 0xff, 0xff, 0xff, 0xff,
    0xf8, 0xff, 0xff, 0xff, 0xff, 0xff, 0xff, 0xff,
    0xff, 0xff, 0xff, 0x0, 0xf0, 0xf, 0x0, 0xf0,
    0xf, 0x0, 0xff, 0xff, 0x0, 0xf0, 0xf, 0x0,
    0xf0, 0xf, 0x0, 0xff, 0xff, 0xff, 0xff, 0xff,
    0xff, 0xff, 0xff, 0xff, 0xff, 0xff, 0xf8, 0x8,
    0x80, 0x88, 0x8, 0x80, 0x8f, 0xff, 0xff, 0xf8,
    0x8, 0x80, 0x88, 0x8, 0x80, 0x8f, 0xff, 0xff,
    0xff, 0xff, 0xff, 0xff, 0xff, 0xff, 0xff, 0xff,
    0xff, 0x0, 0xf0, 0x0, 0x0, 0x0, 0xf, 0x0,
    0xff, 0xff, 0x0, 0xf0, 0x0, 0x0, 0x0, 0xf,
    0x0, 0xff, 0xff, 0xff, 0xff, 0xff, 0xff, 0xff,
    0xff, 0xff, 0xff, 0x8f, 0xff, 0xff, 0xff, 0xff,
    0xff, 0xff, 0xff, 0xf8,

    /* U+F11E "" */
    0x0, 0x0, 0x0, 0x0, 0x0, 0x0, 0x0, 0x0,
    0x3e, 0xe3, 0x0, 0x0, 0x0, 0x0, 0x0, 0x0,
    0xbf, 0xfb, 0x0, 0x0, 0x0, 0x0, 0x0, 0x0,
    0x8f, 0xfe, 0xdf, 0xeb, 0x72, 0x0, 0x28, 0xdc,
    0xf, 0xff, 0xaf, 0xff, 0xff, 0xff, 0xff, 0xef,
    0xf, 0xf0, 0xe, 0xf6, 0x27, 0xff, 0x71, 0x8f,
    0xf, 0xf0, 0x1b, 0xc5, 0x1, 0xff, 0x30, 0x8f,
    0xf, 0xfc, 0xf5, 0x9, 0xb7, 0xbc, 0x7a, 0xff,
    0xf, 0xff, 0xf5, 0xa, 0xfe, 0x0, 0xdf, 0xff,
    0xf, 0xf5, 0xe, 0xf7, 0x59, 0x20, 0xb9, 0x9f,
    0xf, 0xf0, 0xe, 0xf6, 0x1, 0xff, 0x30, 0x8f,
    0xf, 0xf7, 0xbf, 0xfd, 0x85, 0xff, 0x33, 0xcf,
    0xf, 0xff, 0xdb, 0xac, 0xff, 0xff, 0xef, 0xf6,
    0xf, 0xf2, 0x0, 0x0, 0x4, 0x8a, 0x96, 0x10,
    0xf, 0xf0, 0x0, 0x0, 0x0, 0x0, 0x0, 0x0,
    0xf, 0xf0, 0x0, 0x0, 0x0, 0x0, 0x0, 0x0,
    0xd, 0xd0, 0x0, 0x0, 0x0, 0x0, 0x0, 0x0,

    /* U+F120 "" */
    0x3b, 0x30, 0x0, 0x0, 0x0, 0x0, 0x0, 0x0,
    0x0, 0x0, 0xd, 0xfe, 0x30, 0x0, 0x0, 0x0,
    0x0, 0x0, 0x0, 0x0, 0x0, 0x6f, 0xfe, 0x30,
    0x0, 0x0, 0x0, 0x0, 0x0, 0x0, 0x0, 0x0,
    0x6f, 0xfe, 0x30, 0x0, 0x0, 0x0, 0x0, 0x0,
    0x0, 0x0, 0x0, 0x6f, 0xfe, 0x30, 0x0, 0x0,
    0x0, 0x0, 0x0, 0x0, 0x0, 0x0, 0x6f, 0xfe,
    0x30, 0x0, 0x0, 0x0, 0x0, 0x0, 0x0, 0x0,
    0x0, 0x7f, 0xfe, 0x10, 0x0, 0x0, 0x0, 0x0,
    0x0, 0x0, 0x0, 0x6, 0xff, 0xe1, 0x0, 0x0,
    0x0, 0x0, 0x0, 0x0, 0x0, 0x6, 0xff, 0xe3,
    0x0, 0x0, 0x0, 0x0, 0x0, 0x0, 0x0, 0x6,
    0xff, 0xe3, 0x0, 0x0, 0x0, 0x0, 0x0, 0x0,
    0x0, 0x6, 0xff, 0xe3, 0x0, 0x0, 0x0, 0x0,
    0x0, 0x0, 0x0, 0x6, 0xff, 0xe3, 0x0, 0x0,
    0x58, 0x88, 0x88, 0x88, 0x88, 0x50, 0xdf, 0xe3,
    0x0, 0x0, 0xf, 0xff, 0xff, 0xff, 0xff, 0xff,
    0x3, 0xb3, 0x0, 0x0, 0x0, 0xcf, 0xff, 0xff,
    0xff, 0xff, 0xd0,

    /* U+F121 "" */
    0x0, 0x0, 0x0, 0x0, 0x0, 0x0, 0x0, 0x0,
    0x0, 0x0, 0x0, 0x0, 0x0, 0x0, 0x0, 0x0,
    0x3, 0xea, 0x30, 0x0, 0x0, 0x0, 0x0, 0x0,
    0x0, 0x0, 0x0, 0x8, 0xff, 0x50, 0x0, 0x0,
    0x0, 0x0, 0x0, 0x0, 0x0, 0x0, 0xc, 0xff,
    0x0, 0x0, 0x0, 0x0, 0x0, 0x0, 0x5, 0x30,
    0x0, 0x1f, 0xfc, 0x2, 0x50, 0x0, 0x0, 0x0,
    0x0, 0x6f, 0xe2, 0x0, 0x6f, 0xf7, 0x2e, 0xf7,
    0x0, 0x0, 0x0, 0x7, 0xff, 0xf6, 0x0, 0xaf,
    0xf2, 0x5f, 0xff, 0x80, 0x0, 0x0, 0x8f, 0xff,
    0x60, 0x0, 0xff, 0xe0, 0x5, 0xff, 0xf9, 0x0,
    0x9, 0xff, 0xf4, 0x0, 0x3, 0xff, 0x90, 0x0,
    0x4f, 0xff, 0xa0, 0x9, 0xff, 0xf4, 0x0, 0x8,
    0xff, 0x40, 0x0, 0x4f, 0xff, 0xa0, 0x0, 0x8f,
    0xff, 0x60, 0xd, 0xff, 0x0, 0x5, 0xff, 0xf9,
    0x0, 0x0, 0x7, 0xff, 0xf6, 0x1f, 0xfb, 0x0,
    0x5f, 0xff, 0x80, 0x0, 0x0, 0x0, 0x6f, 0xe2,
    0x6f, 0xf7, 0x0, 0x2e, 0xf7, 0x0, 0x0, 0x0,
    0x0, 0x5, 0x30, 0xbf, 0xf2, 0x0, 0x2, 0x50,
    0x0, 0x0, 0x0, 0x0, 0x0, 0x0, 0xff, 0xd0,
    0x0, 0x0, 0x0, 0x0, 0x0, 0x0, 0x0, 0x0,
    0x4, 0xff, 0x90, 0x0, 0x0, 0x0, 0x0, 0x0,
    0x0, 0x0, 0x0, 0x2, 0xae, 0x40, 0x0, 0x0,
    0x0, 0x0, 0x0, 0x0, 0x0, 0x0, 0x0, 0x0,
    0x0, 0x0, 0x0, 0x0, 0x0, 0x0,

    /* U+F122 "" */
    0x0, 0x0, 0x0, 0x0, 0x0, 0x0, 0x0, 0x0,
    0x0, 0x0, 0x0, 0x0, 0x8d, 0x0, 0x8d, 0x0,
    0x0, 0x0, 0x0, 0x0, 0x0, 0xbf, 0xb0, 0xbf,
    0xf0, 0x0, 0x0, 0x0, 0x0, 0x1, 0xcf, 0x91,
    0xcf, 0xff, 0x0, 0x0, 0x0, 0x0, 0x2, 0xef,
    0x62, 0xef, 0xff, 0xf9, 0x74, 0x0, 0x0, 0x4,
    0xff, 0x64, 0xff, 0xff, 0xff, 0xff, 0xff, 0x80,
    0x0, 0xdf, 0xf1, 0xdf, 0xff, 0xff, 0xff, 0xff,
    0xff, 0xc0, 0x4, 0xff, 0x64, 0xff, 0xff, 0xff,
    0xff, 0xff, 0xff, 0x70, 0x2, 0xef, 0x62, 0xef,
    0xff, 0xfb, 0xef, 0xff, 0xfd, 0x0, 0x1, 0xcf,
    0x91, 0xcf, 0xff, 0x0, 0x5f, 0xff, 0xf0, 0x0,
    0x0, 0xbf, 0xb0, 0xbf, 0xf0, 0x0, 0x5f, 0xff,
    0x0, 0x0, 0x0, 0x8d, 0x0, 0x8d, 0x0, 0x0,
    0xff, 0xc0, 0x0, 0x0, 0x0, 0x0, 0x0, 0x0,
    0x0, 0x1f, 0xf6, 0x0, 0x0, 0x0, 0x0, 0x0,
    0x0, 0x0, 0x3, 0xfc, 0x0, 0x0, 0x0, 0x0,
    0x0, 0x0, 0x0, 0x0, 0x5c, 0x10, 0x0, 0x0,
    0x0, 0x0, 0x0, 0x0, 0x0, 0x0, 0x0, 0x0,

    /* U+F124 "" */
    0x0, 0x0, 0x0, 0x0, 0x0, 0x0, 0x0, 0x0,
    0x0, 0x0, 0x0, 0x0, 0x0, 0x0, 0x0, 0x3,
    0xaf, 0x70, 0x0, 0x0, 0x0, 0x0, 0x0, 0x4,
    0xcf, 0xff, 0xf0, 0x0, 0x0, 0x0, 0x0, 0x6,
    0xdf, 0xff, 0xff, 0xb0, 0x0, 0x0, 0x0, 0x7,
    0xef, 0xff, 0xff, 0xff, 0x40, 0x0, 0x0, 0x18,
    0xff, 0xff, 0xff, 0xff, 0xfc, 0x0, 0x0, 0x29,
    0xff, 0xff, 0xff, 0xff, 0xff, 0xf5, 0x0, 0x8,
    0xff, 0xff, 0xff, 0xff, 0xff, 0xff, 0xd0, 0x0,
    0xe, 0xff, 0xff, 0xff, 0xff, 0xff, 0xff, 0x60,
    0x0, 0x8, 0xff, 0xff, 0xff, 0xff, 0xff, 0xfe,
    0x0, 0x0, 0x0, 0x0, 0x0, 0x0, 0xff, 0xff,
    0xf8, 0x0, 0x0, 0x0, 0x0, 0x0, 0x0, 0xff,
    0xff, 0xf1, 0x0, 0x0, 0x0, 0x0, 0x0, 0x0,
    0xff, 0xff, 0x90, 0x0, 0x0, 0x0, 0x0, 0x0,
    0x0, 0xff, 0xff, 0x20, 0x0, 0x0, 0x0, 0x0,
    0x0, 0x0, 0xff, 0xfa, 0x0, 0x0, 0x0, 0x0,
    0x0, 0x0, 0x0, 0xff, 0xf3, 0x0, 0x0, 0x0,
    0x0, 0x0, 0x0, 0x0, 0x8f, 0x90, 0x0, 0x0,
    0x0, 0x0, 0x0, 0x0, 0x0, 0x0, 0x0, 0x0,
    0x0, 0x0,

    /* U+F125 "" */
    0x0, 0x0, 0x0, 0x0, 0x0, 0x0, 0x0, 0x0,
    0x0, 0xd, 0xfd, 0x0, 0x0, 0x0, 0x0, 0x1c,
    0x70, 0x0, 0xff, 0xf0, 0x0, 0x0, 0x0, 0x1d,
    0xfc, 0xd, 0xff, 0xff, 0xf, 0xff, 0xff, 0xff,
    0xfd, 0x10, 0xff, 0xff, 0xf0, 0xff, 0xff, 0xff,
    0xff, 0x10, 0xd, 0xff, 0xff, 0xf, 0xff, 0xff,
    0xff, 0xf0, 0x0, 0x0, 0xff, 0xf0, 0x0, 0x1d,
    0xff, 0xff, 0x0, 0x0, 0xf, 0xff, 0x0, 0x1d,
    0xfd, 0xff, 0xf0, 0x0, 0x0, 0xff, 0xf0, 0x1d,
    0xfd, 0x1f, 0xff, 0x0, 0x0, 0xf, 0xff, 0x1d,
    0xfd, 0x10, 0xff, 0xf0, 0x0, 0x0, 0xff, 0xfd,
    0xfd, 0x10, 0xf, 0xff, 0x0, 0x0, 0xf, 0xff,
    0xfd, 0x10, 0x0, 0xff, 0xf0, 0x0, 0x0, 0xff,
    0xff, 0xff, 0xff, 0xf, 0xff, 0xfd, 0x0, 0xf,
    0xff, 0xff, 0xff, 0xf0, 0xff, 0xff, 0xf0, 0x0,
    0xdf, 0xff, 0xff, 0xff, 0xf, 0xff, 0xfd, 0x0,
    0x0, 0x0, 0x0, 0x0, 0x0, 0xff, 0xf0, 0x0,
    0x0, 0x0, 0x0, 0x0, 0x0, 0xd, 0xfd, 0x0,
    0x0,

    /* U+F126 "" */
    0x1b, 0xfb, 0x10, 0x0, 0x0, 0x0, 0xbf, 0xff,
    0xb0, 0x0, 0x0, 0x0, 0xff, 0x4f, 0xf0, 0x1,
    0xbf, 0xb1, 0xcf, 0xff, 0xc0, 0xb, 0xff, 0xfb,
    0x2c, 0xfc, 0x20, 0xf, 0xf4, 0xff, 0x4, 0xf4,
    0x0, 0xc, 0xff, 0xfc, 0x4, 0xf4, 0x0, 0x1,
    0xcf, 0xc2, 0x4, 0xf4, 0x0, 0x0, 0x5f, 0x30,
    0x4, 0xf4, 0x1, 0x36, 0xed, 0x0, 0x4, 0xfd,
    0xff, 0xff, 0xc2, 0x0, 0x4, 0xfe, 0x96, 0x41,
    0x0, 0x0, 0x2c, 0xfd, 0x20, 0x0, 0x0, 0x0,
    0xcf, 0xff, 0xc0, 0x0, 0x0, 0x0, 0xff, 0x4f,
    0xf0, 0x0, 0x0, 0x0, 0xbf, 0xff, 0xb0, 0x0,
    0x0, 0x0, 0x1b, 0xfb, 0x10, 0x0, 0x0, 0x0,

    /* U+F127 "" */
    0x5e, 0x50, 0x0, 0x0, 0x2a, 0xef, 0xd6, 0x0,
    0xd, 0xff, 0x50, 0x0, 0x3e, 0xff, 0xff, 0xfb,
    0x0, 0x4f, 0xff, 0x50, 0x3f, 0xff, 0xb8, 0xdf,
    0xf7, 0x0, 0x4f, 0xff, 0x54, 0xff, 0x50, 0x0,
    0xdf, 0xd0, 0x0, 0x4f, 0xff, 0x54, 0x50, 0x0,
    0x8, 0xff, 0x0, 0x0, 0x4f, 0xff, 0x50, 0x0,
    0x0, 0xaf, 0xf0, 0x0, 0x35, 0x4f, 0xff, 0x50,
    0x0, 0x4f, 0xfa, 0x0, 0x3f, 0xf5, 0x4f, 0xff,
    0x50, 0x4f, 0xff, 0x20, 0x2e, 0xff, 0x50, 0x4f,
    0xff, 0x54, 0xff, 0x40, 0x9, 0xff, 0x50, 0x0,
    0x4f, 0xff, 0x54, 0x40, 0x0, 0xef, 0xb0, 0x0,
    0x0, 0x4f, 0xff, 0x50, 0x0, 0xf, 0xf9, 0x0,
    0x0, 0x45, 0x4f, 0xff, 0x50, 0x0, 0xcf, 0xe1,
    0x0, 0x4f, 0xf5, 0x4f, 0xff, 0x50, 0x6, 0xff,
    0xe8, 0xaf, 0xff, 0x40, 0x4f, 0xff, 0x50, 0xa,
    0xff, 0xff, 0xff, 0x40, 0x0, 0x4f, 0xfe, 0x0,
    0x6, 0xdf, 0xea, 0x20, 0x0, 0x0, 0x4e, 0x60,

    /* U+F128 "" */
    0x0, 0x5, 0xbe, 0xfd, 0x81, 0x0, 0x1, 0xbf,
    0xff, 0xff, 0xfe, 0x30, 0xb, 0xff, 0xff, 0xff,
    0xff, 0xf2, 0x1f, 0xff, 0xb4, 0x4b, 0xff, 0xf9,
    0x3, 0xda, 0x0, 0x0, 0xdf, 0xfc, 0x0, 0x0,
    0x0, 0x2, 0xff, 0xfb, 0x0, 0x0, 0x0, 0x8f,
    0xff, 0xf6, 0x0, 0x0, 0x1d, 0xff, 0xff, 0xa0,
    0x0, 0x0, 0xaf, 0xff, 0xe5, 0x0, 0x0, 0x0,
    0xdf, 0xff, 0x10, 0x0, 0x0, 0x0, 0x7c, 0xc7,
    0x0, 0x0, 0x0, 0x0, 0x3, 0x30, 0x0, 0x0,
    0x0, 0x0, 0xaf, 0xfa, 0x0, 0x0, 0x0, 0x1,
    0xff, 0xff, 0x10, 0x0, 0x0, 0x0, 0xff, 0xff,
    0x0, 0x0, 0x0, 0x0, 0x5e, 0xe5, 0x0, 0x0,

    /* U+F129 "" */
    0x5, 0xee, 0x50, 0x1f, 0xff, 0xf1, 0x3f, 0xff,
    0xf3, 0xc, 0xff, 0xc0, 0x0, 0x66, 0x0, 0x0,
    0x0, 0x0, 0xef, 0xff, 0xa0, 0xff, 0xff, 0xc0,
    0xaf, 0xff, 0xc0, 0xc, 0xff, 0xc0, 0xc, 0xff,
    0xc0, 0xc, 0xff, 0xc0, 0xc, 0xff, 0xc0, 0xaf,
    0xff, 0xfa, 0xff, 0xff, 0xff, 0xef, 0xff, 0xfe,

    /* U+F12A "" */
    0x4f, 0xff, 0xd0, 0x6f, 0xff, 0xf0, 0x5f, 0xff,
    0xe0, 0x4f, 0xff, 0xd0, 0x3f, 0xff, 0xc0, 0x3f,
    0xff, 0xc0, 0x2f, 0xff, 0xb0, 0x1f, 0xff, 0xa0,
    0xf, 0xff, 0x90, 0xd, 0xff, 0x60, 0x0, 0x0,
    0x0, 0x9, 0xed, 0x40, 0x7f, 0xff, 0xf1, 0xaf,
    0xff, 0xf3, 0x7f, 0xff, 0xf1, 0x9, 0xfd, 0x40,

    /* U+F12B "" */
    0x0, 0x0, 0x0, 0x0, 0x0, 0x0, 0x8f, 0xe0,
    0x0, 0x0, 0x0, 0x0, 0x0, 0x0, 0xef, 0xf0,
    0xef, 0xf3, 0x0, 0x3, 0xff, 0xe0, 0xf, 0xf0,
    0xff, 0xfd, 0x0, 0xd, 0xff, 0xf0, 0xf, 0xf0,
    0x6a, 0xff, 0x90, 0x9f, 0xfa, 0x60, 0xf, 0xf0,
    0x0, 0xcf, 0xf8, 0xff, 0xc0, 0x0, 0xef, 0xfe,
    0x0, 0x2f, 0xff, 0xff, 0x20, 0x0, 0xef, 0xfe,
    0x0, 0x6, 0xff, 0xf6, 0x0, 0x0, 0x0, 0x0,
    0x0, 0x6, 0xff, 0xf6, 0x0, 0x0, 0x0, 0x0,
    0x0, 0x2f, 0xff, 0xff, 0x20, 0x0, 0x0, 0x0,
    0x0, 0xcf, 0xf8, 0xff, 0xc0, 0x0, 0x0, 0x0,
    0x6a, 0xff, 0x90, 0x9f, 0xfa, 0x60, 0x0, 0x0,
    0xff, 0xfd, 0x0, 0xd, 0xff, 0xf0, 0x0, 0x0,
    0xef, 0xf3, 0x0, 0x3, 0xff, 0xe0, 0x0, 0x0,

    /* U+F12C "" */
    0xef, 0xf3, 0x0, 0x3, 0xff, 0xe0, 0x0, 0x0,
    0xff, 0xfd, 0x0, 0xd, 0xff, 0xf0, 0x0, 0x0,
    0x6a, 0xff, 0x90, 0x9f, 0xfa, 0x60, 0x0, 0x0,
    0x0, 0xcf, 0xf8, 0xff, 0xc0, 0x0, 0x0, 0x0,
    0x0, 0x2f, 0xff, 0xff, 0x20, 0x0, 0x0, 0x0,
    0x0, 0x6, 0xff, 0xf6, 0x0, 0x0, 0x0, 0x0,
    0x0, 0x6, 0xff, 0xf6, 0x0, 0x0, 0x0, 0x0,
    0x0, 0x2f, 0xff, 0xff, 0x20, 0x0, 0x8f, 0xe0,
    0x0, 0xcf, 0xf8, 0xff, 0xc0, 0x0, 0xef, 0xf0,
    0x6a, 0xff, 0x90, 0x9f, 0xfa, 0x60, 0xf, 0xf0,
    0xff, 0xfd, 0x0, 0xd, 0xff, 0xf0, 0xf, 0xf0,
    0xef, 0xf3, 0x0, 0x3, 0xff, 0xe0, 0xf, 0xf0,
    0x0, 0x0, 0x0, 0x0, 0x0, 0x0, 0xef, 0xfe,
    0x0, 0x0, 0x0, 0x0, 0x0, 0x0, 0xef, 0xfe,

    /* U+F12D "" */
    0x0, 0x0, 0x0, 0x0, 0x8f, 0x90, 0x0, 0x0,
    0x0, 0x0, 0x0, 0x0, 0x9f, 0xff, 0xa0, 0x0,
    0x0, 0x0, 0x0, 0x0, 0x9f, 0xff, 0xff, 0xa0,
    0x0, 0x0, 0x0, 0x0, 0x9f, 0xff, 0xff, 0xff,
    0xa0, 0x0, 0x0, 0x0, 0x9f, 0xff, 0xff, 0xff,
    0xff, 0xa0, 0x0, 0x0, 0x9f, 0xfe, 0xff, 0xff,
    0xff, 0xff, 0x90, 0x0, 0x9f, 0xf4, 0x1d, 0xff,
    0xff, 0xff, 0xff, 0x0, 0x9f, 0xf4, 0x0, 0x1d,
    0xff, 0xff, 0xff, 0x90, 0x8f, 0xf4, 0x0, 0x0,
    0x1d, 0xff, 0xff, 0xa0, 0xe, 0xf7, 0x0, 0x0,
    0x0, 0x1d, 0xff, 0xa0, 0x0, 0x8f, 0xf4, 0x0,
    0x0, 0x3, 0xff, 0xa0, 0x0, 0x0, 0x9f, 0xf4,
    0x0, 0x3, 0xff, 0xa0, 0x0, 0x0, 0x0, 0x9f,
    0xff, 0xff, 0xff, 0xff, 0xff, 0xff, 0x0, 0x0,
    0x8f, 0xff, 0xff, 0xff, 0xff, 0xff, 0xf0,

    /* U+F12E "" */
    0x0, 0x0, 0x1b, 0xfc, 0x10, 0x0, 0x0, 0x0,
    0x0, 0x0, 0x0, 0x6f, 0xff, 0x60, 0x0, 0x0,
    0x0, 0x0, 0x0, 0x0, 0x5f, 0xff, 0x30, 0x0,
    0x0, 0x0, 0x0, 0x0, 0x0, 0xd, 0xfa, 0x0,
    0x0, 0x0, 0x0, 0x0, 0x0, 0x0, 0x9, 0xf6,
    0x0, 0x0, 0x22, 0x0, 0x0, 0xb8, 0x76, 0x9f,
    0xfe, 0x77, 0xad, 0xf3, 0x0, 0x0, 0xff, 0xff,
    0xff, 0xff, 0xff, 0xff, 0xf0, 0x0, 0x0, 0xff,
    0xff, 0xff, 0xff, 0xff, 0xff, 0xd0, 0x0, 0x0,
    0xff, 0xff, 0xff, 0xff, 0xff, 0xff, 0xc0, 0x0,
    0x0, 0xff, 0xff, 0xff, 0xff, 0xff, 0xff, 0xf1,
    0x5d, 0xe5, 0xff, 0xff, 0xf9, 0x7c, 0xff, 0xff,
    0xff, 0xff, 0xfe, 0xff, 0xff, 0x80, 0x0, 0xef,
    0xff, 0xfe, 0xff, 0xfe, 0xff, 0xff, 0x60, 0x0,
    0xdf, 0xff, 0xa0, 0x3c, 0xf6, 0xff, 0xff, 0xd0,
    0x5, 0xff, 0xff, 0x70, 0x0, 0x0, 0xff, 0xff,
    0xf7, 0xc, 0xff, 0xff, 0x80, 0x0, 0x0, 0xbe,
    0xff, 0xd3, 0x8, 0xee, 0xdb, 0x70, 0x0, 0x0,

    /* U+F130 "" */
    0x0, 0x5, 0xdf, 0xb1, 0x0, 0x0, 0x4, 0xff,
    0xff, 0xc0, 0x0, 0x0, 0xaf, 0xff, 0xff, 0x20,
    0x0, 0xb, 0xff, 0xff, 0xf4, 0x0, 0x0, 0xbf,
    0xff, 0xff, 0x40, 0x0, 0xb, 0xff, 0xff, 0xf4,
    0x0, 0xe6, 0xbf, 0xff, 0xff, 0x46, 0xef, 0x8b,
    0xff, 0xff, 0xf4, 0x8f, 0xf9, 0xaf, 0xff, 0xff,
    0x28, 0xfb, 0xd4, 0xff, 0xff, 0xc0, 0xcc, 0x5f,
    0x75, 0xdf, 0xb1, 0x6f, 0x50, 0xaf, 0x92, 0x2,
    0x9f, 0xa0, 0x0, 0x9f, 0xff, 0xff, 0x80, 0x0,
    0x0, 0x2a, 0xf5, 0x10, 0x0, 0x0, 0x48, 0xbf,
    0x87, 0x10, 0x0, 0xa, 0xff, 0xff, 0xf3, 0x0,

    /* U+F131 "" */
    0x0, 0x0, 0x0, 0x0, 0x0, 0x0, 0x0, 0x0,
    0x0, 0x0, 0x0, 0x7, 0xc2, 0x0, 0x0, 0x8,
    0xee, 0x80, 0x0, 0x0, 0x0, 0x0, 0xc, 0xff,
    0x50, 0x0, 0x8f, 0xff, 0xf9, 0x0, 0x0, 0x0,
    0x0, 0x0, 0xaf, 0xf8, 0x0, 0xef, 0xff, 0xfe,
    0x0, 0x0, 0x0, 0x0, 0x0, 0x7, 0xff, 0xc1,
    0xff, 0xff, 0xff, 0x0, 0x0, 0x0, 0x0, 0x0,
    0x0, 0x3e, 0xfe, 0xff, 0xff, 0xff, 0x0, 0x0,
    0x0, 0x0, 0x0, 0x0, 0x1, 0xcf, 0xff, 0xff,
    0xff, 0x0, 0x0, 0x0, 0x0, 0x0, 0x0, 0x0,
    0x8, 0xff, 0xff, 0xff, 0xe, 0x70, 0x0, 0x0,
    0x0, 0x0, 0x2, 0x0, 0x5f, 0xff, 0xff, 0xf,
    0x80, 0x0, 0x0, 0x0, 0x0, 0x6, 0xb0, 0x2,
    0xdf, 0xff, 0xf, 0x70, 0x0, 0x0, 0x0, 0x0,
    0x3, 0xf6, 0x0, 0xa, 0xff, 0xbf, 0x40, 0x0,
    0x0, 0x0, 0x0, 0x0, 0xce, 0x10, 0x0, 0x6f,
    0xff, 0x20, 0x0, 0x0, 0x0, 0x0, 0x0, 0x2e,
    0xe5, 0x10, 0x3, 0xef, 0xe4, 0x0, 0x0, 0x0,
    0x0, 0x0, 0x2, 0xdf, 0xfd, 0x20, 0x1b, 0xff,
    0x70, 0x0, 0x0, 0x0, 0x0, 0x0, 0x3, 0xdd,
    0x30, 0x0, 0x7f, 0xfb, 0x10, 0x0, 0x0, 0x0,
    0x0, 0x68, 0xde, 0x87, 0x0, 0x4, 0xef, 0xd0,
    0x0, 0x0, 0x0, 0x0, 0xef, 0xff, 0xff, 0x0,
    0x0, 0x1c, 0x80, 0x0, 0x0, 0x0, 0x0, 0x0,
    0x0, 0x0, 0x0, 0x0, 0x0, 0x0,

    /* U+F133 "" */
    0x0, 0xf, 0xf0, 0x0, 0xf, 0xf0, 0x0, 0x0,
    0xf, 0xf0, 0x0, 0xf, 0xf0, 0x0, 0x8f, 0xff,
    0xff, 0xff, 0xff, 0xff, 0xf8, 0xff, 0xff, 0xff,
    0xff, 0xff, 0xff, 0xff, 0xff, 0xff, 0xff, 0xff,
    0xff, 0xff, 0xff, 0x0, 0x0, 0x0, 0x0, 0x0,
    0x0, 0x0, 0xff, 0xff, 0xff, 0xff, 0xff, 0xff,
    0xff, 0xff, 0xff, 0xff, 0xff, 0xff, 0xff, 0xff,
    0xff, 0xff, 0xff, 0xff, 0xff, 0xff, 0xff, 0xff,
    0xff, 0xff, 0xff, 0xff, 0xff, 0xff, 0xff, 0xff,
    0xff, 0xff, 0xff, 0xff, 0xff, 0xff, 0xff, 0xff,
    0xff, 0xff, 0xff, 0xff, 0xff, 0xff, 0xff, 0xff,
    0xff, 0xff, 0xff, 0xff, 0xff, 0xff, 0xff, 0xff,
    0xff, 0xff, 0xff, 0xff, 0xff, 0xff, 0xff, 0xff,
    0xff, 0x8f, 0xff, 0xff, 0xff, 0xff, 0xff, 0xf8,

    /* U+F134 "" */
    0x0, 0x0, 0x9f, 0x90, 0x0, 0x0, 0x0, 0x0,
    0x0, 0x2, 0xf6, 0xf3, 0x3, 0x68, 0xbe, 0xf0,
    0x0, 0x7, 0xfc, 0xfb, 0xaf, 0xff, 0xff, 0xf0,
    0x0, 0xbf, 0xed, 0xff, 0xdf, 0xff, 0xff, 0xf0,
    0x7, 0xf5, 0x0, 0xcd, 0x6, 0x9c, 0xff, 0xf0,
    0xe, 0xa0, 0x2e, 0xff, 0xe2, 0x0, 0x1, 0x30,
    0x3, 0x10, 0xbf, 0xff, 0xfc, 0x0, 0x0, 0x0,
    0x0, 0x0, 0xef, 0xff, 0xff, 0x0, 0x0, 0x0,
    0x0, 0x0, 0xff, 0xff, 0xff, 0x0, 0x0, 0x0,
    0x0, 0x0, 0xff, 0xff, 0xff, 0x0, 0x0, 0x0,
    0x0, 0x0, 0xff, 0xff, 0xff, 0x0, 0x0, 0x0,
    0x0, 0x0, 0xff, 0xff, 0xff, 0x0, 0x0, 0x0,
    0x0, 0x0, 0xff, 0xff, 0xff, 0x0, 0x0, 0x0,
    0x0, 0x0, 0xff, 0xff, 0xff, 0x0, 0x0, 0x0,
    0x0, 0x0, 0xff, 0xff, 0xff, 0x0, 0x0, 0x0,
    0x0, 0x0, 0xdf, 0xff, 0xfe, 0x0, 0x0, 0x0,
    0x0, 0x0, 0x1, 0x11, 0x10, 0x0, 0x0, 0x0,

    /* U+F135 "" */
    0x0, 0x0, 0x0, 0x0, 0x3, 0xae, 0xff, 0xe8,
    0x0, 0x0, 0x0, 0x0, 0x8f, 0xff, 0xff, 0xfe,
    0x0, 0x0, 0x0, 0x9, 0xff, 0xfe, 0xef, 0xff,
    0x0, 0x0, 0x0, 0x6f, 0xff, 0xe0, 0xe, 0xff,
    0x2, 0xdf, 0xff, 0xff, 0xff, 0xe0, 0xe, 0xfe,
    0xb, 0xff, 0xff, 0xff, 0xff, 0xfe, 0xef, 0xfa,
    0x3f, 0xff, 0xff, 0xff, 0xff, 0xff, 0xff, 0xf3,
    0xbf, 0xff, 0xff, 0xff, 0xff, 0xff, 0xff, 0x80,
    0xdf, 0xff, 0xff, 0xff, 0xff, 0xff, 0xf9, 0x0,
    0x0, 0x7, 0xff, 0xff, 0xff, 0xff, 0x60, 0x0,
    0x0, 0xe, 0xff, 0xff, 0xff, 0xff, 0x0, 0x0,
    0x0, 0x5, 0xff, 0xff, 0xff, 0xff, 0x0, 0x0,
    0x0, 0x0, 0x5e, 0x7f, 0xff, 0xff, 0x0, 0x0,
    0x0, 0x0, 0x0, 0xf, 0xff, 0xfd, 0x0, 0x0,
    0x0, 0x0, 0x0, 0xf, 0xff, 0xb2, 0x0, 0x0,
    0x0, 0x0, 0x0, 0xd, 0xb3, 0x0, 0x0, 0x0,

    /* U+F137 "" */
    0x0, 0x0, 0x5, 0x9b, 0xb9, 0x50, 0x0, 0x0,
    0x0, 0x4, 0xdf, 0xff, 0xff, 0xfd, 0x40, 0x0,
    0x0, 0x6f, 0xff, 0xff, 0xff, 0xff, 0xf6, 0x0,
    0x4, 0xff, 0xff, 0xff, 0x72, 0xef, 0xff, 0x40,
    0xd, 0xff, 0xff, 0xf6, 0x0, 0xaf, 0xff, 0xd0,
    0x5f, 0xff, 0xff, 0x60, 0x6, 0xff, 0xff, 0xf5,
    0x9f, 0xff, 0xf6, 0x0, 0x6f, 0xff, 0xff, 0xf9,
    0xbf, 0xff, 0x70, 0x6, 0xff, 0xff, 0xff, 0xfb,
    0xbf, 0xff, 0x70, 0x6, 0xff, 0xff, 0xff, 0xfb,
    0x9f, 0xff, 0xf6, 0x0, 0x6f, 0xff, 0xff, 0xf9,
    0x5f, 0xff, 0xff, 0x60, 0x6, 0xff, 0xff, 0xf5,
    0xe, 0xff, 0xff, 0xf6, 0x0, 0xaf, 0xff, 0xd0,
    0x4, 0xff, 0xff, 0xff, 0x72, 0xef, 0xff, 0x40,
    0x0, 0x6f, 0xff, 0xff, 0xff, 0xff, 0xf6, 0x0,
    0x0, 0x4, 0xef, 0xff, 0xff, 0xfd, 0x40, 0x0,
    0x0, 0x0, 0x5, 0x9b, 0xb9, 0x50, 0x0, 0x0,

    /* U+F138 "" */
    0x0, 0x0, 0x5, 0x9b, 0xb9, 0x50, 0x0, 0x0,
    0x0, 0x4, 0xdf, 0xff, 0xff, 0xfd, 0x40, 0x0,
    0x0, 0x6f, 0xff, 0xff, 0xff, 0xff, 0xf6, 0x0,
    0x4, 0xff, 0xfe, 0x27, 0xff, 0xff, 0xff, 0x40,
    0xd, 0xff, 0xfa, 0x0, 0x6f, 0xff, 0xff, 0xd0,
    0x5f, 0xff, 0xff, 0x60, 0x6, 0xff, 0xff, 0xf5,
    0x9f, 0xff, 0xff, 0xf6, 0x0, 0x6f, 0xff, 0xf9,
    0xbf, 0xff, 0xff, 0xff, 0x60, 0x7, 0xff, 0xfb,
    0xbf, 0xff, 0xff, 0xff, 0x60, 0x7, 0xff, 0xfb,
    0x9f, 0xff, 0xff, 0xf6, 0x0, 0x6f, 0xff, 0xf9,
    0x5f, 0xff, 0xff, 0x60, 0x6, 0xff, 0xff, 0xf5,
    0xe, 0xff, 0xfa, 0x0, 0x6f, 0xff, 0xff, 0xd0,
    0x4, 0xff, 0xfe, 0x27, 0xff, 0xff, 0xff, 0x40,
    0x0, 0x6f, 0xff, 0xff, 0xff, 0xff, 0xf6, 0x0,
    0x0, 0x4, 0xef, 0xff, 0xff, 0xfd, 0x40, 0x0,
    0x0, 0x0, 0x5, 0x9b, 0xb9, 0x50, 0x0, 0x0,

    /* U+F139 "" */
    0x0, 0x0, 0x6, 0xac, 0xca, 0x60, 0x0, 0x0,
    0x0, 0x5, 0xef, 0xff, 0xff, 0xfe, 0x50, 0x0,
    0x0, 0x8f, 0xff, 0xff, 0xff, 0xff, 0xf7, 0x0,
    0x5, 0xff, 0xff, 0xff, 0xff, 0xff, 0xff, 0x50,
    0xe, 0xff, 0xff, 0xf6, 0x6f, 0xff, 0xff, 0xe0,
    0x5f, 0xff, 0xff, 0x50, 0x5, 0xff, 0xff, 0xf5,
    0x9f, 0xff, 0xf5, 0x0, 0x0, 0x5f, 0xff, 0xf9,
    0xbf, 0xff, 0x50, 0x7, 0x70, 0x5, 0xff, 0xfb,
    0xbf, 0xf6, 0x0, 0x7f, 0xf7, 0x0, 0x6f, 0xfb,
    0x9f, 0xf3, 0x8, 0xff, 0xff, 0x80, 0x3f, 0xf9,
    0x4f, 0xfe, 0xbf, 0xff, 0xff, 0xfb, 0xef, 0xf4,
    0xd, 0xff, 0xff, 0xff, 0xff, 0xff, 0xff, 0xd0,
    0x4, 0xff, 0xff, 0xff, 0xff, 0xff, 0xff, 0x30,
    0x0, 0x5f, 0xff, 0xff, 0xff, 0xff, 0xf5, 0x0,
    0x0, 0x3, 0xdf, 0xff, 0xff, 0xfd, 0x30, 0x0,
    0x0, 0x0, 0x3, 0x8a, 0xa8, 0x30, 0x0, 0x0,

    /* U+F13A "" */
    0x0, 0x0, 0x3, 0x89, 0xa8, 0x30, 0x0, 0x0,
    0x0, 0x3, 0xdf, 0xff, 0xff, 0xfd, 0x30, 0x0,
    0x0, 0x5f, 0xff, 0xff, 0xff, 0xff, 0xf5, 0x0,
    0x3, 0xff, 0xff, 0xff, 0xff, 0xff, 0xff, 0x30,
    0xd, 0xff, 0xff, 0xff, 0xff, 0xff, 0xff, 0xd0,
    0x4f, 0xfe, 0xbf, 0xff, 0xff, 0xfb, 0xef, 0xf4,
    0x9f, 0xf3, 0x8, 0xff, 0xff, 0x80, 0x3f, 0xf9,
    0xbf, 0xf6, 0x0, 0x8f, 0xf8, 0x0, 0x6f, 0xfb,
    0xbf, 0xff, 0x50, 0x7, 0x70, 0x5, 0xff, 0xfb,
    0x9f, 0xff, 0xf5, 0x0, 0x0, 0x5f, 0xff, 0xf9,
    0x5f, 0xff, 0xff, 0x50, 0x5, 0xff, 0xff, 0xf5,
    0xe, 0xff, 0xff, 0xf6, 0x6f, 0xff, 0xff, 0xe0,
    0x5, 0xff, 0xff, 0xff, 0xff, 0xff, 0xff, 0x50,
    0x0, 0x8f, 0xff, 0xff, 0xff, 0xff, 0xf8, 0x0,
    0x0, 0x5, 0xef, 0xff, 0xff, 0xfe, 0x50, 0x0,
    0x0, 0x0, 0x6, 0xac, 0xca, 0x60, 0x0, 0x0,

    /* U+F13D "" */
    0x0, 0x0, 0x0, 0x0, 0x0, 0x0, 0x0, 0x0,
    0x0, 0x0, 0x0, 0x0, 0x0, 0x8e, 0xe8, 0x0,
    0x0, 0x0, 0x0, 0x0, 0x0, 0x0, 0x8f, 0xff,
    0xf9, 0x0, 0x0, 0x0, 0x0, 0x0, 0x0, 0xd,
    0xf4, 0x3f, 0xe0, 0x0, 0x0, 0x0, 0x0, 0x0,
    0x0, 0xef, 0x43, 0xff, 0x0, 0x0, 0x0, 0x0,
    0x0, 0x0, 0x8, 0xff, 0xff, 0x90, 0x0, 0x0,
    0x0, 0x0, 0x0, 0x0, 0x8, 0xff, 0x90, 0x0,
    0x0, 0x0, 0x0, 0x0, 0x0, 0xe, 0xff, 0xff,
    0xf0, 0x0, 0x0, 0x0, 0x0, 0x0, 0x0, 0xef,
    0xff, 0xff, 0x0, 0x0, 0x0, 0x0, 0x1b, 0x20,
    0x0, 0xf, 0xf0, 0x0, 0x1, 0xb2, 0x0, 0x1d,
    0xfe, 0x20, 0x0, 0xff, 0x0, 0x1, 0xdf, 0xe2,
    0xc, 0xff, 0xfd, 0x0, 0xf, 0xf0, 0x0, 0xcf,
    0xff, 0xd0, 0x6, 0xfc, 0x0, 0x0, 0xff, 0x0,
    0x0, 0xcf, 0x70, 0x0, 0xe, 0xfa, 0x0, 0xf,
    0xf0, 0x0, 0x9f, 0xe1, 0x0, 0x0, 0x4f, 0xfe,
    0x72, 0xff, 0x36, 0xdf, 0xf4, 0x0, 0x0, 0x0,
    0x3d, 0xff, 0xff, 0xff, 0xff, 0xd3, 0x0, 0x0,
    0x0, 0x0, 0x4, 0xad, 0xff, 0xea, 0x50, 0x0,
    0x0, 0x0,

    /* U+F13E "" */
    0x0, 0x0, 0x4b, 0xff, 0xb4, 0x0, 0x0, 0x0,
    0x6, 0xff, 0xff, 0xff, 0x60, 0x0, 0x0, 0x2f,
    0xff, 0x99, 0xff, 0xf2, 0x0, 0x0, 0x8f, 0xf3,
    0x0, 0x3f, 0xf9, 0x0, 0x0, 0xbf, 0xc0, 0x0,
    0xc, 0xfb, 0x0, 0x0, 0xcf, 0xc0, 0x0, 0x9,
    0xf9, 0x0, 0x0, 0xcf, 0xc0, 0x0, 0x0, 0x0,
    0x0, 0x0, 0xcf, 0xc0, 0x0, 0x0, 0x0, 0x0,
    0x8f, 0xff, 0xff, 0xff, 0xff, 0xff, 0xf8, 0xff,
    0xff, 0xff, 0xff, 0xff, 0xff, 0xff, 0xff, 0xff,
    0xfe, 0x22, 0xff, 0xff, 0xff, 0xff, 0xff, 0xfc,
    0x0, 0xcf, 0xff, 0xff, 0xff, 0xff, 0xfc, 0x0,
    0xcf, 0xff, 0xff, 0xff, 0xff, 0xfe, 0x22, 0xef,
    0xff, 0xff, 0xff, 0xff, 0xff, 0xff, 0xff, 0xff,
    0xff, 0x8f, 0xff, 0xff, 0xff, 0xff, 0xff, 0xf8,

    /* U+F140 "" */
    0x0, 0x0, 0x28, 0xbd, 0xc9, 0x40, 0x0, 0x0,
    0x0, 0x9, 0xff, 0xff, 0xff, 0xfc, 0x10, 0x0,
    0x0, 0xcf, 0xf9, 0x42, 0x37, 0xef, 0xe2, 0x0,
    0x9, 0xfe, 0x20, 0x0, 0x0, 0x1b, 0xfd, 0x0,
    0x3f, 0xf2, 0x4, 0xcf, 0xe9, 0x0, 0xdf, 0x70,
    0x9f, 0x80, 0x5f, 0xff, 0xff, 0xc0, 0x4f, 0xd0,
    0xdf, 0x30, 0xef, 0x81, 0x3d, 0xf7, 0xe, 0xf2,
    0xff, 0x2, 0xfd, 0x0, 0x5, 0xfb, 0xc, 0xf3,
    0xff, 0x3, 0xfd, 0x0, 0x5, 0xfb, 0xc, 0xf3,
    0xdf, 0x30, 0xef, 0x80, 0x3d, 0xf7, 0xe, 0xf2,
    0x9f, 0x80, 0x5f, 0xff, 0xff, 0xd0, 0x4f, 0xd0,
    0x3f, 0xf2, 0x4, 0xcf, 0xe9, 0x10, 0xdf, 0x70,
    0x9, 0xfe, 0x20, 0x0, 0x0, 0xb, 0xfd, 0x0,
    0x0, 0xcf, 0xf9, 0x42, 0x37, 0xef, 0xe2, 0x0,
    0x0, 0x9, 0xff, 0xff, 0xff, 0xfc, 0x10, 0x0,
    0x0, 0x0, 0x28, 0xcd, 0xc9, 0x40, 0x0, 0x0,

    /* U+F141 "" */
    0x1, 0x41, 0x0, 0x4, 0x40, 0x0, 0x14, 0x10,
    0x3f, 0xff, 0x30, 0xbf, 0xfa, 0x3, 0xff, 0xf3,
    0xbf, 0xff, 0xa3, 0xff, 0xff, 0x2b, 0xff, 0xfa,
    0xaf, 0xff, 0x92, 0xff, 0xff, 0x1a, 0xff, 0xf9,
    0x2d, 0xfd, 0x10, 0x8f, 0xf7, 0x2, 0xdf, 0xd1,
    0x0, 0x10, 0x0, 0x0, 0x0, 0x0, 0x1, 0x0,

    /* U+F142 "" */
    0x3, 0xcc, 0x40, 0xf, 0xff, 0xf1, 0x2f, 0xff,
    0xf3, 0xd, 0xff, 0xe0, 0x1, 0x88, 0x10, 0x0,
    0x44, 0x0, 0xa, 0xff, 0xb0, 0x2f, 0xff, 0xf3,
    0x1f, 0xff, 0xf2, 0x7, 0xff, 0x70, 0x0, 0x0,
    0x0, 0x1, 0x88, 0x10, 0xd, 0xff, 0xe0, 0x2f,
    0xff, 0xf3, 0xf, 0xff, 0xf1, 0x3, 0xcc, 0x40,

    /* U+F143 "" */
    0x8f, 0xff, 0xff, 0xff, 0xff, 0xff, 0xf8, 0xff,
    0xff, 0xff, 0xff, 0xff, 0xff, 0xff, 0xff, 0x12,
    0x5a, 0xff, 0xff, 0xff, 0xff, 0xff, 0x31, 0x0,
    0x1a, 0xff, 0xff, 0xff, 0xff, 0xff, 0xd6, 0x0,
    0x7f, 0xff, 0xff, 0xff, 0x46, 0xbf, 0xd2, 0x7,
    0xff, 0xff, 0xff, 0x0, 0x3, 0xde, 0x20, 0xaf,
    0xff, 0xff, 0xfc, 0x50, 0x1d, 0xd0, 0x1f, 0xff,
    0xff, 0xff, 0xf8, 0x3, 0xf6, 0xa, 0xff, 0xff,
    0x70, 0x7f, 0x50, 0xbd, 0x5, 0xff, 0xff, 0x0,
    0xf, 0xc0, 0x6f, 0x12, 0xff, 0xff, 0x70, 0x7f,
    0xf0, 0x4f, 0x31, 0xff, 0xff, 0xff, 0xff, 0xff,
    0xff, 0xff, 0xff, 0x8f, 0xff, 0xff, 0xff, 0xff,
    0xff, 0xf8,

    /* U+F144 "" */
    0x0, 0x0, 0x3, 0x79, 0x97, 0x30, 0x0, 0x0,
    0x0, 0x3, 0xcf, 0xff, 0xff, 0xfc, 0x30, 0x0,
    0x0, 0x5f, 0xff, 0xff, 0xff, 0xff, 0xf5, 0x0,
    0x3, 0xff, 0xff, 0xff, 0xff, 0xff, 0xff, 0x30,
    0xd, 0xff, 0xf2, 0x5e, 0xff, 0xff, 0xff, 0xd0,
    0x4f, 0xff, 0xf0, 0x0, 0x8f, 0xff, 0xff, 0xf4,
    0x9f, 0xff, 0xf0, 0x0, 0x2, 0xcf, 0xff, 0xf9,
    0xbf, 0xff, 0xf0, 0x0, 0x0, 0x6, 0xff, 0xfb,
    0xbf, 0xff, 0xf0, 0x0, 0x0, 0x3, 0xff, 0xfb,
    0x9f, 0xff, 0xf0, 0x0, 0x1, 0x9f, 0xff, 0xf9,
    0x5f, 0xff, 0xf0, 0x0, 0x7f, 0xff, 0xff, 0xf5,
    0xe, 0xff, 0xf2, 0x4d, 0xff, 0xff, 0xff, 0xe0,
    0x5, 0xff, 0xff, 0xff, 0xff, 0xff, 0xff, 0x50,
    0x0, 0x8f, 0xff, 0xff, 0xff, 0xff, 0xf8, 0x0,
    0x0, 0x6, 0xff, 0xff, 0xff, 0xff, 0x60, 0x0,
    0x0, 0x0, 0x16, 0xbd, 0xdb, 0x61, 0x0, 0x0,

    /* U+F146 "" */
    0x8f, 0xff, 0xff, 0xff, 0xff, 0xff, 0xf8, 0xff,
    0xff, 0xff, 0xff, 0xff, 0xff, 0xff, 0xff, 0xff,
    0xff, 0xff, 0xff, 0xff, 0xff, 0xff, 0xff, 0xff,
    0xff, 0xff, 0xff, 0xff, 0xff, 0xff, 0xff, 0xff,
    0xff, 0xff, 0xff, 0xff, 0xec, 0xcc, 0xcc, 0xcc,
    0xce, 0xff, 0xff, 0x80, 0x0, 0x0, 0x0, 0x8,
    0xff, 0xff, 0x80, 0x0, 0x0, 0x0, 0x8, 0xff,
    0xff, 0xec, 0xcc, 0xcc, 0xcc, 0xce, 0xff, 0xff,
    0xff, 0xff, 0xff, 0xff, 0xff, 0xff, 0xff, 0xff,
    0xff, 0xff, 0xff, 0xff, 0xff, 0xff, 0xff, 0xff,
    0xff, 0xff, 0xff, 0xff, 0xff, 0xff, 0xff, 0xff,
    0xff, 0xff, 0xff, 0x8f, 0xff, 0xff, 0xff, 0xff,
    0xff, 0xf8,

    /* U+F14A "" */
    0x8f, 0xff, 0xff, 0xff, 0xff, 0xff, 0xf8, 0xff,
    0xff, 0xff, 0xff, 0xff, 0xff, 0xff, 0xff, 0xff,
    0xff, 0xff, 0xff, 0xff, 0xff, 0xff, 0xff, 0xff,
    0xff, 0xff, 0xce, 0xff, 0xff, 0xff, 0xff, 0xff,
    0xfb, 0x3, 0xff, 0xff, 0xff, 0xff, 0xff, 0xb0,
    0x7, 0xff, 0xff, 0x95, 0xff, 0xfb, 0x0, 0x7f,
    0xff, 0xff, 0x20, 0x4f, 0xb0, 0x7, 0xff, 0xff,
    0xff, 0xd1, 0x3, 0x0, 0x7f, 0xff, 0xff, 0xff,
    0xfd, 0x10, 0x7, 0xff, 0xff, 0xff, 0xff, 0xff,
    0xd1, 0x7f, 0xff, 0xff, 0xff, 0xff, 0xff, 0xff,
    0xff, 0xff, 0xff, 0xff, 0xff, 0xff, 0xff, 0xff,
    0xff, 0xff, 0xff, 0x8f, 0xff, 0xff, 0xff, 0xff,
    0xff, 0xf8,

    /* U+F14B "" */
    0x8f, 0xff, 0xff, 0xff, 0xff, 0xff, 0xf8, 0xff,
    0xff, 0xff, 0xff, 0xff, 0xff, 0xff, 0xff, 0xff,
    0xff, 0xff, 0xff, 0xff, 0xff, 0xff, 0xff, 0xff,
    0xff, 0x82, 0xcf, 0xff, 0xff, 0xff, 0xff, 0xfb,
    0x50, 0x2f, 0xff, 0xff, 0xff, 0xff, 0x70, 0x55,
    0x8f, 0xff, 0xff, 0xff, 0xf7, 0x0, 0xb, 0xff,
    0xff, 0xff, 0xff, 0x70, 0x0, 0x7f, 0xff, 0xff,
    0xff, 0xf8, 0x0, 0x7, 0xff, 0xff, 0xff, 0xff,
    0xf1, 0x0, 0x7f, 0xff, 0xff, 0xff, 0xff, 0xf1,
    0x18, 0xff, 0xff, 0xff, 0xff, 0xff, 0xff, 0xff,
    0xff, 0xff, 0xff, 0xff, 0xff, 0xff, 0xff, 0xff,
    0xff, 0xff, 0xff, 0x8f, 0xff, 0xff, 0xff, 0xff,
    0xff, 0xf8,

    /* U+F14D "" */
    0x0, 0x0, 0x0, 0x0, 0x0, 0x0, 0x0, 0x0,
    0x0, 0x0, 0x0, 0x0, 0x0, 0x0, 0x0, 0xd8,
    0x0, 0x0, 0x0, 0x0, 0x0, 0x0, 0x0, 0x0,
    0xff, 0x90, 0x0, 0x8f, 0xff, 0xf7, 0x0, 0x0,
    0x0, 0xff, 0xfa, 0x0, 0xff, 0xff, 0x50, 0x27,
    0xad, 0xff, 0xff, 0xff, 0xb0, 0xff, 0x0, 0x8,
    0xff, 0xff, 0xff, 0xff, 0xff, 0xfb, 0xff, 0x0,
    0x6f, 0xff, 0xff, 0xff, 0xff, 0xff, 0xfb, 0xff,
    0x0, 0xef, 0xff, 0xff, 0xff, 0xff, 0xff, 0xb0,
    0xff, 0x2, 0xff, 0xfe, 0x73, 0x10, 0xff, 0xfa,
    0x0, 0xff, 0x3, 0xff, 0xe1, 0x0, 0x0, 0xff,
    0x90, 0x0, 0xff, 0x1, 0xff, 0x90, 0x0, 0x0,
    0xd8, 0x0, 0x0, 0xff, 0x0, 0xbf, 0x80, 0x0,
    0x0, 0x0, 0x0, 0x0, 0xff, 0x0, 0x3f, 0xa0,
    0x0, 0x0, 0x79, 0x0, 0x0, 0xff, 0x0, 0x5,
    0xc0, 0x0, 0x0, 0xff, 0x0, 0x0, 0xff, 0x0,
    0x0, 0x0, 0x0, 0x0, 0xff, 0x0, 0x0, 0xff,
    0xff, 0xff, 0xff, 0xff, 0xff, 0xff, 0x0, 0x0,
    0x8f, 0xff, 0xff, 0xff, 0xff, 0xff, 0xf8, 0x0,
    0x0,

    /* U+F14E "" */
    0x0, 0x0, 0x16, 0xab, 0xa8, 0x30, 0x0, 0x0,
    0x0, 0x7, 0xff, 0xff, 0xff, 0xfc, 0x20, 0x0,
    0x0, 0xaf, 0xff, 0xff, 0xff, 0xff, 0xf3, 0x0,
    0x8, 0xff, 0xff, 0xff, 0xff, 0xff, 0xfe, 0x20,
    0x2f, 0xff, 0xff, 0xff, 0xfb, 0x35, 0xff, 0xa0,
    0x8f, 0xff, 0xff, 0xf9, 0x20, 0x9, 0xff, 0xf1,
    0xdf, 0xff, 0xfe, 0x20, 0x0, 0x1f, 0xff, 0xf5,
    0xff, 0xff, 0xf7, 0x1e, 0x80, 0x8f, 0xff, 0xf7,
    0xff, 0xff, 0xf1, 0x1e, 0x80, 0xef, 0xff, 0xf7,
    0xdf, 0xff, 0x80, 0x0, 0x8, 0xff, 0xff, 0xf5,
    0x8f, 0xff, 0x10, 0x6, 0xdf, 0xff, 0xff, 0xf1,
    0x2f, 0xfd, 0x17, 0xef, 0xff, 0xff, 0xff, 0xa0,
    0x8, 0xff, 0xff, 0xff, 0xff, 0xff, 0xfe, 0x20,
    0x0, 0xaf, 0xff, 0xff, 0xff, 0xff, 0xf3, 0x0,
    0x0, 0x7, 0xff, 0xff, 0xff, 0xfc, 0x20, 0x0,
    0x0, 0x0, 0x16, 0xab, 0xa8, 0x30, 0x0, 0x0,

    /* U+F150 "" */
    0x8f, 0xff, 0xff, 0xff, 0xff, 0xff, 0xf8, 0xff,
    0xff, 0xff, 0xff, 0xff, 0xff, 0xff, 0xff, 0xff,
    0xff, 0xff, 0xff, 0xff, 0xff, 0xff, 0xff, 0xff,
    0xff, 0xff, 0xff, 0xff, 0xff, 0xff, 0xff, 0xff,
    0xff, 0xff, 0xff, 0xff, 0xe4, 0x44, 0x44, 0x44,
    0x4e, 0xff, 0xff, 0xf8, 0x0, 0x0, 0x0, 0x7f,
    0xff, 0xff, 0xff, 0x80, 0x0, 0x7, 0xff, 0xff,
    0xff, 0xff, 0xf8, 0x0, 0x7f, 0xff, 0xff, 0xff,
    0xff, 0xff, 0x88, 0xff, 0xff, 0xff, 0xff, 0xff,
    0xff, 0xff, 0xff, 0xff, 0xff, 0xff, 0xff, 0xff,
    0xff, 0xff, 0xff, 0xff, 0xff, 0xff, 0xff, 0xff,
    0xff, 0xff, 0xff, 0x8f, 0xff, 0xff, 0xff, 0xff,
    0xff, 0xf8,

    /* U+F151 "" */
    0x8f, 0xff, 0xff, 0xff, 0xff, 0xff, 0xf8, 0xff,
    0xff, 0xff, 0xff, 0xff, 0xff, 0xff, 0xff, 0xff,
    0xff, 0xff, 0xff, 0xff, 0xff, 0xff, 0xff, 0xff,
    0xff, 0xff, 0xff, 0xff, 0xff, 0xff, 0xff, 0x88,
    0xff, 0xff, 0xff, 0xff, 0xff, 0xf7, 0x0, 0x8f,
    0xff, 0xff, 0xff, 0xff, 0x70, 0x0, 0x8, 0xff,
    0xff, 0xff, 0xf7, 0x0, 0x0, 0x0, 0x8f, 0xff,
    0xff, 0xe4, 0x44, 0x44, 0x44, 0x4e, 0xff, 0xff,
    0xff, 0xff, 0xff, 0xff, 0xff, 0xff, 0xff, 0xff,
    0xff, 0xff, 0xff, 0xff, 0xff, 0xff, 0xff, 0xff,
    0xff, 0xff, 0xff, 0xff, 0xff, 0xff, 0xff, 0xff,
    0xff, 0xff, 0xff, 0x8f, 0xff, 0xff, 0xff, 0xff,
    0xff, 0xf8,

    /* U+F152 "" */
    0x8f, 0xff, 0xff, 0xff, 0xff, 0xff, 0xf8, 0xff,
    0xff, 0xff, 0xff, 0xff, 0xff, 0xff, 0xff, 0xff,
    0xfe, 0xff, 0xff, 0xff, 0xff, 0xff, 0xff, 0xf4,
    0x8f, 0xff, 0xff, 0xff, 0xff, 0xff, 0xf4, 0x8,
    0xff, 0xff, 0xff, 0xff, 0xff, 0xf4, 0x0, 0x8f,
    0xff, 0xff, 0xff, 0xff, 0xf4, 0x0, 0x8, 0xff,
    0xff, 0xff, 0xff, 0xf4, 0x0, 0x8, 0xff, 0xff,
    0xff, 0xff, 0xf4, 0x0, 0x7f, 0xff, 0xff, 0xff,
    0xff, 0xf4, 0x7, 0xff, 0xff, 0xff, 0xff, 0xff,
    0xf4, 0x7f, 0xff, 0xff, 0xff, 0xff, 0xff, 0xfe,
    0xff, 0xff, 0xff, 0xff, 0xff, 0xff, 0xff, 0xff,
    0xff, 0xff, 0xff, 0x8f, 0xff, 0xff, 0xff, 0xff,
    0xff, 0xf8,

    /* U+F153 "" */
    0x0, 0x0, 0x29, 0xdf, 0xe9, 0x0, 0x0, 0x7f,
    0xff, 0xff, 0x80, 0x0, 0x7f, 0xfc, 0x53, 0x31,
    0x0, 0x2f, 0xfb, 0x0, 0x0, 0x0, 0x8c, 0xff,
    0xa8, 0x88, 0x50, 0xf, 0xff, 0xff, 0xff, 0xf9,
    0x0, 0x1f, 0xfa, 0x22, 0x22, 0x0, 0x7, 0xff,
    0xc8, 0x88, 0x70, 0x0, 0xff, 0xff, 0xff, 0xff,
    0x0, 0x1, 0x9f, 0xf5, 0x22, 0x10, 0x0, 0x2,
    0xff, 0xd1, 0x0, 0x0, 0x0, 0x7, 0xff, 0xe7,
    0x34, 0x30, 0x0, 0x8, 0xff, 0xff, 0xfd, 0x0,
    0x0, 0x3, 0x9d, 0xfe, 0xb0,

    /* U+F154 "" */
    0x0, 0x6, 0xcf, 0xfb, 0x40, 0x0, 0x9f, 0xff,
    0xff, 0xf1, 0x3, 0xff, 0xc4, 0x5b, 0x60, 0x7,
    0xff, 0x10, 0x0, 0x0, 0x8, 0xff, 0x0, 0x0,
    0x0, 0x8, 0xff, 0x0, 0x0, 0x0, 0xbf, 0xff,
    0xff, 0xf0, 0x0, 0xbf, 0xff, 0xff, 0xf0, 0x0,
    0x8, 0xff, 0x0, 0x0, 0x0, 0x8, 0xff, 0x0,
    0x0, 0x0, 0x8, 0xff, 0x0, 0x2, 0xff, 0x8,
    0xff, 0x0, 0x2, 0xff, 0xff, 0xff, 0xff, 0xff,
    0xff, 0xff, 0xff, 0xff, 0xff, 0xff,

    /* U+F155 "" */
    0x0, 0x3, 0xfa, 0x0, 0x0, 0x0, 0x4, 0xfc,
    0x0, 0x0, 0x3, 0xcf, 0xff, 0xe9, 0x10, 0x2f,
    0xff, 0xff, 0xff, 0x80, 0x9f, 0xf9, 0x88, 0xaa,
    0x0, 0xbf, 0xd0, 0x0, 0x0, 0x0, 0x8f, 0xfb,
    0x51, 0x0, 0x0, 0x1e, 0xff, 0xff, 0xc5, 0x0,
    0x1, 0x9e, 0xff, 0xff, 0x70, 0x0, 0x0, 0x38,
    0xef, 0xf1, 0x0, 0x0, 0x0, 0x5f, 0xf3, 0x3,
    0xc8, 0x88, 0xcf, 0xf1, 0xf, 0xff, 0xff, 0xff,
    0x90, 0x4, 0xcf, 0xff, 0xd7, 0x0, 0x0, 0x4,
    0xfc, 0x0, 0x0, 0x0, 0x3, 0xfa, 0x0, 0x0,

    /* U+F156 "" */
    0xff, 0xff, 0xff, 0xff, 0xff, 0xff, 0xff, 0xff,
    0xff, 0xff, 0x22, 0x23, 0xaf, 0xf8, 0x0, 0xff,
    0xff, 0xff, 0xff, 0xff, 0xff, 0xff, 0xff, 0xff,
    0xff, 0x0, 0x0, 0xd, 0xfe, 0x0, 0x22, 0x23,
    0xaf, 0xf9, 0x0, 0xff, 0xff, 0xff, 0xd1, 0x0,
    0xff, 0xff, 0xe9, 0x10, 0x0, 0x7f, 0xff, 0x40,
    0x0, 0x0, 0x6, 0xff, 0xf5, 0x0, 0x0, 0x0,
    0x5f, 0xff, 0x60, 0x0, 0x0, 0x4, 0xff, 0xf7,
    0x0, 0x0, 0x0, 0x3e, 0xff, 0x50,

    /* U+F157 "" */
    0x3f, 0xf8, 0x0, 0x0, 0x8f, 0xf3, 0xc, 0xff,
    0x10, 0x1, 0xff, 0xc0, 0x4, 0xff, 0x80, 0x8,
    0xff, 0x40, 0x0, 0xbf, 0xf0, 0xf, 0xfb, 0x0,
    0x0, 0x3f, 0xf6, 0x6f, 0xf3, 0x0, 0xb, 0xcf,
    0xfc, 0xcf, 0xfc, 0xb0, 0xf, 0xff, 0xff, 0xff,
    0xff, 0xf0, 0x0, 0x0, 0x9f, 0xf9, 0x0, 0x0,
    0x0, 0x0, 0x4f, 0xf4, 0x0, 0x0, 0xf, 0xff,
    0xff, 0xff, 0xff, 0xf0, 0xb, 0xcc, 0xdf, 0xfd,
    0xcc, 0xb0, 0x0, 0x0, 0x4f, 0xf4, 0x0, 0x0,
    0x0, 0x0, 0x4f, 0xf4, 0x0, 0x0, 0x0, 0x0,
    0x3f, 0xf3, 0x0, 0x0,

    /* U+F158 "" */
    0x0, 0xff, 0xff, 0xff, 0xe9, 0x10, 0x0, 0xff,
    0xff, 0xff, 0xff, 0xd1, 0x0, 0xff, 0xa2, 0x23,
    0xaf, 0xf9, 0x0, 0xff, 0x90, 0x0, 0xd, 0xfe,
    0x0, 0xff, 0x90, 0x0, 0xa, 0xff, 0x0, 0xff,
    0x90, 0x0, 0xd, 0xfe, 0x22, 0xff, 0xa2, 0x23,
    0xaf, 0xf8, 0xff, 0xff, 0xff, 0xff, 0xff, 0xd1,
    0xff, 0xff, 0xff, 0xff, 0xe9, 0x10, 0x0, 0xff,
    0x90, 0x0, 0x0, 0x0, 0xff, 0xff, 0xff, 0xff,
    0xff, 0x0, 0xff, 0xff, 0xff, 0xff, 0xff, 0x0,
    0x0, 0xff, 0x90, 0x0, 0x0, 0x0, 0x0, 0xff,
    0x80, 0x0, 0x0, 0x0,

    /* U+F159 "" */
    0x9, 0xf6, 0x0, 0x1, 0xff, 0x10, 0x0, 0x7f,
    0x90, 0x7, 0xf9, 0x0, 0x5, 0xff, 0x40, 0x0,
    0xaf, 0x70, 0x3, 0xfc, 0x0, 0x9, 0xff, 0x80,
    0x0, 0xdf, 0x30, 0xff, 0xff, 0xff, 0xff, 0xff,
    0xff, 0xff, 0xff, 0xff, 0xff, 0xff, 0xff, 0xff,
    0xff, 0xff, 0xff, 0xff, 0xff, 0x0, 0x9f, 0x60,
    0x4f, 0xab, 0xf3, 0x7, 0xf8, 0x0, 0xff, 0xff,
    0xff, 0xff, 0xff, 0xff, 0xff, 0xff, 0xff, 0xff,
    0xff, 0xff, 0xff, 0xff, 0xff, 0xff, 0xff, 0xff,
    0x0, 0xe, 0xf1, 0xff, 0x1, 0xfe, 0x1f, 0xd0,
    0x0, 0x0, 0xa, 0xf7, 0xfb, 0x0, 0xdf, 0x7f,
    0x90, 0x0, 0x0, 0x7, 0xfc, 0xf8, 0x0, 0x9f,
    0xcf, 0x60, 0x0, 0x0, 0x3, 0xff, 0xf4, 0x0,
    0x5f, 0xff, 0x20, 0x0, 0x0, 0x0, 0xff, 0xf1,
    0x0, 0x2f, 0xfe, 0x0, 0x0, 0x0, 0x0, 0xbf,
    0xc0, 0x0, 0xe, 0xfa, 0x0, 0x0,

    /* U+F15B "" */
    0xdf, 0xff, 0xff, 0xf0, 0xd1, 0x0, 0xff, 0xff,
    0xff, 0xf0, 0xfd, 0x10, 0xff, 0xff, 0xff, 0xf0,
    0xff, 0xd1, 0xff, 0xff, 0xff, 0xf0, 0xff, 0xfd,
    0xff, 0xff, 0xff, 0xf2, 0x0, 0x0, 0xff, 0xff,
    0xff, 0xff, 0xff, 0xff, 0xff, 0xff, 0xff, 0xff,
    0xff, 0xff, 0xff, 0xff, 0xff, 0xff, 0xff, 0xff,
    0xff, 0xff, 0xff, 0xff, 0xff, 0xff, 0xff, 0xff,
    0xff, 0xff, 0xff, 0xff, 0xff, 0xff, 0xff, 0xff,
    0xff, 0xff, 0xff, 0xff, 0xff, 0xff, 0xff, 0xff,
    0xff, 0xff, 0xff, 0xff, 0xff, 0xff, 0xff, 0xff,
    0xff, 0xff, 0xff, 0xff, 0xff, 0xff, 0xff, 0xff,
    0xff, 0xff, 0xdf, 0xff, 0xff, 0xff, 0xff, 0xfd,

    /* U+F15C "" */
    0xdf, 0xff, 0xff, 0xf0, 0xd1, 0x0, 0xff, 0xff,
    0xff, 0xf0, 0xfd, 0x10, 0xff, 0xff, 0xff, 0xf0,
    0xff, 0xd1, 0xff, 0xff, 0xff, 0xf0, 0xff, 0xfd,
    0xff, 0xff, 0xff, 0xf2, 0x0, 0x0, 0xff, 0xff,
    0xff, 0xff, 0xff, 0xff, 0xff, 0xff, 0xff, 0xff,
    0xff, 0xff, 0xff, 0xf1, 0x0, 0x0, 0x1f, 0xff,
    0xff, 0xff, 0xff, 0xff, 0xff, 0xff, 0xff, 0xf1,
    0x0, 0x0, 0x1f, 0xff, 0xff, 0xff, 0xff, 0xff,
    0xff, 0xff, 0xff, 0xf1, 0x0, 0x0, 0x1f, 0xff,
    0xff, 0xff, 0xff, 0xff, 0xff, 0xff, 0xff, 0xff,
    0xff, 0xff, 0xff, 0xff, 0xff, 0xff, 0xff, 0xff,
    0xff, 0xff, 0xdf, 0xff, 0xff, 0xff, 0xff, 0xfd,

    /* U+F15D "" */
    0x0, 0xe, 0xf0, 0x0, 0x0, 0x2f, 0xf3, 0x0,
    0x0, 0xf, 0xf0, 0x0, 0x0, 0x8f, 0xf9, 0x0,
    0x0, 0xf, 0xf0, 0x0, 0x0, 0xed, 0xce, 0x0,
    0x0, 0xf, 0xf0, 0x0, 0x4, 0xfc, 0xcf, 0x50,
    0x0, 0xf, 0xf0, 0x0, 0xa, 0xff, 0xff, 0xb0,
    0x0, 0xf, 0xf0, 0x0, 0xd, 0xc4, 0x4c, 0xe0,
    0x0, 0xf, 0xf0, 0x0, 0x0, 0x0, 0x0, 0x0,
    0x0, 0xf, 0xf0, 0x0, 0x0, 0x0, 0x0, 0x0,
    0x0, 0xf, 0xf0, 0x0, 0x6, 0xff, 0xff, 0x70,
    0x0, 0xf, 0xf0, 0x0, 0x6, 0xff, 0xff, 0x50,
    0xd, 0xff, 0xff, 0xe0, 0x0, 0xa, 0xf9, 0x0,
    0x4, 0xff, 0xff, 0x50, 0x0, 0x8f, 0xb0, 0x0,
    0x0, 0x6f, 0xf7, 0x0, 0x4, 0xff, 0xff, 0x70,
    0x0, 0x9, 0xa0, 0x0, 0x6, 0xff, 0xff, 0x70,

    /* U+F15E "" */
    0x0, 0x9, 0xa0, 0x0, 0x0, 0x2f, 0xf3, 0x0,
    0x0, 0x6f, 0xf7, 0x0, 0x0, 0x8f, 0xf9, 0x0,
    0x4, 0xff, 0xff, 0x50, 0x0, 0xed, 0xce, 0x0,
    0xd, 0xff, 0xff, 0xe0, 0x4, 0xfc, 0xcf, 0x50,
    0x0, 0xf, 0xf0, 0x0, 0xa, 0xff, 0xff, 0xb0,
    0x0, 0xf, 0xf0, 0x0, 0xd, 0xc4, 0x4c, 0xe0,
    0x0, 0xf, 0xf0, 0x0, 0x0, 0x0, 0x0, 0x0,
    0x0, 0xf, 0xf0, 0x0, 0x0, 0x0, 0x0, 0x0,
    0x0, 0xf, 0xf0, 0x0, 0x6, 0xff, 0xff, 0x70,
    0x0, 0xf, 0xf0, 0x0, 0x6, 0xff, 0xff, 0x50,
    0x0, 0xf, 0xf0, 0x0, 0x0, 0xa, 0xf9, 0x0,
    0x0, 0xf, 0xf0, 0x0, 0x0, 0x8f, 0xb0, 0x0,
    0x0, 0xf, 0xf0, 0x0, 0x4, 0xff, 0xff, 0x70,
    0x0, 0xe, 0xf0, 0x0, 0x6, 0xff, 0xff, 0x70,

    /* U+F160 "" */
    0x0, 0xe, 0xf0, 0x0, 0xef, 0xff, 0xff, 0xff,
    0xf0, 0x0, 0xf, 0xf0, 0x0, 0xef, 0xff, 0xff,
    0xff, 0xf0, 0x0, 0xf, 0xf0, 0x0, 0x0, 0x0,
    0x0, 0x0, 0x0, 0x0, 0xf, 0xf0, 0x0, 0x0,
    0x0, 0x0, 0x0, 0x0, 0x0, 0xf, 0xf0, 0x0,
    0xef, 0xff, 0xff, 0xf0, 0x0, 0x0, 0xf, 0xf0,
    0x0, 0xef, 0xff, 0xff, 0xf0, 0x0, 0x0, 0xf,
    0xf0, 0x0, 0x0, 0x0, 0x0, 0x0, 0x0, 0x0,
    0xf, 0xf0, 0x0, 0x0, 0x0, 0x0, 0x0, 0x0,
    0x0, 0xf, 0xf0, 0x0, 0xef, 0xff, 0xf0, 0x0,
    0x0, 0x0, 0xf, 0xf0, 0x0, 0xef, 0xff, 0xf0,
    0x0, 0x0, 0xd, 0xff, 0xff, 0xe0, 0x0, 0x0,
    0x0, 0x0, 0x0, 0x4, 0xff, 0xff, 0x50, 0x0,
    0x0, 0x0, 0x0, 0x0, 0x0, 0x6f, 0xf7, 0x0,
    0xef, 0xf0, 0x0, 0x0, 0x0, 0x0, 0x9, 0xa0,
    0x0, 0xef, 0xf0, 0x0, 0x0, 0x0,

    /* U+F161 "" */
    0x0, 0x9, 0xa0, 0x0, 0xef, 0xff, 0xff, 0xff,
    0xf0, 0x0, 0x6f, 0xf7, 0x0, 0xef, 0xff, 0xff,
    0xff, 0xf0, 0x4, 0xff, 0xff, 0x50, 0x0, 0x0,
    0x0, 0x0, 0x0, 0xd, 0xff, 0xff, 0xe0, 0x0,
    0x0, 0x0, 0x0, 0x0, 0x0, 0xf, 0xf0, 0x0,
    0xef, 0xff, 0xff, 0xf0, 0x0, 0x0, 0xf, 0xf0,
    0x0, 0xef, 0xff, 0xff, 0xf0, 0x0, 0x0, 0xf,
    0xf0, 0x0, 0x0, 0x0, 0x0, 0x0, 0x0, 0x0,
    0xf, 0xf0, 0x0, 0x0, 0x0, 0x0, 0x0, 0x0,
    0x0, 0xf, 0xf0, 0x0, 0xef, 0xff, 0xf0, 0x0,
    0x0, 0x0, 0xf, 0xf0, 0x0, 0xef, 0xff, 0xf0,
    0x0, 0x0, 0x0, 0xf, 0xf0, 0x0, 0x0, 0x0,
    0x0, 0x0, 0x0, 0x0, 0xf, 0xf0, 0x0, 0x0,
    0x0, 0x0, 0x0, 0x0, 0x0, 0xf, 0xf0, 0x0,
    0xef, 0xf0, 0x0, 0x0, 0x0, 0x0, 0xe, 0xf0,
    0x0, 0xef, 0xf0, 0x0, 0x0, 0x0,

    /* U+F162 "" */
    0x0, 0xe, 0xf0, 0x0, 0x0, 0x7f, 0xf0, 0x0,
    0x0, 0xff, 0x0, 0x0, 0xd, 0xff, 0x0, 0x0,
    0xf, 0xf0, 0x0, 0x0, 0xf, 0xf0, 0x0, 0x0,
    0xff, 0x0, 0x0, 0x0, 0xff, 0x0, 0x0, 0xf,
    0xf0, 0x0, 0x0, 0xef, 0xff, 0x0, 0x0, 0xff,
    0x0, 0x0, 0xe, 0xff, 0xf0, 0x0, 0xf, 0xf0,
    0x0, 0x0, 0x0, 0x0, 0x0, 0x0, 0xff, 0x0,
    0x0, 0x7, 0xef, 0x70, 0x0, 0xf, 0xf0, 0x0,
    0x3, 0xff, 0xff, 0x40, 0x0, 0xff, 0x0, 0x0,
    0x6f, 0x87, 0xf8, 0xd, 0xff, 0xff, 0xe0, 0x3,
    0xff, 0xff, 0x70, 0x4f, 0xff, 0xf5, 0x0, 0x6,
    0xef, 0xf4, 0x0, 0x6f, 0xf7, 0x0, 0x0, 0xc,
    0xfb, 0x0, 0x0, 0x9a, 0x0, 0x0, 0x0, 0xd9,
    0x0, 0x0, 0x0, 0x0, 0x0, 0x0, 0x0, 0x0,
    0x0,

    /* U+F163 "" */
    0x0, 0x9, 0xa0, 0x0, 0x0, 0x7f, 0xf0, 0x0,
    0x6, 0xff, 0x70, 0x0, 0xd, 0xff, 0x0, 0x4,
    0xff, 0xff, 0x50, 0x0, 0xf, 0xf0, 0x0, 0xdf,
    0xff, 0xfe, 0x0, 0x0, 0xff, 0x0, 0x0, 0xf,
    0xf0, 0x0, 0x0, 0xef, 0xff, 0x0, 0x0, 0xff,
    0x0, 0x0, 0xe, 0xff, 0xf0, 0x0, 0xf, 0xf0,
    0x0, 0x0, 0x0, 0x0, 0x0, 0x0, 0xff, 0x0,
    0x0, 0x7, 0xef, 0x70, 0x0, 0xf, 0xf0, 0x0,
    0x3, 0xff, 0xff, 0x40, 0x0, 0xff, 0x0, 0x0,
    0x6f, 0x87, 0xf8, 0x0, 0xf, 0xf0, 0x0, 0x3,
    0xff, 0xff, 0x70, 0x0, 0xff, 0x0, 0x0, 0x6,
    0xef, 0xf4, 0x0, 0xf, 0xf0, 0x0, 0x0, 0xc,
    0xfb, 0x0, 0x0, 0xef, 0x0, 0x0, 0x0, 0xd9,
    0x0, 0x0, 0x0, 0x0, 0x0, 0x0, 0x0, 0x0,
    0x0,

    /* U+F164 "" */
    0x0, 0x0, 0x0, 0x0, 0xc, 0xd4, 0x0, 0x0,
    0x0, 0x0, 0x0, 0x0, 0x3f, 0xfd, 0x0, 0x0,
    0x0, 0x0, 0x0, 0x0, 0x8f, 0xff, 0x0, 0x0,
    0x0, 0x0, 0x0, 0x1, 0xef, 0xfc, 0x0, 0x0,
    0x0, 0x0, 0x0, 0xc, 0xff, 0xf6, 0x0, 0x0,
    0x0, 0x0, 0x0, 0x8f, 0xff, 0xf8, 0x88, 0x60,
    0x0, 0x0, 0x4, 0xff, 0xff, 0xff, 0xff, 0xfb,
    0xdf, 0xfd, 0xf, 0xff, 0xff, 0xff, 0xff, 0xff,
    0xff, 0xff, 0xf, 0xff, 0xff, 0xff, 0xff, 0xfa,
    0xff, 0xff, 0xf, 0xff, 0xff, 0xff, 0xff, 0xf8,
    0xff, 0xff, 0xf, 0xff, 0xff, 0xff, 0xff, 0xf7,
    0xff, 0xff, 0xf, 0xff, 0xff, 0xff, 0xff, 0xf2,
    0xff, 0xff, 0xf, 0xff, 0xff, 0xff, 0xff, 0xf1,
    0xf9, 0x9f, 0xf, 0xff, 0xff, 0xff, 0xff, 0xb0,
    0xf9, 0x9f, 0x7, 0xcf, 0xff, 0xff, 0xff, 0x90,
    0xdf, 0xfd, 0x0, 0x2, 0x8d, 0xff, 0xea, 0x10,

    /* U+F165 "" */
    0x0, 0x0, 0x0, 0x2, 0x8d, 0xff, 0xea, 0x10,
    0xdf, 0xfd, 0x7, 0xcf, 0xff, 0xff, 0xff, 0x90,
    0xff, 0xff, 0xf, 0xff, 0xff, 0xff, 0xff, 0xb0,
    0xff, 0xff, 0xf, 0xff, 0xff, 0xff, 0xff, 0xf1,
    0xff, 0xff, 0xf, 0xff, 0xff, 0xff, 0xff, 0xf2,
    0xff, 0xff, 0xf, 0xff, 0xff, 0xff, 0xff, 0xf7,
    0xff, 0xff, 0xf, 0xff, 0xff, 0xff, 0xff, 0xf8,
    0xf9, 0x9f, 0xf, 0xff, 0xff, 0xff, 0xff, 0xfa,
    0xf9, 0x9f, 0xf, 0xff, 0xff, 0xff, 0xff, 0xff,
    0xdf, 0xfd, 0x4, 0xff, 0xff, 0xff, 0xff, 0xfb,
    0x0, 0x0, 0x0, 0x8f, 0xff, 0xf8, 0x88, 0x60,
    0x0, 0x0, 0x0, 0xc, 0xff, 0xf6, 0x0, 0x0,
    0x0, 0x0, 0x0, 0x1, 0xef, 0xfc, 0x0, 0x0,
    0x0, 0x0, 0x0, 0x0, 0x8f, 0xff, 0x0, 0x0,
    0x0, 0x0, 0x0, 0x0, 0x3f, 0xfd, 0x0, 0x0,
    0x0, 0x0, 0x0, 0x0, 0xc, 0xd4, 0x0, 0x0,

    /* U+F182 "" */
    0x0, 0x4e, 0xe4, 0x0, 0x0, 0xef, 0xfe, 0x0,
    0x0, 0xef, 0xfe, 0x0, 0x0, 0x4e, 0xe4, 0x0,
    0x0, 0x74, 0x47, 0x0, 0x5, 0xff, 0xff, 0x50,
    0x9, 0xff, 0xff, 0x90, 0xd, 0xff, 0xff, 0xd0,
    0x1f, 0xff, 0xff, 0xf1, 0x5f, 0xff, 0xff, 0xf5,
    0x9f, 0xff, 0xff, 0xf9, 0x9f, 0xff, 0xff, 0xf9,
    0x0, 0x4f, 0xf4, 0x0, 0x0, 0x4f, 0xf4, 0x0,
    0x0, 0x4f, 0xf4, 0x0, 0x0, 0x2f, 0xf2, 0x0,

    /* U+F183 "" */
    0x4, 0xee, 0x40, 0xe, 0xff, 0xe0, 0xe, 0xff,
    0xe0, 0x4, 0xee, 0x40, 0x27, 0x44, 0x72, 0xdf,
    0xff, 0xfd, 0xff, 0xff, 0xff, 0xff, 0xff, 0xff,
    0xff, 0xff, 0xff, 0xff, 0xff, 0xff, 0xdf, 0xff,
    0xfd, 0xc, 0xff, 0xc0, 0xc, 0xff, 0xc0, 0xc,
    0xff, 0xc0, 0xc, 0xff, 0xc0, 0x9, 0xff, 0x90,

    /* U+F185 "" */
    0x0, 0x0, 0x0, 0x8, 0x90, 0x0, 0x0, 0x0,
    0x0, 0x0, 0x0, 0x1, 0xff, 0x20, 0x0, 0x0,
    0x0, 0x0, 0x89, 0x40, 0x9f, 0xf9, 0x3, 0x99,
    0x0, 0x0, 0x8, 0xff, 0xef, 0xff, 0xfe, 0xff,
    0x90, 0x0, 0x0, 0x3f, 0xfd, 0x50, 0x4, 0xdf,
    0xf4, 0x0, 0x0, 0x0, 0xed, 0x18, 0xee, 0x81,
    0xde, 0x0, 0x0, 0x1, 0x9f, 0x58, 0xff, 0xff,
    0x94, 0xf9, 0x20, 0x8, 0xff, 0xf1, 0xef, 0xff,
    0xfe, 0xf, 0xff, 0x90, 0x8f, 0xff, 0x1e, 0xff,
    0xff, 0xe0, 0xff, 0xf9, 0x0, 0x19, 0xf5, 0x8f,
    0xff, 0xf9, 0x4f, 0x92, 0x0, 0x0, 0xe, 0xd1,
    0x8e, 0xe9, 0x1d, 0xe0, 0x0, 0x0, 0x3, 0xff,
    0xd5, 0x0, 0x4d, 0xff, 0x40, 0x0, 0x0, 0x8f,
    0xfe, 0xff, 0xff, 0xef, 0xf9, 0x0, 0x0, 0x8,
    0x94, 0x9, 0xff, 0x90, 0x39, 0x90, 0x0, 0x0,
    0x0, 0x0, 0x1f, 0xf2, 0x0, 0x0, 0x0, 0x0,
    0x0, 0x0, 0x0, 0x89, 0x0, 0x0, 0x0, 0x0,

    /* U+F186 "" */
    0x0, 0x0, 0x4, 0xad, 0xff, 0x60, 0x0, 0x0,
    0x0, 0x1, 0xbf, 0xff, 0xf8, 0x0, 0x0, 0x0,
    0x0, 0x1d, 0xff, 0xff, 0x90, 0x0, 0x0, 0x0,
    0x0, 0xbf, 0xff, 0xfe, 0x0, 0x0, 0x0, 0x0,
    0x5, 0xff, 0xff, 0xf8, 0x0, 0x0, 0x0, 0x0,
    0xb, 0xff, 0xff, 0xf5, 0x0, 0x0, 0x0, 0x0,
    0xf, 0xff, 0xff, 0xf4, 0x0, 0x0, 0x0, 0x0,
    0x1f, 0xff, 0xff, 0xf6, 0x0, 0x0, 0x0, 0x0,
    0x1f, 0xff, 0xff, 0xfa, 0x0, 0x0, 0x0, 0x0,
    0xf, 0xff, 0xff, 0xff, 0x20, 0x0, 0x0, 0x0,
    0xb, 0xff, 0xff, 0xff, 0xd1, 0x0, 0x0, 0x0,
    0x5, 0xff, 0xff, 0xff, 0xfd, 0x40, 0x0, 0x0,
    0x0, 0xbf, 0xff, 0xff, 0xff, 0xfc, 0x87, 0x80,
    0x0, 0x1d, 0xff, 0xff, 0xff, 0xff, 0xff, 0x90,
    0x0, 0x1, 0xbf, 0xff, 0xff, 0xff, 0xf7, 0x0,
    0x0, 0x0, 0x4, 0xad, 0xfe, 0xc8, 0x10, 0x0,

    /* U+F187 "" */
    0xcf, 0xff, 0xff, 0xff, 0xff, 0xff, 0xff, 0xfc,
    0xff, 0xff, 0xff, 0xff, 0xff, 0xff, 0xff, 0xff,
    0xef, 0xff, 0xff, 0xff, 0xff, 0xff, 0xff, 0xfe,
    0x0, 0x0, 0x0, 0x0, 0x0, 0x0, 0x0, 0x0,
    0xf, 0xff, 0xff, 0xff, 0xff, 0xff, 0xff, 0xf0,
    0xf, 0xff, 0xff, 0xff, 0xff, 0xff, 0xff, 0xf0,
    0xf, 0xff, 0xff, 0x10, 0x1, 0xff, 0xff, 0xf0,
    0xf, 0xff, 0xff, 0xff, 0xff, 0xff, 0xff, 0xf0,
    0xf, 0xff, 0xff, 0xff, 0xff, 0xff, 0xff, 0xf0,
    0xf, 0xff, 0xff, 0xff, 0xff, 0xff, 0xff, 0xf0,
    0xf, 0xff, 0xff, 0xff, 0xff, 0xff, 0xff, 0xf0,
    0xf, 0xff, 0xff, 0xff, 0xff, 0xff, 0xff, 0xf0,
    0xf, 0xff, 0xff, 0xff, 0xff, 0xff, 0xff, 0xf0,
    0xc, 0xff, 0xff, 0xff, 0xff, 0xff, 0xff, 0xc0,

    /* U+F188 "" */
    0x0, 0x0, 0x0, 0x9e, 0xfa, 0x10, 0x0, 0x0,
    0x0, 0x0, 0x0, 0xcf, 0xff, 0xfd, 0x0, 0x0,
    0x0, 0x0, 0x0, 0x4f, 0xff, 0xff, 0xf6, 0x0,
    0x0, 0x0, 0xbd, 0x13, 0x88, 0x88, 0x88, 0x41,
    0xcc, 0x0, 0xc, 0xfd, 0x10, 0x0, 0x0, 0x1,
    0xcf, 0xd0, 0x0, 0x1c, 0xff, 0xff, 0xff, 0xff,
    0xff, 0xd1, 0x0, 0x0, 0x3f, 0xff, 0xff, 0xff,
    0xff, 0xf4, 0x0, 0x0, 0x3, 0xff, 0xff, 0x54,
    0xff, 0xff, 0x40, 0x0, 0xbf, 0xff, 0xff, 0xf4,
    0x3f, 0xff, 0xff, 0xfc, 0xb, 0xff, 0xff, 0xff,
    0x43, 0xff, 0xff, 0xff, 0xc0, 0x0, 0x3f, 0xff,
    0xf4, 0x3f, 0xff, 0xf4, 0x0, 0x0, 0x1, 0xff,
    0xff, 0x43, 0xff, 0xff, 0x20, 0x0, 0x0, 0x1e,
    0xff, 0xf4, 0x3f, 0xff, 0xf1, 0x0, 0x0, 0x1d,
    0xff, 0xff, 0x43, 0xff, 0xff, 0xd1, 0x0, 0xc,
    0xfd, 0x29, 0xd4, 0x3e, 0x92, 0xdf, 0xd0, 0x0,
    0xbd, 0x10, 0x0, 0x0, 0x0, 0x1, 0xcc, 0x0,

    /* U+F191 "" */
    0x8f, 0xff, 0xff, 0xff, 0xff, 0xff, 0xf8, 0xff,
    0xff, 0xff, 0xff, 0xff, 0xff, 0xff, 0xff, 0xff,
    0xff, 0xff, 0xef, 0xff, 0xff, 0xff, 0xff, 0xff,
    0xf7, 0x4f, 0xff, 0xff, 0xff, 0xff, 0xff, 0x70,
    0x4f, 0xff, 0xff, 0xff, 0xff, 0xf7, 0x0, 0x4f,
    0xff, 0xff, 0xff, 0xff, 0x80, 0x0, 0x4f, 0xff,
    0xff, 0xff, 0xff, 0x80, 0x0, 0x4f, 0xff, 0xff,
    0xff, 0xff, 0xf8, 0x0, 0x4f, 0xff, 0xff, 0xff,
    0xff, 0xff, 0x80, 0x4f, 0xff, 0xff, 0xff, 0xff,
    0xff, 0xf8, 0x4f, 0xff, 0xff, 0xff, 0xff, 0xff,
    0xff, 0xef, 0xff, 0xff, 0xff, 0xff, 0xff, 0xff,
    0xff, 0xff, 0xff, 0x8f, 0xff, 0xff, 0xff, 0xff,
    0xff, 0xf8,

    /* U+F192 "" */
    0x0, 0x0, 0x16, 0xbc, 0xdb, 0x61, 0x0, 0x0,
    0x0, 0x6, 0xef, 0xff, 0xff, 0xfe, 0x60, 0x0,
    0x0, 0x8f, 0xff, 0xff, 0xff, 0xff, 0xf8, 0x0,
    0x5, 0xff, 0xff, 0xff, 0xff, 0xff, 0xff, 0x50,
    0xe, 0xff, 0xff, 0xff, 0xff, 0xff, 0xff, 0xe0,
    0x5f, 0xff, 0xff, 0xe7, 0x7e, 0xff, 0xff, 0xf5,
    0x9f, 0xff, 0xfe, 0x10, 0x1, 0xef, 0xff, 0xf9,
    0xbf, 0xff, 0xf9, 0x0, 0x0, 0x9f, 0xff, 0xfb,
    0xbf, 0xff, 0xf9, 0x0, 0x0, 0x9f, 0xff, 0xfb,
    0x9f, 0xff, 0xfe, 0x10, 0x1, 0xef, 0xff, 0xf9,
    0x5f, 0xff, 0xff, 0xe7, 0x7e, 0xff, 0xff, 0xf5,
    0xe, 0xff, 0xff, 0xff, 0xff, 0xff, 0xff, 0xe0,
    0x5, 0xff, 0xff, 0xff, 0xff, 0xff, 0xff, 0x50,
    0x0, 0x8f, 0xff, 0xff, 0xff, 0xff, 0xf8, 0x0,
    0x0, 0x6, 0xef, 0xff, 0xff, 0xfe, 0x60, 0x0,
    0x0, 0x0, 0x16, 0xbd, 0xdb, 0x61, 0x0, 0x0,

    /* U+F193 "" */
    0x0, 0x0, 0x0, 0x0, 0x0, 0x0, 0x0, 0x0,
    0x0, 0x0, 0x4, 0xee, 0x40, 0x0, 0x0, 0x0,
    0x0, 0x0, 0x0, 0xef, 0xfe, 0x0, 0x0, 0x0,
    0x0, 0x0, 0x0, 0xe, 0xff, 0xe0, 0x0, 0x0,
    0x0, 0x0, 0x0, 0x0, 0xcf, 0xe4, 0x0, 0x0,
    0x0, 0x0, 0x0, 0x0, 0xa, 0xf5, 0x0, 0x0,
    0x0, 0x0, 0x0, 0x0, 0x13, 0x8f, 0xff, 0xff,
    0xe0, 0x0, 0x0, 0x0, 0x4f, 0x96, 0xff, 0xff,
    0xfe, 0x0, 0x0, 0x0, 0x1f, 0xf8, 0x3f, 0xc0,
    0x0, 0x0, 0x0, 0x0, 0x9, 0xfa, 0x1, 0xff,
    0xff, 0xff, 0xc0, 0x0, 0x0, 0xdf, 0x20, 0xb,
    0xff, 0xff, 0xff, 0x50, 0x0, 0xf, 0xf0, 0x0,
    0x0, 0x0, 0x6, 0xfc, 0x0, 0x0, 0xef, 0x20,
    0x0, 0x0, 0x3e, 0x1e, 0xf4, 0x10, 0x9, 0xfa,
    0x0, 0x0, 0xa, 0xf6, 0x7f, 0xdf, 0xb0, 0x2f,
    0xfa, 0x20, 0x3a, 0xff, 0x10, 0xff, 0xfb, 0x0,
    0x4f, 0xff, 0xff, 0xfe, 0x40, 0x5, 0xa3, 0x0,
    0x0, 0x29, 0xef, 0xd9, 0x10, 0x0, 0x0, 0x0,
    0x0,

    /* U+F195 "" */
    0x0, 0xff, 0x70, 0x0, 0x0, 0x0, 0x0, 0xff,
    0x84, 0x7b, 0xd0, 0x0, 0x25, 0xff, 0xff, 0xff,
    0xf0, 0x0, 0xff, 0xff, 0xfc, 0x95, 0x20, 0x0,
    0xdb, 0xff, 0x84, 0x7b, 0xd0, 0x0, 0x25, 0xff,
    0xff, 0xff, 0xf0, 0x0, 0xff, 0xff, 0xfc, 0x95,
    0x20, 0x0, 0xdb, 0xff, 0x80, 0x0, 0x3, 0xfe,
    0x0, 0xff, 0x80, 0x0, 0x6, 0xfd, 0x0, 0xff,
    0x80, 0x0, 0xb, 0xfa, 0x0, 0xff, 0x80, 0x0,
    0x7f, 0xf3, 0x0, 0xff, 0x81, 0x5c, 0xff, 0x90,
    0x0, 0xff, 0xff, 0xff, 0xf9, 0x0, 0x0, 0xff,
    0xff, 0xd9, 0x30, 0x0,

    /* U+F197 "" */
    0x6, 0x7f, 0xc5, 0x0, 0x0, 0x0, 0x0, 0x0,
    0x0, 0x0, 0xe, 0x8f, 0xff, 0xb0, 0x0, 0x0,
    0x0, 0x0, 0x0, 0x0, 0xf, 0x8f, 0xff, 0xfd,
    0x20, 0x0, 0x0, 0x0, 0x0, 0x0, 0xf, 0x8f,
    0xff, 0xff, 0xf8, 0x10, 0x0, 0x0, 0x0, 0x0,
    0xcf, 0xff, 0xfc, 0x88, 0x88, 0x75, 0x44, 0x32,
    0x10, 0x0, 0xff, 0xff, 0xff, 0xff, 0xff, 0xff,
    0xff, 0xfe, 0xfd, 0x70, 0x9f, 0xff, 0xff, 0xff,
    0xff, 0xff, 0xff, 0xf1, 0xff, 0xfc, 0x8f, 0xff,
    0xff, 0xff, 0xff, 0xff, 0xff, 0xf1, 0xff, 0xfc,
    0xff, 0xff, 0xff, 0xff, 0xff, 0xff, 0xff, 0xfe,
    0xfd, 0x70, 0xdf, 0xff, 0xfc, 0x88, 0x88, 0x75,
    0x44, 0x32, 0x10, 0x0, 0xf, 0x8f, 0xff, 0xff,
    0xf8, 0x10, 0x0, 0x0, 0x0, 0x0, 0xf, 0x8f,
    0xff, 0xfd, 0x20, 0x0, 0x0, 0x0, 0x0, 0x0,
    0xe, 0x8f, 0xff, 0xb0, 0x0, 0x0, 0x0, 0x0,
    0x0, 0x0, 0x6, 0x7f, 0xc5, 0x0, 0x0, 0x0,
    0x0, 0x0, 0x0, 0x0,

    /* U+F199 "" */
    0x8f, 0xff, 0xff, 0xff, 0xff, 0xff, 0xf8, 0xff,
    0xff, 0xff, 0xff, 0xff, 0xff, 0xff, 0xff, 0xff,
    0xff, 0xff, 0xff, 0xff, 0xff, 0xff, 0x20, 0x0,
    0x0, 0x0, 0x2, 0xff, 0xff, 0x20, 0x0, 0x0,
    0x0, 0x2, 0xff, 0xff, 0xe5, 0x0, 0x0, 0x0,
    0x5e, 0xff, 0xff, 0x3d, 0x90, 0x0, 0x9, 0xd3,
    0xff, 0xff, 0x0, 0xad, 0x33, 0xda, 0x0, 0xff,
    0xff, 0x0, 0x6, 0xee, 0x60, 0x0, 0xff, 0xff,
    0x0, 0x0, 0x0, 0x0, 0x0, 0xff, 0xff, 0x20,
    0x0, 0x0, 0x0, 0x2, 0xff, 0xff, 0xff, 0xff,
    0xff, 0xff, 0xff, 0xff, 0xff, 0xff, 0xff, 0xff,
    0xff, 0xff, 0xff, 0x8f, 0xff, 0xff, 0xff, 0xff,
    0xff, 0xf8,

    /* U+F19C "" */
    0x0, 0x0, 0x2, 0x8e, 0xb5, 0x0, 0x0, 0x0,
    0x0, 0x6, 0xcf, 0xff, 0xff, 0xe9, 0x30, 0x0,
    0x39, 0xff, 0xff, 0xff, 0xff, 0xff, 0xfd, 0x70,
    0x8e, 0xff, 0xff, 0xff, 0xff, 0xff, 0xff, 0xd2,
    0x5, 0x88, 0x88, 0x88, 0x88, 0x88, 0x87, 0x10,
    0x0, 0x3f, 0xc0, 0x3f, 0xc0, 0x3f, 0xc0, 0x0,
    0x0, 0x3f, 0xc0, 0x3f, 0xc0, 0x3f, 0xc0, 0x0,
    0x0, 0x3f, 0xc0, 0x3f, 0xc0, 0x3f, 0xc0, 0x0,
    0x0, 0x3f, 0xc0, 0x3f, 0xc0, 0x3f, 0xc0, 0x0,
    0x0, 0x3f, 0xc0, 0x3f, 0xc0, 0x3f, 0xc0, 0x0,
    0x0, 0x3f, 0xc0, 0x3f, 0xc0, 0x3f, 0xc0, 0x0,
    0xa, 0xff, 0xff, 0xff, 0xff, 0xff, 0xff, 0x30,
    0x37, 0x88, 0x88, 0x88, 0x88, 0x88, 0x88, 0x70,
    0xaf, 0xff, 0xff, 0xff, 0xff, 0xff, 0xff, 0xf3,

    /* U+F19D "" */
    0x0, 0x0, 0x0, 0x0, 0x0, 0x0, 0x0, 0x0,
    0x0, 0x0, 0x0, 0x0, 0x0, 0x5, 0xae, 0xea,
    0x50, 0x0, 0x0, 0x0, 0x0, 0x1, 0x6b, 0xff,
    0xff, 0xff, 0xff, 0xb6, 0x10, 0x0, 0x28, 0xcf,
    0xff, 0xff, 0xff, 0xff, 0xff, 0xff, 0xfc, 0x82,
    0xef, 0xff, 0xff, 0xff, 0xff, 0xff, 0xff, 0xff,
    0xff, 0xfe, 0x28, 0xff, 0xff, 0xff, 0xff, 0xff,
    0xff, 0xff, 0xfd, 0x82, 0x5, 0xc1, 0x6b, 0xff,
    0xff, 0xff, 0xff, 0xb6, 0x10, 0x0, 0xc, 0xc0,
    0x43, 0x5, 0xae, 0xea, 0x50, 0x34, 0x0, 0x0,
    0xc, 0xc0, 0xbf, 0xe9, 0x41, 0x14, 0x9e, 0xfb,
    0x0, 0x0, 0xb, 0xb0, 0xdf, 0xff, 0xff, 0xff,
    0xff, 0xfd, 0x0, 0x0, 0xe, 0xe0, 0xff, 0xff,
    0xff, 0xff, 0xff, 0xff, 0x0, 0x0, 0x2f, 0xf2,
    0xbf, 0xff, 0xff, 0xff, 0xff, 0xfb, 0x0, 0x0,
    0x4f, 0xf4, 0x5, 0x9c, 0xef, 0xfe, 0xc9, 0x50,
    0x0, 0x0,

    /* U+F1AB "" */
    0xdf, 0xff, 0xff, 0xff, 0xf8, 0xbf, 0xff, 0xff,
    0xff, 0xfd, 0xff, 0xff, 0xff, 0xff, 0xf8, 0xbf,
    0xff, 0xff, 0xff, 0xff, 0xff, 0xf8, 0x8, 0xff,
    0xf8, 0xbf, 0xee, 0x90, 0xce, 0xff, 0xff, 0xf3,
    0x13, 0xff, 0xf8, 0xbf, 0x40, 0x0, 0x0, 0x8f,
    0xff, 0xd0, 0x90, 0xdf, 0xf8, 0xbf, 0xed, 0xad,
    0x25, 0xff, 0xff, 0x80, 0x80, 0x8f, 0xf8, 0xbf,
    0xfc, 0x3, 0x1e, 0xff, 0xff, 0x21, 0x41, 0x2f,
    0xf8, 0xbf, 0xfd, 0x10, 0x3f, 0xff, 0xfe, 0xa,
    0xfa, 0xe, 0xf8, 0xbf, 0xf8, 0x4a, 0x2b, 0xff,
    0xff, 0xff, 0xff, 0xff, 0xf8, 0xbf, 0xff, 0xff,
    0xff, 0xff, 0xdf, 0xff, 0xff, 0xff, 0xf8, 0xbf,
    0xff, 0xff, 0xff, 0xfd,

    /* U+F1AC "" */
    0x0, 0x0, 0xcf, 0xff, 0xff, 0xff, 0xf7, 0x0,
    0x0, 0x0, 0xff, 0xff, 0xff, 0xff, 0xff, 0x70,
    0x0, 0x0, 0xff, 0x0, 0x0, 0xf, 0xff, 0xf0,
    0x0, 0x0, 0xff, 0x0, 0x0, 0xe, 0xff, 0xf0,
    0xcf, 0xc0, 0xff, 0x0, 0x0, 0x0, 0xf, 0xf0,
    0xff, 0xf0, 0xff, 0x0, 0x0, 0x0, 0xf, 0xfc,
    0xff, 0xf0, 0xff, 0xff, 0xff, 0xff, 0xff, 0xff,
    0xff, 0xf0, 0xff, 0xff, 0xff, 0xff, 0xff, 0xff,
    0xff, 0xf0, 0xff, 0xf1, 0x1f, 0xf1, 0x1f, 0xff,
    0xff, 0xf0, 0xff, 0xf1, 0x1f, 0xf1, 0x1f, 0xff,
    0xff, 0xf0, 0xff, 0xff, 0xff, 0xff, 0xff, 0xff,
    0xff, 0xf0, 0xff, 0xff, 0xff, 0xff, 0xff, 0xff,
    0xff, 0xf0, 0xff, 0xf1, 0x1f, 0xf1, 0x1f, 0xff,
    0xff, 0xf0, 0xff, 0xf1, 0x1f, 0xf1, 0x1f, 0xff,
    0xff, 0xf0, 0xff, 0xff, 0xff, 0xff, 0xff, 0xff,
    0xcf, 0xc0, 0xcf, 0xff, 0xff, 0xff, 0xff, 0xfc,

    /* U+F1AD "" */
    0xd, 0xff, 0xff, 0xff, 0xff, 0xff, 0xd0, 0xf,
    0xff, 0xff, 0xff, 0xff, 0xff, 0xf0, 0xf, 0xff,
    0x0, 0xff, 0x0, 0xff, 0xf0, 0xf, 0xff, 0x0,
    0xff, 0x0, 0xff, 0xf0, 0xf, 0xff, 0xff, 0xff,
    0xff, 0xff, 0xf0, 0xf, 0xff, 0x0, 0xff, 0x0,
    0xff, 0xf0, 0xf, 0xff, 0x0, 0xff, 0x0, 0xff,
    0xf0, 0xf, 0xff, 0xff, 0xff, 0xff, 0xff, 0xf0,
    0xf, 0xff, 0x0, 0xff, 0x0, 0xff, 0xf0, 0xf,
    0xff, 0x0, 0xff, 0x0, 0xff, 0xf0, 0xf, 0xff,
    0xff, 0xff, 0xff, 0xff, 0xf0, 0xf, 0xff, 0xff,
    0xff, 0xff, 0xff, 0xf0, 0xf, 0xff, 0xff, 0x0,
    0xff, 0xff, 0xf0, 0xf, 0xff, 0xff, 0x0, 0xff,
    0xff, 0xf0, 0xf, 0xff, 0xff, 0x0, 0xff, 0xff,
    0xf0, 0xff, 0xff, 0xff, 0xff, 0xff, 0xff, 0xff,

    /* U+F1AE "" */
    0x0, 0x0, 0x7e, 0xd4, 0x0, 0x0, 0x0, 0x3,
    0xff, 0xfe, 0x0, 0x0, 0xcc, 0x5, 0xff, 0xff,
    0x11, 0xdc, 0xdf, 0xc1, 0xef, 0xfb, 0x2e, 0xfc,
    0x1d, 0xfb, 0x16, 0x52, 0xef, 0xc1, 0x2, 0xef,
    0xff, 0xff, 0xfc, 0x10, 0x0, 0x2f, 0xff, 0xff,
    0xd0, 0x0, 0x0, 0xe, 0xff, 0xff, 0xa0, 0x0,
    0x0, 0xe, 0xff, 0xff, 0xa0, 0x0, 0x0, 0xe,
    0xff, 0xff, 0xa0, 0x0, 0x0, 0xe, 0xff, 0xff,
    0xa0, 0x0, 0x0, 0xe, 0xfc, 0xff, 0xa0, 0x0,
    0x0, 0xe, 0xf9, 0xef, 0xa0, 0x0, 0x0, 0xe,
    0xf9, 0xef, 0xa0, 0x0, 0x0, 0xe, 0xf9, 0xef,
    0xa0, 0x0, 0x0, 0xa, 0xf5, 0xaf, 0x60, 0x0,

    /* U+F1B0 "" */
    0x0, 0x0, 0x0, 0x0, 0x0, 0x0, 0x0, 0x0,
    0x0, 0x0, 0x0, 0xc, 0xe3, 0x0, 0x3d, 0xd1,
    0x0, 0x0, 0x0, 0x0, 0x6f, 0xfe, 0x0, 0xdf,
    0xf7, 0x0, 0x0, 0x0, 0x0, 0x6f, 0xff, 0x32,
    0xff, 0xf7, 0x0, 0x0, 0x0, 0x0, 0x1f, 0xff,
    0x32, 0xff, 0xf2, 0x0, 0x0, 0x7, 0xfa, 0x5,
    0xea, 0x0, 0xaf, 0x60, 0x9f, 0x80, 0xe, 0xff,
    0x50, 0x0, 0x0, 0x0, 0x4, 0xff, 0xf0, 0xc,
    0xff, 0x70, 0x19, 0xee, 0x91, 0x6, 0xff, 0xd0,
    0x3, 0xdd, 0x23, 0xef, 0xff, 0xfe, 0x31, 0xde,
    0x30, 0x0, 0x0, 0x3f, 0xff, 0xff, 0xff, 0xf3,
    0x0, 0x0, 0x0, 0x0, 0xdf, 0xff, 0xff, 0xff,
    0xfe, 0x10, 0x0, 0x0, 0x7, 0xff, 0xff, 0xff,
    0xff, 0xff, 0x80, 0x0, 0x0, 0xd, 0xff, 0xff,
    0xff, 0xff, 0xff, 0xe0, 0x0, 0x0, 0xe, 0xff,
    0xff, 0xff, 0xff, 0xff, 0xf0, 0x0, 0x0, 0x5,
    0xef, 0xd8, 0x44, 0x8c, 0xfe, 0x60, 0x0,

    /* U+F1B2 "" */
    0x0, 0x0, 0x1, 0x7c, 0xc7, 0x10, 0x0, 0x0,
    0x0, 0x5, 0xbf, 0xff, 0xff, 0xfb, 0x50, 0x0,
    0x19, 0xef, 0xff, 0xb5, 0x5b, 0xff, 0xfe, 0x91,
    0xdf, 0xfd, 0x71, 0x0, 0x0, 0x17, 0xdf, 0xfd,
    0xff, 0x80, 0x0, 0x0, 0x0, 0x0, 0x8, 0xff,
    0xff, 0xfe, 0x82, 0x0, 0x0, 0x28, 0xef, 0xff,
    0xff, 0xff, 0xff, 0xb5, 0x5b, 0xff, 0xfc, 0xff,
    0xff, 0xff, 0xff, 0xff, 0xff, 0xf9, 0x20, 0xff,
    0xff, 0xff, 0xff, 0xff, 0xf6, 0x0, 0x0, 0xff,
    0xff, 0xff, 0xff, 0xff, 0xf0, 0x0, 0x0, 0xff,
    0xff, 0xff, 0xff, 0xff, 0xf0, 0x0, 0x0, 0xff,
    0xef, 0xff, 0xff, 0xff, 0xf0, 0x0, 0x7e, 0xfe,
    0x2c, 0xff, 0xff, 0xff, 0xf0, 0x7e, 0xff, 0xb2,
    0x0, 0x4c, 0xff, 0xff, 0xff, 0xff, 0xb3, 0x0,
    0x0, 0x0, 0x4c, 0xff, 0xff, 0xb3, 0x0, 0x0,
    0x0, 0x0, 0x0, 0x4b, 0xa3, 0x0, 0x0, 0x0,

    /* U+F1B3 "" */
    0x0, 0x0, 0x0, 0x0, 0x0, 0x0, 0x0, 0x0,
    0x0, 0x0, 0x2, 0x8e, 0xd7, 0x10, 0x0, 0x0,
    0x0, 0x0, 0xbe, 0x83, 0x5b, 0xf9, 0x0, 0x0,
    0x0, 0x3, 0xe5, 0x0, 0x2, 0x9f, 0x0, 0x0,
    0x0, 0x4, 0xff, 0xe9, 0xbf, 0xaf, 0x0, 0x0,
    0x0, 0x4, 0xff, 0xff, 0x91, 0xf, 0x0, 0x0,
    0x0, 0x6, 0xff, 0xff, 0x50, 0x1f, 0x20, 0x0,
    0x17, 0xde, 0xbf, 0xff, 0x9b, 0xfb, 0xfc, 0x71,
    0xdb, 0x40, 0x1, 0x7e, 0xd6, 0x0, 0x6, 0xdd,
    0xfe, 0x92, 0x5, 0xcf, 0xfa, 0x40, 0x3a, 0xff,
    0xff, 0xff, 0xfd, 0x5c, 0xff, 0xff, 0xf9, 0x4f,
    0xff, 0xff, 0xd0, 0xc, 0xff, 0xff, 0x20, 0x1f,
    0xef, 0xff, 0xc0, 0x4e, 0xff, 0xff, 0x10, 0x7e,
    0x3c, 0xff, 0xdb, 0xe6, 0x9f, 0xff, 0x9e, 0xb3,
    0x0, 0x4c, 0xe6, 0x0, 0x1, 0x9e, 0xb3, 0x0,
    0x0, 0x0, 0x0, 0x0, 0x0, 0x0, 0x0, 0x0,

    /* U+F1B8 "" */
    0x0, 0x0, 0x0, 0x8, 0xef, 0x90, 0x0, 0x0,
    0x0, 0x0, 0x0, 0x0, 0x8f, 0xff, 0xf9, 0x0,
    0x0, 0x0, 0x0, 0x0, 0x0, 0xff, 0x33, 0xff,
    0x40, 0x40, 0x0, 0x0, 0x0, 0x0, 0x25, 0x0,
    0x7f, 0xee, 0xc0, 0x0, 0x0, 0x3, 0x68, 0x0,
    0x0, 0x2f, 0xff, 0x90, 0x0, 0x4, 0xff, 0xff,
    0x20, 0x2, 0xff, 0xff, 0x50, 0x0, 0x0, 0x8f,
    0xff, 0x60, 0x0, 0x59, 0xcf, 0x10, 0x0, 0x0,
    0x4f, 0xff, 0xa0, 0x0, 0x0, 0x0, 0x0, 0x0,
    0x0, 0xef, 0x66, 0x90, 0x0, 0x0, 0x0, 0xae,
    0x10, 0x8, 0xfc, 0x0, 0x0, 0x0, 0x0, 0x0,
    0xbf, 0x90, 0xd, 0xf3, 0x0, 0x0, 0x3, 0xe0,
    0x0, 0x2f, 0xe0, 0xd, 0xf4, 0x0, 0x0, 0x3f,
    0xf0, 0x0, 0x3f, 0xe0, 0x8, 0xff, 0xff, 0x3,
    0xff, 0xff, 0xff, 0xff, 0x90, 0x0, 0x8e, 0xff,
    0x3, 0xff, 0xff, 0xff, 0xe8, 0x0, 0x0, 0x0,
    0x0, 0x0, 0x3f, 0xf0, 0x0, 0x0, 0x0, 0x0,
    0x0, 0x0, 0x0, 0x3, 0xe0, 0x0, 0x0, 0x0,
    0x0, 0x0, 0x0, 0x0, 0x0, 0x0, 0x0, 0x0,
    0x0,

    /* U+F1B9 "" */
    0x0, 0x0, 0x9e, 0xff, 0xff, 0xea, 0x10, 0x0,
    0x0, 0x0, 0xcf, 0xff, 0xff, 0xff, 0xfd, 0x0,
    0x0, 0x0, 0x4f, 0xf4, 0x0, 0x0, 0x1c, 0xf6,
    0x0, 0x7, 0x8c, 0xf9, 0x0, 0x0, 0x0, 0x3f,
    0xd8, 0x70, 0xdf, 0xff, 0xa8, 0x88, 0x88, 0x88,
    0xff, 0xfd, 0x2, 0xff, 0xff, 0xff, 0xff, 0xff,
    0xff, 0xff, 0x30, 0x7f, 0x42, 0xcf, 0xff, 0xff,
    0xff, 0x52, 0xf8, 0x7, 0xf4, 0x6, 0xff, 0xff,
    0xff, 0xd0, 0x2f, 0x80, 0x5f, 0xff, 0xff, 0xff,
    0xff, 0xff, 0xff, 0xf6, 0x0, 0xff, 0xff, 0xff,
    0xff, 0xff, 0xff, 0xff, 0x0, 0xf, 0xff, 0x30,
    0x0, 0x0, 0x0, 0xcf, 0xf0, 0x0, 0xbf, 0xe1,
    0x0, 0x0, 0x0, 0x9, 0xfc, 0x0,

    /* U+F1BA "" */
    0x0, 0x0, 0xc, 0xff, 0xff, 0xc0, 0x0, 0x0,
    0x0, 0x0, 0xf, 0xff, 0xff, 0xf0, 0x0, 0x0,
    0x0, 0xa, 0xff, 0xff, 0xff, 0xff, 0xa0, 0x0,
    0x0, 0x9f, 0xff, 0xff, 0xff, 0xff, 0xf9, 0x0,
    0x0, 0xef, 0x30, 0x0, 0x0, 0x3, 0xfe, 0x0,
    0x2, 0xfe, 0x0, 0x0, 0x0, 0x0, 0xef, 0x20,
    0x9, 0xfd, 0x88, 0x88, 0x88, 0x88, 0xdf, 0x90,
    0xbf, 0xff, 0xff, 0xff, 0xff, 0xff, 0xff, 0xfb,
    0xff, 0x33, 0xff, 0xff, 0xff, 0xff, 0x33, 0xff,
    0xff, 0x33, 0xff, 0xff, 0xff, 0xff, 0x33, 0xff,
    0xef, 0xff, 0xff, 0xff, 0xff, 0xff, 0xff, 0xfd,
    0x4f, 0xff, 0xff, 0xff, 0xff, 0xff, 0xff, 0xf4,
    0xf, 0xff, 0x0, 0x0, 0x0, 0x0, 0xff, 0xf0,
    0xc, 0xfc, 0x0, 0x0, 0x0, 0x0, 0xcf, 0xc0,

    /* U+F1BB "" */
    0x0, 0x0, 0x0, 0xab, 0x0, 0x0, 0x0, 0x0,
    0x0, 0x9, 0xff, 0xa0, 0x0, 0x0, 0x0, 0x0,
    0x8f, 0xff, 0xf9, 0x0, 0x0, 0x0, 0x7, 0xff,
    0xff, 0xff, 0x80, 0x0, 0x0, 0xd, 0xff, 0xff,
    0xff, 0xe0, 0x0, 0x0, 0x0, 0xcf, 0xff, 0xfc,
    0x0, 0x0, 0x0, 0xa, 0xff, 0xff, 0xff, 0xb0,
    0x0, 0x0, 0x8f, 0xff, 0xff, 0xff, 0xf9, 0x0,
    0x0, 0xdf, 0xff, 0xff, 0xff, 0xfe, 0x0, 0x0,
    0xb, 0xff, 0xff, 0xff, 0xc0, 0x0, 0x0, 0x9f,
    0xff, 0xff, 0xff, 0xfa, 0x0, 0x7, 0xff, 0xff,
    0xff, 0xff, 0xff, 0x80, 0xd, 0xff, 0xff, 0xff,
    0xff, 0xff, 0xe0, 0x0, 0x0, 0x0, 0xff, 0x0,
    0x0, 0x0, 0x0, 0x0, 0x6, 0xff, 0x70, 0x0,
    0x0, 0x0, 0x0, 0xd, 0xff, 0xe0, 0x0, 0x0,

    /* U+F1C0 "" */
    0x1, 0x6a, 0xde, 0xff, 0xed, 0xa6, 0x10, 0x8f,
    0xff, 0xff, 0xff, 0xff, 0xff, 0xf8, 0xff, 0xff,
    0xff, 0xff, 0xff, 0xff, 0xff, 0xff, 0xff, 0xff,
    0xff, 0xff, 0xff, 0xff, 0x8f, 0xff, 0xff, 0xff,
    0xff, 0xff, 0xf8, 0x31, 0x6a, 0xde, 0xff, 0xed,
    0xa6, 0x13, 0xfc, 0x74, 0x10, 0x0, 0x1, 0x47,
    0xcf, 0xff, 0xff, 0xff, 0xff, 0xff, 0xff, 0xff,
    0xff, 0xff, 0xff, 0xff, 0xff, 0xff, 0xff, 0x8f,
    0xff, 0xff, 0xff, 0xff, 0xff, 0xf8, 0x31, 0x6a,
    0xde, 0xff, 0xed, 0xa6, 0x13, 0xfc, 0x74, 0x10,
    0x0, 0x1, 0x47, 0xcf, 0xff, 0xff, 0xff, 0xff,
    0xff, 0xff, 0xff, 0xff, 0xff, 0xff, 0xff, 0xff,
    0xff, 0xff, 0x8f, 0xff, 0xff, 0xff, 0xff, 0xff,
    0xf8, 0x1, 0x6a, 0xde, 0xff, 0xed, 0xa6, 0x10,

    /* U+F1C1 "" */
    0xdf, 0xff, 0xff, 0xf0, 0xd1, 0x0, 0xff, 0xff,
    0xff, 0xf0, 0xfd, 0x10, 0xff, 0xff, 0xff, 0xf0,
    0xff, 0xd1, 0xff, 0xff, 0xff, 0xf0, 0xff, 0xfd,
    0xff, 0xff, 0xff, 0xf2, 0x0, 0x0, 0xff, 0xff,
    0xff, 0xff, 0xff, 0xff, 0xff, 0xff, 0xe2, 0xbf,
    0xff, 0xff, 0xff, 0xff, 0xd2, 0xaf, 0xff, 0xff,
    0xff, 0xff, 0xf0, 0xcf, 0xff, 0xff, 0xff, 0xff,
    0xd2, 0x5f, 0xff, 0xff, 0xff, 0xff, 0x6c, 0x54,
    0x57, 0xff, 0xff, 0xfb, 0x15, 0x78, 0x44, 0xff,
    0xff, 0x81, 0x8f, 0xff, 0xff, 0xff, 0xff, 0x36,
    0xff, 0xff, 0xff, 0xff, 0xff, 0xff, 0xff, 0xff,
    0xff, 0xff, 0xdf, 0xff, 0xff, 0xff, 0xff, 0xfd,

    /* U+F1C2 "" */
    0xdf, 0xff, 0xff, 0xf0, 0xd1, 0x0, 0xff, 0xff,
    0xff, 0xf0, 0xfd, 0x10, 0xff, 0xff, 0xff, 0xf0,
    0xff, 0xd1, 0xff, 0xff, 0xff, 0xf0, 0xff, 0xfd,
    0xff, 0xff, 0xff, 0xf2, 0x0, 0x0, 0xff, 0xff,
    0xff, 0xff, 0xff, 0xff, 0xff, 0xff, 0xff, 0xff,
    0xff, 0xff, 0xff, 0xff, 0xff, 0xff, 0xff, 0xff,
    0xff, 0x35, 0xf2, 0x2f, 0x62, 0xff, 0xff, 0x52,
    0xe0, 0xe, 0x35, 0xff, 0xff, 0x90, 0x91, 0xa,
    0x8, 0xff, 0xff, 0xc0, 0x34, 0x44, 0xc, 0xff,
    0xff, 0xf0, 0x8, 0x70, 0xf, 0xff, 0xff, 0xf4,
    0xc, 0xb0, 0x4f, 0xff, 0xff, 0xff, 0xff, 0xff,
    0xff, 0xff, 0xdf, 0xff, 0xff, 0xff, 0xff, 0xfd,

    /* U+F1C3 "" */
    0xdf, 0xff, 0xff, 0xf0, 0xd1, 0x0, 0xff, 0xff,
    0xff, 0xf0, 0xfd, 0x10, 0xff, 0xff, 0xff, 0xf0,
    0xff, 0xd1, 0xff, 0xff, 0xff, 0xf0, 0xff, 0xfd,
    0xff, 0xff, 0xff, 0xf2, 0x0, 0x0, 0xff, 0xff,
    0xff, 0xff, 0xff, 0xff, 0xff, 0xff, 0xff, 0xff,
    0xff, 0xff, 0xff, 0xf3, 0x1e, 0xe1, 0x3f, 0xff,
    0xff, 0xfb, 0x7, 0x70, 0xbf, 0xff, 0xff, 0xff,
    0x50, 0x5, 0xff, 0xff, 0xff, 0xff, 0xd0, 0xd,
    0xff, 0xff, 0xff, 0xff, 0x50, 0x5, 0xff, 0xff,
    0xff, 0xfb, 0x6, 0x70, 0xbf, 0xff, 0xff, 0xf3,
    0x1e, 0xe1, 0x3f, 0xff, 0xff, 0xff, 0xff, 0xff,
    0xff, 0xff, 0xdf, 0xff, 0xff, 0xff, 0xff, 0xfd,

    /* U+F1C4 "" */
    0xdf, 0xff, 0xff, 0xf0, 0xd1, 0x0, 0xff, 0xff,
    0xff, 0xf0, 0xfd, 0x10, 0xff, 0xff, 0xff, 0xf0,
    0xff, 0xd1, 0xff, 0xff, 0xff, 0xf0, 0xff, 0xfd,
    0xff, 0xff, 0xff, 0xf2, 0x0, 0x0, 0xff, 0xff,
    0xff, 0xff, 0xff, 0xff, 0xff, 0xff, 0xff, 0xff,
    0xff, 0xff, 0xff, 0xf8, 0x0, 0x5, 0xff, 0xff,
    0xff, 0xf7, 0x9, 0x80, 0x8f, 0xff, 0xff, 0xf7,
    0xc, 0xc0, 0x6f, 0xff, 0xff, 0xf7, 0x1, 0x0,
    0x9f, 0xff, 0xff, 0xf7, 0x1, 0x37, 0xff, 0xff,
    0xff, 0xf7, 0xc, 0xff, 0xff, 0xff, 0xff, 0xf8,
    0xd, 0xff, 0xff, 0xff, 0xff, 0xff, 0xff, 0xff,
    0xff, 0xff, 0xdf, 0xff, 0xff, 0xff, 0xff, 0xfd,

    /* U+F1C5 "" */
    0xdf, 0xff, 0xff, 0xf0, 0xd1, 0x0, 0xff, 0xff,
    0xff, 0xf0, 0xfd, 0x10, 0xff, 0xff, 0xff, 0xf0,
    0xff, 0xd1, 0xff, 0xff, 0xff, 0xf0, 0xff, 0xfd,
    0xff, 0xff, 0xff, 0xf2, 0x0, 0x0, 0xff, 0xd8,
    0xdf, 0xff, 0xff, 0xff, 0xff, 0x20, 0x1f, 0xff,
    0xff, 0xff, 0xff, 0x20, 0x1f, 0xff, 0xff, 0xff,
    0xff, 0xd8, 0xdf, 0xfe, 0x4d, 0xff, 0xff, 0xff,
    0xff, 0xe2, 0x1, 0xff, 0xff, 0xe4, 0xde, 0x20,
    0x0, 0xff, 0xff, 0x20, 0x12, 0x0, 0x0, 0xff,
    0xff, 0x0, 0x0, 0x0, 0x0, 0xff, 0xff, 0xff,
    0xff, 0xff, 0xff, 0xff, 0xff, 0xff, 0xff, 0xff,
    0xff, 0xff, 0xdf, 0xff, 0xff, 0xff, 0xff, 0xfd,

    /* U+F1C6 "" */
    0xdf, 0xff, 0xf, 0xf0, 0xd1, 0x0, 0xff, 0xf0,
    0xff, 0xf0, 0xfd, 0x10, 0xff, 0xff, 0xf, 0xf0,
    0xff, 0xd1, 0xff, 0xf0, 0xff, 0xf0, 0xff, 0xfd,
    0xff, 0xff, 0xf, 0xf2, 0x0, 0x0, 0xff, 0xf0,
    0xff, 0xff, 0xff, 0xff, 0xff, 0xff, 0xf, 0xff,
    0xff, 0xff, 0xff, 0xf0, 0xff, 0xff, 0xff, 0xff,
    0xff, 0xe0, 0xe, 0xff, 0xff, 0xff, 0xff, 0xb0,
    0xb, 0xff, 0xff, 0xff, 0xff, 0x84, 0x47, 0xff,
    0xff, 0xff, 0xff, 0x6e, 0xe6, 0xff, 0xff, 0xff,
    0xff, 0xd2, 0x2d, 0xff, 0xff, 0xff, 0xff, 0xff,
    0xff, 0xff, 0xff, 0xff, 0xff, 0xff, 0xff, 0xff,
    0xff, 0xff, 0xdf, 0xff, 0xff, 0xff, 0xff, 0xfd,

    /* U+F1C7 "" */
    0xdf, 0xff, 0xff, 0xf0, 0xd1, 0x0, 0xff, 0xff,
    0xff, 0xf0, 0xfd, 0x10, 0xff, 0xff, 0xff, 0xf0,
    0xff, 0xd1, 0xff, 0xff, 0xff, 0xf0, 0xff, 0xfd,
    0xff, 0xff, 0xff, 0xf2, 0x0, 0x0, 0xff, 0xff,
    0xff, 0xff, 0xff, 0xff, 0xff, 0xff, 0xff, 0xff,
    0xff, 0xff, 0xff, 0xff, 0xff, 0xfd, 0x5f, 0xff,
    0xff, 0xfe, 0x2f, 0xed, 0x7, 0xff, 0xff, 0x41,
    0xe, 0x6, 0x72, 0xff, 0xff, 0x0, 0xf, 0x21,
    0xa0, 0xff, 0xff, 0x41, 0xe, 0x4, 0x81, 0xff,
    0xff, 0xfd, 0x2f, 0xad, 0x15, 0xff, 0xff, 0xff,
    0xff, 0xfc, 0x1d, 0xff, 0xff, 0xff, 0xff, 0xff,
    0xff, 0xff, 0xdf, 0xff, 0xff, 0xff, 0xff, 0xfd,

    /* U+F1C8 "" */
    0xdf, 0xff, 0xff, 0xf0, 0xd1, 0x0, 0xff, 0xff,
    0xff, 0xf0, 0xfd, 0x10, 0xff, 0xff, 0xff, 0xf0,
    0xff, 0xd1, 0xff, 0xff, 0xff, 0xf0, 0xff, 0xfd,
    0xff, 0xff, 0xff, 0xf2, 0x0, 0x0, 0xff, 0xff,
    0xff, 0xff, 0xff, 0xff, 0xff, 0xff, 0xff, 0xff,
    0xff, 0xff, 0xff, 0xff, 0xff, 0xff, 0xff, 0xff,
    0xff, 0x20, 0x0, 0x2f, 0x72, 0xff, 0xff, 0x0,
    0x0, 0x7, 0x0, 0xff, 0xff, 0x0, 0x0, 0x0,
    0x0, 0xff, 0xff, 0x0, 0x0, 0x7, 0x0, 0xff,
    0xff, 0x20, 0x0, 0x2f, 0x72, 0xff, 0xff, 0xff,
    0xff, 0xff, 0xff, 0xff, 0xff, 0xff, 0xff, 0xff,
    0xff, 0xff, 0xdf, 0xff, 0xff, 0xff, 0xff, 0xfd,

    /* U+F1C9 "" */
    0xdf, 0xff, 0xff, 0xf0, 0xd1, 0x0, 0xff, 0xff,
    0xff, 0xf0, 0xfd, 0x10, 0xff, 0xff, 0xff, 0xf0,
    0xff, 0xd1, 0xff, 0xff, 0xff, 0xf0, 0xff, 0xfd,
    0xff, 0xff, 0xff, 0xf2, 0x0, 0x0, 0xff, 0xff,
    0xff, 0xff, 0xff, 0xff, 0xff, 0xff, 0xff, 0xff,
    0xff, 0xff, 0xff, 0xff, 0xff, 0x48, 0xff, 0xff,
    0xff, 0xfa, 0xef, 0xb, 0xaf, 0xff, 0xff, 0x80,
    0xba, 0xc, 0x7, 0xff, 0xfb, 0x8, 0xf6, 0x5f,
    0x90, 0xaf, 0xff, 0x80, 0xb1, 0x9c, 0x7, 0xff,
    0xff, 0xfa, 0xb0, 0xef, 0xaf, 0xff, 0xff, 0xff,
    0x93, 0xff, 0xff, 0xff, 0xff, 0xff, 0xff, 0xff,
    0xff, 0xff, 0xdf, 0xff, 0xff, 0xff, 0xff, 0xfd,

    /* U+F1CD "" */
    0x0, 0x0, 0x5, 0x9b, 0xb9, 0x50, 0x0, 0x0,
    0x0, 0x4, 0xdf, 0xff, 0xff, 0xfd, 0x40, 0x0,
    0x0, 0x6e, 0xef, 0xff, 0xff, 0xfe, 0xe6, 0x0,
    0x4, 0xe2, 0x2e, 0xff, 0xff, 0xe2, 0x2e, 0x40,
    0xd, 0xe2, 0x4, 0xff, 0xff, 0x40, 0x2e, 0xd0,
    0x5f, 0xfe, 0x4e, 0x71, 0x17, 0xe4, 0xef, 0xf5,
    0x9f, 0xff, 0xf7, 0x0, 0x0, 0x7f, 0xff, 0xf9,
    0xbf, 0xff, 0xf1, 0x0, 0x0, 0x1f, 0xff, 0xfb,
    0xbf, 0xff, 0xf1, 0x0, 0x0, 0x1f, 0xff, 0xfb,
    0x9f, 0xff, 0xf7, 0x0, 0x0, 0x7f, 0xff, 0xf9,
    0x5f, 0xfe, 0x4e, 0x71, 0x17, 0xe4, 0xef, 0xf5,
    0xe, 0xe2, 0x4, 0xff, 0xff, 0x40, 0x2e, 0xd0,
    0x4, 0xe2, 0x2e, 0xff, 0xff, 0xe2, 0x2e, 0x40,
    0x0, 0x6e, 0xef, 0xff, 0xff, 0xfe, 0xe6, 0x0,
    0x0, 0x4, 0xef, 0xff, 0xff, 0xfd, 0x40, 0x0,
    0x0, 0x0, 0x5, 0x9b, 0xb9, 0x50, 0x0, 0x0,

    /* U+F1CE "" */
    0x0, 0x0, 0x3, 0x40, 0x4, 0x30, 0x0, 0x0,
    0x0, 0x3, 0xcf, 0xf0, 0xf, 0xfc, 0x30, 0x0,
    0x0, 0x5f, 0xfe, 0x70, 0x7, 0xef, 0xf5, 0x0,
    0x3, 0xff, 0x90, 0x0, 0x0, 0x8, 0xff, 0x30,
    0xd, 0xf8, 0x0, 0x0, 0x0, 0x0, 0x8f, 0xd0,
    0x4f, 0xd0, 0x0, 0x0, 0x0, 0x0, 0xd, 0xf4,
    0x9f, 0x70, 0x0, 0x0, 0x0, 0x0, 0x7, 0xf9,
    0xbf, 0x40, 0x0, 0x0, 0x0, 0x0, 0x4, 0xfb,
    0xbf, 0x40, 0x0, 0x0, 0x0, 0x0, 0x4, 0xfb,
    0x9f, 0x60, 0x0, 0x0, 0x0, 0x0, 0x6, 0xf9,
    0x5f, 0xc0, 0x0, 0x0, 0x0, 0x0, 0xc, 0xf5,
    0xe, 0xf5, 0x0, 0x0, 0x0, 0x0, 0x6f, 0xe0,
    0x6, 0xff, 0x50, 0x0, 0x0, 0x5, 0xff, 0x60,
    0x0, 0x8f, 0xfb, 0x52, 0x25, 0xbf, 0xf8, 0x0,
    0x0, 0x6, 0xef, 0xff, 0xff, 0xff, 0x60, 0x0,
    0x0, 0x0, 0x16, 0xbd, 0xdb, 0x71, 0x0, 0x0,

    /* U+F1D8 "" */
    0x0, 0x0, 0x0, 0x0, 0x0, 0x0, 0x0, 0x0,
    0x0, 0x0, 0x0, 0x0, 0x0, 0x0, 0x0, 0x2a,
    0xd0, 0x0, 0x0, 0x0, 0x0, 0x0, 0x0, 0x8f,
    0xfe, 0x0, 0x0, 0x0, 0x0, 0x0, 0x5, 0xef,
    0xff, 0xc0, 0x0, 0x0, 0x0, 0x0, 0x3c, 0xff,
    0x9f, 0xf9, 0x0, 0x0, 0x0, 0x1, 0xaf, 0xff,
    0x6b, 0xff, 0x60, 0x0, 0x0, 0x7, 0xff, 0xff,
    0x48, 0xff, 0xf4, 0x0, 0x0, 0x5d, 0xff, 0xfe,
    0x35, 0xff, 0xff, 0x10, 0x2, 0xbf, 0xff, 0xfd,
    0x23, 0xff, 0xff, 0xe0, 0x8, 0xff, 0xff, 0xfc,
    0x11, 0xef, 0xff, 0xfc, 0x0, 0xbf, 0xff, 0xfb,
    0x0, 0xcf, 0xff, 0xff, 0x90, 0x0, 0x3a, 0xf9,
    0x0, 0xaf, 0xff, 0xff, 0xf6, 0x0, 0x0, 0x0,
    0x0, 0x7f, 0xff, 0xff, 0xff, 0x40, 0x0, 0x0,
    0x0, 0x4f, 0xff, 0xff, 0xff, 0xf1, 0x0, 0x0,
    0x0, 0x7, 0xff, 0xb9, 0xff, 0xfe, 0x0, 0x0,
    0x0, 0x0, 0x7f, 0xc0, 0x0, 0x6d, 0xa0, 0x0,
    0x0, 0x0, 0x5, 0xd1, 0x0, 0x0, 0x0, 0x0,
    0x0, 0x0, 0x0, 0x0, 0x0, 0x0, 0x0, 0x0,
    0x0,

    /* U+F1DA "" */
    0x30, 0x0, 0x6, 0xbc, 0xdb, 0x61, 0x0, 0x0,
    0xbc, 0x5, 0xef, 0xff, 0xff, 0xfe, 0x60, 0x0,
    0xcf, 0xef, 0xfc, 0x63, 0x35, 0xbf, 0xf8, 0x0,
    0xcf, 0xff, 0x80, 0x0, 0x0, 0x6, 0xff, 0x50,
    0xcf, 0xff, 0xb0, 0xb, 0xb0, 0x0, 0x6f, 0xe0,
    0xbf, 0xff, 0xfa, 0xf, 0xf0, 0x0, 0xc, 0xf5,
    0x2, 0x22, 0x21, 0xf, 0xf0, 0x0, 0x7, 0xf9,
    0x0, 0x0, 0x0, 0xf, 0xf0, 0x0, 0x4, 0xfb,
    0x0, 0x0, 0x0, 0xf, 0xfa, 0x0, 0x4, 0xfb,
    0x0, 0x0, 0x0, 0x5, 0xff, 0x70, 0x7, 0xf9,
    0x0, 0x0, 0x0, 0x0, 0x29, 0x10, 0xc, 0xf5,
    0x0, 0x0, 0x0, 0x0, 0x0, 0x0, 0x6f, 0xe0,
    0x0, 0x5, 0x50, 0x0, 0x0, 0x5, 0xff, 0x50,
    0x0, 0x1f, 0xfc, 0x52, 0x25, 0xbf, 0xf8, 0x0,
    0x0, 0x5, 0xef, 0xff, 0xff, 0xfe, 0x60, 0x0,
    0x0, 0x0, 0x6, 0xbd, 0xdb, 0x61, 0x0, 0x0,

    /* U+F1DC "" */
    0xaf, 0xff, 0xff, 0x30, 0xb, 0xff, 0xff, 0xf2,
    0xaf, 0xff, 0xff, 0x30, 0xb, 0xff, 0xff, 0xf2,
    0x3, 0xff, 0xc0, 0x0, 0x0, 0x4f, 0xfb, 0x0,
    0x3, 0xff, 0xc0, 0x0, 0x0, 0x4f, 0xfb, 0x0,
    0x3, 0xff, 0xc0, 0x0, 0x0, 0x4f, 0xfb, 0x0,
    0x3, 0xff, 0xc0, 0x0, 0x0, 0x4f, 0xfb, 0x0,
    0x3, 0xff, 0xff, 0xff, 0xff, 0xff, 0xfb, 0x0,
    0x3, 0xff, 0xff, 0xff, 0xff, 0xff, 0xfb, 0x0,
    0x3, 0xff, 0xc0, 0x0, 0x0, 0x4f, 0xfb, 0x0,
    0x3, 0xff, 0xc0, 0x0, 0x0, 0x4f, 0xfb, 0x0,
    0x3, 0xff, 0xc0, 0x0, 0x0, 0x4f, 0xfb, 0x0,
    0x3, 0xff, 0xc0, 0x0, 0x0, 0x4f, 0xfb, 0x0,
    0xaf, 0xff, 0xff, 0x30, 0xb, 0xff, 0xff, 0xf2,
    0xaf, 0xff, 0xff, 0x30, 0xb, 0xff, 0xff, 0xf2,

    /* U+F1DD "" */
    0x0, 0x4c, 0xff, 0xff, 0xff, 0xff, 0xe0, 0x8f,
    0xff, 0xff, 0xff, 0xff, 0xfe, 0x4f, 0xff, 0xff,
    0xff, 0xf, 0xf0, 0xc, 0xff, 0xff, 0xff, 0xf0,
    0xff, 0x0, 0xff, 0xff, 0xff, 0xff, 0xf, 0xf0,
    0xf, 0xff, 0xff, 0xff, 0xf0, 0xff, 0x0, 0xcf,
    0xff, 0xff, 0xff, 0xf, 0xf0, 0x4, 0xff, 0xff,
    0xff, 0xf0, 0xff, 0x0, 0x8, 0xff, 0xff, 0xff,
    0xf, 0xf0, 0x0, 0x4, 0xcf, 0xff, 0xf0, 0xff,
    0x0, 0x0, 0x0, 0x0, 0xff, 0xf, 0xf0, 0x0,
    0x0, 0x0, 0xf, 0xf0, 0xff, 0x0, 0x0, 0x0,
    0x0, 0xff, 0xf, 0xf0, 0x0, 0x0, 0x0, 0xe,
    0xe0, 0xee, 0x0,

    /* U+F1DE "" */
    0x0, 0x0, 0x0, 0xe, 0xe0, 0x0, 0x0, 0x0,
    0xef, 0xff, 0xff, 0xff, 0xff, 0xff, 0xff, 0xfe,
    0xef, 0xff, 0xff, 0xff, 0xff, 0xff, 0xff, 0xfe,
    0x0, 0x0, 0x0, 0xe, 0xe0, 0x0, 0x0, 0x0,
    0x0, 0x0, 0x0, 0x0, 0x0, 0x0, 0x0, 0x0,
    0x0, 0x0, 0x0, 0x0, 0x0, 0xe, 0xe0, 0x0,
    0xef, 0xff, 0xff, 0xff, 0xff, 0xff, 0xff, 0xfe,
    0xef, 0xff, 0xff, 0xff, 0xff, 0xff, 0xff, 0xfe,
    0x0, 0x0, 0x0, 0x0, 0x0, 0xe, 0xe0, 0x0,
    0x0, 0x0, 0x0, 0x0, 0x0, 0x0, 0x0, 0x0,
    0x0, 0xe, 0xe0, 0x0, 0x0, 0x0, 0x0, 0x0,
    0xef, 0xff, 0xff, 0xff, 0xff, 0xff, 0xff, 0xfe,
    0xef, 0xff, 0xff, 0xff, 0xff, 0xff, 0xff, 0xfe,
    0x0, 0xe, 0xe0, 0x0, 0x0, 0x0, 0x0, 0x0,

    /* U+F1E0 "" */
    0x0, 0x0, 0x0, 0x0, 0x8, 0xee, 0x80, 0x0,
    0x0, 0x0, 0x0, 0x8f, 0xff, 0xf8, 0x0, 0x0,
    0x0, 0x0, 0xef, 0xff, 0xfe, 0x0, 0x0, 0x0,
    0x1, 0xff, 0xff, 0xfe, 0x0, 0x0, 0x0, 0x5e,
    0xff, 0xff, 0xf8, 0x8, 0xee, 0x9b, 0xff, 0xb9,
    0xee, 0x80, 0x8f, 0xff, 0xff, 0xe5, 0x0, 0x0,
    0x0, 0xef, 0xff, 0xff, 0x10, 0x0, 0x0, 0x0,
    0xef, 0xff, 0xff, 0x10, 0x0, 0x0, 0x0, 0x8f,
    0xff, 0xff, 0xe5, 0x0, 0x0, 0x0, 0x8, 0xee,
    0x9b, 0xff, 0xb8, 0xee, 0x80, 0x0, 0x0, 0x0,
    0x5e, 0xff, 0xff, 0xf8, 0x0, 0x0, 0x0, 0x1,
    0xff, 0xff, 0xfe, 0x0, 0x0, 0x0, 0x0, 0xef,
    0xff, 0xfe, 0x0, 0x0, 0x0, 0x0, 0x8f, 0xff,
    0xf8, 0x0, 0x0, 0x0, 0x0, 0x8, 0xee, 0x80,

    /* U+F1E1 "" */
    0x8f, 0xff, 0xff, 0xff, 0xff, 0xff, 0xf8, 0xff,
    0xff, 0xff, 0xff, 0xff, 0xff, 0xff, 0xff, 0xff,
    0xff, 0xff, 0xa4, 0x9f, 0xff, 0xff, 0xff, 0xff,
    0xfd, 0x0, 0xd, 0xff, 0xff, 0xff, 0xff, 0xf8,
    0x0, 0xe, 0xff, 0xff, 0xfa, 0x47, 0x24, 0x96,
    0xbf, 0xff, 0xff, 0xd0, 0x0, 0x9f, 0xff, 0xff,
    0xff, 0xff, 0xd0, 0x0, 0x7f, 0xff, 0xff, 0xff,
    0xff, 0xfa, 0x49, 0x43, 0x83, 0x8f, 0xff, 0xff,
    0xff, 0xff, 0xf8, 0x0, 0xd, 0xff, 0xff, 0xff,
    0xff, 0xfd, 0x0, 0xd, 0xff, 0xff, 0xff, 0xff,
    0xff, 0xa4, 0xaf, 0xff, 0xff, 0xff, 0xff, 0xff,
    0xff, 0xff, 0xff, 0x8f, 0xff, 0xff, 0xff, 0xff,
    0xff, 0xf8,

    /* U+F1E2 "" */
    0x0, 0x0, 0x0, 0x0, 0x0, 0x0, 0x49, 0x32,
    0x0, 0x0, 0x0, 0x0, 0x0, 0x0, 0x77, 0xa3,
    0x0, 0x0, 0x0, 0x0, 0x0, 0x10, 0x25, 0x79,
    0x0, 0x3, 0xae, 0xfe, 0xab, 0xf6, 0xc1, 0x84,
    0x0, 0x9f, 0xff, 0xff, 0xff, 0xff, 0x60, 0x0,
    0x9, 0xff, 0xb9, 0xff, 0xff, 0xff, 0xf1, 0x0,
    0x3f, 0xf5, 0x28, 0xff, 0xff, 0xff, 0xb0, 0x0,
    0xaf, 0xb2, 0xff, 0xff, 0xff, 0xff, 0xa0, 0x0,
    0xef, 0x98, 0xff, 0xff, 0xff, 0xff, 0xe0, 0x0,
    0xff, 0xff, 0xff, 0xff, 0xff, 0xff, 0xf0, 0x0,
    0xef, 0xff, 0xff, 0xff, 0xff, 0xff, 0xe0, 0x0,
    0xaf, 0xff, 0xff, 0xff, 0xff, 0xff, 0xa0, 0x0,
    0x4f, 0xff, 0xff, 0xff, 0xff, 0xff, 0x30, 0x0,
    0x9, 0xff, 0xff, 0xff, 0xff, 0xf9, 0x0, 0x0,
    0x0, 0x9f, 0xff, 0xff, 0xff, 0x90, 0x0, 0x0,
    0x0, 0x4, 0xae, 0xfe, 0xa3, 0x0, 0x0, 0x0,

    /* U+F1E3 "" */
    0x0, 0x0, 0x17, 0xbd, 0xdb, 0x71, 0x0, 0x0,
    0x0, 0x7, 0xff, 0xff, 0xff, 0xff, 0x60, 0x0,
    0x0, 0x9f, 0xb5, 0xff, 0xff, 0x5b, 0xf8, 0x0,
    0x6, 0xf8, 0x0, 0x5e, 0xe5, 0x0, 0x9f, 0x50,
    0x1e, 0xfd, 0x10, 0x0, 0x0, 0x1, 0xdf, 0xe0,
    0x6f, 0xff, 0x40, 0x3, 0x30, 0x4, 0xff, 0xf5,
    0xaf, 0xff, 0x60, 0x8f, 0xf7, 0x7, 0xff, 0xf9,
    0xbf, 0xfa, 0x5, 0xff, 0xff, 0x40, 0xaf, 0xfb,
    0xbc, 0x50, 0x0, 0xff, 0xff, 0x0, 0x5, 0xda,
    0x9f, 0x0, 0x0, 0xbf, 0xfa, 0x0, 0x0, 0xf8,
    0x4f, 0x56, 0x53, 0x0, 0x0, 0x35, 0x65, 0xf4,
    0xd, 0xef, 0xff, 0x20, 0x2, 0xff, 0xfe, 0xc0,
    0x3, 0xff, 0xff, 0xa0, 0xa, 0xff, 0xff, 0x30,
    0x0, 0x5f, 0xff, 0x90, 0xa, 0xff, 0xf4, 0x0,
    0x0, 0x3, 0xcf, 0xfe, 0xef, 0xfc, 0x20, 0x0,
    0x0, 0x0, 0x3, 0x79, 0x97, 0x20, 0x0, 0x0,

    /* U+F1E4 "" */
    0x0, 0x0, 0x0, 0x0, 0x0, 0x0, 0x0, 0x0,
    0x0, 0x0, 0x16, 0xbe, 0xff, 0xeb, 0x61, 0x0,
    0x0, 0x0, 0x8f, 0xff, 0xff, 0xff, 0xff, 0xf8,
    0x0, 0x2, 0xdf, 0xff, 0xa6, 0x55, 0x6a, 0xff,
    0xfd, 0x20, 0xef, 0xff, 0xf1, 0x0, 0x0, 0x1f,
    0xff, 0xfe, 0x9, 0xff, 0xff, 0x20, 0x0, 0x2,
    0xff, 0xff, 0x90, 0xe, 0xfc, 0x60, 0x0, 0x0,
    0x6, 0xcf, 0xe0, 0x0, 0x23, 0x0, 0x0, 0x0,
    0x0, 0x0, 0x32, 0x0, 0x0, 0x0, 0x0, 0x0,
    0x0, 0x0, 0x0, 0x0, 0x0, 0xff, 0xf, 0xf0,
    0xff, 0xf, 0xf0, 0xff, 0x0, 0xf, 0xf0, 0xff,
    0xf, 0xf0, 0xff, 0xf, 0xf0, 0x0, 0x0, 0x0,
    0x0, 0x0, 0x0, 0x0, 0x0, 0x0, 0x0, 0x7f,
    0x77, 0xf7, 0x7f, 0x77, 0xf7, 0x0, 0x0, 0x7,
    0xf7, 0x7f, 0x77, 0xf7, 0x7f, 0x70, 0x0, 0x0,
    0x0, 0x0, 0x0, 0x0, 0x0, 0x0, 0x0, 0x0,
    0xff, 0xf, 0xff, 0xff, 0xff, 0xf0, 0xff, 0x0,
    0xf, 0xf0, 0xff, 0xff, 0xff, 0xff, 0xf, 0xf0,
    0x0,

    /* U+F1E5 "" */
    0x0, 0xe, 0xfe, 0x0, 0x0, 0xef, 0xe0, 0x0,
    0x0, 0xf, 0xff, 0x0, 0x0, 0xff, 0xf0, 0x0,
    0x0, 0x0, 0x0, 0x0, 0x0, 0x0, 0x0, 0x0,
    0x0, 0xcf, 0xff, 0xf, 0xf0, 0xff, 0xfc, 0x0,
    0x0, 0xff, 0xff, 0xf, 0xf0, 0xff, 0xff, 0x0,
    0x3, 0xff, 0xff, 0xf, 0xf0, 0xff, 0xff, 0x30,
    0x9, 0xff, 0xff, 0xf, 0xf0, 0xff, 0xff, 0x90,
    0x1f, 0xff, 0xff, 0xf, 0xf0, 0xff, 0xff, 0xf1,
    0x7f, 0xff, 0xf0, 0x0, 0x0, 0xf, 0xff, 0xf7,
    0xbf, 0xff, 0xf0, 0x0, 0x0, 0xf, 0xff, 0xfb,
    0xef, 0xff, 0xf0, 0x0, 0x0, 0xf, 0xff, 0xfe,
    0xff, 0xff, 0xf0, 0x0, 0x0, 0xf, 0xff, 0xff,
    0xff, 0xff, 0xf0, 0x0, 0x0, 0xf, 0xff, 0xff,
    0xcf, 0xff, 0xc0, 0x0, 0x0, 0xc, 0xff, 0xfc,

    /* U+F1E6 "" */
    0x0, 0xcc, 0x0, 0x0, 0xcc, 0x0, 0x0, 0xff,
    0x0, 0x0, 0xff, 0x0, 0x0, 0xff, 0x0, 0x0,
    0xff, 0x0, 0x0, 0xff, 0x0, 0x0, 0xff, 0x0,
    0x0, 0x0, 0x0, 0x0, 0x0, 0x0, 0xef, 0xff,
    0xff, 0xff, 0xff, 0xfe, 0xef, 0xff, 0xff, 0xff,
    0xff, 0xfe, 0xf, 0xff, 0xff, 0xff, 0xff, 0xf0,
    0xf, 0xff, 0xff, 0xff, 0xff, 0xf0, 0xc, 0xff,
    0xff, 0xff, 0xff, 0xc0, 0x4, 0xff, 0xff, 0xff,
    0xff, 0x40, 0x0, 0x8f, 0xff, 0xff, 0xf8, 0x0,
    0x0, 0x5, 0xcf, 0xfc, 0x50, 0x0, 0x0, 0x0,
    0xf, 0xf0, 0x0, 0x0, 0x0, 0x0, 0xf, 0xf0,
    0x0, 0x0, 0x0, 0x0, 0xf, 0xf0, 0x0, 0x0,

    /* U+F1EA "" */
    0x0, 0xdf, 0xff, 0xff, 0xff, 0xff, 0xff, 0xff,
    0xfd, 0xdf, 0xff, 0xff, 0xff, 0xff, 0xff, 0xff,
    0xff, 0xff, 0xfc, 0xff, 0x0, 0x0, 0x0, 0x0,
    0x0, 0x0, 0xff, 0xf8, 0xff, 0x0, 0x0, 0x0,
    0x0, 0x0, 0x0, 0xff, 0xf8, 0xff, 0xff, 0xff,
    0xff, 0xff, 0xff, 0xff, 0xff, 0xf8, 0xff, 0xff,
    0xff, 0xff, 0xff, 0xff, 0xff, 0xff, 0xf8, 0xff,
    0x0, 0x0, 0xc, 0x50, 0x0, 0x1, 0xff, 0xf8,
    0xff, 0xff, 0xff, 0xff, 0xff, 0xff, 0xff, 0xff,
    0xf8, 0xff, 0xff, 0xff, 0xff, 0xff, 0xff, 0xff,
    0xff, 0xf8, 0xff, 0x0, 0x0, 0xc, 0x50, 0x0,
    0x1, 0xff, 0xfd, 0xff, 0xff, 0xff, 0xff, 0xff,
    0xff, 0xff, 0xff, 0x6f, 0xff, 0xff, 0xff, 0xff,
    0xff, 0xff, 0xff, 0xf8,

    /* U+F1EB "" */
    0x0, 0x0, 0x0, 0x0, 0x0, 0x0, 0x0, 0x0,
    0x0, 0x0, 0x0, 0x0, 0x0, 0x49, 0xce, 0xff,
    0xec, 0x94, 0x0, 0x0, 0x0, 0x0, 0x7, 0xef,
    0xff, 0xff, 0xff, 0xff, 0xfe, 0x70, 0x0, 0x0,
    0x3d, 0xff, 0xff, 0xca, 0x88, 0xac, 0xff, 0xff,
    0xe4, 0x0, 0x6f, 0xff, 0xd6, 0x10, 0x0, 0x0,
    0x0, 0x5d, 0xff, 0xf7, 0xc, 0xff, 0x70, 0x0,
    0x0, 0x0, 0x0, 0x0, 0x6, 0xff, 0xd0, 0x1a,
    0x30, 0x0, 0x5a, 0xdf, 0xfd, 0xa5, 0x0, 0x2,
    0xa1, 0x0, 0x0, 0x3, 0xdf, 0xff, 0xff, 0xff,
    0xfd, 0x40, 0x0, 0x0, 0x0, 0x4, 0xff, 0xfe,
    0xa8, 0x8a, 0xef, 0xff, 0x50, 0x0, 0x0, 0x0,
    0x1d, 0xf7, 0x0, 0x0, 0x0, 0x6f, 0xe1, 0x0,
    0x0, 0x0, 0x0, 0x12, 0x0, 0x0, 0x0, 0x0,
    0x21, 0x0, 0x0, 0x0, 0x0, 0x0, 0x0, 0x4,
    0xee, 0x50, 0x0, 0x0, 0x0, 0x0, 0x0, 0x0,
    0x0, 0x0, 0xdf, 0xfe, 0x0, 0x0, 0x0, 0x0,
    0x0, 0x0, 0x0, 0x0, 0xd, 0xff, 0xe0, 0x0,
    0x0, 0x0, 0x0, 0x0, 0x0, 0x0, 0x0, 0x4e,
    0xe5, 0x0, 0x0, 0x0, 0x0, 0x0,

    /* U+F1EC "" */
    0x8f, 0xff, 0xff, 0xff, 0xff, 0xff, 0xf8, 0xff,
    0xff, 0xff, 0xff, 0xff, 0xff, 0xff, 0xff, 0x0,
    0x0, 0x0, 0x0, 0x0, 0xff, 0xff, 0x0, 0x0,
    0x0, 0x0, 0x0, 0xff, 0xff, 0x0, 0x0, 0x0,
    0x0, 0x0, 0xff, 0xff, 0x0, 0x0, 0x0, 0x0,
    0x0, 0xff, 0xff, 0xff, 0xff, 0xff, 0xff, 0xff,
    0xff, 0xff, 0xff, 0xff, 0xff, 0xff, 0xff, 0xff,
    0xff, 0x0, 0xff, 0x0, 0xff, 0x0, 0xff, 0xff,
    0x0, 0xff, 0x0, 0xff, 0x0, 0xff, 0xff, 0xff,
    0xff, 0xff, 0xff, 0x0, 0xff, 0xff, 0xff, 0xff,
    0xff, 0xff, 0x0, 0xff, 0xff, 0x0, 0xff, 0x0,
    0xff, 0x0, 0xff, 0xff, 0x0, 0xff, 0x0, 0xff,
    0x0, 0xff, 0xff, 0xff, 0xff, 0xff, 0xff, 0xff,
    0xff, 0x8f, 0xff, 0xff, 0xff, 0xff, 0xff, 0xf8,

    /* U+F1F6 "" */
    0x0, 0x0, 0x0, 0x0, 0x0, 0x0, 0x0, 0x0,
    0x0, 0x0, 0x0, 0x7, 0xc2, 0x0, 0x0, 0x0,
    0xbc, 0x0, 0x0, 0x0, 0x0, 0x0, 0xc, 0xff,
    0x50, 0x0, 0x2, 0xff, 0x30, 0x0, 0x0, 0x0,
    0x0, 0x0, 0xaf, 0xf8, 0x1, 0xbf, 0xff, 0xfc,
    0x10, 0x0, 0x0, 0x0, 0x0, 0x7, 0xff, 0xcd,
    0xff, 0xff, 0xff, 0xe1, 0x0, 0x0, 0x0, 0x0,
    0x0, 0x3e, 0xff, 0xff, 0xff, 0xff, 0xf9, 0x0,
    0x0, 0x0, 0x0, 0x0, 0x1, 0xcf, 0xff, 0xff,
    0xff, 0xfe, 0x0, 0x0, 0x0, 0x0, 0x0, 0x0,
    0x8, 0xff, 0xff, 0xff, 0xff, 0x0, 0x0, 0x0,
    0x0, 0x0, 0x0, 0x0, 0x5f, 0xff, 0xff, 0xff,
    0x10, 0x0, 0x0, 0x0, 0x0, 0x3, 0xa0, 0x2,
    0xdf, 0xff, 0xff, 0x40, 0x0, 0x0, 0x0, 0x0,
    0x8, 0xfd, 0x20, 0xa, 0xff, 0xff, 0x80, 0x0,
    0x0, 0x0, 0x0, 0x1e, 0xff, 0xf6, 0x0, 0x6f,
    0xff, 0xf2, 0x0, 0x0, 0x0, 0x0, 0xcf, 0xff,
    0xff, 0x90, 0x3, 0xef, 0xfd, 0x0, 0x0, 0x0,
    0x0, 0xbf, 0xff, 0xff, 0xfc, 0x20, 0x1b, 0xff,
    0x70, 0x0, 0x0, 0x0, 0x0, 0x0, 0x0, 0x0,
    0x0, 0x0, 0x7f, 0xfb, 0x10, 0x0, 0x0, 0x0,
    0x0, 0xd, 0xff, 0xe0, 0x0, 0x4, 0xef, 0xd0,
    0x0, 0x0, 0x0, 0x0, 0x4, 0xee, 0x40, 0x0,
    0x0, 0x1c, 0x80, 0x0, 0x0, 0x0, 0x0, 0x0,
    0x0, 0x0, 0x0, 0x0, 0x0, 0x0,

    /* U+F1F8 "" */
    0x0, 0x0, 0x7f, 0xff, 0xf7, 0x0, 0x0, 0xef,
    0xff, 0xff, 0xff, 0xff, 0xff, 0xfe, 0xef, 0xff,
    0xff, 0xff, 0xff, 0xff, 0xfe, 0x0, 0x0, 0x0,
    0x0, 0x0, 0x0, 0x0, 0xf, 0xff, 0xff, 0xff,
    0xff, 0xff, 0xf0, 0xe, 0xff, 0xff, 0xff, 0xff,
    0xff, 0xe0, 0xd, 0xff, 0xff, 0xff, 0xff, 0xff,
    0xd0, 0xc, 0xff, 0xff, 0xff, 0xff, 0xff, 0xc0,
    0xb, 0xff, 0xff, 0xff, 0xff, 0xff, 0xb0, 0xa,
    0xff, 0xff, 0xff, 0xff, 0xff, 0xa0, 0x9, 0xff,
    0xff, 0xff, 0xff, 0xff, 0x90, 0x8, 0xff, 0xff,
    0xff, 0xff, 0xff, 0x80, 0x7, 0xff, 0xff, 0xff,
    0xff, 0xff, 0x70, 0x6, 0xff, 0xff, 0xff, 0xff,
    0xff, 0x60, 0x5, 0xff, 0xff, 0xff, 0xff, 0xff,
    0x50, 0x0, 0xcf, 0xff, 0xff, 0xff, 0xfc, 0x0,

    /* U+F1F9 "" */
    0x0, 0x0, 0x16, 0xbc, 0xdb, 0x61, 0x0, 0x0,
    0x0, 0x6, 0xef, 0xff, 0xff, 0xfe, 0x60, 0x0,
    0x0, 0x8f, 0xff, 0xff, 0xff, 0xff, 0xf8, 0x0,
    0x5, 0xff, 0xff, 0xb7, 0x69, 0xef, 0xff, 0x50,
    0xe, 0xff, 0xf4, 0x0, 0x0, 0xa, 0xff, 0xe0,
    0x5f, 0xff, 0x60, 0x7, 0x95, 0xd, 0xff, 0xf5,
    0x9f, 0xfe, 0x0, 0xaf, 0xff, 0xef, 0xff, 0xf9,
    0xbf, 0xfb, 0x0, 0xff, 0xff, 0xff, 0xff, 0xfb,
    0xbf, 0xfb, 0x0, 0xdf, 0xff, 0xff, 0xff, 0xfb,
    0x9f, 0xfe, 0x0, 0x5f, 0xfd, 0x5e, 0xff, 0xf9,
    0x5f, 0xff, 0x60, 0x1, 0x20, 0x5, 0xff, 0xf5,
    0xe, 0xff, 0xf4, 0x0, 0x0, 0x1c, 0xff, 0xe0,
    0x5, 0xff, 0xff, 0xb7, 0x69, 0xff, 0xff, 0x50,
    0x0, 0x8f, 0xff, 0xff, 0xff, 0xff, 0xf8, 0x0,
    0x0, 0x6, 0xef, 0xff, 0xff, 0xfe, 0x60, 0x0,
    0x0, 0x0, 0x16, 0xbd, 0xdb, 0x61, 0x0, 0x0,

    /* U+F1FA "" */
    0x0, 0x0, 0x16, 0xbc, 0xdb, 0x82, 0x0, 0x0,
    0x0, 0x6, 0xef, 0xff, 0xff, 0xff, 0xa0, 0x0,
    0x0, 0x8f, 0xfb, 0x53, 0x24, 0x9f, 0xfd, 0x10,
    0x5, 0xff, 0x60, 0x0, 0x0, 0x2, 0xdf, 0xb0,
    0xe, 0xf6, 0x5, 0xdf, 0xf9, 0xbb, 0x3e, 0xf3,
    0x5f, 0xc0, 0x6f, 0xff, 0xff, 0xff, 0x38, 0xf8,
    0x9f, 0x71, 0xff, 0xe6, 0x6f, 0xff, 0x4, 0xfb,
    0xbf, 0x46, 0xff, 0x60, 0xe, 0xfc, 0x4, 0xfb,
    0xbf, 0x47, 0xff, 0x30, 0x1f, 0xf9, 0x8, 0xf9,
    0x9f, 0x76, 0xff, 0xa5, 0xdf, 0xf9, 0x5f, 0xf4,
    0x5f, 0xc1, 0xff, 0xff, 0xff, 0xff, 0xff, 0x90,
    0xe, 0xf6, 0x4c, 0xfc, 0x28, 0xdd, 0xa5, 0x0,
    0x5, 0xff, 0x50, 0x0, 0x0, 0x1, 0x0, 0x0,
    0x0, 0x8f, 0xfb, 0x52, 0x36, 0xcf, 0x50, 0x0,
    0x0, 0x6, 0xff, 0xff, 0xff, 0xfe, 0x40, 0x0,
    0x0, 0x0, 0x16, 0xbd, 0xdb, 0x61, 0x0, 0x0,

    /* U+F1FB "" */
    0x0, 0x0, 0x0, 0x0, 0x0, 0x8, 0xee, 0x80,
    0x0, 0x0, 0x0, 0x0, 0x0, 0xbf, 0xff, 0xf8,
    0x0, 0x0, 0x0, 0x3, 0xb, 0xff, 0xff, 0xfe,
    0x0, 0x0, 0x0, 0x9f, 0xef, 0xff, 0xff, 0xfe,
    0x0, 0x0, 0x6, 0xff, 0xff, 0xff, 0xff, 0xf8,
    0x0, 0x0, 0x1, 0xef, 0xff, 0xff, 0xff, 0xb0,
    0x0, 0x0, 0x4, 0x2e, 0xff, 0xff, 0xfb, 0x0,
    0x0, 0x0, 0x7f, 0x82, 0xef, 0xff, 0xe0, 0x0,
    0x0, 0x7, 0xff, 0xf8, 0x2e, 0xff, 0xf3, 0x0,
    0x0, 0x7f, 0xff, 0xff, 0x82, 0xef, 0x90, 0x0,
    0x7, 0xff, 0xff, 0xff, 0xf4, 0x16, 0x0, 0x0,
    0xe, 0xff, 0xff, 0xff, 0x70, 0x0, 0x0, 0x0,
    0xf, 0xff, 0xff, 0xf7, 0x0, 0x0, 0x0, 0x0,
    0x2f, 0xff, 0xff, 0x70, 0x0, 0x0, 0x0, 0x0,
    0xbf, 0xff, 0xe7, 0x0, 0x0, 0x0, 0x0, 0x0,
    0x8b, 0x20, 0x0, 0x0, 0x0, 0x0, 0x0, 0x0,

    /* U+F1FC "" */
    0x0, 0x0, 0x0, 0x0, 0x0, 0x0, 0x1b, 0xf8,
    0x0, 0x0, 0x0, 0x0, 0x0, 0x0, 0x2d, 0xff,
    0xf0, 0x0, 0x0, 0x0, 0x0, 0x0, 0x3e, 0xff,
    0xfc, 0x0, 0x0, 0x0, 0x0, 0x0, 0x5f, 0xff,
    0xff, 0x50, 0x0, 0x0, 0x0, 0x0, 0x7f, 0xff,
    0xff, 0xc0, 0x0, 0x0, 0x0, 0x0, 0x8f, 0xff,
    0xff, 0xf3, 0x0, 0x0, 0x0, 0x0, 0x7f, 0xff,
    0xff, 0xfa, 0x0, 0x0, 0x0, 0x0, 0xe, 0xff,
    0xff, 0xff, 0x10, 0x0, 0x0, 0x0, 0x0, 0xef,
    0xff, 0xff, 0x60, 0x0, 0x0, 0x0, 0x2, 0x26,
    0xff, 0xff, 0xa0, 0x0, 0x0, 0x0, 0xb, 0xff,
    0x44, 0xee, 0x80, 0x0, 0x0, 0x6, 0x8, 0xff,
    0xff, 0x70, 0x0, 0x0, 0x0, 0x0, 0xcd, 0xff,
    0xff, 0xff, 0x0, 0x0, 0x0, 0x0, 0x8, 0xff,
    0xff, 0xff, 0xd0, 0x0, 0x0, 0x0, 0x0, 0x1e,
    0xff, 0xff, 0xf5, 0x0, 0x0, 0x0, 0x0, 0x0,
    0x2b, 0xfe, 0xc4, 0x0, 0x0, 0x0, 0x0, 0x0,

    /* U+F1FD "" */
    0x0, 0x28, 0x0, 0x28, 0x0, 0x28, 0x0, 0x0,
    0xcf, 0x0, 0xcf, 0x0, 0xcf, 0x0, 0x0, 0xcb,
    0x0, 0xcb, 0x0, 0xcb, 0x0, 0x0, 0x88, 0x0,
    0x88, 0x0, 0x88, 0x0, 0x0, 0xff, 0x0, 0xff,
    0x0, 0xff, 0x0, 0x0, 0xff, 0x0, 0xff, 0x0,
    0xff, 0x0, 0x0, 0xff, 0x0, 0xff, 0x0, 0xff,
    0x0, 0x0, 0xff, 0x0, 0xff, 0x0, 0xff, 0x0,
    0x8f, 0xff, 0xff, 0xff, 0xff, 0xff, 0xf8, 0xff,
    0xff, 0xff, 0xff, 0xff, 0xff, 0xff, 0xff, 0xff,
    0xff, 0xff, 0xff, 0xff, 0xff, 0xc3, 0x6, 0xe9,
    0x11, 0x9e, 0x60, 0x3c, 0x19, 0xe6, 0x3, 0xcc,
    0x30, 0x6e, 0x91, 0xff, 0xff, 0xff, 0xff, 0xff,
    0xff, 0xff, 0xff, 0xff, 0xff, 0xff, 0xff, 0xff,
    0xff, 0xff, 0xff, 0xff, 0xff, 0xff, 0xff, 0xff,

    /* U+F1FE "" */
    0xff, 0x0, 0x0, 0x0, 0x0, 0x0, 0x0, 0x0,
    0xff, 0x0, 0x6, 0x80, 0x0, 0x0, 0x0, 0x0,
    0xff, 0x0, 0x1f, 0xf5, 0x0, 0x0, 0x0, 0x0,
    0xff, 0x0, 0xaf, 0xfe, 0x20, 0x3d, 0x50, 0x0,
    0xff, 0x4, 0xff, 0xff, 0xc9, 0xff, 0xd0, 0x0,
    0xff, 0xd, 0xff, 0xff, 0xff, 0xff, 0xf5, 0x0,
    0xff, 0xf, 0xff, 0xff, 0xff, 0xff, 0xfc, 0x0,
    0xff, 0xf, 0xff, 0xff, 0xff, 0xff, 0xff, 0x40,
    0xff, 0xf, 0xff, 0xff, 0xff, 0xff, 0xff, 0xc0,
    0xff, 0x0, 0x0, 0x0, 0x0, 0x0, 0x0, 0x0,
    0xff, 0xff, 0xff, 0xff, 0xff, 0xff, 0xff, 0xff,
    0xff, 0xff, 0xff, 0xff, 0xff, 0xff, 0xff, 0xff,

    /* U+F200 "" */
    0x0, 0x0, 0x0, 0x0, 0x0, 0x0, 0x0, 0x0,
    0x0, 0x0, 0x0, 0x0, 0x0, 0x0, 0x6f, 0xc7,
    0x0, 0x0, 0x0, 0x0, 0x0, 0x5, 0xad, 0x7,
    0xff, 0xfd, 0x30, 0x0, 0x0, 0x0, 0x2c, 0xff,
    0xf0, 0x7f, 0xff, 0xff, 0x30, 0x0, 0x0, 0x2e,
    0xff, 0xff, 0x7, 0xff, 0xff, 0xfd, 0x0, 0x0,
    0xc, 0xff, 0xff, 0xf0, 0x7f, 0xff, 0xff, 0xf6,
    0x0, 0x5, 0xff, 0xff, 0xff, 0x7, 0xff, 0xff,
    0xff, 0xc0, 0x0, 0xaf, 0xff, 0xff, 0xf0, 0x7f,
    0xff, 0xff, 0xff, 0x0, 0xe, 0xff, 0xff, 0xff,
    0x3, 0x77, 0x77, 0x77, 0x60, 0x0, 0xff, 0xff,
    0xff, 0xf0, 0x0, 0x0, 0x0, 0x0, 0x0, 0xe,
    0xff, 0xff, 0xff, 0x80, 0x6f, 0xff, 0xff, 0xfe,
    0x0, 0xaf, 0xff, 0xff, 0xff, 0x80, 0x6f, 0xff,
    0xff, 0xd0, 0x5, 0xff, 0xff, 0xff, 0xff, 0x80,
    0x6f, 0xff, 0xf7, 0x0, 0xc, 0xff, 0xff, 0xff,
    0xff, 0x80, 0x6f, 0xfe, 0x0, 0x0, 0x1d, 0xff,
    0xff, 0xff, 0xff, 0x80, 0x6f, 0x30, 0x0, 0x0,
    0x1c, 0xff, 0xff, 0xff, 0xfc, 0x0, 0x0, 0x0,
    0x0, 0x0, 0x5, 0xbe, 0xfe, 0xb5, 0x0, 0x0,
    0x0, 0x0, 0x0, 0x0, 0x0, 0x0, 0x0, 0x0,
    0x0, 0x0, 0x0,

    /* U+F201 "" */
    0xee, 0x0, 0x0, 0x0, 0x0, 0x0, 0x0, 0x0,
    0xff, 0x0, 0x0, 0x0, 0x0, 0xcf, 0xff, 0xe0,
    0xff, 0x0, 0x0, 0x0, 0x0, 0x7f, 0xff, 0xf0,
    0xff, 0x0, 0x1c, 0xc1, 0x0, 0x1e, 0xff, 0xf0,
    0xff, 0x1, 0xdf, 0xfd, 0x11, 0xdf, 0xef, 0xf0,
    0xff, 0xc, 0xfd, 0xdf, 0xdd, 0xfd, 0x17, 0xc0,
    0xff, 0x7, 0xc1, 0x1d, 0xff, 0xd1, 0x0, 0x0,
    0xff, 0x0, 0x0, 0x1, 0xcc, 0x10, 0x0, 0x0,
    0xff, 0x0, 0x0, 0x0, 0x0, 0x0, 0x0, 0x0,
    0xff, 0x0, 0x0, 0x0, 0x0, 0x0, 0x0, 0x0,
    0xff, 0xff, 0xff, 0xff, 0xff, 0xff, 0xff, 0xfe,
    0xcf, 0xff, 0xff, 0xff, 0xff, 0xff, 0xff, 0xfe,

    /* U+F204 "" */
    0x0, 0x7, 0xcf, 0xff, 0xff, 0xff, 0xfc, 0x70,
    0x0, 0x1, 0xdf, 0xff, 0xff, 0xff, 0xff, 0xff,
    0xfd, 0x10, 0xd, 0xfd, 0x40, 0x4, 0xdf, 0xc0,
    0x4, 0xdf, 0xd0, 0x7f, 0xd1, 0x0, 0x0, 0x1d,
    0xf6, 0x0, 0x1d, 0xf7, 0xcf, 0x40, 0x0, 0x0,
    0x4, 0xfc, 0x0, 0x4, 0xfc, 0xff, 0x0, 0x0,
    0x0, 0x0, 0xff, 0x0, 0x0, 0xff, 0xff, 0x0,
    0x0, 0x0, 0x0, 0xff, 0x0, 0x0, 0xff, 0xcf,
    0x40, 0x0, 0x0, 0x4, 0xfc, 0x0, 0x4, 0xfc,
    0x7f, 0xd1, 0x0, 0x0, 0x1d, 0xf6, 0x0, 0x1d,
    0xf7, 0xd, 0xfd, 0x40, 0x4, 0xdf, 0xc0, 0x4,
    0xdf, 0xd0, 0x1, 0xdf, 0xff, 0xff, 0xff, 0xff,
    0xff, 0xfd, 0x10, 0x0, 0x7, 0xcf, 0xff, 0xff,
    0xff, 0xfc, 0x70, 0x0,

    /* U+F205 "" */
    0x0, 0x7, 0xcf, 0xff, 0xff, 0xff, 0xfc, 0x70,
    0x0, 0x1, 0xdf, 0xff, 0xff, 0xff, 0xff, 0xff,
    0xfd, 0x10, 0xd, 0xff, 0xff, 0xff, 0xfd, 0x40,
    0x4, 0xdf, 0xd0, 0x7f, 0xff, 0xff, 0xff, 0xd1,
    0x0, 0x0, 0x1d, 0xf7, 0xcf, 0xff, 0xff, 0xff,
    0x40, 0x0, 0x0, 0x4, 0xfc, 0xff, 0xff, 0xff,
    0xff, 0x0, 0x0, 0x0, 0x0, 0xff, 0xff, 0xff,
    0xff, 0xff, 0x0, 0x0, 0x0, 0x0, 0xff, 0xcf,
    0xff, 0xff, 0xff, 0x40, 0x0, 0x0, 0x4, 0xfc,
    0x7f, 0xff, 0xff, 0xff, 0xd1, 0x0, 0x0, 0x1d,
    0xf7, 0xd, 0xff, 0xff, 0xff, 0xfd, 0x40, 0x4,
    0xdf, 0xd0, 0x1, 0xdf, 0xff, 0xff, 0xff, 0xff,
    0xff, 0xfd, 0x10, 0x0, 0x7, 0xcf, 0xff, 0xff,
    0xff, 0xfc, 0x70, 0x0,

    /* U+F206 "" */
    0x0, 0x0, 0x0, 0x0, 0xb, 0xcc, 0x20, 0x0,
    0x0, 0x0, 0x0, 0x0, 0x5, 0x88, 0x70, 0x9b,
    0xec, 0x0, 0x0, 0x0, 0x0, 0x0, 0x0, 0xcf,
    0xff, 0x88, 0x8c, 0xf7, 0x0, 0x0, 0x0, 0x0,
    0x0, 0x0, 0x2f, 0xdc, 0xcc, 0xef, 0xf2, 0x0,
    0x0, 0x0, 0x2, 0xaf, 0xee, 0xe1, 0x0, 0x1e,
    0xcf, 0xee, 0xfb, 0x20, 0x2, 0xef, 0x9c, 0xfe,
    0x20, 0xa, 0xf4, 0xef, 0xc9, 0xef, 0x20, 0xaf,
    0x21, 0xec, 0xeb, 0x4, 0xf7, 0xaf, 0xce, 0x11,
    0xeb, 0xe, 0xa0, 0xaf, 0xac, 0xf8, 0xdd, 0xe,
    0x92, 0xf9, 0x9, 0xf0, 0xea, 0xd, 0xff, 0xff,
    0xff, 0x30, 0xe9, 0x7, 0x80, 0x9f, 0xa, 0xf2,
    0x0, 0x1e, 0xa0, 0x0, 0xa, 0xf2, 0x0, 0x1e,
    0xb0, 0x2e, 0xf9, 0x9e, 0xe2, 0x0, 0x0, 0x2e,
    0xf9, 0x9e, 0xf2, 0x0, 0x2a, 0xfe, 0xa2, 0x0,
    0x0, 0x0, 0x2a, 0xff, 0xb2, 0x0, 0x0, 0x0,
    0x0, 0x0, 0x0, 0x0, 0x0, 0x0, 0x0, 0x0,
    0x0,

    /* U+F207 "" */
    0x0, 0x16, 0xad, 0xef, 0xfe, 0xda, 0x61, 0x0,
    0x6, 0xff, 0xff, 0xff, 0xff, 0xff, 0xff, 0x60,
    0xf, 0xff, 0xff, 0xff, 0xff, 0xff, 0xff, 0xf0,
    0xf, 0xf3, 0x0, 0x0, 0x0, 0x0, 0x3f, 0xf0,
    0xdf, 0xf0, 0x0, 0x0, 0x0, 0x0, 0xf, 0xfd,
    0xff, 0xf0, 0x0, 0x0, 0x0, 0x0, 0xf, 0xff,
    0xff, 0xf0, 0x0, 0x0, 0x0, 0x0, 0xf, 0xff,
    0xdf, 0xf0, 0x0, 0x0, 0x0, 0x0, 0xf, 0xfd,
    0xf, 0xf3, 0x0, 0x0, 0x0, 0x0, 0x3f, 0xf0,
    0xf, 0xff, 0xff, 0xff, 0xff, 0xff, 0xff, 0xf0,
    0xf, 0xe9, 0xff, 0xff, 0xff, 0xfd, 0x8f, 0xf0,
    0xf, 0x80, 0xcf, 0xff, 0xff, 0xf5, 0x8, 0xf0,
    0xf, 0xe9, 0xff, 0xff, 0xff, 0xfd, 0x8f, 0xf0,
    0xc, 0xff, 0xff, 0xff, 0xff, 0xff, 0xff, 0xd0,
    0x0, 0xff, 0xc0, 0x0, 0x0, 0x3f, 0xff, 0x0,
    0x0, 0xcf, 0x80, 0x0, 0x0, 0x1e, 0xfb, 0x0,

    /* U+F20A "" */
    0x8f, 0xff, 0xff, 0xff, 0xff, 0xff, 0xff, 0xf8,
    0xff, 0xff, 0xff, 0xff, 0xff, 0xff, 0xff, 0xff,
    0xff, 0xff, 0xff, 0xff, 0xff, 0xff, 0xff, 0xff,
    0xff, 0xfa, 0x20, 0x2b, 0xfa, 0x20, 0x3b, 0xff,
    0xff, 0xb0, 0x27, 0x39, 0xa0, 0x27, 0x39, 0xff,
    0xff, 0x50, 0xef, 0xff, 0x40, 0xff, 0xff, 0xff,
    0xff, 0x60, 0xef, 0xff, 0x50, 0xff, 0xff, 0xff,
    0xff, 0xb0, 0x38, 0x39, 0xa0, 0x38, 0x39, 0xff,
    0xff, 0xf9, 0x10, 0x2b, 0xf9, 0x10, 0x2c, 0xff,
    0xff, 0xff, 0xff, 0xff, 0xff, 0xff, 0xff, 0xff,
    0xff, 0xff, 0xff, 0xff, 0xff, 0xff, 0xff, 0xff,
    0x8f, 0xff, 0xff, 0xff, 0xff, 0xff, 0xff, 0xf8,

    /* U+F20B "" */
    0xdf, 0xff, 0xff, 0xfc, 0x40, 0x6, 0xfe, 0xff,
    0xff, 0xff, 0xff, 0xf5, 0x8, 0xff, 0xff, 0xc8,
    0x88, 0x9f, 0xff, 0x18, 0xff, 0xff, 0x80, 0x0,
    0x5, 0xff, 0x58, 0xff, 0xff, 0x80, 0xff, 0x51,
    0xff, 0x68, 0xff, 0xff, 0x81, 0xff, 0x61, 0xff,
    0x68, 0xff, 0xff, 0x81, 0xff, 0x61, 0xff, 0x68,
    0xff, 0xff, 0x81, 0xff, 0x61, 0xff, 0x68, 0xff,
    0xff, 0x81, 0xff, 0x61, 0xff, 0x68, 0xff, 0xff,
    0x81, 0xff, 0x60, 0xff, 0x58, 0xff, 0xff, 0x81,
    0xff, 0x60, 0x0, 0xb, 0xfe, 0xff, 0x81, 0xff,
    0xb8, 0x88, 0xbf, 0xf9, 0xff, 0x81, 0xff, 0xff,
    0xff, 0xff, 0xd1, 0xef, 0x60, 0xef, 0xff, 0xff,
    0xe9, 0x10,

    /* U+F217 "" */
    0xdf, 0xff, 0x80, 0x0, 0x0, 0x0, 0x0, 0x0,
    0x0, 0xd, 0xff, 0xfd, 0x0, 0x0, 0x0, 0x0,
    0x0, 0x0, 0x0, 0x0, 0xf, 0xff, 0xff, 0xff,
    0xff, 0xff, 0xff, 0xfd, 0x0, 0x0, 0xcf, 0xff,
    0xff, 0xe8, 0xff, 0xff, 0xff, 0xd0, 0x0, 0x8,
    0xff, 0xff, 0xfc, 0xc, 0xff, 0xff, 0xf9, 0x0,
    0x0, 0x5f, 0xff, 0xd4, 0x30, 0x34, 0xef, 0xff,
    0x60, 0x0, 0x2, 0xff, 0xfd, 0x43, 0x3, 0x4e,
    0xff, 0xf2, 0x0, 0x0, 0xe, 0xff, 0xff, 0xc0,
    0xcf, 0xff, 0xfe, 0x0, 0x0, 0x0, 0xbf, 0xff,
    0xfe, 0x8f, 0xff, 0xff, 0xb0, 0x0, 0x0, 0x8,
    0xff, 0xff, 0xff, 0xff, 0xff, 0xf6, 0x0, 0x0,
    0x0, 0x5f, 0xb0, 0x0, 0x0, 0x0, 0x0, 0x0,
    0x0, 0x0, 0x2, 0xff, 0xff, 0xff, 0xff, 0xff,
    0xc0, 0x0, 0x0, 0x0, 0xf, 0xff, 0xff, 0xff,
    0xff, 0xfd, 0x0, 0x0, 0x0, 0x8, 0xff, 0x80,
    0x0, 0x0, 0x8f, 0xf7, 0x0, 0x0, 0x0, 0xaf,
    0xfa, 0x0, 0x0, 0xb, 0xff, 0xa0, 0x0, 0x0,
    0x3, 0xed, 0x30, 0x0, 0x0, 0x3e, 0xd3, 0x0,
    0x0, 0x0, 0x0, 0x0, 0x0, 0x0, 0x0, 0x0,
    0x0, 0x0,

    /* U+F218 "" */
    0xdf, 0xff, 0x80, 0x0, 0x0, 0x0, 0x0, 0x0,
    0x0, 0xd, 0xff, 0xfd, 0x0, 0x0, 0x0, 0x0,
    0x0, 0x0, 0x0, 0x0, 0xf, 0xff, 0xff, 0xff,
    0xff, 0xff, 0xff, 0xfd, 0x0, 0x0, 0xcf, 0xff,
    0xff, 0xfc, 0xff, 0xff, 0xff, 0xd0, 0x0, 0x8,
    0xff, 0xff, 0xfc, 0xc, 0xff, 0xff, 0xf9, 0x0,
    0x0, 0x5f, 0xff, 0xff, 0xc0, 0xcf, 0xff, 0xff,
    0x60, 0x0, 0x2, 0xff, 0xff, 0x30, 0x0, 0x3f,
    0xff, 0xf2, 0x0, 0x0, 0xe, 0xff, 0xfd, 0x10,
    0x2e, 0xff, 0xfe, 0x0, 0x0, 0x0, 0xbf, 0xff,
    0xfd, 0x4e, 0xff, 0xff, 0xb0, 0x0, 0x0, 0x8,
    0xff, 0xff, 0xff, 0xff, 0xff, 0xf6, 0x0, 0x0,
    0x0, 0x5f, 0xb0, 0x0, 0x0, 0x0, 0x0, 0x0,
    0x0, 0x0, 0x2, 0xff, 0xff, 0xff, 0xff, 0xff,
    0xc0, 0x0, 0x0, 0x0, 0xf, 0xff, 0xff, 0xff,
    0xff, 0xfd, 0x0, 0x0, 0x0, 0x8, 0xff, 0x80,
    0x0, 0x0, 0x8f, 0xf7, 0x0, 0x0, 0x0, 0xaf,
    0xfa, 0x0, 0x0, 0xb, 0xff, 0xa0, 0x0, 0x0,
    0x3, 0xed, 0x30, 0x0, 0x0, 0x3e, 0xd3, 0x0,
    0x0, 0x0, 0x0, 0x0, 0x0, 0x0, 0x0, 0x0,
    0x0, 0x0,

    /* U+F21A "" */
    0x0, 0x0, 0x0, 0xd, 0xff, 0xff, 0xd0, 0x0,
    0x0, 0x0, 0x0, 0x0, 0x0, 0xf, 0xff, 0xff,
    0xf0, 0x0, 0x0, 0x0, 0x0, 0x0, 0xcf, 0xff,
    0xff, 0xff, 0xff, 0xfc, 0x0, 0x0, 0x0, 0x0,
    0xff, 0xff, 0xff, 0xff, 0xff, 0xff, 0x0, 0x0,
    0x0, 0x0, 0xff, 0x0, 0x0, 0x0, 0x0, 0xff,
    0x0, 0x0, 0x0, 0x0, 0xff, 0x0, 0x15, 0x51,
    0x0, 0xff, 0x0, 0x0, 0x0, 0x0, 0xff, 0x6b,
    0xff, 0xff, 0xb6, 0xff, 0x0, 0x0, 0x0, 0x17,
    0xff, 0xff, 0xff, 0xff, 0xff, 0xff, 0x71, 0x0,
    0x0, 0xef, 0xff, 0xff, 0xff, 0xff, 0xff, 0xff,
    0xfe, 0x0, 0x0, 0xaf, 0xff, 0xff, 0xff, 0xff,
    0xff, 0xff, 0xfa, 0x0, 0x0, 0xa, 0xff, 0xff,
    0xff, 0xff, 0xff, 0xff, 0xa0, 0x0, 0x0, 0x0,
    0xcf, 0xff, 0xff, 0xff, 0xff, 0xfc, 0x0, 0x0,
    0x0, 0x1, 0xef, 0xff, 0xff, 0xff, 0xff, 0xff,
    0x20, 0x0, 0x1, 0x5e, 0xff, 0xff, 0xff, 0xff,
    0xff, 0xff, 0xe6, 0x10, 0xdf, 0xff, 0xc9, 0xff,
    0xff, 0xff, 0xff, 0x9c, 0xff, 0xfd, 0xdf, 0xc6,
    0x0, 0x8e, 0xff, 0xff, 0xe8, 0x0, 0x6c, 0xfd,

    /* U+F21B "" */
    0x0, 0x0, 0x0, 0x0, 0x0, 0x0, 0x0, 0x0,
    0x0, 0x8e, 0x88, 0xe8, 0x0, 0x0, 0x0, 0x3,
    0xff, 0xff, 0xff, 0x30, 0x0, 0x0, 0xa, 0xff,
    0xff, 0xff, 0xa0, 0x0, 0x7, 0xdf, 0xff, 0xff,
    0xff, 0xfd, 0x70, 0x7, 0xef, 0xff, 0xff, 0xff,
    0xfe, 0x70, 0x0, 0xe, 0x44, 0x55, 0x44, 0xe0,
    0x0, 0x0, 0xa, 0x90, 0xaa, 0x9, 0xa0, 0x0,
    0xa, 0xff, 0xff, 0xff, 0xff, 0xff, 0xa0, 0x5,
    0xff, 0xff, 0xff, 0xff, 0xff, 0x60, 0x1, 0xff,
    0x8d, 0xff, 0xd8, 0xff, 0x20, 0x1d, 0xff, 0x80,
    0xee, 0x8, 0xff, 0xd1, 0x9f, 0xff, 0xb0, 0x99,
    0xb, 0xff, 0xf9, 0xef, 0xff, 0xf0, 0xdd, 0xf,
    0xff, 0xfe, 0xff, 0xff, 0xf4, 0xff, 0x4f, 0xff,
    0xff, 0xff, 0xff, 0xfc, 0xff, 0xcf, 0xff, 0xff,
    0x9f, 0xff, 0xff, 0xff, 0xff, 0xff, 0xf9,

    /* U+F21C "" */
    0x0, 0x0, 0x0, 0x0, 0x3, 0xff, 0xf7, 0x1d,
    0xfd, 0x0, 0x0, 0x0, 0x3b, 0xcb, 0x81, 0x1,
    0x78, 0xcf, 0xcf, 0xff, 0x0, 0x0, 0x0, 0x3b,
    0xcd, 0xfe, 0x88, 0x88, 0x9f, 0xe8, 0x85, 0x0,
    0x0, 0x0, 0x0, 0x0, 0xbf, 0xff, 0xff, 0xff,
    0xf4, 0x0, 0x0, 0x0, 0x0, 0x2b, 0xfe, 0xff,
    0xff, 0xff, 0xfc, 0xde, 0xef, 0xb2, 0x0, 0x2,
    0xef, 0x9e, 0xff, 0xff, 0xff, 0xe3, 0xef, 0xd9,
    0xfe, 0x20, 0xb, 0xf2, 0x2f, 0xff, 0xff, 0xff,
    0x8a, 0xfb, 0xf1, 0x2f, 0xb0, 0xf, 0x90, 0xbf,
    0xff, 0xff, 0xff, 0x4f, 0x91, 0xfa, 0x9, 0xf0,
    0xf, 0x90, 0xdf, 0xff, 0xff, 0xff, 0x2f, 0x90,
    0x7e, 0x9, 0xf0, 0xb, 0xf2, 0x0, 0x2e, 0xa0,
    0x0, 0xb, 0xf2, 0x0, 0x2e, 0xb0, 0x2, 0xef,
    0x99, 0xee, 0x20, 0x0, 0x2, 0xef, 0x99, 0xef,
    0x20, 0x0, 0x2b, 0xfe, 0xa2, 0x0, 0x0, 0x0,
    0x2b, 0xff, 0xb2, 0x0, 0x0, 0x0, 0x0, 0x0,
    0x0, 0x0, 0x0, 0x0, 0x0, 0x0, 0x0,

    /* U+F21D "" */
    0x0, 0x0, 0x0, 0x4e, 0xe4, 0x0, 0x0, 0x0,
    0x0, 0x0, 0x0, 0xef, 0xfe, 0x0, 0x0, 0x0,
    0x0, 0x0, 0x0, 0xef, 0xfe, 0x0, 0x0, 0x0,
    0x0, 0x0, 0x0, 0x4e, 0xe4, 0x0, 0x0, 0x0,
    0x0, 0x0, 0x2, 0x75, 0x57, 0x20, 0x0, 0x0,
    0x0, 0x0, 0xd, 0xff, 0xff, 0xd0, 0x0, 0x0,
    0x0, 0x0, 0xf, 0xff, 0xff, 0xf0, 0x0, 0x0,
    0x0, 0x0, 0xf, 0xff, 0xff, 0xf0, 0x0, 0x0,
    0x0, 0x0, 0xf, 0xff, 0xff, 0xf0, 0x0, 0x0,
    0x0, 0x0, 0xc, 0xff, 0xff, 0xc0, 0x0, 0x0,
    0x0, 0x26, 0x80, 0xff, 0xff, 0x8, 0x62, 0x0,
    0x2b, 0xfb, 0x80, 0xff, 0xff, 0x8, 0xbf, 0xb1,
    0xdc, 0x10, 0x0, 0xff, 0xff, 0x0, 0x1, 0xcd,
    0xdc, 0x10, 0x0, 0xcf, 0xfc, 0x0, 0x1, 0xcd,
    0x2b, 0xfc, 0x96, 0x54, 0x45, 0x69, 0xcf, 0xb2,
    0x0, 0x26, 0xad, 0xef, 0xfe, 0xda, 0x62, 0x0,

    /* U+F21E "" */
    0x0, 0x19, 0xef, 0xc4, 0x0, 0x4c, 0xfe, 0xa1,
    0x0, 0x1, 0xdf, 0xff, 0xff, 0x65, 0xff, 0xff,
    0xfe, 0x10, 0x9, 0xff, 0xff, 0xff, 0xff, 0xff,
    0xff, 0xff, 0xa0, 0xe, 0xff, 0xff, 0xff, 0xff,
    0xff, 0xff, 0xff, 0xf0, 0xf, 0xff, 0xff, 0x4a,
    0xff, 0xff, 0xff, 0xff, 0xf0, 0xc, 0xff, 0xfd,
    0x3, 0xff, 0x87, 0xff, 0xff, 0xd0, 0x5, 0xff,
    0xf6, 0x72, 0xce, 0x11, 0xef, 0xff, 0x60, 0x0,
    0x0, 0x0, 0xe9, 0x57, 0x67, 0x0, 0x0, 0x0,
    0x0, 0x9, 0xff, 0xff, 0x11, 0xef, 0xff, 0xa0,
    0x0, 0x0, 0x0, 0x9f, 0xff, 0x87, 0xff, 0xfa,
    0x0, 0x0, 0x0, 0x0, 0x9, 0xff, 0xff, 0xff,
    0xa0, 0x0, 0x0, 0x0, 0x0, 0x0, 0xaf, 0xff,
    0xfa, 0x0, 0x0, 0x0, 0x0, 0x0, 0x0, 0xa,
    0xff, 0xb0, 0x0, 0x0, 0x0, 0x0, 0x0, 0x0,
    0x0, 0xab, 0x0, 0x0, 0x0, 0x0,

    /* U+F221 "" */
    0x0, 0x8d, 0xfd, 0x80, 0x0, 0xcf, 0xff, 0xff,
    0xc0, 0x8f, 0xe4, 0x4, 0xef, 0x8d, 0xf4, 0x0,
    0x4, 0xfd, 0xff, 0x0, 0x0, 0xf, 0xfd, 0xf4,
    0x0, 0x4, 0xfd, 0x7f, 0xe4, 0x4, 0xef, 0x70,
    0xbf, 0xff, 0xff, 0xb0, 0x0, 0x7e, 0xfe, 0x70,
    0x0, 0x0, 0x8f, 0x80, 0x0, 0x0, 0x7c, 0xfc,
    0x70, 0x0, 0xf, 0xff, 0xff, 0x0, 0x0, 0x7c,
    0xfc, 0x70, 0x0, 0x0, 0x7f, 0x70, 0x0,

    /* U+F222 "" */
    0x0, 0x0, 0x0, 0x0, 0x1f, 0xff, 0x0, 0x0,
    0x0, 0x0, 0x1d, 0xff, 0x0, 0x0, 0x0, 0x1,
    0xdf, 0xdf, 0x0, 0x8d, 0xfd, 0x8d, 0xfd, 0x11,
    0xc, 0xff, 0xff, 0xff, 0xd1, 0x0, 0x8f, 0xe4,
    0x4, 0xef, 0x80, 0x0, 0xdf, 0x40, 0x0, 0x4f,
    0xd0, 0x0, 0xff, 0x0, 0x0, 0xf, 0xf0, 0x0,
    0xdf, 0x40, 0x0, 0x4f, 0xd0, 0x0, 0x8f, 0xe4,
    0x4, 0xef, 0x80, 0x0, 0xc, 0xff, 0xff, 0xfc,
    0x0, 0x0, 0x0, 0x8d, 0xfd, 0x80, 0x0, 0x0,

    /* U+F223 "" */
    0xef, 0x10, 0x0, 0x1f, 0xea, 0xfc, 0x30, 0x3c,
    0xfa, 0x1d, 0xff, 0xff, 0xfd, 0x10, 0xcf, 0xff,
    0xff, 0xc0, 0x8f, 0xe4, 0x4, 0xef, 0x8d, 0xf4,
    0x0, 0x4, 0xfd, 0xff, 0x0, 0x0, 0xf, 0xfd,
    0xf4, 0x0, 0x4, 0xfd, 0x7f, 0xe4, 0x4, 0xef,
    0x70, 0xbf, 0xff, 0xff, 0xb0, 0x0, 0x7e, 0xfe,
    0x70, 0x0, 0x0, 0x8f, 0x80, 0x0, 0x0, 0x7c,
    0xfc, 0x70, 0x0, 0xf, 0xff, 0xff, 0x0, 0x0,
    0x7c, 0xfc, 0x70, 0x0, 0x0, 0x7f, 0x70, 0x0,

    /* U+F224 "" */
    0x0, 0x0, 0x0, 0x0, 0x1f, 0xff, 0x0, 0x0,
    0x0, 0x0, 0x1d, 0xff, 0x0, 0x0, 0x0, 0x1,
    0xdf, 0xdf, 0x0, 0x8d, 0xfd, 0x8d, 0xfd, 0x11,
    0xc, 0xff, 0xff, 0xff, 0xd1, 0x0, 0x8f, 0xe4,
    0x4, 0xef, 0x80, 0x0, 0xdf, 0x40, 0x0, 0x4f,
    0xd0, 0x0, 0xff, 0x0, 0x0, 0xf, 0xf0, 0x0,
    0xdf, 0x40, 0x0, 0x4f, 0xd0, 0x0, 0x7f, 0xe4,
    0x4, 0xef, 0x70, 0x0, 0xb, 0xff, 0xff, 0xfb,
    0x0, 0x0, 0x0, 0x7e, 0xfe, 0x70, 0x0, 0x0,
    0x0, 0x3a, 0xfa, 0x30, 0x0, 0x0, 0x0, 0xff,
    0xff, 0xf0, 0x0, 0x0, 0x0, 0xbe, 0xfe, 0xb0,
    0x0, 0x0, 0x0, 0x7, 0xf7, 0x0, 0x0, 0x0,

    /* U+F225 "" */
    0xff, 0xf1, 0x0, 0x0, 0x0, 0x1, 0xff, 0xff,
    0xfd, 0x9a, 0x0, 0x0, 0x0, 0x1d, 0xff, 0xfd,
    0xff, 0xf2, 0x0, 0x0, 0x1d, 0xfd, 0xf1, 0x9f,
    0xfd, 0x8d, 0xfd, 0x8d, 0xfd, 0x11, 0xa, 0xfd,
    0xff, 0xff, 0xff, 0xfd, 0x10, 0x0, 0x2, 0x8f,
    0xe4, 0x4, 0xef, 0x80, 0x0, 0x0, 0xd, 0xf4,
    0x0, 0x4, 0xfd, 0x0, 0x0, 0x0, 0xff, 0x0,
    0x0, 0xf, 0xf0, 0x0, 0x0, 0xd, 0xf4, 0x0,
    0x4, 0xfd, 0x0, 0x0, 0x0, 0x7f, 0xe4, 0x4,
    0xef, 0x70, 0x0, 0x0, 0x0, 0xbf, 0xff, 0xff,
    0xb0, 0x0, 0x0, 0x0, 0x0, 0x7e, 0xfe, 0x70,
    0x0, 0x0, 0x0, 0x0, 0x3, 0xaf, 0xa3, 0x0,
    0x0, 0x0, 0x0, 0x0, 0xff, 0xff, 0xf0, 0x0,
    0x0, 0x0, 0x0, 0xb, 0xef, 0xeb, 0x0, 0x0,
    0x0, 0x0, 0x0, 0x7, 0xf7, 0x0, 0x0, 0x0,

    /* U+F226 "" */
    0x0, 0x8d, 0xfd, 0x80, 0x7, 0xdf, 0xd8, 0x0,
    0xc, 0xff, 0xff, 0xfc, 0x1d, 0xff, 0xff, 0xc0,
    0x8f, 0xe4, 0x4, 0xef, 0x84, 0x40, 0x4e, 0xf8,
    0xdf, 0x40, 0x0, 0x4f, 0xd0, 0x0, 0x4, 0xfd,
    0xff, 0x0, 0x0, 0xf, 0xf0, 0x0, 0x0, 0xff,
    0xdf, 0x40, 0x0, 0x4f, 0xd0, 0x0, 0x4, 0xfd,
    0x7f, 0xe4, 0x4, 0xef, 0x74, 0x40, 0x4e, 0xf7,
    0xb, 0xff, 0xff, 0xfb, 0x1d, 0xff, 0xff, 0xb0,
    0x0, 0x7e, 0xfe, 0x70, 0x7, 0xef, 0xe7, 0x0,
    0x0, 0x8, 0xf8, 0x0, 0x0, 0x8f, 0x80, 0x0,
    0x0, 0x7c, 0xfc, 0x70, 0x7, 0xcf, 0xc7, 0x0,
    0x0, 0xff, 0xff, 0xf0, 0xf, 0xff, 0xff, 0x0,
    0x0, 0x7c, 0xfc, 0x70, 0x7, 0xcf, 0xc7, 0x0,
    0x0, 0x7, 0xf7, 0x0, 0x0, 0x7f, 0x70, 0x0,

    /* U+F227 "" */
    0x0, 0x0, 0x0, 0x1, 0xff, 0xf0, 0x0, 0x0,
    0x0, 0x0, 0x0, 0x1, 0xdf, 0xf0, 0x0, 0x0,
    0x0, 0x8d, 0xfd, 0x8d, 0xfd, 0xf0, 0x0, 0x0,
    0xc, 0xff, 0xff, 0xff, 0xd1, 0x10, 0x0, 0x0,
    0x8f, 0xe4, 0x4, 0xef, 0x80, 0x0, 0x0, 0x0,
    0xdf, 0x40, 0x0, 0x4f, 0xd0, 0x0, 0x1f, 0xff,
    0xff, 0x0, 0x0, 0xf, 0xf0, 0x0, 0x1d, 0xff,
    0xdf, 0x40, 0x0, 0x4f, 0xd1, 0xd8, 0xdf, 0xdf,
    0x8f, 0xe4, 0x4, 0xef, 0x86, 0xff, 0xfd, 0x11,
    0xc, 0xff, 0xff, 0xfc, 0x0, 0x4e, 0xf8, 0x0,
    0x0, 0x8d, 0xfd, 0x80, 0x0, 0x4, 0xfd, 0x0,
    0x0, 0x0, 0x1, 0x60, 0x0, 0x0, 0xff, 0x0,
    0x0, 0x0, 0xd, 0xf4, 0x0, 0x4, 0xfd, 0x0,
    0x0, 0x0, 0x8, 0xfe, 0x40, 0x4e, 0xf8, 0x0,
    0x0, 0x0, 0x0, 0xcf, 0xff, 0xff, 0xc0, 0x0,
    0x0, 0x0, 0x0, 0x8, 0xef, 0xd8, 0x0, 0x0,

    /* U+F228 "" */
    0x0, 0x0, 0x0, 0x0, 0x0, 0x0, 0x0, 0x1f,
    0xff, 0x0, 0x0, 0x0, 0x0, 0x0, 0x0, 0x0,
    0x1d, 0xff, 0x0, 0x8d, 0xfd, 0x80, 0x7, 0xdf,
    0xd8, 0xdf, 0xdf, 0xc, 0xff, 0xff, 0xfc, 0x1e,
    0xff, 0xff, 0xfd, 0x11, 0x8f, 0xe4, 0x4, 0xef,
    0x84, 0x40, 0x4e, 0xf8, 0x0, 0xdf, 0x40, 0x0,
    0x4f, 0xd0, 0x0, 0x4, 0xfd, 0x0, 0xff, 0x0,
    0x0, 0xf, 0xf0, 0x0, 0x0, 0xff, 0x0, 0xdf,
    0x40, 0x0, 0x4f, 0xd0, 0x0, 0x4, 0xfd, 0x0,
    0x7f, 0xe4, 0x4, 0xef, 0x74, 0x40, 0x4e, 0xf8,
    0x0, 0xb, 0xff, 0xff, 0xfb, 0x1d, 0xff, 0xff,
    0xc0, 0x0, 0x0, 0x7e, 0xfe, 0x70, 0x7, 0xdf,
    0xd8, 0x0, 0x0, 0x0, 0x8, 0xf8, 0x0, 0x0,
    0x0, 0x0, 0x0, 0x0, 0x0, 0x7c, 0xfc, 0x70,
    0x0, 0x0, 0x0, 0x0, 0x0, 0x0, 0xff, 0xff,
    0xf0, 0x0, 0x0, 0x0, 0x0, 0x0, 0x0, 0x7c,
    0xfc, 0x70, 0x0, 0x0, 0x0, 0x0, 0x0, 0x0,
    0x7, 0xf7, 0x0, 0x0, 0x0, 0x0, 0x0, 0x0,

    /* U+F229 "" */
    0x0, 0x0, 0x0, 0x0, 0x1f, 0xff, 0x0, 0x0,
    0x0, 0x5, 0x9d, 0xff, 0x0, 0x0, 0x0, 0xe,
    0xff, 0xdf, 0x0, 0x8d, 0xfd, 0x8d, 0xff, 0x91,
    0xc, 0xff, 0xff, 0xff, 0xde, 0x50, 0x8f, 0xe4,
    0x4, 0xef, 0x80, 0x0, 0xdf, 0x40, 0x0, 0x4f,
    0xd0, 0x0, 0xff, 0x0, 0x0, 0xf, 0xf0, 0x0,
    0xdf, 0x40, 0x0, 0x4f, 0xd0, 0x0, 0x8f, 0xe4,
    0x4, 0xef, 0x80, 0x0, 0xc, 0xff, 0xff, 0xfc,
    0x0, 0x0, 0x0, 0x8d, 0xfd, 0x80, 0x0, 0x0,

    /* U+F22A "" */
    0x0, 0x0, 0x0, 0x0, 0x0, 0x0, 0x4f, 0x40,
    0x0, 0x0, 0x4f, 0xff, 0x40, 0x0, 0x3, 0xbf,
    0xa2, 0x0, 0x0, 0x6e, 0xfe, 0x60, 0x0, 0x7,
    0xff, 0xf7, 0x0, 0x0, 0x9, 0xf9, 0x0, 0x0,
    0x1a, 0xff, 0xfa, 0x10, 0x1d, 0xff, 0xff, 0xfd,
    0x19, 0xfd, 0x20, 0x2d, 0xf9, 0xef, 0x30, 0x0,
    0x3f, 0xef, 0xf0, 0x0, 0x0, 0xff, 0xdf, 0x40,
    0x0, 0x4f, 0xd8, 0xfe, 0x40, 0x4e, 0xf8, 0xc,
    0xff, 0xff, 0xfc, 0x0, 0x8, 0xdf, 0xd8, 0x0,

    /* U+F22B "" */
    0x0, 0x2, 0x42, 0x0, 0x0, 0x0, 0x0, 0x0,
    0x2, 0xcf, 0xff, 0xc2, 0x0, 0x0, 0x0, 0x0,
    0x2e, 0xfe, 0xce, 0xfe, 0x10, 0x0, 0x0, 0x0,
    0xaf, 0xb0, 0x0, 0xbf, 0x92, 0xc9, 0x66, 0x0,
    0xef, 0x20, 0x0, 0x2f, 0xfd, 0xff, 0xef, 0x60,
    0xff, 0x0, 0x0, 0xf, 0xff, 0xff, 0xff, 0xc0,
    0xcf, 0x60, 0x0, 0x6f, 0xc6, 0xfd, 0x9c, 0x10,
    0x5f, 0xf8, 0x58, 0xff, 0x50, 0x32, 0x10, 0x0,
    0x8, 0xff, 0xff, 0xf8, 0x0, 0x0, 0x0, 0x0,
    0x0, 0x39, 0xb9, 0x30, 0x0, 0x0, 0x0, 0x0,

    /* U+F22C "" */
    0x1, 0x9e, 0xfc, 0x50, 0x0, 0xdf, 0xff, 0xff,
    0x70, 0x8f, 0xd3, 0x17, 0xff, 0x2e, 0xf3, 0x0,
    0xa, 0xf7, 0xff, 0x0, 0x0, 0x7f, 0x8d, 0xf3,
    0x0, 0xa, 0xf6, 0x8f, 0xd3, 0x7, 0xff, 0x10,
    0xcf, 0xff, 0xff, 0x60, 0x0, 0x8f, 0xfc, 0x40,
    0x0, 0x0, 0xbf, 0x40, 0x0, 0x0, 0xb, 0xf4,
    0x0, 0x0, 0x0, 0xbf, 0x40, 0x0, 0x0, 0xb,
    0xf4, 0x0, 0x0, 0x0, 0xaf, 0x30, 0x0,

    /* U+F22D "" */
    0x0, 0x2, 0x42, 0x0, 0x0, 0x2c, 0xff, 0xfc,
    0x20, 0x2e, 0xfe, 0xce, 0xfe, 0x2a, 0xfb, 0x0,
    0xb, 0xfa, 0xef, 0x20, 0x0, 0x2f, 0xef, 0xf0,
    0x0, 0x1, 0xff, 0xcf, 0x60, 0x0, 0x6f, 0xc5,
    0xff, 0x85, 0x8f, 0xf5, 0x8, 0xff, 0xff, 0xf8,
    0x0, 0x3, 0x9b, 0x93, 0x0,

    /* U+F233 "" */
    0xcf, 0xff, 0xff, 0xff, 0xff, 0xff, 0xff, 0xfc,
    0xff, 0xff, 0xff, 0xff, 0xff, 0xe5, 0xd5, 0xef,
    0xff, 0xff, 0xff, 0xff, 0xff, 0xe5, 0xd5, 0xef,
    0xcf, 0xff, 0xff, 0xff, 0xff, 0xff, 0xff, 0xfc,
    0x0, 0x0, 0x0, 0x0, 0x0, 0x0, 0x0, 0x0,
    0xcf, 0xff, 0xff, 0xff, 0xff, 0xff, 0xff, 0xfc,
    0xff, 0xff, 0xff, 0xff, 0xff, 0xe5, 0xd5, 0xef,
    0xff, 0xff, 0xff, 0xff, 0xff, 0xe5, 0xd5, 0xef,
    0xcf, 0xff, 0xff, 0xff, 0xff, 0xff, 0xff, 0xfc,
    0x0, 0x0, 0x0, 0x0, 0x0, 0x0, 0x0, 0x0,
    0xcf, 0xff, 0xff, 0xff, 0xff, 0xff, 0xff, 0xfc,
    0xff, 0xff, 0xff, 0xff, 0xff, 0xe5, 0xd5, 0xef,
    0xff, 0xff, 0xff, 0xff, 0xff, 0xe5, 0xd5, 0xef,
    0xcf, 0xff, 0xff, 0xff, 0xff, 0xff, 0xff, 0xfc,

    /* U+F234 "" */
    0x0, 0x0, 0x2b, 0xff, 0xb2, 0x0, 0x0, 0x0,
    0x0, 0x0, 0x0, 0x2, 0xef, 0xff, 0xfe, 0x20,
    0x0, 0x0, 0x0, 0x0, 0x0, 0xb, 0xff, 0xff,
    0xff, 0xb0, 0x0, 0x0, 0x0, 0x0, 0x0, 0xf,
    0xff, 0xff, 0xff, 0xf0, 0x0, 0x0, 0x0, 0x0,
    0x0, 0xf, 0xff, 0xff, 0xff, 0xf0, 0x0, 0x6,
    0xf6, 0x0, 0x0, 0xb, 0xff, 0xff, 0xff, 0xb0,
    0x0, 0x8, 0xf8, 0x0, 0x0, 0x2, 0xef, 0xff,
    0xfe, 0x20, 0x6, 0x8c, 0xfc, 0x86, 0x0, 0x0,
    0x2b, 0xff, 0xb2, 0x0, 0xf, 0xff, 0xff, 0xff,
    0x0, 0x0, 0x0, 0x0, 0x0, 0x0, 0x6, 0x8c,
    0xfc, 0x86, 0x1, 0x9e, 0xfb, 0x88, 0xbf, 0xe9,
    0x10, 0x8, 0xf8, 0x0, 0x1e, 0xff, 0xff, 0xff,
    0xff, 0xff, 0xe1, 0x6, 0xf6, 0x0, 0x9f, 0xff,
    0xff, 0xff, 0xff, 0xff, 0xf9, 0x0, 0x0, 0x0,
    0xef, 0xff, 0xff, 0xff, 0xff, 0xff, 0xfe, 0x0,
    0x0, 0x0, 0xff, 0xff, 0xff, 0xff, 0xff, 0xff,
    0xff, 0x0, 0x0, 0x0, 0xff, 0xff, 0xff, 0xff,
    0xff, 0xff, 0xff, 0x0, 0x0, 0x0, 0x8f, 0xff,
    0xff, 0xff, 0xff, 0xff, 0xf8, 0x0, 0x0, 0x0,

    /* U+F235 "" */
    0x0, 0x0, 0x2b, 0xff, 0xb2, 0x0, 0x0, 0x0,
    0x0, 0x0, 0x0, 0x0, 0x2e, 0xff, 0xff, 0xe2,
    0x0, 0x0, 0x0, 0x0, 0x0, 0x0, 0xb, 0xff,
    0xff, 0xff, 0xb0, 0x0, 0x0, 0x0, 0x0, 0x0,
    0x0, 0xff, 0xff, 0xff, 0xff, 0x0, 0x0, 0x0,
    0x0, 0x0, 0x0, 0xf, 0xff, 0xff, 0xff, 0xf0,
    0x0, 0x15, 0x0, 0x51, 0x0, 0x0, 0xbf, 0xff,
    0xff, 0xfb, 0x0, 0xd, 0xf6, 0x6f, 0xd0, 0x0,
    0x2, 0xef, 0xff, 0xfe, 0x20, 0x0, 0x6f, 0xff,
    0xf6, 0x0, 0x0, 0x2, 0xbf, 0xfb, 0x20, 0x0,
    0x0, 0xaf, 0xfa, 0x0, 0x0, 0x0, 0x0, 0x0,
    0x0, 0x0, 0x0, 0x6f, 0xff, 0xf6, 0x0, 0x19,
    0xef, 0xb8, 0x8b, 0xfe, 0x91, 0xd, 0xf6, 0x6f,
    0xd0, 0x1e, 0xff, 0xff, 0xff, 0xff, 0xff, 0xe1,
    0x15, 0x0, 0x51, 0x9, 0xff, 0xff, 0xff, 0xff,
    0xff, 0xff, 0x90, 0x0, 0x0, 0x0, 0xef, 0xff,
    0xff, 0xff, 0xff, 0xff, 0xfe, 0x0, 0x0, 0x0,
    0xf, 0xff, 0xff, 0xff, 0xff, 0xff, 0xff, 0xf0,
    0x0, 0x0, 0x0, 0xff, 0xff, 0xff, 0xff, 0xff,
    0xff, 0xff, 0x0, 0x0, 0x0, 0x8, 0xff, 0xff,
    0xff, 0xff, 0xff, 0xff, 0x80, 0x0, 0x0, 0x0,

    /* U+F236 "" */
    0xee, 0x0, 0x0, 0x0, 0x0, 0x0, 0x0, 0x0,
    0x0, 0x0, 0xff, 0x1, 0xbf, 0xb1, 0x0, 0x0,
    0x0, 0x0, 0x0, 0x0, 0xff, 0xb, 0xff, 0xfb,
    0xe, 0xff, 0xff, 0xff, 0xfd, 0x50, 0xff, 0xf,
    0xff, 0xff, 0xf, 0xff, 0xff, 0xff, 0xff, 0xf5,
    0xff, 0xb, 0xff, 0xfb, 0xf, 0xff, 0xff, 0xff,
    0xff, 0xfd, 0xff, 0x1, 0xbf, 0xb1, 0xf, 0xff,
    0xff, 0xff, 0xff, 0xff, 0xff, 0x0, 0x0, 0x0,
    0xf, 0xff, 0xff, 0xff, 0xff, 0xff, 0xff, 0xff,
    0xff, 0xff, 0xff, 0xff, 0xff, 0xff, 0xff, 0xff,
    0xff, 0xff, 0xff, 0xff, 0xff, 0xff, 0xff, 0xff,
    0xff, 0xff, 0xff, 0xff, 0xff, 0xff, 0xff, 0xff,
    0xff, 0xff, 0xff, 0xff, 0xff, 0x0, 0x0, 0x0,
    0x0, 0x0, 0x0, 0x0, 0x0, 0xff, 0xee, 0x0,
    0x0, 0x0, 0x0, 0x0, 0x0, 0x0, 0x0, 0xee,

    /* U+F238 "" */
    0x3, 0xbe, 0xff, 0xff, 0xff, 0xeb, 0x30, 0x6f,
    0xff, 0xff, 0xff, 0xff, 0xff, 0xf6, 0xef, 0xff,
    0xff, 0xff, 0xff, 0xff, 0xfe, 0xfa, 0x0, 0x0,
    0x0, 0x0, 0x0, 0xaf, 0xf8, 0x0, 0x0, 0x0,
    0x0, 0x0, 0x8f, 0xf8, 0x0, 0x0, 0x0, 0x0,
    0x0, 0x8f, 0xf8, 0x0, 0x0, 0x0, 0x0, 0x0,
    0x8f, 0xfa, 0x0, 0x0, 0x0, 0x0, 0x0, 0xaf,
    0xff, 0xff, 0xff, 0xff, 0xff, 0xff, 0xff, 0xff,
    0xff, 0xfe, 0x65, 0xef, 0xff, 0xff, 0xff, 0xff,
    0xf5, 0x0, 0x5f, 0xff, 0xff, 0xef, 0xff, 0xf5,
    0x0, 0x6f, 0xff, 0xfe, 0x6f, 0xff, 0xfe, 0x55,
    0xef, 0xff, 0xf6, 0x3, 0xbe, 0xff, 0xff, 0xff,
    0xeb, 0x30, 0x0, 0x8, 0xff, 0xff, 0xff, 0x80,
    0x0, 0x0, 0xbf, 0xff, 0xff, 0xff, 0xfb, 0x0,

    /* U+F239 "" */
    0x3, 0xbe, 0xff, 0xff, 0xff, 0xeb, 0x30, 0x6f,
    0xff, 0xff, 0xff, 0xff, 0xff, 0xf6, 0xef, 0xff,
    0xff, 0xff, 0xff, 0xff, 0xfe, 0xfa, 0x0, 0x1,
    0xfb, 0x0, 0x0, 0xaf, 0xf8, 0x0, 0x0, 0xe9,
    0x0, 0x0, 0x8f, 0xf8, 0x0, 0x0, 0xe9, 0x0,
    0x0, 0x8f, 0xf8, 0x0, 0x0, 0xe9, 0x0, 0x0,
    0x8f, 0xfa, 0x0, 0x1, 0xfb, 0x0, 0x0, 0xaf,
    0xff, 0xff, 0xff, 0xff, 0xff, 0xff, 0xff, 0xfd,
    0x13, 0xff, 0xff, 0xfc, 0x12, 0xdf, 0xf8, 0x0,
    0xbf, 0xff, 0xf6, 0x0, 0x8f, 0xed, 0x13, 0xff,
    0xff, 0xfc, 0x12, 0xde, 0x6f, 0xff, 0xff, 0xff,
    0xff, 0xff, 0xf6, 0x4, 0xbe, 0xff, 0xff, 0xff,
    0xeb, 0x30, 0x0, 0xa, 0xff, 0xff, 0xff, 0x70,
    0x0, 0x0, 0xdf, 0xff, 0xff, 0xff, 0xf9, 0x0,

    /* U+F240 "" */
    0x8f, 0xff, 0xff, 0xff, 0xff, 0xff, 0xff, 0xff,
    0xff, 0x80, 0xff, 0xff, 0xff, 0xff, 0xff, 0xff,
    0xff, 0xff, 0xff, 0xf0, 0xff, 0x0, 0x0, 0x0,
    0x0, 0x0, 0x0, 0x0, 0xf, 0xfd, 0xff, 0xf,
    0xff, 0xff, 0xff, 0xff, 0xff, 0xff, 0xf, 0xff,
    0xff, 0xf, 0xff, 0xff, 0xff, 0xff, 0xff, 0xff,
    0x0, 0xff, 0xff, 0xf, 0xff, 0xff, 0xff, 0xff,
    0xff, 0xff, 0x0, 0xff, 0xff, 0xf, 0xff, 0xff,
    0xff, 0xff, 0xff, 0xff, 0xf, 0xff, 0xff, 0x0,
    0x0, 0x0, 0x0, 0x0, 0x0, 0x0, 0xf, 0xfd,
    0xff, 0xff, 0xff, 0xff, 0xff, 0xff, 0xff, 0xff,
    0xff, 0xf0, 0x8f, 0xff, 0xff, 0xff, 0xff, 0xff,
    0xff, 0xff, 0xff, 0x80,

    /* U+F241 "" */
    0x8f, 0xff, 0xff, 0xff, 0xff, 0xff, 0xff, 0xff,
    0xff, 0x80, 0xff, 0xff, 0xff, 0xff, 0xff, 0xff,
    0xff, 0xff, 0xff, 0xf0, 0xff, 0x0, 0x0, 0x0,
    0x0, 0x0, 0x0, 0x0, 0xf, 0xfd, 0xff, 0xf,
    0xff, 0xff, 0xff, 0xff, 0xf0, 0x0, 0xf, 0xff,
    0xff, 0xf, 0xff, 0xff, 0xff, 0xff, 0xf0, 0x0,
    0x0, 0xff, 0xff, 0xf, 0xff, 0xff, 0xff, 0xff,
    0xf0, 0x0, 0x0, 0xff, 0xff, 0xf, 0xff, 0xff,
    0xff, 0xff, 0xf0, 0x0, 0xf, 0xff, 0xff, 0x0,
    0x0, 0x0, 0x0, 0x0, 0x0, 0x0, 0xf, 0xfd,
    0xff, 0xff, 0xff, 0xff, 0xff, 0xff, 0xff, 0xff,
    0xff, 0xf0, 0x8f, 0xff, 0xff, 0xff, 0xff, 0xff,
    0xff, 0xff, 0xff, 0x80,

    /* U+F242 "" */
    0x8f, 0xff, 0xff, 0xff, 0xff, 0xff, 0xff, 0xff,
    0xff, 0x80, 0xff, 0xff, 0xff, 0xff, 0xff, 0xff,
    0xff, 0xff, 0xff, 0xf0, 0xff, 0x0, 0x0, 0x0,
    0x0, 0x0, 0x0, 0x0, 0xf, 0xfd, 0xff, 0xf,
    0xff, 0xff, 0xff, 0x0, 0x0, 0x0, 0xf, 0xff,
    0xff, 0xf, 0xff, 0xff, 0xff, 0x0, 0x0, 0x0,
    0x0, 0xff, 0xff, 0xf, 0xff, 0xff, 0xff, 0x0,
    0x0, 0x0, 0x0, 0xff, 0xff, 0xf, 0xff, 0xff,
    0xff, 0x0, 0x0, 0x0, 0xf, 0xff, 0xff, 0x0,
    0x0, 0x0, 0x0, 0x0, 0x0, 0x0, 0xf, 0xfd,
    0xff, 0xff, 0xff, 0xff, 0xff, 0xff, 0xff, 0xff,
    0xff, 0xf0, 0x8f, 0xff, 0xff, 0xff, 0xff, 0xff,
    0xff, 0xff, 0xff, 0x80,

    /* U+F243 "" */
    0x8f, 0xff, 0xff, 0xff, 0xff, 0xff, 0xff, 0xff,
    0xff, 0x80, 0xff, 0xff, 0xff, 0xff, 0xff, 0xff,
    0xff, 0xff, 0xff, 0xf0, 0xff, 0x0, 0x0, 0x0,
    0x0, 0x0, 0x0, 0x0, 0xf, 0xfd, 0xff, 0xf,
    0xff, 0xf0, 0x0, 0x0, 0x0, 0x0, 0xf, 0xff,
    0xff, 0xf, 0xff, 0xf0, 0x0, 0x0, 0x0, 0x0,
    0x0, 0xff, 0xff, 0xf, 0xff, 0xf0, 0x0, 0x0,
    0x0, 0x0, 0x0, 0xff, 0xff, 0xf, 0xff, 0xf0,
    0x0, 0x0, 0x0, 0x0, 0xf, 0xff, 0xff, 0x0,
    0x0, 0x0, 0x0, 0x0, 0x0, 0x0, 0xf, 0xfd,
    0xff, 0xff, 0xff, 0xff, 0xff, 0xff, 0xff, 0xff,
    0xff, 0xf0, 0x8f, 0xff, 0xff, 0xff, 0xff, 0xff,
    0xff, 0xff, 0xff, 0x80,

    /* U+F244 "" */
    0x8f, 0xff, 0xff, 0xff, 0xff, 0xff, 0xff, 0xff,
    0xff, 0x80, 0xff, 0xff, 0xff, 0xff, 0xff, 0xff,
    0xff, 0xff, 0xff, 0xf0, 0xff, 0x0, 0x0, 0x0,
    0x0, 0x0, 0x0, 0x0, 0xf, 0xfd, 0xff, 0x0,
    0x0, 0x0, 0x0, 0x0, 0x0, 0x0, 0xf, 0xff,
    0xff, 0x0, 0x0, 0x0, 0x0, 0x0, 0x0, 0x0,
    0x0, 0xff, 0xff, 0x0, 0x0, 0x0, 0x0, 0x0,
    0x0, 0x0, 0x0, 0xff, 0xff, 0x0, 0x0, 0x0,
    0x0, 0x0, 0x0, 0x0, 0xf, 0xff, 0xff, 0x0,
    0x0, 0x0, 0x0, 0x0, 0x0, 0x0, 0xf, 0xfd,
    0xff, 0xff, 0xff, 0xff, 0xff, 0xff, 0xff, 0xff,
    0xff, 0xf0, 0x8f, 0xff, 0xff, 0xff, 0xff, 0xff,
    0xff, 0xff, 0xff, 0x80,

    /* U+F245 "" */
    0x0, 0x0, 0x0, 0x0, 0x0, 0xe, 0x40, 0x0,
    0x0, 0x0, 0x0, 0xff, 0x40, 0x0, 0x0, 0x0,
    0xf, 0xff, 0x40, 0x0, 0x0, 0x0, 0xff, 0xff,
    0x30, 0x0, 0x0, 0xf, 0xff, 0xff, 0x30, 0x0,
    0x0, 0xff, 0xff, 0xfe, 0x30, 0x0, 0xf, 0xff,
    0xff, 0xfe, 0x20, 0x0, 0xff, 0xff, 0xff, 0xfe,
    0x20, 0xf, 0xff, 0xff, 0xff, 0xfe, 0x20, 0xff,
    0xff, 0xff, 0xff, 0xfd, 0xf, 0xff, 0xff, 0xf7,
    0x44, 0x30, 0xff, 0xfe, 0xff, 0xa0, 0x0, 0xf,
    0xfc, 0x1f, 0xff, 0x10, 0x0, 0xfc, 0x0, 0x9f,
    0xf7, 0x0, 0x7, 0x0, 0x2, 0xff, 0xd0, 0x0,
    0x0, 0x0, 0xb, 0xc4, 0x0, 0x0, 0x0, 0x0,
    0x0, 0x0, 0x0,

    /* U+F246 "" */
    0xfe, 0xa2, 0x3b, 0xff, 0xff, 0xff, 0xff, 0xff,
    0x1, 0x8f, 0xf9, 0x10, 0x0, 0xf, 0xf0, 0x0,
    0x0, 0xf, 0xf0, 0x0, 0x0, 0xf, 0xf0, 0x0,
    0x0, 0xf, 0xf0, 0x0, 0x7, 0xff, 0xff, 0x70,
    0x7, 0xff, 0xff, 0x70, 0x0, 0xf, 0xf0, 0x0,
    0x0, 0xf, 0xf0, 0x0, 0x0, 0xf, 0xf0, 0x0,
    0x0, 0xf, 0xf0, 0x0, 0x1, 0x9f, 0xf8, 0x10,
    0xff, 0xff, 0xff, 0xff, 0xff, 0xb3, 0x2a, 0xef,

    /* U+F247 "" */
    0xff, 0x0, 0x0, 0x0, 0x0, 0x0, 0x0, 0xff,
    0xff, 0xff, 0xff, 0xff, 0xff, 0xff, 0xff, 0xff,
    0xf, 0xff, 0xff, 0xff, 0xff, 0xff, 0xff, 0xf0,
    0xf, 0xf0, 0x0, 0x0, 0xf, 0xff, 0xff, 0xf0,
    0xf, 0xf0, 0x0, 0x0, 0xf, 0xff, 0xff, 0xf0,
    0xf, 0xf0, 0x0, 0x0, 0xf, 0xff, 0xff, 0xf0,
    0xf, 0xf0, 0x0, 0x0, 0xf, 0x0, 0xf, 0xf0,
    0xf, 0xf0, 0x0, 0x0, 0xf, 0x0, 0xf, 0xf0,
    0xf, 0xff, 0xff, 0xff, 0xfd, 0x0, 0xf, 0xf0,
    0xf, 0xff, 0xff, 0xf0, 0x0, 0x0, 0xf, 0xf0,
    0xf, 0xff, 0xff, 0xf0, 0x0, 0x0, 0xf, 0xf0,
    0xf, 0xff, 0xff, 0xff, 0xff, 0xff, 0xff, 0xf0,
    0xff, 0xff, 0xff, 0xff, 0xff, 0xff, 0xff, 0xff,
    0xff, 0x0, 0x0, 0x0, 0x0, 0x0, 0x0, 0xff,

    /* U+F248 "" */
    0xff, 0x0, 0x0, 0x0, 0x0, 0xf, 0xf0, 0x0,
    0x0, 0xff, 0xff, 0xff, 0xff, 0xff, 0xff, 0xf0,
    0x0, 0x0, 0xf, 0xff, 0xff, 0xff, 0xff, 0xff,
    0x0, 0x0, 0x0, 0xf, 0xff, 0xff, 0xff, 0xff,
    0xff, 0x0, 0x0, 0x0, 0xf, 0xff, 0xff, 0xff,
    0xff, 0xff, 0x0, 0x0, 0xff, 0xf, 0xff, 0xff,
    0xff, 0xff, 0xff, 0x4f, 0xff, 0xff, 0xf, 0xff,
    0xff, 0xff, 0xff, 0xff, 0x4f, 0xff, 0xf0, 0xf,
    0xff, 0xff, 0xff, 0xff, 0xff, 0x19, 0xff, 0xf0,
    0xff, 0xff, 0xff, 0xff, 0xff, 0xff, 0xf4, 0xff,
    0xf0, 0xff, 0x0, 0x0, 0x44, 0x44, 0x1f, 0xf4,
    0xff, 0xf0, 0x0, 0x0, 0x0, 0xff, 0xff, 0x94,
    0x49, 0xff, 0xf0, 0x0, 0x0, 0x0, 0xff, 0xff,
    0xff, 0xff, 0xff, 0xf0, 0x0, 0x0, 0xf, 0xff,
    0xff, 0xff, 0xff, 0xff, 0xff, 0x0, 0x0, 0xf,
    0xf0, 0x0, 0x0, 0x0, 0x0, 0xff,

    /* U+F249 "" */
    0xdf, 0xff, 0xff, 0xff, 0xff, 0xff, 0xfd, 0xff,
    0xff, 0xff, 0xff, 0xff, 0xff, 0xff, 0xff, 0xff,
    0xff, 0xff, 0xff, 0xff, 0xff, 0xff, 0xff, 0xff,
    0xff, 0xff, 0xff, 0xff, 0xff, 0xff, 0xff, 0xff,
    0xff, 0xff, 0xff, 0xff, 0xff, 0xff, 0xff, 0xff,
    0xff, 0xff, 0xff, 0xff, 0xff, 0xff, 0xff, 0xff,
    0xff, 0xff, 0xff, 0xff, 0xff, 0xff, 0xff, 0xff,
    0xff, 0xff, 0xff, 0xff, 0xff, 0xff, 0xff, 0xff,
    0xff, 0xff, 0xff, 0xf2, 0x0, 0x0, 0xff, 0xff,
    0xff, 0xff, 0xf0, 0xff, 0xfd, 0xff, 0xff, 0xff,
    0xff, 0xf0, 0xff, 0xe1, 0xff, 0xff, 0xff, 0xff,
    0xf0, 0xfe, 0x10, 0xdf, 0xff, 0xff, 0xff, 0xf0,
    0xd1, 0x0,

    /* U+F24D "" */
    0x0, 0x0, 0x8f, 0xff, 0xff, 0xff, 0xff, 0xf8,
    0x0, 0x0, 0xff, 0xff, 0xff, 0xff, 0xff, 0xff,
    0x0, 0x0, 0xff, 0xff, 0xff, 0xff, 0xff, 0xff,
    0x0, 0x0, 0xff, 0xff, 0xff, 0xff, 0xff, 0xff,
    0x8f, 0xf0, 0xff, 0xff, 0xff, 0xff, 0xff, 0xff,
    0xff, 0xf0, 0xff, 0xff, 0xff, 0xff, 0xff, 0xff,
    0xff, 0xf0, 0xff, 0xff, 0xff, 0xff, 0xff, 0xff,
    0xff, 0xf0, 0xff, 0xff, 0xff, 0xff, 0xff, 0xff,
    0xff, 0xf0, 0xff, 0xff, 0xff, 0xff, 0xff, 0xff,
    0xff, 0xf0, 0xff, 0xff, 0xff, 0xff, 0xff, 0xff,
    0xff, 0xf0, 0xff, 0xff, 0xff, 0xff, 0xff, 0xff,
    0xff, 0xf4, 0x8f, 0xff, 0xff, 0xff, 0xff, 0xf8,
    0xff, 0xfe, 0x40, 0x0, 0x0, 0x0, 0x0, 0x0,
    0xff, 0xff, 0xff, 0xff, 0xff, 0xff, 0x0, 0x0,
    0xff, 0xff, 0xff, 0xff, 0xff, 0xff, 0x0, 0x0,
    0x8f, 0xff, 0xff, 0xff, 0xff, 0xf8, 0x0, 0x0,

    /* U+F24E "" */
    0x0, 0x0, 0x0, 0x0, 0x6e, 0xe7, 0x0, 0x0,
    0x0, 0x0, 0x0, 0x0, 0xef, 0xff, 0xff, 0xff,
    0xff, 0xff, 0xff, 0x0, 0x0, 0x0, 0xe, 0xff,
    0xff, 0xff, 0xff, 0xff, 0xff, 0xf0, 0x0, 0x0,
    0x0, 0x0, 0x0, 0x2f, 0xff, 0xf3, 0x0, 0x0,
    0x0, 0x0, 0x0, 0x1d, 0xd2, 0x0, 0x6f, 0xf7,
    0x0, 0x1d, 0xd2, 0x0, 0x0, 0xa, 0xfe, 0xb0,
    0x0, 0xff, 0x0, 0xa, 0xfe, 0xb0, 0x0, 0x2,
    0xf8, 0x7f, 0x30, 0xf, 0xf0, 0x2, 0xf8, 0x7f,
    0x30, 0x0, 0xaf, 0x10, 0xeb, 0x0, 0xff, 0x0,
    0xaf, 0x10, 0xeb, 0x0, 0x2f, 0x80, 0x7, 0xf3,
    0xf, 0xf0, 0x2f, 0x80, 0x7, 0xf3, 0xa, 0xf1,
    0x0, 0xe, 0xb0, 0xff, 0xa, 0xf1, 0x0, 0xe,
    0xb0, 0xef, 0xff, 0xff, 0xff, 0xf, 0xf0, 0xef,
    0xff, 0xff, 0xff, 0x9, 0xff, 0xff, 0xff, 0xa0,
    0xff, 0x9, 0xff, 0xff, 0xff, 0xa0, 0x6, 0xcf,
    0xfc, 0x60, 0xf, 0xf0, 0x6, 0xcf, 0xfc, 0x60,
    0x0, 0x0, 0x0, 0x0, 0x0, 0xff, 0x0, 0x0,
    0x0, 0x0, 0x0, 0x0, 0xe, 0xff, 0xff, 0xff,
    0xff, 0xff, 0xff, 0xf0, 0x0, 0x0, 0x0, 0xef,
    0xff, 0xff, 0xff, 0xff, 0xff, 0xff, 0x0, 0x0,

    /* U+F251 "" */
    0xdf, 0xff, 0xff, 0xff, 0xff, 0xfd, 0xdf, 0xff,
    0xff, 0xff, 0xff, 0xfd, 0x3f, 0xff, 0xff, 0xff,
    0xff, 0xf3, 0x1f, 0xff, 0xff, 0xff, 0xff, 0xf1,
    0xc, 0xff, 0xff, 0xff, 0xff, 0xc0, 0x5, 0xff,
    0xff, 0xff, 0xff, 0x50, 0x0, 0x9f, 0xff, 0xff,
    0xf9, 0x0, 0x0, 0x7, 0xff, 0xff, 0x70, 0x0,
    0x0, 0x7, 0xef, 0xfe, 0x70, 0x0, 0x0, 0x9f,
    0xe9, 0x9e, 0xf9, 0x0, 0x5, 0xfe, 0x10, 0x1,
    0xef, 0x50, 0xc, 0xf5, 0x0, 0x0, 0x6f, 0xc0,
    0x1f, 0xf0, 0x0, 0x0, 0xf, 0xf1, 0x3f, 0xd0,
    0x0, 0x0, 0xd, 0xf3, 0xdf, 0xff, 0xff, 0xff,
    0xff, 0xfd, 0xdf, 0xff, 0xff, 0xff, 0xff, 0xfd,

    /* U+F252 "" */
    0xdf, 0xff, 0xff, 0xff, 0xff, 0xfd, 0xdf, 0xff,
    0xff, 0xff, 0xff, 0xfd, 0x3f, 0xc0, 0x0, 0x0,
    0xc, 0xf3, 0x1f, 0xf0, 0x0, 0x0, 0xf, 0xf1,
    0xc, 0xff, 0xff, 0xff, 0xff, 0xc0, 0x5, 0xff,
    0xff, 0xff, 0xff, 0x50, 0x0, 0x9f, 0xff, 0xff,
    0xf9, 0x0, 0x0, 0x7, 0xff, 0xff, 0x70, 0x0,
    0x0, 0x7, 0xef, 0xfe, 0x70, 0x0, 0x0, 0x9f,
    0xf9, 0x9f, 0xf9, 0x0, 0x5, 0xfe, 0x20, 0x2,
    0xef, 0x50, 0xc, 0xf5, 0x0, 0x0, 0x5f, 0xc0,
    0x1f, 0xff, 0xff, 0xff, 0xff, 0xf1, 0x3f, 0xff,
    0xff, 0xff, 0xff, 0xf3, 0xdf, 0xff, 0xff, 0xff,
    0xff, 0xfd, 0xdf, 0xff, 0xff, 0xff, 0xff, 0xfd,

    /* U+F253 "" */
    0xdf, 0xff, 0xff, 0xff, 0xff, 0xfd, 0xdf, 0xff,
    0xff, 0xff, 0xff, 0xfd, 0x3f, 0xd0, 0x0, 0x0,
    0xd, 0xf3, 0x1f, 0xf0, 0x0, 0x0, 0xf, 0xf1,
    0xc, 0xf5, 0x0, 0x0, 0x6f, 0xc0, 0x5, 0xfe,
    0x10, 0x1, 0xef, 0x50, 0x0, 0x9f, 0xe9, 0x9e,
    0xf9, 0x0, 0x0, 0x7, 0xff, 0xff, 0x70, 0x0,
    0x0, 0x7, 0xef, 0xfe, 0x70, 0x0, 0x0, 0x9f,
    0xff, 0xff, 0xf9, 0x0, 0x5, 0xff, 0xff, 0xff,
    0xff, 0x50, 0xc, 0xff, 0xff, 0xff, 0xff, 0xc0,
    0x1f, 0xff, 0xff, 0xff, 0xff, 0xf1, 0x3f, 0xff,
    0xff, 0xff, 0xff, 0xf3, 0xdf, 0xff, 0xff, 0xff,
    0xff, 0xfd, 0xdf, 0xff, 0xff, 0xff, 0xff, 0xfd,

    /* U+F254 "" */
    0xdf, 0xff, 0xff, 0xff, 0xff, 0xfd, 0xdf, 0xff,
    0xff, 0xff, 0xff, 0xfd, 0x3f, 0xff, 0xff, 0xff,
    0xff, 0xf3, 0x1f, 0xff, 0xff, 0xff, 0xff, 0xf1,
    0xc, 0xff, 0xff, 0xff, 0xff, 0xc0, 0x5, 0xff,
    0xff, 0xff, 0xff, 0x50, 0x0, 0x9f, 0xff, 0xff,
    0xf9, 0x0, 0x0, 0x7, 0xff, 0xff, 0x70, 0x0,
    0x0, 0x7, 0xef, 0xfe, 0x70, 0x0, 0x0, 0x9f,
    0xff, 0xff, 0xf9, 0x0, 0x5, 0xff, 0xff, 0xff,
    0xff, 0x50, 0xc, 0xff, 0xff, 0xff, 0xff, 0xc0,
    0x1f, 0xff, 0xff, 0xff, 0xff, 0xf1, 0x3f, 0xff,
    0xff, 0xff, 0xff, 0xf3, 0xdf, 0xff, 0xff, 0xff,
    0xff, 0xfd, 0xdf, 0xff, 0xff, 0xff, 0xff, 0xfd,

    /* U+F255 "" */
    0x0, 0x0, 0x63, 0x2d, 0xd2, 0x36, 0x0, 0x0,
    0x0, 0x9, 0xff, 0x9f, 0xf9, 0xff, 0x92, 0x72,
    0x0, 0xc, 0xff, 0xbf, 0xfc, 0xff, 0xbd, 0xfd,
    0x8f, 0x8c, 0xff, 0xff, 0xff, 0xff, 0xff, 0xff,
    0xff, 0xfc, 0xff, 0xff, 0xff, 0xff, 0xff, 0xff,
    0xff, 0xfc, 0xff, 0xff, 0xff, 0xff, 0xff, 0xff,
    0xff, 0xff, 0xff, 0xff, 0xff, 0xff, 0xff, 0xff,
    0xcf, 0xff, 0xff, 0xff, 0xff, 0xff, 0xff, 0xfe,
    0x3f, 0xff, 0xff, 0xff, 0xff, 0xff, 0xff, 0xfa,
    0x4, 0xff, 0xff, 0xff, 0xff, 0xff, 0xff, 0xf4,
    0x0, 0x3e, 0xff, 0xff, 0xff, 0xff, 0xff, 0xd0,
    0x0, 0x2, 0xdf, 0xff, 0xff, 0xff, 0xff, 0x70,
    0x0, 0x0, 0x2f, 0xff, 0xff, 0xff, 0xff, 0x20,
    0x0, 0x0, 0xd, 0xff, 0xff, 0xff, 0xfd, 0x0,

    /* U+F256 "" */
    0x0, 0x0, 0x0, 0x7f, 0x50, 0x0, 0x0, 0x0,
    0x0, 0x2b, 0x5d, 0xfa, 0x8a, 0x10, 0x0, 0x0,
    0x8, 0xfe, 0xdf, 0xbf, 0xf6, 0x0, 0x0, 0x0,
    0x9f, 0xed, 0xfc, 0xff, 0x60, 0x0, 0x0, 0x9,
    0xfe, 0xdf, 0xcf, 0xf8, 0xdc, 0x0, 0x0, 0x9f,
    0xed, 0xfc, 0xff, 0xbf, 0xf2, 0x0, 0x9, 0xfe,
    0xdf, 0xcf, 0xfc, 0xff, 0x20, 0x0, 0x9f, 0xed,
    0xfc, 0xff, 0xcf, 0xf2, 0x7f, 0x69, 0xff, 0xff,
    0xff, 0xff, 0xff, 0x2b, 0xff, 0xcf, 0xff, 0xff,
    0xff, 0xff, 0xf2, 0x3f, 0xff, 0xff, 0xff, 0xff,
    0xff, 0xff, 0x10, 0x7f, 0xff, 0xff, 0xff, 0xff,
    0xff, 0xf0, 0x0, 0xcf, 0xff, 0xff, 0xff, 0xff,
    0xfb, 0x0, 0x1, 0xef, 0xff, 0xff, 0xff, 0xff,
    0x70, 0x0, 0x4, 0xff, 0xff, 0xff, 0xff, 0xf4,
    0x0, 0x0, 0x7, 0xff, 0xff, 0xff, 0xfb, 0x0,

    /* U+F257 "" */
    0x0, 0xaa, 0x50, 0x0, 0x0, 0x0, 0x0, 0x0,
    0x6, 0xff, 0xfe, 0x82, 0x0, 0x7b, 0x40, 0x0,
    0x3, 0xff, 0xff, 0xff, 0xb8, 0xff, 0xfb, 0x20,
    0x0, 0x28, 0xef, 0xff, 0xff, 0xff, 0xff, 0xf7,
    0x0, 0x0, 0x5, 0xbf, 0xff, 0xff, 0xff, 0xff,
    0x4, 0x44, 0x44, 0x46, 0xff, 0xff, 0xff, 0xff,
    0xcf, 0xff, 0xff, 0xff, 0xff, 0xff, 0xff, 0xff,
    0xef, 0xff, 0xff, 0xff, 0xff, 0xff, 0xff, 0xff,
    0x4b, 0xbb, 0xbb, 0xbc, 0xff, 0xff, 0xff, 0xff,
    0x0, 0x0, 0x1, 0xef, 0xff, 0xff, 0xff, 0xff,
    0x0, 0x0, 0x2, 0xff, 0xff, 0xff, 0xff, 0xff,
    0x0, 0x0, 0x0, 0x29, 0xff, 0xff, 0xff, 0xff,
    0x0, 0x0, 0x0, 0x2f, 0xff, 0xff, 0xff, 0xfa,
    0x0, 0x0, 0x0, 0x1d, 0xff, 0xfc, 0x95, 0x10,

    /* U+F258 "" */
    0xdf, 0xff, 0xff, 0xff, 0xff, 0xfe, 0x40, 0x0,
    0x0, 0xff, 0xff, 0xff, 0xff, 0xff, 0xff, 0xe0,
    0x0, 0x0, 0x6f, 0xff, 0xff, 0xff, 0xff, 0xff,
    0xf9, 0x0, 0x0, 0x0, 0x0, 0x0, 0x0, 0xa,
    0xff, 0xff, 0x30, 0x0, 0x0, 0x0, 0x0, 0x0,
    0xd, 0xff, 0xff, 0xd0, 0x0, 0x0, 0x0, 0x0,
    0x0, 0x5f, 0xff, 0xff, 0xf7, 0x0, 0x0, 0x4e,
    0xff, 0xff, 0xff, 0xff, 0xff, 0xff, 0x20, 0x0,
    0xef, 0xff, 0xff, 0xff, 0xff, 0xff, 0xff, 0xb0,
    0x0, 0xdf, 0xff, 0xff, 0xff, 0xff, 0xff, 0xff,
    0xf5, 0x0, 0x0, 0x0, 0x0, 0x7f, 0xff, 0xff,
    0xff, 0xfd, 0x0, 0x0, 0x0, 0x0, 0x1, 0xbf,
    0xff, 0xff, 0xff, 0x0, 0x0, 0x0, 0x0, 0x0,
    0x6, 0xff, 0xff, 0xff, 0x0, 0x0, 0x0, 0x0,
    0x0, 0x0, 0xff, 0xff, 0xff, 0x0, 0x0, 0x0,
    0x0, 0x0, 0x0, 0xff, 0xff, 0xff,

    /* U+F259 "" */
    0x0, 0x0, 0x1d, 0xd0, 0x0, 0x0, 0x0, 0x0,
    0x0, 0x0, 0x3f, 0xf5, 0x0, 0xd, 0xd0, 0x0,
    0x0, 0x0, 0xf, 0xf9, 0x0, 0x5f, 0xf3, 0x0,
    0x0, 0x6e, 0x6b, 0xfe, 0x0, 0x8f, 0xf3, 0xea,
    0x0, 0xaf, 0xd7, 0xff, 0x20, 0xbf, 0xd9, 0xff,
    0x0, 0x6f, 0xf5, 0xff, 0x60, 0xef, 0x9d, 0xfb,
    0x0, 0x2f, 0xf7, 0xef, 0xa2, 0xff, 0x7f, 0xf8,
    0x0, 0xd, 0xfc, 0xbf, 0xe6, 0xff, 0x8f, 0xf4,
    0x0, 0x8, 0xff, 0xff, 0xff, 0xff, 0xff, 0xf0,
    0x36, 0x4, 0xff, 0xff, 0xff, 0xff, 0xff, 0xc0,
    0xef, 0xb2, 0xff, 0xff, 0xff, 0xff, 0xff, 0x80,
    0xaf, 0xfc, 0xff, 0xff, 0xff, 0xff, 0xff, 0x50,
    0xa, 0xff, 0xff, 0xff, 0xff, 0xff, 0xff, 0x10,
    0x0, 0xaf, 0xff, 0xff, 0xff, 0xff, 0xfd, 0x0,
    0x0, 0x9, 0xff, 0xff, 0xff, 0xff, 0xf5, 0x0,
    0x0, 0x0, 0x5d, 0xff, 0xff, 0xfd, 0x60, 0x0,

    /* U+F25A "" */
    0x0, 0x4, 0xf9, 0x0, 0x0, 0x0, 0x0, 0x0,
    0x0, 0x9f, 0xe0, 0x0, 0x0, 0x0, 0x0, 0x0,
    0x9, 0xfe, 0x0, 0x0, 0x0, 0x0, 0x0, 0x0,
    0x9f, 0xe0, 0x0, 0x0, 0x0, 0x0, 0x0, 0x9,
    0xfe, 0x0, 0x0, 0x0, 0x0, 0x0, 0x0, 0x9f,
    0xe7, 0xf5, 0x46, 0x0, 0x0, 0x0, 0x9, 0xfe,
    0xdf, 0xbf, 0xf6, 0xa8, 0x0, 0x0, 0x9f, 0xfe,
    0xfe, 0xff, 0xdf, 0xf2, 0x7f, 0x69, 0xff, 0xff,
    0xff, 0xff, 0xff, 0x2b, 0xff, 0xcf, 0xff, 0xff,
    0xff, 0xff, 0xf2, 0x3f, 0xff, 0xfe, 0xdf, 0xcf,
    0xfc, 0xff, 0x20, 0x7f, 0xff, 0xed, 0xfc, 0xff,
    0xcf, 0xf0, 0x0, 0xcf, 0xfe, 0xdf, 0xcf, 0xfc,
    0xfb, 0x0, 0x1, 0xef, 0xff, 0xff, 0xff, 0xff,
    0x80, 0x0, 0x4, 0xff, 0xff, 0xff, 0xff, 0xf4,
    0x0, 0x0, 0x8, 0xff, 0xff, 0xff, 0xfc, 0x0,

    /* U+F25B "" */
    0x0, 0x0, 0x0, 0xbe, 0x50, 0x0, 0x0, 0x0,
    0x63, 0x0, 0x3f, 0xfb, 0x0, 0x0, 0x0, 0x9f,
    0xf2, 0x4, 0xff, 0xc0, 0x0, 0x0, 0xa, 0xff,
    0x90, 0x4f, 0xfc, 0x0, 0x0, 0x0, 0x4f, 0xfe,
    0x4, 0xff, 0xc0, 0x0, 0x0, 0x0, 0xef, 0xf5,
    0x4f, 0xfc, 0x3, 0x0, 0x0, 0x7, 0xff, 0xb4,
    0xff, 0xcd, 0xf7, 0x12, 0x0, 0x1f, 0xff, 0x6f,
    0xfc, 0xff, 0xae, 0xf4, 0x0, 0xbf, 0xff, 0xff,
    0xff, 0xff, 0xff, 0x60, 0x8, 0xff, 0xff, 0xff,
    0xff, 0xff, 0xf6, 0x6, 0xff, 0xff, 0xff, 0xff,
    0xff, 0xff, 0x60, 0xaf, 0xff, 0xff, 0xff, 0xff,
    0xff, 0xf3, 0x3, 0xff, 0xff, 0xff, 0xff, 0xff,
    0xff, 0x0, 0xa, 0xff, 0xff, 0xff, 0xff, 0xff,
    0xb0, 0x0, 0x1f, 0xff, 0xff, 0xff, 0xff, 0xf8,
    0x0, 0x0, 0x6f, 0xff, 0xff, 0xff, 0xfe, 0x20,

    /* U+F25C "" */
    0xff, 0xff, 0xff, 0xff, 0x71, 0xff, 0xc0, 0x0,
    0x9f, 0xf3, 0xf, 0xff, 0xff, 0xff, 0xf7, 0x2f,
    0xff, 0x20, 0xe, 0xff, 0x50, 0x11, 0x1f, 0xf8,
    0x11, 0x3, 0xff, 0xf7, 0x4, 0xff, 0xf6, 0x0,
    0x0, 0xff, 0x70, 0x0, 0x5f, 0xff, 0xd0, 0xaf,
    0xff, 0x80, 0x0, 0xf, 0xf7, 0x0, 0x6, 0xfe,
    0xdf, 0x2f, 0xfc, 0xf9, 0x0, 0x0, 0xff, 0x70,
    0x0, 0x7f, 0xe7, 0xfb, 0xfa, 0xbf, 0xa0, 0x0,
    0xf, 0xf7, 0x0, 0x9, 0xfd, 0x2f, 0xff, 0x5a,
    0xfb, 0x0, 0x0, 0xff, 0x70, 0x0, 0xaf, 0xc0,
    0xcf, 0xf0, 0x9f, 0xd0, 0x0, 0xf, 0xf7, 0x0,
    0xb, 0xfb, 0x2, 0x63, 0x8, 0xfe, 0x0, 0x0,
    0xef, 0x60, 0x0, 0xcf, 0x90, 0x0, 0x0, 0x6f,
    0xf0,

    /* U+F25D "" */
    0x0, 0x0, 0x18, 0xce, 0xec, 0x82, 0x0, 0x0,
    0x0, 0x6, 0xff, 0xff, 0xff, 0xff, 0x70, 0x0,
    0x0, 0x8f, 0xff, 0xff, 0xff, 0xff, 0xf9, 0x0,
    0x5, 0xff, 0xf8, 0x66, 0x8b, 0xff, 0xff, 0x60,
    0xe, 0xff, 0xe0, 0x0, 0x0, 0x6f, 0xff, 0xf1,
    0x4f, 0xff, 0xe0, 0x8, 0x60, 0xe, 0xff, 0xf6,
    0x8f, 0xff, 0xe0, 0xd, 0xd0, 0xd, 0xff, 0xfa,
    0xaf, 0xff, 0xe0, 0x2, 0x0, 0x1f, 0xff, 0xfc,
    0xaf, 0xff, 0xe0, 0x0, 0x0, 0xbf, 0xff, 0xfb,
    0x8f, 0xff, 0xe0, 0x7, 0x0, 0x9f, 0xff, 0xfa,
    0x4f, 0xff, 0xe0, 0xd, 0x70, 0x1f, 0xff, 0xf5,
    0xd, 0xff, 0xf0, 0xd, 0xf1, 0x9, 0xff, 0xe0,
    0x4, 0xff, 0xfa, 0x9f, 0xfc, 0x8e, 0xff, 0x50,
    0x0, 0x7f, 0xff, 0xff, 0xff, 0xff, 0xf8, 0x0,
    0x0, 0x5, 0xef, 0xff, 0xff, 0xff, 0x60, 0x0,
    0x0, 0x0, 0x6, 0xbc, 0xdb, 0x71, 0x0, 0x0,

    /* U+F26C "" */
    0x8f, 0xff, 0xff, 0xff, 0xff, 0xff, 0xff, 0xff,
    0xff, 0xf8, 0xff, 0xff, 0xff, 0xff, 0xff, 0xff,
    0xff, 0xff, 0xff, 0xff, 0xff, 0x0, 0x0, 0x0,
    0x0, 0x0, 0x0, 0x0, 0x0, 0xff, 0xff, 0x0,
    0x0, 0x0, 0x0, 0x0, 0x0, 0x0, 0x0, 0xff,
    0xff, 0x0, 0x0, 0x0, 0x0, 0x0, 0x0, 0x0,
    0x0, 0xff, 0xff, 0x0, 0x0, 0x0, 0x0, 0x0,
    0x0, 0x0, 0x0, 0xff, 0xff, 0x0, 0x0, 0x0,
    0x0, 0x0, 0x0, 0x0, 0x0, 0xff, 0xff, 0x0,
    0x0, 0x0, 0x0, 0x0, 0x0, 0x0, 0x0, 0xff,
    0xff, 0x0, 0x0, 0x0, 0x0, 0x0, 0x0, 0x0,
    0x0, 0xff, 0xff, 0x0, 0x0, 0x0, 0x0, 0x0,
    0x0, 0x0, 0x0, 0xff, 0xff, 0x0, 0x0, 0x0,
    0x0, 0x0, 0x0, 0x0, 0x0, 0xff, 0xff, 0xff,
    0xff, 0xff, 0xff, 0xff, 0xff, 0xff, 0xff, 0xff,
    0x8f, 0xff, 0xff, 0xff, 0xff, 0xff, 0xff, 0xff,
    0xff, 0xf8, 0x0, 0x0, 0x0, 0x0, 0xf, 0xf0,
    0x0, 0x0, 0x0, 0x0, 0x0, 0xe, 0xff, 0xff,
    0xff, 0xff, 0xff, 0xff, 0xe0, 0x0, 0x0, 0xe,
    0xff, 0xff, 0xff, 0xff, 0xff, 0xff, 0xe0, 0x0,

    /* U+F271 "" */
    0x0, 0xf, 0xf0, 0x0, 0xf, 0xf0, 0x0, 0x0,
    0xf, 0xf0, 0x0, 0xf, 0xf0, 0x0, 0x8f, 0xff,
    0xff, 0xff, 0xff, 0xff, 0xf8, 0xff, 0xff, 0xff,
    0xff, 0xff, 0xff, 0xff, 0xff, 0xff, 0xff, 0xff,
    0xff, 0xff, 0xff, 0x0, 0x0, 0x0, 0x0, 0x0,
    0x0, 0x0, 0xff, 0xff, 0xff, 0xff, 0xff, 0xff,
    0xff, 0xff, 0xff, 0xff, 0xcc, 0xff, 0xff, 0xff,
    0xff, 0xff, 0xff, 0x0, 0xff, 0xff, 0xff, 0xff,
    0xff, 0xff, 0x0, 0xff, 0xff, 0xff, 0xff, 0xfc,
    0x0, 0x0, 0x0, 0xcf, 0xff, 0xff, 0xfc, 0x0,
    0x0, 0x0, 0xcf, 0xff, 0xff, 0xff, 0xff, 0x0,
    0xff, 0xff, 0xff, 0xff, 0xff, 0xff, 0x0, 0xff,
    0xff, 0xff, 0xff, 0xff, 0xff, 0xcc, 0xff, 0xff,
    0xff, 0x8f, 0xff, 0xff, 0xff, 0xff, 0xff, 0xf8,

    /* U+F272 "" */
    0x0, 0xf, 0xf0, 0x0, 0xf, 0xf0, 0x0, 0x0,
    0xf, 0xf0, 0x0, 0xf, 0xf0, 0x0, 0x8f, 0xff,
    0xff, 0xff, 0xff, 0xff, 0xf8, 0xff, 0xff, 0xff,
    0xff, 0xff, 0xff, 0xff, 0xff, 0xff, 0xff, 0xff,
    0xff, 0xff, 0xff, 0x0, 0x0, 0x0, 0x0, 0x0,
    0x0, 0x0, 0xff, 0xff, 0xff, 0xff, 0xff, 0xff,
    0xff, 0xff, 0xff, 0xff, 0xff, 0xff, 0xff, 0xff,
    0xff, 0xff, 0xff, 0xff, 0xff, 0xff, 0xff, 0xff,
    0xff, 0xff, 0xff, 0xff, 0xff, 0xff, 0xff, 0xfc,
    0x0, 0x0, 0x0, 0xcf, 0xff, 0xff, 0xfc, 0x0,
    0x0, 0x0, 0xcf, 0xff, 0xff, 0xff, 0xff, 0xff,
    0xff, 0xff, 0xff, 0xff, 0xff, 0xff, 0xff, 0xff,
    0xff, 0xff, 0xff, 0xff, 0xff, 0xff, 0xff, 0xff,
    0xff, 0x8f, 0xff, 0xff, 0xff, 0xff, 0xff, 0xf8,

    /* U+F273 "" */
    0x0, 0xf, 0xf0, 0x0, 0xf, 0xf0, 0x0, 0x0,
    0xf, 0xf0, 0x0, 0xf, 0xf0, 0x0, 0x8f, 0xff,
    0xff, 0xff, 0xff, 0xff, 0xf8, 0xff, 0xff, 0xff,
    0xff, 0xff, 0xff, 0xff, 0xff, 0xff, 0xff, 0xff,
    0xff, 0xff, 0xff, 0x0, 0x0, 0x0, 0x0, 0x0,
    0x0, 0x0, 0xff, 0xff, 0xff, 0xff, 0xff, 0xff,
    0xff, 0xff, 0xff, 0xff, 0xff, 0xff, 0xff, 0xff,
    0xff, 0xff, 0x82, 0xee, 0x28, 0xff, 0xff, 0xff,
    0xff, 0x20, 0x22, 0x2, 0xff, 0xff, 0xff, 0xff,
    0xe2, 0x0, 0x2e, 0xff, 0xff, 0xff, 0xff, 0xe2,
    0x0, 0x2e, 0xff, 0xff, 0xff, 0xff, 0x20, 0x22,
    0x2, 0xff, 0xff, 0xff, 0xff, 0x82, 0xee, 0x28,
    0xff, 0xff, 0xff, 0xff, 0xff, 0xff, 0xff, 0xff,
    0xff, 0x8f, 0xff, 0xff, 0xff, 0xff, 0xff, 0xf8,

    /* U+F274 "" */
    0x0, 0xf, 0xf0, 0x0, 0xf, 0xf0, 0x0, 0x0,
    0xf, 0xf0, 0x0, 0xf, 0xf0, 0x0, 0x8f, 0xff,
    0xff, 0xff, 0xff, 0xff, 0xf8, 0xff, 0xff, 0xff,
    0xff, 0xff, 0xff, 0xff, 0xff, 0xff, 0xff, 0xff,
    0xff, 0xff, 0xff, 0x0, 0x0, 0x0, 0x0, 0x0,
    0x0, 0x0, 0xff, 0xff, 0xff, 0xff, 0xff, 0xff,
    0xff, 0xff, 0xff, 0xff, 0xff, 0xff, 0xff, 0xff,
    0xff, 0xff, 0xff, 0xff, 0xd2, 0xbf, 0xff, 0xff,
    0xff, 0xef, 0xfd, 0x10, 0x4f, 0xff, 0xff, 0xf8,
    0xc, 0xd1, 0x3, 0xff, 0xff, 0xff, 0xf6, 0x0,
    0x10, 0x3f, 0xff, 0xff, 0xff, 0xff, 0x50, 0x4,
    0xff, 0xff, 0xff, 0xff, 0xff, 0xf5, 0x4f, 0xff,
    0xff, 0xff, 0xff, 0xff, 0xff, 0xff, 0xff, 0xff,
    0xff, 0x8f, 0xff, 0xff, 0xff, 0xff, 0xff, 0xf8,

    /* U+F275 "" */
    0xdf, 0xff, 0xd0, 0x0, 0x0, 0x0, 0x0, 0x0,
    0xff, 0xff, 0xf0, 0x0, 0x0, 0x0, 0x0, 0x0,
    0xff, 0xff, 0xf0, 0x0, 0x0, 0x0, 0x0, 0x0,
    0xff, 0xff, 0xf0, 0x0, 0x0, 0x0, 0x0, 0x0,
    0xff, 0xff, 0xf0, 0x0, 0x5e, 0x50, 0x1, 0xad,
    0xff, 0xff, 0xf0, 0x1b, 0xff, 0x80, 0x6e, 0xff,
    0xff, 0xff, 0xf7, 0xff, 0xff, 0xac, 0xff, 0xff,
    0xff, 0xff, 0xff, 0xff, 0xff, 0xff, 0xff, 0xff,
    0xff, 0xff, 0xff, 0xff, 0xff, 0xff, 0xff, 0xff,
    0xff, 0xff, 0xff, 0xff, 0xff, 0xff, 0xff, 0xff,
    0xff, 0xff, 0xff, 0xff, 0xff, 0xff, 0xff, 0xff,
    0xff, 0xff, 0xff, 0xff, 0xff, 0xff, 0xff, 0xff,
    0xff, 0xff, 0xff, 0xff, 0xff, 0xff, 0xff, 0xff,
    0xdf, 0xff, 0xff, 0xff, 0xff, 0xff, 0xff, 0xfd,

    /* U+F276 "" */
    0x0, 0x8e, 0xfd, 0x60, 0x0, 0xcf, 0xcc, 0xff,
    0xa0, 0x8f, 0x76, 0xcf, 0xff, 0x5e, 0xd8, 0xff,
    0xff, 0xfa, 0xfb, 0xdf, 0xff, 0xff, 0xce, 0xff,
    0xff, 0xff, 0xfa, 0x8f, 0xff, 0xff, 0xff, 0x50,
    0xcf, 0xff, 0xff, 0xa0, 0x0, 0x8e, 0xfd, 0x60,
    0x0, 0x0, 0x0, 0x0, 0x0, 0x0, 0xb, 0xf4,
    0x0, 0x0, 0x0, 0xbf, 0x40, 0x0, 0x0, 0xb,
    0xf4, 0x0, 0x0, 0x0, 0xbf, 0x40, 0x0, 0x0,
    0xb, 0xf4, 0x0, 0x0, 0x0, 0x4c, 0x0, 0x0,

    /* U+F277 "" */
    0x0, 0x0, 0x0, 0x0, 0xef, 0x0, 0x0, 0x0,
    0x0, 0x0, 0xcf, 0xff, 0xff, 0xff, 0xff, 0xff,
    0xfb, 0x0, 0x0, 0xff, 0xff, 0xff, 0xff, 0xff,
    0xff, 0xff, 0xb0, 0x0, 0xff, 0xff, 0xff, 0xff,
    0xff, 0xff, 0xff, 0xb0, 0x0, 0xcf, 0xff, 0xff,
    0xff, 0xff, 0xff, 0xfb, 0x0, 0x0, 0x0, 0x0,
    0x0, 0x0, 0x0, 0x0, 0x0, 0x0, 0x0, 0x0,
    0x0, 0x0, 0xff, 0x0, 0x0, 0x0, 0x0, 0x0,
    0xaf, 0xff, 0xff, 0xff, 0xff, 0xff, 0xfd, 0x0,
    0xa, 0xff, 0xff, 0xff, 0xff, 0xff, 0xff, 0xff,
    0x0, 0xa, 0xff, 0xff, 0xff, 0xff, 0xff, 0xff,
    0xff, 0x0, 0x0, 0xaf, 0xff, 0xff, 0xff, 0xff,
    0xff, 0xfd, 0x0, 0x0, 0x0, 0x0, 0x0, 0x0,
    0x0, 0x0, 0x0, 0x0, 0x0, 0x0, 0x0, 0x0,
    0xff, 0x0, 0x0, 0x0, 0x0, 0x0, 0x0, 0x0,
    0x0, 0xff, 0x0, 0x0, 0x0, 0x0, 0x0, 0x0,
    0x0, 0x0, 0xff, 0x0, 0x0, 0x0, 0x0, 0x0,
    0x0, 0x0, 0x0, 0xef, 0x0, 0x0, 0x0, 0x0,

    /* U+F279 "" */
    0x0, 0x0, 0x0, 0x0, 0x0, 0x0, 0x0, 0x0,
    0x0, 0x0, 0x6, 0xc0, 0xd7, 0x20, 0x0, 0x0,
    0x2, 0x9d, 0x29, 0xff, 0xf0, 0xff, 0xfd, 0x72,
    0x3, 0xaf, 0xff, 0xef, 0xff, 0xf0, 0xff, 0xff,
    0xff, 0xf, 0xff, 0xff, 0xff, 0xff, 0xf0, 0xff,
    0xff, 0xff, 0xf, 0xff, 0xff, 0xff, 0xff, 0xf0,
    0xff, 0xff, 0xff, 0xf, 0xff, 0xff, 0xff, 0xff,
    0xf0, 0xff, 0xff, 0xff, 0xf, 0xff, 0xff, 0xff,
    0xff, 0xf0, 0xff, 0xff, 0xff, 0xf, 0xff, 0xff,
    0xff, 0xff, 0xf0, 0xff, 0xff, 0xff, 0xf, 0xff,
    0xff, 0xff, 0xff, 0xf0, 0xff, 0xff, 0xff, 0xf,
    0xff, 0xff, 0xff, 0xff, 0xf0, 0xff, 0xff, 0xff,
    0xf, 0xff, 0xff, 0xff, 0xff, 0xf0, 0xff, 0xff,
    0xff, 0xf, 0xff, 0xff, 0xff, 0xff, 0xf0, 0xff,
    0xff, 0xff, 0xf, 0xff, 0xfe, 0xff, 0xfa, 0x30,
    0x28, 0xdf, 0xff, 0xf, 0xff, 0x92, 0xd9, 0x20,
    0x0, 0x0, 0x2, 0x8d, 0xc, 0x60, 0x0, 0x0,
    0x0, 0x0, 0x0, 0x0, 0x0, 0x0, 0x0, 0x0,

    /* U+F27A "" */
    0x4e, 0xff, 0xff, 0xff, 0xff, 0xff, 0xff, 0xe4,
    0xef, 0xff, 0xff, 0xff, 0xff, 0xff, 0xff, 0xfe,
    0xff, 0xff, 0xff, 0xff, 0xff, 0xff, 0xff, 0xff,
    0xff, 0xff, 0xff, 0xff, 0xff, 0xff, 0xff, 0xff,
    0xff, 0xff, 0xff, 0xff, 0xff, 0xff, 0xff, 0xff,
    0xff, 0xff, 0xff, 0xff, 0xff, 0xff, 0xff, 0xff,
    0xff, 0xff, 0xff, 0xff, 0xff, 0xff, 0xff, 0xff,
    0xff, 0xff, 0xff, 0xff, 0xff, 0xff, 0xff, 0xff,
    0xff, 0xff, 0xff, 0xff, 0xff, 0xff, 0xff, 0xff,
    0xff, 0xff, 0xff, 0xff, 0xff, 0xff, 0xff, 0xff,
    0xff, 0xff, 0xff, 0xff, 0xff, 0xff, 0xff, 0xff,
    0xef, 0xff, 0xff, 0xff, 0xff, 0xff, 0xff, 0xfe,
    0x4e, 0xff, 0xff, 0xff, 0xff, 0xff, 0xff, 0xe4,
    0x0, 0x0, 0xf, 0xff, 0xb1, 0x0, 0x0, 0x0,
    0x0, 0x0, 0xf, 0xf8, 0x0, 0x0, 0x0, 0x0,
    0x0, 0x0, 0xd, 0x40, 0x0, 0x0, 0x0, 0x0,
    0x0, 0x0, 0x0, 0x0, 0x0, 0x0, 0x0, 0x0,

    /* U+F28B "" */
    0x0, 0x0, 0x5, 0x9b, 0xb9, 0x50, 0x0, 0x0,
    0x0, 0x4, 0xdf, 0xff, 0xff, 0xfd, 0x40, 0x0,
    0x0, 0x6f, 0xff, 0xff, 0xff, 0xff, 0xf6, 0x0,
    0x4, 0xff, 0xff, 0xff, 0xff, 0xff, 0xff, 0x40,
    0xd, 0xff, 0xff, 0xff, 0xff, 0xff, 0xff, 0xd0,
    0x5f, 0xff, 0xf1, 0xc, 0x50, 0x1f, 0xff, 0xf5,
    0x9f, 0xff, 0xf0, 0xb, 0x40, 0xf, 0xff, 0xf9,
    0xbf, 0xff, 0xf0, 0xb, 0x40, 0xf, 0xff, 0xfb,
    0xbf, 0xff, 0xf0, 0xb, 0x40, 0xf, 0xff, 0xfb,
    0x9f, 0xff, 0xf0, 0xb, 0x40, 0xf, 0xff, 0xf9,
    0x5f, 0xff, 0xf1, 0xc, 0x50, 0x1f, 0xff, 0xf5,
    0xe, 0xff, 0xff, 0xff, 0xff, 0xff, 0xff, 0xd0,
    0x4, 0xff, 0xff, 0xff, 0xff, 0xff, 0xff, 0x40,
    0x0, 0x6f, 0xff, 0xff, 0xff, 0xff, 0xf6, 0x0,
    0x0, 0x4, 0xef, 0xff, 0xff, 0xfd, 0x40, 0x0,
    0x0, 0x0, 0x5, 0x9b, 0xb9, 0x50, 0x0, 0x0,

    /* U+F28D "" */
    0x0, 0x0, 0x5, 0x9b, 0xb9, 0x50, 0x0, 0x0,
    0x0, 0x4, 0xdf, 0xff, 0xff, 0xfd, 0x40, 0x0,
    0x0, 0x6f, 0xff, 0xff, 0xff, 0xff, 0xf6, 0x0,
    0x4, 0xff, 0xff, 0xff, 0xff, 0xff, 0xff, 0x40,
    0xd, 0xff, 0xff, 0xff, 0xff, 0xff, 0xff, 0xd0,
    0x5f, 0xff, 0xf1, 0x0, 0x0, 0x1f, 0xff, 0xf5,
    0x9f, 0xff, 0xf0, 0x0, 0x0, 0xf, 0xff, 0xf9,
    0xbf, 0xff, 0xf0, 0x0, 0x0, 0xf, 0xff, 0xfb,
    0xbf, 0xff, 0xf0, 0x0, 0x0, 0xf, 0xff, 0xfb,
    0x9f, 0xff, 0xf0, 0x0, 0x0, 0xf, 0xff, 0xf9,
    0x5f, 0xff, 0xf1, 0x0, 0x0, 0x1f, 0xff, 0xf5,
    0xe, 0xff, 0xff, 0xff, 0xff, 0xff, 0xff, 0xd0,
    0x4, 0xff, 0xff, 0xff, 0xff, 0xff, 0xff, 0x40,
    0x0, 0x6f, 0xff, 0xff, 0xff, 0xff, 0xf6, 0x0,
    0x0, 0x4, 0xef, 0xff, 0xff, 0xfd, 0x40, 0x0,
    0x0, 0x0, 0x5, 0x9b, 0xb9, 0x50, 0x0, 0x0,

    /* U+F290 "" */
    0x0, 0x0, 0x2b, 0xff, 0xb2, 0x0, 0x0, 0x0,
    0x2, 0xef, 0xff, 0xfe, 0x20, 0x0, 0x0, 0xb,
    0xfb, 0x11, 0xbf, 0xb0, 0x0, 0x0, 0xf, 0xf2,
    0x0, 0x1f, 0xf0, 0x0, 0x0, 0xf, 0xf0, 0x0,
    0xf, 0xf0, 0x0, 0xff, 0xff, 0xff, 0xff, 0xff,
    0xff, 0xff, 0xff, 0xf9, 0x9f, 0xff, 0xf9, 0x9f,
    0xff, 0xff, 0xf9, 0x9f, 0xff, 0xf9, 0x9f, 0xff,
    0xff, 0xff, 0xff, 0xff, 0xff, 0xff, 0xff, 0xff,
    0xff, 0xff, 0xff, 0xff, 0xff, 0xff, 0xff, 0xff,
    0xff, 0xff, 0xff, 0xff, 0xff, 0xff, 0xff, 0xff,
    0xff, 0xff, 0xff, 0xff, 0xff, 0xff, 0xff, 0xff,
    0xff, 0xff, 0xff, 0xff, 0xff, 0xff, 0xff, 0xff,
    0xff, 0xff, 0xbf, 0xff, 0xff, 0xff, 0xff, 0xff,
    0xfb, 0x1b, 0xff, 0xff, 0xff, 0xff, 0xff, 0xb1,

    /* U+F291 "" */
    0x0, 0x0, 0x0, 0x0, 0x0, 0x0, 0x0, 0x0,
    0x0, 0x0, 0x0, 0x0, 0xcc, 0x0, 0xcc, 0x0,
    0x0, 0x0, 0x0, 0x0, 0x9, 0xfd, 0x0, 0xdf,
    0x90, 0x0, 0x0, 0x0, 0x0, 0x5f, 0xf2, 0x0,
    0x2f, 0xf5, 0x0, 0x0, 0x0, 0x2, 0xff, 0x60,
    0x0, 0x6, 0xff, 0x10, 0x0, 0x0, 0xc, 0xfa,
    0x0, 0x0, 0x0, 0xaf, 0xc0, 0x0, 0xdf, 0xff,
    0xff, 0xff, 0xff, 0xff, 0xff, 0xff, 0xfd, 0xdf,
    0xff, 0xff, 0xff, 0xff, 0xff, 0xff, 0xff, 0xfd,
    0xe, 0xff, 0xd1, 0xdf, 0x66, 0xfd, 0x1d, 0xff,
    0xe0, 0xc, 0xff, 0xc0, 0xcf, 0x44, 0xfc, 0xc,
    0xff, 0xc0, 0xa, 0xff, 0xc0, 0xcf, 0x44, 0xfc,
    0xc, 0xff, 0xa0, 0x8, 0xff, 0xc0, 0xcf, 0x44,
    0xfc, 0xc, 0xff, 0x80, 0x5, 0xff, 0xd1, 0xdf,
    0x66, 0xfd, 0x1d, 0xff, 0x50, 0x3, 0xff, 0xff,
    0xff, 0xff, 0xff, 0xff, 0xff, 0x30, 0x0, 0xbf,
    0xff, 0xff, 0xff, 0xff, 0xff, 0xfb, 0x0,

    /* U+F292 "" */
    0x0, 0x0, 0x5f, 0x90, 0x3, 0xfb, 0x0, 0x0,
    0x0, 0x8, 0xf7, 0x0, 0x7f, 0x90, 0x0, 0x0,
    0x0, 0xbf, 0x40, 0xa, 0xf6, 0x0, 0x0, 0xaf,
    0xff, 0xff, 0xff, 0xff, 0xff, 0xf0, 0xd, 0xff,
    0xff, 0xff, 0xff, 0xff, 0xfd, 0x0, 0x0, 0x4f,
    0xc0, 0x2, 0xfe, 0x0, 0x0, 0x0, 0x7, 0xf9,
    0x0, 0x5f, 0xb0, 0x0, 0x0, 0x0, 0xaf, 0x60,
    0x8, 0xf8, 0x0, 0x0, 0x0, 0xd, 0xf3, 0x0,
    0xbf, 0x50, 0x0, 0xc, 0xff, 0xff, 0xff, 0xff,
    0xff, 0xfe, 0x0, 0xef, 0xff, 0xff, 0xff, 0xff,
    0xff, 0xb0, 0x0, 0x5, 0xfa, 0x0, 0x3f, 0xc0,
    0x0, 0x0, 0x0, 0x8f, 0x80, 0x6, 0xf9, 0x0,
    0x0, 0x0, 0xa, 0xf4, 0x0, 0x8f, 0x60, 0x0,
    0x0,

    /* U+F295 "" */
    0x0, 0x5d, 0xfd, 0x50, 0x0, 0x0, 0x7f, 0xe0,
    0x4, 0xff, 0xff, 0xf5, 0x0, 0x4, 0xff, 0xa0,
    0xc, 0xf8, 0x7, 0xfd, 0x0, 0x1e, 0xfd, 0x0,
    0xf, 0xf1, 0x0, 0xff, 0x0, 0xcf, 0xe2, 0x0,
    0xc, 0xf8, 0x7, 0xfd, 0xa, 0xff, 0x40, 0x0,
    0x4, 0xff, 0xff, 0xf5, 0x6f, 0xf7, 0x0, 0x0,
    0x0, 0x5d, 0xfd, 0x53, 0xff, 0xb0, 0x0, 0x0,
    0x0, 0x0, 0x0, 0x1e, 0xfd, 0x0, 0x0, 0x0,
    0x0, 0x0, 0x0, 0xcf, 0xf2, 0x0, 0x0, 0x0,
    0x0, 0x0, 0x9, 0xff, 0x55, 0xdf, 0xd5, 0x0,
    0x0, 0x0, 0x6f, 0xf8, 0x4f, 0xff, 0xff, 0x50,
    0x0, 0x3, 0xff, 0xb0, 0xcf, 0x80, 0x7f, 0xd0,
    0x0, 0x1e, 0xfe, 0x10, 0xff, 0x10, 0xf, 0xf0,
    0x0, 0xcf, 0xf3, 0x0, 0xcf, 0x80, 0x7f, 0xd0,
    0x8, 0xff, 0x60, 0x0, 0x4f, 0xff, 0xff, 0x50,
    0xd, 0xf9, 0x0, 0x0, 0x5, 0xdf, 0xd5, 0x0,

    /* U+F29A "" */
    0x0, 0x0, 0x5, 0x9b, 0xb9, 0x50, 0x0, 0x0,
    0x0, 0x4, 0xef, 0xb8, 0x8b, 0xfd, 0x40, 0x0,
    0x0, 0x6f, 0x98, 0xcf, 0xfc, 0x89, 0xf6, 0x0,
    0x4, 0xf7, 0xdf, 0xf8, 0x9f, 0xfc, 0x7f, 0x40,
    0xe, 0x9d, 0xff, 0xe0, 0xf, 0xff, 0xc9, 0xd0,
    0x5f, 0x8f, 0x8a, 0xd8, 0x8d, 0xa8, 0xf7, 0xf4,
    0x9a, 0xcf, 0x84, 0x10, 0x1, 0x48, 0xfc, 0xb9,
    0xb8, 0xff, 0xff, 0xd0, 0xe, 0xff, 0xfe, 0x9a,
    0xb8, 0xff, 0xff, 0xc0, 0xd, 0xff, 0xff, 0x8b,
    0x9a, 0xdf, 0xff, 0xb0, 0xb, 0xff, 0xfc, 0xb9,
    0x5e, 0x8f, 0xff, 0x85, 0x49, 0xff, 0xf8, 0xf5,
    0xe, 0x8e, 0xff, 0x39, 0x93, 0xff, 0xd8, 0xe0,
    0x5, 0xf7, 0xef, 0x8f, 0xe9, 0xfd, 0x7f, 0x50,
    0x0, 0x8f, 0x89, 0xef, 0xfe, 0x98, 0xf8, 0x0,
    0x0, 0x6, 0xfe, 0x98, 0x89, 0xee, 0x60, 0x0,
    0x0, 0x0, 0x17, 0xbd, 0xdb, 0x61, 0x0, 0x0,

    /* U+F29D "" */
    0x1, 0xdd, 0x10, 0x0, 0x0, 0x0, 0x5, 0xff,
    0x50, 0x0, 0x0, 0x0, 0x0, 0x99, 0x0, 0x0,
    0x0, 0x0, 0x4, 0xff, 0x40, 0x0, 0x0, 0x0,
    0x1e, 0xff, 0xe2, 0x0, 0x0, 0x0, 0xcf, 0xfc,
    0xfc, 0x0, 0x0, 0x0, 0xf8, 0xff, 0x8f, 0xa0,
    0x0, 0x0, 0xf8, 0xff, 0x48, 0xf6, 0x0, 0x0,
    0xf7, 0xff, 0x40, 0xbe, 0x0, 0x0, 0x51, 0xff,
    0x30, 0x4, 0x40, 0x0, 0x2, 0xfe, 0x80, 0x0,
    0x90, 0x0, 0x8, 0xfb, 0xf2, 0x0, 0x27, 0x0,
    0xe, 0xfa, 0xf9, 0x0, 0x7, 0x10, 0x4f, 0xd3,
    0xfe, 0x0, 0x0, 0x80, 0x9f, 0x70, 0xcf, 0x50,
    0x0, 0x44, 0x8e, 0x10, 0x4f, 0x40, 0x0, 0x8,
    0x0, 0x0, 0x0, 0x0, 0x0, 0x0,

    /* U+F29E "" */
    0x8f, 0xff, 0xff, 0xff, 0xff, 0xff, 0xff, 0xf8,
    0xff, 0xff, 0xff, 0xff, 0xff, 0xff, 0xff, 0xff,
    0xff, 0xff, 0xff, 0xff, 0xff, 0xff, 0xff, 0xff,
    0xff, 0xff, 0x11, 0xff, 0x30, 0x3, 0xbf, 0xff,
    0xff, 0xfa, 0x0, 0xbf, 0x30, 0x40, 0xe, 0xff,
    0xff, 0xf4, 0x21, 0x5f, 0x31, 0xfa, 0xa, 0xff,
    0xff, 0xe0, 0x21, 0xf, 0x31, 0xfc, 0xa, 0xff,
    0xff, 0x90, 0x32, 0xa, 0x30, 0xb4, 0xe, 0xff,
    0xff, 0x51, 0xff, 0x6, 0x30, 0x3, 0xcf, 0xff,
    0xff, 0xff, 0xff, 0xff, 0xff, 0xff, 0xff, 0xff,
    0xff, 0xff, 0xff, 0xff, 0xff, 0xff, 0xff, 0xff,
    0x8f, 0xff, 0xff, 0xff, 0xff, 0xff, 0xff, 0xf8,

    /* U+F2A0 "" */
    0x0, 0x0, 0x0, 0x0, 0x0, 0x0, 0x0, 0x0,
    0x0, 0x0, 0x0, 0x0, 0x1d, 0x0, 0x0, 0x4,
    0xe6, 0x0, 0x5, 0x2a, 0x70, 0x0, 0x1e, 0xff,
    0xc0, 0x16, 0xb3, 0xd0, 0x0, 0xaf, 0xff, 0xc0,
    0xe0, 0xf0, 0xf0, 0x2, 0xff, 0xff, 0x50, 0xe0,
    0xf0, 0xf0, 0x8, 0xfe, 0xcc, 0x0, 0x16, 0xb3,
    0xd0, 0xc, 0xf7, 0x0, 0x0, 0x5, 0x2a, 0x70,
    0xe, 0xf3, 0x0, 0x0, 0x0, 0x1d, 0x0, 0xf,
    0xf2, 0x0, 0x0, 0x0, 0x0, 0x0, 0xe, 0xf3,
    0x0, 0x0, 0x0, 0x0, 0x0, 0xc, 0xf7, 0x0,
    0x0, 0x0, 0x0, 0x0, 0x8, 0xfe, 0xcc, 0x0,
    0x0, 0x0, 0x0, 0x2, 0xff, 0xff, 0x50, 0x0,
    0x0, 0x0, 0x0, 0xbf, 0xff, 0xc0, 0x0, 0x0,
    0x0, 0x0, 0x1f, 0xff, 0xc0, 0x0, 0x0, 0x0,
    0x0, 0x4, 0xe7, 0x0, 0x0, 0x0, 0x0,

    /* U+F2A1 "" */
    0x4e, 0xe4, 0x4, 0xee, 0x40, 0x0, 0x4e, 0xe4,
    0x0, 0x0, 0xef, 0xfe, 0xe, 0xff, 0xe0, 0x0,
    0xef, 0xfe, 0x0, 0xcc, 0xef, 0xfe, 0xe, 0xff,
    0xe0, 0x0, 0xef, 0xfe, 0x0, 0xcc, 0x4e, 0xe4,
    0x4, 0xee, 0x40, 0x0, 0x4e, 0xe4, 0x0, 0x0,
    0x0, 0x0, 0x0, 0x0, 0x0, 0x0, 0x0, 0x0,
    0x0, 0x0, 0x4e, 0xe4, 0x0, 0x0, 0x0, 0x0,
    0x0, 0x0, 0x0, 0x0, 0xef, 0xfe, 0x0, 0xcc,
    0x0, 0x0, 0xc, 0xc0, 0x0, 0xcc, 0xef, 0xfe,
    0x0, 0xcc, 0x0, 0x0, 0xc, 0xc0, 0x0, 0xcc,
    0x4e, 0xe4, 0x0, 0x0, 0x0, 0x0, 0x0, 0x0,
    0x0, 0x0, 0x0, 0x0, 0x0, 0x0, 0x0, 0x0,
    0x0, 0x0, 0x0, 0x0, 0x0, 0x0, 0x0, 0x0,
    0x0, 0x0, 0x0, 0x0, 0x0, 0x0, 0xc, 0xc0,
    0x0, 0xcc, 0x0, 0x0, 0xc, 0xc0, 0x0, 0xcc,
    0xc, 0xc0, 0x0, 0xcc, 0x0, 0x0, 0xc, 0xc0,
    0x0, 0xcc,

    /* U+F2A2 "" */
    0x0, 0x0, 0x0, 0x0, 0x1, 0x10, 0x0, 0x0,
    0x0, 0x0, 0x0, 0x0, 0xc, 0xf9, 0x10, 0x0,
    0x0, 0x0, 0x0, 0x0, 0x5, 0xdf, 0xe3, 0x0,
    0x0, 0x0, 0x3, 0x79, 0x73, 0x7, 0xfe, 0x20,
    0x0, 0x0, 0xaf, 0xff, 0xff, 0xa0, 0x6f, 0xc0,
    0x0, 0xc, 0xfb, 0x42, 0x4c, 0xfb, 0xb, 0xf4,
    0x0, 0x6f, 0xa0, 0x58, 0x50, 0xaf, 0x63, 0xfa,
    0x0, 0xcf, 0x18, 0xff, 0xf8, 0x1f, 0xc0, 0xee,
    0x0, 0xfc, 0xe, 0xe4, 0xee, 0xc, 0xf0, 0xcf,
    0x0, 0x85, 0x8, 0x50, 0x58, 0xd, 0xf0, 0x58,
    0x0, 0x0, 0x0, 0x0, 0x0, 0x3f, 0xc0, 0x0,
    0x0, 0x0, 0xcc, 0x0, 0x2, 0xef, 0x40, 0x0,
    0x1, 0x70, 0xcc, 0x0, 0xc, 0xf6, 0x0, 0x0,
    0x7, 0xf8, 0x0, 0x0, 0xf, 0xc0, 0x0, 0x0,
    0x0, 0x9f, 0x70, 0x0, 0x5f, 0x90, 0x0, 0x0,
    0xcc, 0x7, 0x10, 0x3c, 0xff, 0x20, 0x0, 0x0,
    0xcc, 0x0, 0x0, 0x4e, 0xc3, 0x0, 0x0, 0x0,

    /* U+F2A3 "" */
    0x0, 0x0, 0x0, 0x29, 0x0, 0x0, 0x0, 0x0,
    0x0, 0x0, 0x0, 0x0, 0x0, 0x2, 0xef, 0x10,
    0x0, 0x0, 0x0, 0x0, 0x0, 0x0, 0x0, 0x0,
    0xc, 0xfb, 0xce, 0x10, 0x0, 0x0, 0x0, 0x0,
    0x0, 0x0, 0x0, 0x3f, 0xff, 0xe9, 0x0, 0x0,
    0x0, 0x0, 0x0, 0x0, 0x0, 0x0, 0x7f, 0xff,
    0xee, 0x90, 0x3, 0x31, 0x5, 0xdb, 0x0, 0x0,
    0x0, 0xdf, 0xff, 0xed, 0xf5, 0xdf, 0xff, 0xff,
    0xff, 0x40, 0x0, 0x7, 0xff, 0xff, 0xfc, 0x2b,
    0xf8, 0xbf, 0xff, 0xff, 0xc0, 0x0, 0x6f, 0xff,
    0xfc, 0x9f, 0xb7, 0x90, 0x2f, 0xff, 0xff, 0xc0,
    0xc, 0xff, 0xff, 0xf3, 0x8, 0x8a, 0xf7, 0xaf,
    0xff, 0xe5, 0x0, 0xa, 0xff, 0xff, 0xfd, 0x9f,
    0xb3, 0xbf, 0xff, 0xff, 0x70, 0x0, 0x2, 0xff,
    0xfe, 0xff, 0xfd, 0x5f, 0xfe, 0xff, 0xfd, 0x0,
    0x0, 0x0, 0x9b, 0x40, 0x1, 0x10, 0x7, 0xbd,
    0xff, 0xf8, 0x0, 0x0, 0x0, 0x0, 0x0, 0x0,
    0x0, 0x0, 0xbf, 0xff, 0xf3, 0x0, 0x0, 0x0,
    0x0, 0x0, 0x0, 0x0, 0x0, 0xcb, 0xaf, 0xc0,
    0x0, 0x0, 0x0, 0x0, 0x0, 0x0, 0x0, 0x0,
    0x1, 0xfe, 0x20, 0x0, 0x0, 0x0, 0x0, 0x0,
    0x0, 0x0, 0x0, 0x0, 0x72, 0x0, 0x0, 0x0,

    /* U+F2A4 "" */
    0x0, 0x0, 0x0, 0x0, 0x0, 0x0, 0x0, 0x0,
    0x0, 0x0, 0x0, 0x0, 0x0, 0x0, 0x0, 0x0,
    0x1c, 0x60, 0x0, 0x0, 0x0, 0x0, 0x0, 0x0,
    0x1, 0xcf, 0xd0, 0x0, 0x0, 0x0, 0x37, 0x97,
    0x30, 0x1c, 0xfd, 0x10, 0x0, 0x0, 0xa, 0xff,
    0xff, 0xfa, 0x3e, 0xd1, 0x0, 0x0, 0x0, 0xbf,
    0xc5, 0x24, 0xbf, 0xc2, 0x10, 0x0, 0x0, 0x6,
    0xfa, 0x5, 0x85, 0xa, 0xf7, 0x0, 0x0, 0x0,
    0xc, 0xf1, 0x7f, 0xff, 0x81, 0xfd, 0x0, 0x0,
    0x0, 0xe, 0xd0, 0xee, 0x4e, 0xf0, 0xcf, 0x0,
    0x0, 0x0, 0x8, 0x60, 0x86, 0x5, 0x90, 0xcf,
    0x0, 0x0, 0x0, 0x0, 0x0, 0x10, 0x0, 0x2,
    0xfc, 0x0, 0x0, 0x0, 0x0, 0x1c, 0xd1, 0x0,
    0x2e, 0xf4, 0x0, 0x0, 0x0, 0x1, 0xcf, 0xd1,
    0x0, 0xbf, 0x70, 0x0, 0x0, 0x0, 0x1c, 0xfd,
    0x10, 0x0, 0xfd, 0x0, 0x0, 0x0, 0x1, 0xcf,
    0xd1, 0x0, 0x4, 0xf9, 0x0, 0x0, 0x0, 0xc,
    0xfd, 0x10, 0x2, 0xbf, 0xf2, 0x0, 0x0, 0x0,
    0x5, 0xd1, 0x0, 0x4, 0xec, 0x30, 0x0, 0x0,
    0x0,

    /* U+F2A7 "" */
    0x0, 0x0, 0x0, 0x0, 0x0, 0x0, 0x0, 0x0,
    0x0, 0x0, 0x26, 0x5e, 0x30, 0x0, 0x0, 0x0,
    0x0, 0x8, 0xfb, 0xfe, 0x10, 0x0, 0x0, 0x0,
    0x3, 0x9e, 0xfc, 0xfb, 0x4, 0x70, 0x0, 0x0,
    0x8f, 0xcf, 0xed, 0xf8, 0xbf, 0x0, 0x0, 0x1,
    0xdf, 0xcf, 0xdf, 0xfe, 0xf1, 0x0, 0x0, 0x9b,
    0xce, 0xef, 0xff, 0xff, 0x10, 0x0, 0xc, 0xdd,
    0xcc, 0xff, 0xff, 0xf2, 0x0, 0x0, 0x2d, 0xcf,
    0xeb, 0xff, 0xff, 0x20, 0x6b, 0xbb, 0xbb, 0xff,
    0xfb, 0xef, 0xe1, 0xc, 0xff, 0xff, 0xff, 0xff,
    0xfb, 0xd2, 0x6, 0xbd, 0xdd, 0xdf, 0xff, 0xff,
    0xa0, 0x0, 0xaf, 0xff, 0xff, 0xff, 0xff, 0xfa,
    0x0, 0x0, 0x8d, 0xdd, 0xdf, 0xff, 0xff, 0xa0,
    0x0, 0xc, 0xff, 0xff, 0xff, 0xff, 0xfa, 0x0,
    0x0, 0x0, 0x9d, 0xdf, 0xff, 0xff, 0x80, 0x0,
    0x0, 0xb, 0xff, 0xff, 0xd9, 0x50, 0x0, 0x0,

    /* U+F2A8 "" */
    0x0, 0x0, 0x8b, 0x0, 0x0, 0x0, 0x0, 0x0,
    0x0, 0x0, 0x0, 0x0, 0xcf, 0x90, 0x0, 0x0,
    0x0, 0x0, 0x0, 0x0, 0x0, 0x0, 0x3f, 0xf8,
    0x89, 0x98, 0x50, 0x0, 0x0, 0x0, 0x0, 0x0,
    0x1c, 0xff, 0xfe, 0xef, 0xff, 0x91, 0x0, 0x0,
    0x0, 0x4, 0xef, 0xdf, 0xc1, 0x12, 0xaf, 0xfe,
    0x40, 0x0, 0x0, 0x5f, 0xf7, 0x1e, 0xff, 0xc1,
    0xa, 0xff, 0xf5, 0x0, 0x2, 0xfe, 0xfe, 0x15,
    0xff, 0x40, 0x1, 0xff, 0xff, 0x20, 0xc, 0xe1,
    0xbf, 0xb0, 0x9f, 0xa2, 0x83, 0xcf, 0xff, 0xd0,
    0xd, 0xf4, 0x1e, 0xf6, 0xd, 0xff, 0xf3, 0xcf,
    0xff, 0xe0, 0x4, 0xfe, 0x15, 0xff, 0x23, 0xff,
    0xe0, 0xff, 0xff, 0x60, 0x0, 0x8f, 0xb0, 0xaf,
    0xc0, 0x7f, 0xd8, 0xff, 0xf9, 0x0, 0x0, 0x7,
    0xf6, 0xe, 0xf8, 0xc, 0xff, 0xff, 0x80, 0x0,
    0x0, 0x0, 0x3b, 0x23, 0xff, 0x32, 0xff, 0xe4,
    0x0, 0x0, 0x0, 0x0, 0x0, 0x10, 0x7d, 0xb0,
    0x5f, 0xe1, 0x0, 0x0, 0x0, 0x0, 0x0, 0x0,
    0x0, 0x0, 0xa, 0xfc, 0x0, 0x0, 0x0, 0x0,
    0x0, 0x0, 0x0, 0x0, 0x1, 0xdc, 0x0, 0x0,
    0x0, 0x0, 0x0, 0x0, 0x0, 0x0, 0x0, 0x0,
    0x0, 0x0,

    /* U+F2B5 "" */
    0x0, 0x0, 0x7, 0xff, 0x72, 0xdf, 0xff, 0x70,
    0x0, 0x0, 0x0, 0x0, 0x7f, 0xf6, 0x3e, 0xff,
    0xff, 0xf8, 0x0, 0x0, 0xff, 0xf0, 0xff, 0x54,
    0xff, 0xfa, 0xff, 0xff, 0xf, 0xff, 0xff, 0xf0,
    0xfd, 0x1f, 0xff, 0x63, 0xff, 0xff, 0xf, 0xff,
    0xff, 0xf0, 0xfd, 0x1f, 0xf5, 0x5, 0xff, 0xff,
    0xf, 0xff, 0xff, 0xf0, 0xff, 0x61, 0x15, 0xe5,
    0x3e, 0xff, 0xf, 0xff, 0xff, 0xf0, 0xff, 0xfd,
    0xdf, 0xff, 0x81, 0xcf, 0xf, 0xff, 0xff, 0xf0,
    0xff, 0xff, 0xff, 0xff, 0xfb, 0x19, 0xf, 0xff,
    0xf4, 0xf0, 0xff, 0xff, 0xff, 0xff, 0xff, 0xd2,
    0xf, 0x4f, 0xff, 0xc0, 0x1c, 0xff, 0xff, 0xff,
    0xff, 0xf6, 0xc, 0xff, 0x0, 0x0, 0x0, 0xbf,
    0xff, 0xff, 0xf9, 0xa0, 0x0, 0x0, 0x0, 0x0,
    0x0, 0x9, 0xfc, 0x8f, 0x60, 0x0, 0x0, 0x0,
    0x0, 0x0, 0x0, 0x0, 0x0, 0x0, 0x0, 0x0,
    0x0, 0x0,

    /* U+F2B6 "" */
    0x0, 0x0, 0x0, 0x4d, 0xd4, 0x0, 0x0, 0x0,
    0x0, 0x0, 0x8, 0xff, 0xff, 0x80, 0x0, 0x0,
    0x0, 0x2, 0xcf, 0xff, 0xff, 0xfc, 0x20, 0x0,
    0x0, 0x5f, 0xff, 0xff, 0xff, 0xff, 0xf5, 0x0,
    0x9, 0xff, 0xff, 0xff, 0xff, 0xff, 0xff, 0x90,
    0xbf, 0xff, 0xff, 0xff, 0xff, 0xff, 0xff, 0xfb,
    0xff, 0xff, 0xff, 0xff, 0xff, 0xff, 0xff, 0xff,
    0xff, 0xff, 0xff, 0xff, 0xff, 0xff, 0xff, 0xff,
    0xfe, 0x6f, 0xff, 0xff, 0xff, 0xff, 0xf6, 0xef,
    0xff, 0x62, 0xcf, 0xff, 0xff, 0xfc, 0x26, 0xff,
    0xff, 0xfa, 0x19, 0xff, 0xff, 0x91, 0xaf, 0xff,
    0xff, 0xff, 0xe3, 0x4d, 0xd4, 0x3e, 0xff, 0xff,
    0xff, 0xff, 0xff, 0x81, 0x18, 0xff, 0xff, 0xff,
    0xff, 0xff, 0xff, 0xff, 0xff, 0xff, 0xff, 0xff,
    0xff, 0xff, 0xff, 0xff, 0xff, 0xff, 0xff, 0xff,
    0x8f, 0xff, 0xff, 0xff, 0xff, 0xff, 0xff, 0xf8,

    /* U+F2B9 "" */
    0x8f, 0xff, 0xff, 0xff, 0xff, 0xff, 0x80, 0xff,
    0xff, 0xff, 0xff, 0xff, 0xff, 0xf0, 0xff, 0xff,
    0xff, 0xff, 0xff, 0xff, 0xf0, 0xff, 0xff, 0xff,
    0xff, 0xff, 0xff, 0xff, 0xff, 0xff, 0xf5, 0x5,
    0xff, 0xff, 0xff, 0xff, 0xff, 0x90, 0x0, 0x9f,
    0xff, 0xf0, 0xff, 0xff, 0x90, 0x0, 0x9f, 0xff,
    0xf0, 0xff, 0xff, 0xf5, 0x5, 0xff, 0xff, 0xff,
    0xff, 0xff, 0xff, 0xff, 0xff, 0xff, 0xff, 0xff,
    0xfa, 0x10, 0x30, 0x1b, 0xff, 0xf0, 0xff, 0xf1,
    0x0, 0x0, 0x1, 0xff, 0xf0, 0xff, 0xf1, 0x0,
    0x0, 0x1, 0xff, 0xff, 0xff, 0xff, 0xff, 0xff,
    0xff, 0xff, 0xff, 0xff, 0xff, 0xff, 0xff, 0xff,
    0xff, 0xf0, 0xff, 0xff, 0xff, 0xff, 0xff, 0xff,
    0xf0, 0x8f, 0xff, 0xff, 0xff, 0xff, 0xff, 0x80,

    /* U+F2BB "" */
    0x8f, 0xff, 0xff, 0xff, 0xff, 0xff, 0xff, 0xff,
    0xf8, 0xff, 0xff, 0xff, 0xff, 0xff, 0xff, 0xff,
    0xff, 0xff, 0xff, 0xff, 0xff, 0xff, 0xff, 0xff,
    0xff, 0xff, 0xff, 0xff, 0xff, 0x50, 0x5f, 0xff,
    0xff, 0xff, 0xff, 0xff, 0xff, 0xf9, 0x0, 0x9,
    0xff, 0xf0, 0x0, 0x1, 0xff, 0xff, 0xf9, 0x0,
    0x9, 0xff, 0xff, 0xff, 0xff, 0xff, 0xff, 0xff,
    0x50, 0x5f, 0xff, 0xf0, 0x0, 0x1, 0xff, 0xff,
    0xff, 0xff, 0xff, 0xff, 0xff, 0xff, 0xff, 0xff,
    0xff, 0xa1, 0x3, 0x1, 0xbf, 0xf0, 0x0, 0x1,
    0xff, 0xff, 0x10, 0x0, 0x0, 0x1f, 0xff, 0xff,
    0xff, 0xff, 0xff, 0x10, 0x0, 0x0, 0x1f, 0xff,
    0xff, 0xff, 0xff, 0xff, 0xff, 0xff, 0xff, 0xff,
    0xff, 0xff, 0xff, 0xff, 0xff, 0xff, 0xff, 0xff,
    0xff, 0xff, 0xff, 0xff, 0xff, 0x8f, 0xff, 0xff,
    0xff, 0xff, 0xff, 0xff, 0xff, 0xf8,

    /* U+F2BD "" */
    0x0, 0x0, 0x28, 0xbd, 0xc9, 0x40, 0x0, 0x0,
    0x0, 0x9, 0xff, 0xff, 0xff, 0xfc, 0x20, 0x0,
    0x0, 0xcf, 0xff, 0xff, 0xff, 0xff, 0xe2, 0x0,
    0x9, 0xff, 0xff, 0x73, 0x5e, 0xff, 0xfd, 0x0,
    0x3f, 0xff, 0xf6, 0x0, 0x2, 0xff, 0xff, 0x70,
    0x9f, 0xff, 0xf1, 0x0, 0x0, 0xcf, 0xff, 0xe0,
    0xdf, 0xff, 0xf1, 0x0, 0x0, 0xdf, 0xff, 0xf2,
    0xff, 0xff, 0xf9, 0x0, 0x4, 0xff, 0xff, 0xf3,
    0xff, 0xff, 0xff, 0xb6, 0x9f, 0xff, 0xff, 0xf3,
    0xdf, 0xff, 0xff, 0xff, 0xff, 0xff, 0xff, 0xf1,
    0x9f, 0xff, 0x60, 0x1, 0x0, 0x4e, 0xff, 0xd0,
    0x2f, 0xf6, 0x0, 0x0, 0x0, 0x2, 0xff, 0x60,
    0x8, 0xfc, 0x10, 0x0, 0x0, 0x9, 0xfc, 0x0,
    0x0, 0xaf, 0xe6, 0x20, 0x15, 0xcf, 0xd1, 0x0,
    0x0, 0x7, 0xff, 0xff, 0xff, 0xfa, 0x10, 0x0,
    0x0, 0x0, 0x16, 0xab, 0xa8, 0x20, 0x0, 0x0,

    /* U+F2C1 "" */
    0x8f, 0xff, 0xff, 0xff, 0xff, 0xf8, 0xff, 0xff,
    0x20, 0x2, 0xff, 0xff, 0xff, 0xff, 0xff, 0xff,
    0xff, 0xff, 0xff, 0xff, 0xff, 0xff, 0xff, 0xff,
    0xff, 0xff, 0xff, 0xff, 0xff, 0xff, 0xff, 0xff,
    0xb1, 0x1b, 0xff, 0xff, 0xff, 0xff, 0x10, 0x1,
    0xff, 0xff, 0xff, 0xff, 0x10, 0x1, 0xff, 0xff,
    0xff, 0xff, 0xb1, 0x1b, 0xff, 0xff, 0xff, 0xff,
    0xff, 0xff, 0xff, 0xff, 0xff, 0xf5, 0x2, 0x20,
    0x5f, 0xff, 0xff, 0x90, 0x0, 0x0, 0x9, 0xff,
    0xff, 0x90, 0x0, 0x0, 0x9, 0xff, 0xff, 0xff,
    0xff, 0xff, 0xff, 0xff, 0xff, 0xff, 0xff, 0xff,
    0xff, 0xff, 0x8f, 0xff, 0xff, 0xff, 0xff, 0xf8,

    /* U+F2C2 "" */
    0x8f, 0xff, 0xff, 0xff, 0xff, 0xff, 0xff, 0xff,
    0xf8, 0xff, 0xff, 0xff, 0xff, 0xff, 0xff, 0xff,
    0xff, 0xff, 0x0, 0x0, 0x0, 0x0, 0x0, 0x0,
    0x0, 0x0, 0x0, 0xff, 0xff, 0xff, 0xff, 0xff,
    0xff, 0xff, 0xff, 0xff, 0xff, 0xff, 0xff, 0xff,
    0xff, 0xff, 0xff, 0xff, 0xff, 0xff, 0xff, 0x50,
    0x5f, 0xff, 0xf0, 0x0, 0x1, 0xff, 0xff, 0xf9,
    0x0, 0x9, 0xff, 0xff, 0xff, 0xff, 0xff, 0xff,
    0xf9, 0x0, 0x9, 0xff, 0xf0, 0x0, 0x1, 0xff,
    0xff, 0xff, 0x50, 0x5f, 0xff, 0xff, 0xff, 0xff,
    0xff, 0xff, 0xff, 0xff, 0xff, 0xff, 0xf0, 0x0,
    0x1, 0xff, 0xff, 0xb1, 0x3, 0x1, 0xbf, 0xff,
    0xff, 0xff, 0xff, 0xff, 0x30, 0x0, 0x0, 0x3f,
    0xff, 0xff, 0xff, 0xff, 0xff, 0xff, 0xff, 0xff,
    0xff, 0xff, 0xff, 0xff, 0xff, 0x8f, 0xff, 0xff,
    0xff, 0xff, 0xff, 0xff, 0xff, 0xf8,

    /* U+F2C7 "" */
    0x0, 0x8e, 0xe8, 0x0, 0x0, 0x8f, 0xaa, 0xf9,
    0x0, 0xe, 0xab, 0xc9, 0xe0, 0x0, 0xf8, 0xff,
    0x8f, 0x0, 0xf, 0x8f, 0xf8, 0xf0, 0x0, 0xf8,
    0xff, 0x8f, 0x0, 0xf, 0x8f, 0xf8, 0xf0, 0x0,
    0xf8, 0xff, 0x8f, 0x0, 0xf, 0x8f, 0xf8, 0xf0,
    0x1, 0xf8, 0xff, 0x7f, 0x20, 0xaf, 0x5f, 0xf6,
    0xeb, 0xe, 0x9d, 0xff, 0xe8, 0xf0, 0xea, 0xdf,
    0xfe, 0x9f, 0xa, 0xf7, 0xee, 0x7e, 0xb0, 0x2e,
    0xf9, 0x9e, 0xf2, 0x0, 0x2a, 0xff, 0xb2, 0x0,

    /* U+F2C8 "" */
    0x0, 0x8e, 0xe8, 0x0, 0x0, 0x8f, 0xaa, 0xf9,
    0x0, 0xe, 0xa0, 0x9, 0xe0, 0x0, 0xf8, 0x0,
    0x7f, 0x0, 0xf, 0x8b, 0xc7, 0xf0, 0x0, 0xf8,
    0xff, 0x8f, 0x0, 0xf, 0x8f, 0xf8, 0xf0, 0x0,
    0xf8, 0xff, 0x8f, 0x0, 0xf, 0x8f, 0xf8, 0xf0,
    0x1, 0xf8, 0xff, 0x7f, 0x20, 0xaf, 0x5f, 0xf6,
    0xeb, 0xe, 0x9d, 0xff, 0xe8, 0xf0, 0xea, 0xdf,
    0xfe, 0x9f, 0xa, 0xf7, 0xee, 0x7e, 0xb0, 0x2e,
    0xf9, 0x9e, 0xf2, 0x0, 0x2a, 0xff, 0xb2, 0x0,

    /* U+F2C9 "" */
    0x0, 0x8e, 0xe8, 0x0, 0x0, 0x8f, 0xaa, 0xf9,
    0x0, 0xe, 0xa0, 0x9, 0xe0, 0x0, 0xf8, 0x0,
    0x7f, 0x0, 0xf, 0x80, 0x7, 0xf0, 0x0, 0xf8,
    0x0, 0x7f, 0x0, 0xf, 0x8b, 0xc7, 0xf0, 0x0,
    0xf8, 0xff, 0x8f, 0x0, 0xf, 0x8f, 0xf8, 0xf0,
    0x1, 0xf8, 0xff, 0x7f, 0x20, 0xaf, 0x5f, 0xf6,
    0xeb, 0xe, 0x9d, 0xff, 0xe8, 0xf0, 0xea, 0xdf,
    0xfe, 0x9f, 0xa, 0xf7, 0xee, 0x7e, 0xb0, 0x2e,
    0xf9, 0x9e, 0xf2, 0x0, 0x2a, 0xff, 0xb2, 0x0,

    /* U+F2CA "" */
    0x0, 0x8e, 0xe8, 0x0, 0x0, 0x8f, 0xaa, 0xf9,
    0x0, 0xe, 0xa0, 0x9, 0xe0, 0x0, 0xf8, 0x0,
    0x7f, 0x0, 0xf, 0x80, 0x7, 0xf0, 0x0, 0xf8,
    0x0, 0x7f, 0x0, 0xf, 0x80, 0x7, 0xf0, 0x0,
    0xf8, 0x0, 0x7f, 0x0, 0xf, 0x8b, 0xc7, 0xf0,
    0x1, 0xf8, 0xff, 0x7f, 0x20, 0xaf, 0x5f, 0xf6,
    0xeb, 0xe, 0x9d, 0xff, 0xe8, 0xf0, 0xea, 0xdf,
    0xfe, 0x9f, 0xa, 0xf7, 0xee, 0x7e, 0xb0, 0x2e,
    0xf9, 0x9e, 0xf2, 0x0, 0x2a, 0xff, 0xb2, 0x0,

    /* U+F2CB "" */
    0x0, 0x8e, 0xe8, 0x0, 0x0, 0x8f, 0xaa, 0xf9,
    0x0, 0xe, 0xa0, 0x9, 0xe0, 0x0, 0xf8, 0x0,
    0x7f, 0x0, 0xf, 0x80, 0x7, 0xf0, 0x0, 0xf8,
    0x0, 0x7f, 0x0, 0xf, 0x80, 0x7, 0xf0, 0x0,
    0xf8, 0x0, 0x7f, 0x0, 0xf, 0x80, 0x7, 0xf0,
    0x1, 0xf8, 0x0, 0x7f, 0x20, 0xaf, 0x6e, 0xe6,
    0xeb, 0xe, 0x9d, 0xff, 0xe8, 0xf0, 0xea, 0xdf,
    0xfe, 0x9f, 0xa, 0xf7, 0xee, 0x7e, 0xb0, 0x2e,
    0xf9, 0x9e, 0xf2, 0x0, 0x2a, 0xff, 0xb2, 0x0,

    /* U+F2CC "" */
    0x2, 0xbf, 0xe9, 0x0, 0x0, 0x0, 0x0, 0x0,
    0x2e, 0xff, 0xff, 0xdc, 0xfc, 0x43, 0x0, 0x0,
    0xaf, 0xa0, 0x2d, 0xff, 0xff, 0xff, 0x30, 0x0,
    0xff, 0x10, 0xc, 0xff, 0xff, 0xf8, 0x0, 0x0,
    0xff, 0x0, 0xf, 0xff, 0xff, 0x80, 0x0, 0x0,
    0xff, 0x0, 0xc, 0xff, 0xf8, 0xb, 0xb, 0xb,
    0xff, 0x0, 0x4, 0xff, 0x80, 0xb0, 0xb0, 0xb0,
    0xff, 0x0, 0x3, 0xf8, 0xb, 0xb, 0xb, 0x0,
    0xff, 0x0, 0x0, 0x30, 0x0, 0xb0, 0xb0, 0x0,
    0xff, 0x0, 0x0, 0x0, 0xb, 0xb, 0x0, 0x0,
    0xff, 0x0, 0x0, 0x0, 0x0, 0xb0, 0x0, 0x0,
    0xff, 0x0, 0x0, 0x0, 0xb, 0x0, 0x0, 0x0,
    0xff, 0x0, 0x0, 0x0, 0x0, 0x0, 0x0, 0x0,
    0xee, 0x0, 0x0, 0x0, 0x0, 0x0, 0x0, 0x0,

    /* U+F2CD "" */
    0x3, 0xde, 0x70, 0x0, 0x0, 0x0, 0x0, 0x0,
    0xd, 0xdb, 0xfd, 0xfa, 0x60, 0x0, 0x0, 0x0,
    0xf, 0x80, 0xdf, 0xff, 0xc0, 0x0, 0x0, 0x0,
    0xf, 0x80, 0xff, 0xfd, 0x10, 0x0, 0x0, 0x0,
    0xf, 0x80, 0xbf, 0xd1, 0x0, 0x0, 0x0, 0x0,
    0xf, 0x80, 0x6c, 0x10, 0x0, 0x0, 0x0, 0x0,
    0xf, 0x80, 0x0, 0x0, 0x0, 0x0, 0x0, 0x0,
    0xf, 0x80, 0x0, 0x0, 0x0, 0x0, 0x0, 0x0,
    0xef, 0xff, 0xff, 0xff, 0xff, 0xff, 0xff, 0xfe,
    0x68, 0x88, 0x88, 0x88, 0x88, 0x88, 0x88, 0x86,
    0x8, 0x88, 0x88, 0x88, 0x88, 0x88, 0x88, 0x80,
    0xf, 0xff, 0xff, 0xff, 0xff, 0xff, 0xff, 0xf0,
    0xe, 0xff, 0xff, 0xff, 0xff, 0xff, 0xff, 0xe0,
    0x8, 0xff, 0xff, 0xff, 0xff, 0xff, 0xff, 0x80,
    0x0, 0xff, 0xff, 0xff, 0xff, 0xff, 0xff, 0x0,
    0x0, 0xee, 0x0, 0x0, 0x0, 0x0, 0xee, 0x0,

    /* U+F2CE "" */
    0x0, 0x1, 0x8d, 0xff, 0xd8, 0x10, 0x0, 0x0,
    0x5f, 0xfb, 0x88, 0xbf, 0xf5, 0x0, 0x5, 0xfc,
    0x25, 0x99, 0x52, 0xcf, 0x50, 0x1f, 0xc2, 0xdf,
    0xff, 0xfc, 0x2c, 0xf1, 0x8f, 0x2c, 0xf5, 0x0,
    0x5f, 0xc2, 0xf8, 0xdb, 0x4f, 0x64, 0xee, 0x46,
    0xf4, 0xbd, 0xf8, 0x7f, 0x1e, 0xff, 0xe1, 0xf7,
    0x8f, 0xf8, 0x6f, 0x1e, 0xff, 0xe2, 0xf7, 0x9f,
    0xdb, 0x2f, 0x74, 0xee, 0x48, 0xf3, 0xbd, 0x8f,
    0x29, 0xb0, 0x33, 0xb, 0x92, 0xf8, 0x1f, 0xc0,
    0xc, 0xff, 0xc0, 0xc, 0xf1, 0x4, 0xfc, 0xf,
    0xff, 0xf0, 0xcf, 0x40, 0x0, 0x5e, 0x1e, 0xff,
    0xd2, 0xe4, 0x0, 0x0, 0x1, 0xb, 0xff, 0xb0,
    0x10, 0x0, 0x0, 0x0, 0x8, 0xff, 0x80, 0x0,
    0x0, 0x0, 0x0, 0x2, 0xee, 0x20, 0x0, 0x0,

    /* U+F2D0 "" */
    0x8f, 0xff, 0xff, 0xff, 0xff, 0xff, 0xff, 0xf8,
    0xff, 0xff, 0xff, 0xff, 0xff, 0xff, 0xff, 0xff,
    0xff, 0x0, 0x0, 0x0, 0x0, 0x0, 0x0, 0xff,
    0xff, 0x0, 0x0, 0x0, 0x0, 0x0, 0x0, 0xff,
    0xff, 0x0, 0x0, 0x0, 0x0, 0x0, 0x0, 0xff,
    0xff, 0xff, 0xff, 0xff, 0xff, 0xff, 0xff, 0xff,
    0xff, 0xff, 0xff, 0xff, 0xff, 0xff, 0xff, 0xff,
    0xff, 0xff, 0xff, 0xff, 0xff, 0xff, 0xff, 0xff,
    0xff, 0xff, 0xff, 0xff, 0xff, 0xff, 0xff, 0xff,
    0xff, 0xff, 0xff, 0xff, 0xff, 0xff, 0xff, 0xff,
    0xff, 0xff, 0xff, 0xff, 0xff, 0xff, 0xff, 0xff,
    0xff, 0xff, 0xff, 0xff, 0xff, 0xff, 0xff, 0xff,
    0xff, 0xff, 0xff, 0xff, 0xff, 0xff, 0xff, 0xff,
    0x8f, 0xff, 0xff, 0xff, 0xff, 0xff, 0xff, 0xf8,

    /* U+F2D1 "" */
    0x8f, 0xff, 0xff, 0xff, 0xff, 0xff, 0xff, 0xf8,
    0xff, 0xff, 0xff, 0xff, 0xff, 0xff, 0xff, 0xff,
    0xff, 0xff, 0xff, 0xff, 0xff, 0xff, 0xff, 0xff,
    0x8f, 0xff, 0xff, 0xff, 0xff, 0xff, 0xff, 0xf8,

    /* U+F2D2 "" */
    0x0, 0x0, 0x8f, 0xff, 0xff, 0xff, 0xff, 0xf8,
    0x0, 0x0, 0xff, 0xff, 0xff, 0xff, 0xff, 0xff,
    0x0, 0x0, 0xff, 0xff, 0xff, 0xff, 0xff, 0xff,
    0x0, 0x0, 0x0, 0x0, 0x0, 0x4, 0xef, 0xff,
    0x8f, 0xff, 0xff, 0xff, 0xff, 0xf8, 0x4f, 0xff,
    0xff, 0xff, 0xff, 0xff, 0xff, 0xff, 0xf, 0xff,
    0xff, 0x0, 0x0, 0x0, 0x2, 0xff, 0xf, 0xff,
    0xff, 0x0, 0x0, 0x0, 0x2, 0xff, 0xf, 0xff,
    0xff, 0xff, 0xff, 0xff, 0xff, 0xff, 0xf, 0xff,
    0xff, 0xff, 0xff, 0xff, 0xff, 0xff, 0xf, 0xff,
    0xff, 0xff, 0xff, 0xff, 0xff, 0xff, 0xf, 0xff,
    0xff, 0xff, 0xff, 0xff, 0xff, 0xff, 0xf, 0xf8,
    0xff, 0xff, 0xff, 0xff, 0xff, 0xff, 0x0, 0x0,
    0xff, 0xff, 0xff, 0xff, 0xff, 0xff, 0x0, 0x0,
    0xff, 0xff, 0xff, 0xff, 0xff, 0xff, 0x0, 0x0,
    0x8f, 0xff, 0xff, 0xff, 0xff, 0xf8, 0x0, 0x0,

    /* U+F2DB "" */
    0x0, 0x6, 0xff, 0xff, 0xff, 0xff, 0xa0, 0x0,
    0x0, 0x0, 0xcf, 0xff, 0xff, 0xff, 0xff, 0x20,
    0x0, 0x3, 0x1d, 0xff, 0xff, 0xff, 0xff, 0xf3,
    0x41, 0x9, 0xf6, 0xdf, 0xff, 0xff, 0xff, 0xff,
    0x4f, 0xd1, 0x3, 0x1d, 0xff, 0xff, 0xff, 0xff,
    0xf3, 0x41, 0x0, 0x31, 0xdf, 0xff, 0xff, 0xff,
    0xff, 0x34, 0x10, 0x9f, 0x6d, 0xff, 0xff, 0xff,
    0xff, 0xf4, 0xfd, 0x10, 0x31, 0xdf, 0xff, 0xff,
    0xff, 0xff, 0x34, 0x10, 0x3, 0x1d, 0xff, 0xff,
    0xff, 0xff, 0xf3, 0x41, 0x9, 0xf6, 0xdf, 0xff,
    0xff, 0xff, 0xff, 0x4f, 0xd1, 0x3, 0x1d, 0xff,
    0xff, 0xff, 0xff, 0xf3, 0x41, 0x0, 0x31, 0xdf,
    0xff, 0xff, 0xff, 0xff, 0x34, 0x10, 0x9f, 0x6d,
    0xff, 0xff, 0xff, 0xff, 0xf4, 0xfd, 0x10, 0x31,
    0xdf, 0xff, 0xff, 0xff, 0xff, 0x34, 0x10, 0x0,
    0xc, 0xff, 0xff, 0xff, 0xff, 0xf2, 0x0, 0x0,
    0x0, 0x6f, 0xff, 0xff, 0xff, 0xfa, 0x0, 0x0,

    /* U+F2DC "" */
    0x0, 0x0, 0x0, 0xe, 0xf0, 0x0, 0x0, 0x0,
    0x0, 0x0, 0x8, 0xbf, 0xfb, 0x90, 0x0, 0x0,
    0x0, 0x3, 0x15, 0xff, 0xff, 0x61, 0x40, 0x0,
    0x3, 0x4d, 0x90, 0x5f, 0xf6, 0x8, 0xe4, 0x30,
    0xd, 0xff, 0xe0, 0xf, 0xf0, 0xd, 0xff, 0xe0,
    0x5, 0xff, 0xf9, 0x1f, 0xf1, 0x8f, 0xff, 0x60,
    0xb, 0xff, 0xff, 0xef, 0xfe, 0xff, 0xff, 0xc0,
    0x4, 0x40, 0x1a, 0xff, 0xff, 0xb2, 0x4, 0x40,
    0x4, 0x40, 0x1a, 0xff, 0xff, 0xb2, 0x4, 0x40,
    0xb, 0xff, 0xff, 0xef, 0xfe, 0xff, 0xff, 0xc0,
    0x5, 0xff, 0xf9, 0x1f, 0xf1, 0x8f, 0xff, 0x60,
    0xd, 0xff, 0xe0, 0xf, 0xf0, 0xd, 0xff, 0xe0,
    0x3, 0x4d, 0x90, 0x5f, 0xf6, 0x8, 0xe4, 0x30,
    0x0, 0x3, 0x15, 0xff, 0xff, 0x61, 0x40, 0x0,
    0x0, 0x0, 0x8, 0xbf, 0xfb, 0x90, 0x0, 0x0,
    0x0, 0x0, 0x0, 0xe, 0xf0, 0x0, 0x0, 0x0,

    /* U+F2E5 "" */
    0x0, 0x0, 0x0, 0x0, 0x0, 0x0, 0x0, 0x0,
    0x0, 0x0, 0x0, 0x0, 0x0, 0x4a, 0xef, 0xd6,
    0x0, 0x0, 0x0, 0x0, 0x0, 0x9f, 0xff, 0xff,
    0xf6, 0x0, 0x0, 0x0, 0x0, 0x9f, 0xff, 0xff,
    0xff, 0xd0, 0x0, 0x0, 0x0, 0x2f, 0xff, 0xff,
    0xff, 0xff, 0x0, 0x0, 0x0, 0x6, 0xff, 0xff,
    0xff, 0xff, 0xf0, 0x0, 0x0, 0x0, 0x6f, 0xff,
    0xff, 0xff, 0xfb, 0x0, 0x0, 0x0, 0x2, 0xff,
    0xff, 0xff, 0xff, 0x40, 0x0, 0x0, 0x0, 0x9f,
    0xff, 0xff, 0xff, 0xa0, 0x0, 0x0, 0x0, 0xbf,
    0xff, 0xff, 0xff, 0x90, 0x0, 0x0, 0x1, 0xcf,
    0xff, 0xa2, 0x66, 0x20, 0x0, 0x0, 0x2, 0xdf,
    0xff, 0xc0, 0x0, 0x0, 0x0, 0x0, 0x3, 0xef,
    0xff, 0xd1, 0x0, 0x0, 0x0, 0x0, 0x4, 0xff,
    0xff, 0xe1, 0x0, 0x0, 0x0, 0x0, 0x0, 0xef,
    0xff, 0xe2, 0x0, 0x0, 0x0, 0x0, 0x0, 0x6,
    0xff, 0xf3, 0x0, 0x0, 0x0, 0x0, 0x0, 0x0,
    0x6, 0xe5, 0x0, 0x0, 0x0, 0x0, 0x0, 0x0,
    0x0,

    /* U+F2E7 "" */
    0x6e, 0x2f, 0x2e, 0x60, 0x0, 0x5d, 0xda, 0xf4,
    0xf4, 0xfa, 0x0, 0x6f, 0xff, 0xcf, 0x5f, 0x5f,
    0xc0, 0x2f, 0xff, 0xfe, 0xf6, 0xf6, 0xfe, 0x9,
    0xff, 0xff, 0xff, 0x7f, 0x7f, 0xf0, 0xef, 0xff,
    0xfd, 0xff, 0xff, 0xfd, 0xf, 0xff, 0xff, 0x6f,
    0xff, 0xff, 0x60, 0xcf, 0xff, 0xf0, 0x6f, 0xff,
    0x60, 0x6, 0xff, 0xff, 0x0, 0xef, 0xe0, 0x0,
    0xa, 0xff, 0xf0, 0xf, 0xff, 0x0, 0x0, 0xd,
    0xff, 0x0, 0xff, 0xf0, 0x0, 0x0, 0xdf, 0xf0,
    0xf, 0xff, 0x0, 0x0, 0xf, 0xff, 0x1, 0xff,
    0xf1, 0x0, 0x0, 0xff, 0xf0, 0x2f, 0xff, 0x20,
    0x0, 0x1f, 0xff, 0x3, 0xff, 0xf3, 0x0, 0x3,
    0xff, 0xf0, 0x2f, 0xff, 0x20, 0x0, 0x2f, 0xfd,

    /* U+F2EA "" */
    0x0, 0x0, 0x3, 0x79, 0x97, 0x30, 0x0, 0x0,
    0x78, 0x3, 0xcf, 0xff, 0xff, 0xfc, 0x30, 0x0,
    0xcf, 0xbf, 0xff, 0xfe, 0xef, 0xff, 0xf4, 0x0,
    0xcf, 0xff, 0xf8, 0x10, 0x1, 0x8f, 0xff, 0x30,
    0xcf, 0xff, 0xb0, 0x0, 0x0, 0x4, 0xff, 0xc0,
    0xcf, 0xff, 0xf9, 0x0, 0x0, 0x0, 0x7f, 0xf4,
    0x7d, 0xdd, 0xda, 0x0, 0x0, 0x0, 0xf, 0xf8,
    0x0, 0x0, 0x0, 0x0, 0x0, 0x0, 0xd, 0xfa,
    0x0, 0x0, 0x0, 0x0, 0x0, 0x0, 0xc, 0xfb,
    0x0, 0x0, 0x0, 0x0, 0x0, 0x0, 0xf, 0xf9,
    0x0, 0x0, 0x0, 0x0, 0x0, 0x0, 0x5f, 0xf5,
    0x0, 0x0, 0x0, 0x0, 0x0, 0x2, 0xef, 0xe0,
    0x0, 0x6, 0xe4, 0x0, 0x0, 0x4e, 0xff, 0x50,
    0x0, 0x3f, 0xff, 0xda, 0xad, 0xff, 0xf8, 0x0,
    0x0, 0x6, 0xff, 0xff, 0xff, 0xfe, 0x60, 0x0,
    0x0, 0x0, 0x17, 0xbd, 0xdb, 0x61, 0x0, 0x0,

    /* U+F2ED "" */
    0x0, 0x0, 0x7f, 0xff, 0xf7, 0x0, 0x0, 0xef,
    0xff, 0xff, 0xff, 0xff, 0xff, 0xfe, 0xef, 0xff,
    0xff, 0xff, 0xff, 0xff, 0xfe, 0x0, 0x0, 0x0,
    0x0, 0x0, 0x0, 0x0, 0xf, 0xff, 0xff, 0xff,
    0xff, 0xff, 0xf0, 0xf, 0xff, 0xff, 0xff, 0xff,
    0xff, 0xf0, 0xf, 0xf9, 0x9f, 0x99, 0xf9, 0x9f,
    0xf0, 0xf, 0xf8, 0x8f, 0x88, 0xf8, 0x8f, 0xf0,
    0xf, 0xf8, 0x8f, 0x88, 0xf8, 0x8f, 0xf0, 0xf,
    0xf8, 0x8f, 0x88, 0xf8, 0x8f, 0xf0, 0xf, 0xf8,
    0x8f, 0x88, 0xf8, 0x8f, 0xf0, 0xf, 0xf8, 0x8f,
    0x88, 0xf8, 0x8f, 0xf0, 0xf, 0xf8, 0x8f, 0x88,
    0xf8, 0x8f, 0xf0, 0xf, 0xf9, 0x9f, 0x99, 0xf9,
    0x9f, 0xf0, 0xf, 0xff, 0xff, 0xff, 0xff, 0xff,
    0xf0, 0x8, 0xff, 0xff, 0xff, 0xff, 0xff, 0x80,

    /* U+F2F1 "" */
    0x0, 0x0, 0x3, 0x79, 0x97, 0x30, 0x0, 0x0,
    0x0, 0x3, 0xcf, 0xff, 0xff, 0xfc, 0x30, 0x97,
    0x0, 0x5f, 0xff, 0xfe, 0xef, 0xff, 0xfb, 0xfc,
    0x3, 0xff, 0xf8, 0x10, 0x1, 0x8f, 0xff, 0xfc,
    0xd, 0xff, 0x40, 0x0, 0x0, 0xb, 0xff, 0xfc,
    0x4f, 0xf7, 0x0, 0x0, 0x0, 0x9f, 0xff, 0xfc,
    0x8f, 0xf1, 0x0, 0x0, 0x0, 0xad, 0xdd, 0xd7,
    0x1, 0x10, 0x0, 0x0, 0x0, 0x0, 0x0, 0x0,
    0x0, 0x0, 0x0, 0x0, 0x0, 0x0, 0x0, 0x0,
    0x5a, 0xaa, 0xa7, 0x0, 0x0, 0x0, 0xd, 0xe7,
    0xbf, 0xff, 0xfb, 0x0, 0x0, 0x0, 0x6f, 0xf5,
    0xcf, 0xff, 0xc1, 0x0, 0x0, 0x2, 0xef, 0xe0,
    0xcf, 0xff, 0xe4, 0x0, 0x0, 0x4e, 0xff, 0x50,
    0xcf, 0xef, 0xff, 0xda, 0xad, 0xff, 0xf8, 0x0,
    0xac, 0x16, 0xef, 0xff, 0xff, 0xff, 0x60, 0x0,
    0x0, 0x0, 0x16, 0xbd, 0xdb, 0x61, 0x0, 0x0,

    /* U+F2F2 "" */
    0x0, 0x0, 0x3f, 0xff, 0xf3, 0x0, 0x0, 0x0,
    0x0, 0x3f, 0xff, 0xf3, 0x0, 0x0, 0x0, 0x0,
    0x0, 0xff, 0x0, 0x0, 0x0, 0x0, 0x1, 0x7c,
    0xff, 0xc7, 0x1, 0x40, 0x0, 0x3e, 0xff, 0xff,
    0xff, 0xed, 0xf4, 0x2, 0xff, 0xff, 0x88, 0xff,
    0xff, 0xd1, 0xb, 0xff, 0xff, 0x0, 0xff, 0xff,
    0xb0, 0x2f, 0xff, 0xff, 0x0, 0xff, 0xff, 0xf2,
    0x6f, 0xff, 0xff, 0x0, 0xff, 0xff, 0xf6, 0x7f,
    0xff, 0xff, 0x0, 0xff, 0xff, 0xf7, 0x6f, 0xff,
    0xff, 0x0, 0xff, 0xff, 0xf6, 0x2f, 0xff, 0xff,
    0xff, 0xff, 0xff, 0xf2, 0xc, 0xff, 0xff, 0xff,
    0xff, 0xff, 0xb0, 0x2, 0xef, 0xff, 0xff, 0xff,
    0xfe, 0x20, 0x0, 0x3e, 0xff, 0xff, 0xff, 0xe3,
    0x0, 0x0, 0x0, 0x7d, 0xff, 0xc7, 0x0, 0x0,

    /* U+F2F5 "" */
    0x0, 0x0, 0x0, 0x0, 0x1, 0x0, 0x0, 0x0,
    0x8, 0xef, 0xff, 0x0, 0xf, 0xb0, 0x0, 0x0,
    0x8f, 0xff, 0xff, 0x0, 0xf, 0xfb, 0x0, 0x0,
    0xef, 0x30, 0x0, 0x0, 0xf, 0xff, 0xb0, 0x0,
    0xff, 0x0, 0x47, 0x77, 0x7f, 0xff, 0xfb, 0x0,
    0xff, 0x0, 0xff, 0xff, 0xff, 0xff, 0xff, 0xb0,
    0xff, 0x0, 0xff, 0xff, 0xff, 0xff, 0xff, 0xf9,
    0xff, 0x0, 0xff, 0xff, 0xff, 0xff, 0xff, 0xf5,
    0xff, 0x0, 0xdf, 0xff, 0xff, 0xff, 0xff, 0x50,
    0xff, 0x0, 0x0, 0x0, 0xf, 0xff, 0xf5, 0x0,
    0xef, 0x30, 0x0, 0x0, 0xf, 0xff, 0x50, 0x0,
    0x8f, 0xff, 0xff, 0x0, 0xf, 0xf5, 0x0, 0x0,
    0x8, 0xef, 0xff, 0x0, 0xa, 0x50, 0x0, 0x0,

    /* U+F2F6 "" */
    0x0, 0x0, 0x9, 0x40, 0x0, 0xff, 0xfe, 0x80,
    0x0, 0x0, 0xf, 0xf5, 0x0, 0xff, 0xff, 0xf8,
    0x0, 0x0, 0xf, 0xff, 0x50, 0x0, 0x3, 0xfe,
    0x0, 0x0, 0xf, 0xff, 0xf5, 0x0, 0x0, 0xff,
    0xdf, 0xff, 0xff, 0xff, 0xff, 0x50, 0x0, 0xff,
    0xff, 0xff, 0xff, 0xff, 0xff, 0xf4, 0x0, 0xff,
    0xff, 0xff, 0xff, 0xff, 0xff, 0xf9, 0x0, 0xff,
    0xff, 0xff, 0xff, 0xff, 0xff, 0xc0, 0x0, 0xff,
    0x58, 0x88, 0x8f, 0xff, 0xfc, 0x0, 0x0, 0xff,
    0x0, 0x0, 0xf, 0xff, 0xc0, 0x0, 0x3, 0xfe,
    0x0, 0x0, 0xf, 0xfc, 0x0, 0xff, 0xff, 0xf8,
    0x0, 0x0, 0xf, 0xc0, 0x0, 0xff, 0xfe, 0x80,
    0x0, 0x0, 0x2, 0x0, 0x0, 0x0, 0x0, 0x0,

    /* U+F2F9 "" */
    0x0, 0x0, 0x3, 0x79, 0x97, 0x30, 0x0, 0x0,
    0x0, 0x3, 0xcf, 0xff, 0xff, 0xfc, 0x20, 0x97,
    0x0, 0x5f, 0xff, 0xfe, 0xef, 0xff, 0xfb, 0xfb,
    0x3, 0xff, 0xf7, 0x10, 0x1, 0x8f, 0xff, 0xfb,
    0xd, 0xff, 0x30, 0x0, 0x0, 0xb, 0xff, 0xfb,
    0x4f, 0xf6, 0x0, 0x0, 0x0, 0x9f, 0xff, 0xfb,
    0x9f, 0xf0, 0x0, 0x0, 0x0, 0xad, 0xdd, 0xd7,
    0xbf, 0xc0, 0x0, 0x0, 0x0, 0x0, 0x0, 0x0,
    0xbf, 0xc0, 0x0, 0x0, 0x0, 0x0, 0x0, 0x0,
    0xaf, 0xe0, 0x0, 0x0, 0x0, 0x0, 0x0, 0x0,
    0x6f, 0xf5, 0x0, 0x0, 0x0, 0x0, 0x0, 0x0,
    0xe, 0xfe, 0x10, 0x0, 0x0, 0x0, 0x0, 0x0,
    0x6, 0xff, 0xe4, 0x0, 0x0, 0x4e, 0x60, 0x0,
    0x0, 0x8f, 0xff, 0xda, 0xae, 0xff, 0xf2, 0x0,
    0x0, 0x6, 0xff, 0xff, 0xff, 0xfe, 0x50, 0x0,
    0x0, 0x0, 0x17, 0xbd, 0xdb, 0x60, 0x0, 0x0,

    /* U+F2FE "" */
    0x0, 0x0, 0x0, 0x3, 0xe8, 0x0, 0x0, 0x0,
    0x0, 0x0, 0x0, 0x0, 0xff, 0x80, 0x0, 0x0,
    0x0, 0x0, 0x0, 0x4, 0xff, 0xe0, 0x0, 0x0,
    0x0, 0x0, 0x0, 0x4e, 0xff, 0xe0, 0x0, 0x0,
    0x0, 0x4, 0xef, 0xff, 0xff, 0xfe, 0x40, 0x0,
    0x0, 0xe, 0xff, 0xff, 0xff, 0xff, 0xe0, 0x0,
    0x0, 0xe, 0xff, 0xff, 0xff, 0xff, 0xe0, 0x0,
    0x0, 0x5b, 0xff, 0xff, 0xff, 0xff, 0xb5, 0x0,
    0x9, 0xff, 0xf3, 0x3f, 0xf3, 0x3f, 0xff, 0x90,
    0xf, 0xff, 0xf3, 0x3f, 0xf3, 0x3f, 0xff, 0xf0,
    0xc, 0xff, 0xff, 0xff, 0xff, 0xff, 0xff, 0xc0,
    0x7, 0xff, 0xff, 0xff, 0xff, 0xff, 0xff, 0x70,
    0x8f, 0xff, 0xf2, 0x0, 0x0, 0x2f, 0xff, 0xf8,
    0xff, 0xff, 0xfe, 0x61, 0x16, 0xef, 0xff, 0xff,
    0xdf, 0xff, 0xff, 0xff, 0xff, 0xff, 0xff, 0xfd,
    0x3d, 0xff, 0xff, 0xff, 0xff, 0xff, 0xff, 0xd3,

    /* U+F302 "" */
    0x0, 0x8, 0xff, 0xff, 0xff, 0xff, 0xff, 0xff,
    0xf8, 0x0, 0xf, 0xfd, 0x8d, 0xff, 0xff, 0xff,
    0xff, 0xff, 0x0, 0xf, 0xf2, 0x2, 0xff, 0xff,
    0xee, 0xff, 0xff, 0x8f, 0xf, 0xf2, 0x2, 0xff,
    0xfe, 0x12, 0xef, 0xff, 0xff, 0xf, 0xfd, 0x8d,
    0xff, 0xe1, 0x0, 0x2e, 0xff, 0xff, 0xf, 0xff,
    0xee, 0xfe, 0x10, 0x0, 0x2, 0xff, 0xff, 0xf,
    0xfe, 0x12, 0xc1, 0x0, 0x0, 0x0, 0xff, 0xff,
    0xf, 0xf1, 0x0, 0x0, 0x0, 0x0, 0x0, 0xff,
    0xff, 0xf, 0xf0, 0x0, 0x0, 0x0, 0x0, 0x0,
    0xff, 0xff, 0xf, 0xff, 0xff, 0xff, 0xff, 0xff,
    0xff, 0xff, 0xff, 0x48, 0xff, 0xff, 0xff, 0xff,
    0xff, 0xff, 0xf8, 0xff, 0xe4, 0x0, 0x0, 0x0,
    0x0, 0x0, 0x0, 0x0, 0xff, 0xff, 0xff, 0xff,
    0xff, 0xff, 0xff, 0xf0, 0x0, 0x8f, 0xff, 0xff,
    0xff, 0xff, 0xff, 0xff, 0x80, 0x0,

    /* U+F303 "" */
    0x0, 0x0, 0x0, 0x0, 0x0, 0x0, 0x7f, 0xa0,
    0x0, 0x0, 0x0, 0x0, 0x0, 0x0, 0x7, 0xff,
    0xfb, 0x0, 0x0, 0x0, 0x0, 0x0, 0x0, 0xb,
    0xff, 0xff, 0xb0, 0x0, 0x0, 0x0, 0x0, 0x7,
    0xc1, 0xbf, 0xff, 0xf0, 0x0, 0x0, 0x0, 0x0,
    0x7f, 0xfc, 0x1b, 0xff, 0x70, 0x0, 0x0, 0x0,
    0x7, 0xf6, 0xaf, 0xc1, 0xb8, 0x0, 0x0, 0x0,
    0x0, 0x7f, 0x65, 0xff, 0xfc, 0x0, 0x0, 0x0,
    0x0, 0x7, 0xf6, 0x5f, 0xff, 0xf8, 0x0, 0x0,
    0x0, 0x0, 0x7f, 0x65, 0xff, 0xff, 0x80, 0x0,
    0x0, 0x0, 0x7, 0xf6, 0x5f, 0xff, 0xf8, 0x0,
    0x0, 0x0, 0x0, 0x7f, 0xe6, 0xff, 0xff, 0x80,
    0x0, 0x0, 0x0, 0x4, 0xec, 0xff, 0xff, 0xf8,
    0x0, 0x0, 0x0, 0x0, 0x7, 0x83, 0xff, 0xff,
    0x80, 0x0, 0x0, 0x0, 0x0, 0xa, 0x50, 0x4c,
    0xf8, 0x0, 0x0, 0x0, 0x0, 0x0, 0xd, 0xe5,
    0x7e, 0x80, 0x0, 0x0, 0x0, 0x0, 0x0, 0xd,
    0xeb, 0x85, 0x0, 0x0, 0x0, 0x0, 0x0, 0x0,
    0x0, 0x0, 0x0, 0x0, 0x0, 0x0, 0x0, 0x0,
    0x0,

    /* U+F304 "" */
    0x0, 0x0, 0x0, 0x0, 0x0, 0x7, 0xfa, 0x0,
    0x0, 0x0, 0x0, 0x0, 0x0, 0x7, 0xff, 0xfb,
    0x0, 0x0, 0x0, 0x0, 0x0, 0x0, 0xdf, 0xff,
    0xfb, 0x0, 0x0, 0x0, 0x0, 0x7, 0xb1, 0xdf,
    0xff, 0xf0, 0x0, 0x0, 0x0, 0x7, 0xff, 0xb1,
    0xdf, 0xf7, 0x0, 0x0, 0x0, 0x7, 0xff, 0xff,
    0xb1, 0xd8, 0x0, 0x0, 0x0, 0x7, 0xff, 0xff,
    0xff, 0xb1, 0x0, 0x0, 0x0, 0x7, 0xff, 0xff,
    0xff, 0xf8, 0x0, 0x0, 0x0, 0x7, 0xff, 0xff,
    0xff, 0xf8, 0x0, 0x0, 0x0, 0x7, 0xff, 0xff,
    0xff, 0xf8, 0x0, 0x0, 0x0, 0x7, 0xff, 0xff,
    0xff, 0xf8, 0x0, 0x0, 0x0, 0x6, 0xff, 0xff,
    0xff, 0xf8, 0x0, 0x0, 0x0, 0x0, 0xaf, 0xff,
    0xff, 0xf8, 0x0, 0x0, 0x0, 0x0, 0xc, 0xff,
    0xff, 0xf8, 0x0, 0x0, 0x0, 0x0, 0x0, 0xef,
    0xff, 0xf8, 0x0, 0x0, 0x0, 0x0, 0x0, 0xd,
    0xed, 0xb7, 0x0, 0x0, 0x0, 0x0, 0x0, 0x0,
    0x0, 0x0, 0x0, 0x0, 0x0, 0x0, 0x0, 0x0,
    0x0,

    /* U+F305 "" */
    0x0, 0x0, 0x0, 0x0, 0x0, 0x7, 0xfa, 0x0,
    0x0, 0x0, 0x0, 0x8, 0x80, 0x7, 0xff, 0xfb,
    0x0, 0x0, 0x0, 0xa, 0xff, 0xa0, 0xdf, 0xff,
    0xfb, 0x0, 0x0, 0xa, 0xfe, 0xef, 0xa1, 0xdf,
    0xff, 0xf0, 0x0, 0xb, 0xfe, 0x39, 0xff, 0xb1,
    0xdf, 0xf7, 0x0, 0x9, 0xfe, 0x37, 0xff, 0xff,
    0xb1, 0xd8, 0x0, 0x0, 0x3d, 0x37, 0xff, 0xff,
    0xff, 0xb1, 0x0, 0x0, 0x0, 0x7, 0xff, 0xff,
    0xff, 0xf8, 0x0, 0x0, 0x0, 0x7, 0xff, 0xff,
    0xff, 0xf8, 0x0, 0x0, 0x0, 0x6, 0xff, 0xff,
    0xff, 0xf8, 0x0, 0x0, 0x0, 0x3, 0xff, 0xff,
    0xff, 0xf8, 0x0, 0x0, 0x0, 0x0, 0xcf, 0xff,
    0xff, 0xf8, 0x0, 0x0, 0x0, 0x0, 0x4f, 0xff,
    0xff, 0xf8, 0x0, 0x0, 0x0, 0x0, 0xa, 0xff,
    0xff, 0xf7, 0x0, 0x0, 0x0, 0x0, 0x0, 0xdf,
    0xff, 0xd4, 0x0, 0x0, 0x0, 0x0, 0x0, 0xd,
    0xea, 0x50, 0x0, 0x0, 0x0, 0x0, 0x0, 0x0,
    0x0, 0x0, 0x0, 0x0, 0x0, 0x0, 0x0, 0x0,
    0x0,

    /* U+F309 "" */
    0x0, 0xf, 0xf6, 0x0, 0x0, 0x1f, 0xf6, 0x0,
    0x0, 0x1f, 0xf6, 0x0, 0x0, 0x1f, 0xf6, 0x0,
    0x0, 0x1f, 0xf6, 0x0, 0x0, 0x1f, 0xf6, 0x0,
    0x0, 0x1f, 0xf6, 0x0, 0x0, 0x1f, 0xf6, 0x0,
    0x0, 0x1f, 0xf6, 0x0, 0x2, 0x4f, 0xf8, 0x20,
    0x2f, 0xff, 0xff, 0xf8, 0xa, 0xff, 0xff, 0xd1,
    0x0, 0xaf, 0xfd, 0x10, 0x0, 0x9, 0xd1, 0x0,

    /* U+F30A "" */
    0x0, 0x18, 0x0, 0x0, 0x0, 0x0, 0x0, 0x0,
    0x1d, 0xf3, 0x0, 0x0, 0x0, 0x0, 0x0, 0x1d,
    0xff, 0x97, 0x77, 0x77, 0x77, 0x76, 0xc, 0xff,
    0xff, 0xff, 0xff, 0xff, 0xff, 0xf0, 0x8f, 0xff,
    0xff, 0xff, 0xff, 0xff, 0xff, 0x0, 0x9f, 0xf4,
    0x0, 0x0, 0x0, 0x0, 0x0, 0x0, 0x9f, 0x20,
    0x0, 0x0, 0x0, 0x0, 0x0, 0x0, 0x20, 0x0,
    0x0, 0x0, 0x0, 0x0,

    /* U+F30B "" */
    0x0, 0x0, 0x0, 0x0, 0x0, 0x82, 0x0, 0x0,
    0x0, 0x0, 0x0, 0x2, 0xfe, 0x20, 0x67, 0x77,
    0x77, 0x77, 0x78, 0xff, 0xe2, 0xff, 0xff, 0xff,
    0xff, 0xff, 0xff, 0xfd, 0xff, 0xff, 0xff, 0xff,
    0xff, 0xff, 0xf9, 0x0, 0x0, 0x0, 0x0, 0x3,
    0xff, 0x90, 0x0, 0x0, 0x0, 0x0, 0x2, 0xf9,
    0x0, 0x0, 0x0, 0x0, 0x0, 0x0, 0x20, 0x0,

    /* U+F30C "" */
    0x0, 0x9, 0xd1, 0x0, 0x0, 0xaf, 0xfd, 0x10,
    0xa, 0xff, 0xff, 0xd1, 0x2f, 0xff, 0xff, 0xf8,
    0x2, 0x4f, 0xf8, 0x20, 0x0, 0x1f, 0xf6, 0x0,
    0x0, 0x1f, 0xf6, 0x0, 0x0, 0x1f, 0xf6, 0x0,
    0x0, 0x1f, 0xf6, 0x0, 0x0, 0x1f, 0xf6, 0x0,
    0x0, 0x1f, 0xf6, 0x0, 0x0, 0x1f, 0xf6, 0x0,
    0x0, 0x1f, 0xf6, 0x0, 0x0, 0xf, 0xf6, 0x0,

    /* U+F31E "" */
    0xcf, 0xff, 0xe0, 0x0, 0xd, 0xff, 0xfd, 0xf,
    0xff, 0xf9, 0x0, 0x0, 0x8f, 0xff, 0xf0, 0xff,
    0xfe, 0x0, 0x0, 0x0, 0xdf, 0xff, 0xf, 0xfe,
    0xfb, 0x0, 0x0, 0xbf, 0xef, 0xf0, 0xd9, 0xb,
    0xfb, 0x0, 0xbf, 0xb0, 0x8d, 0x0, 0x0, 0xb,
    0xfb, 0xbf, 0xb0, 0x0, 0x0, 0x0, 0x0, 0xb,
    0xff, 0xb0, 0x0, 0x0, 0x0, 0x0, 0x0, 0xbf,
    0xfb, 0x0, 0x0, 0x0, 0x0, 0x0, 0xbf, 0xbb,
    0xfb, 0x0, 0x0, 0xd, 0x90, 0xbf, 0xb0, 0xb,
    0xfb, 0x8, 0xd0, 0xff, 0xef, 0xb0, 0x0, 0xb,
    0xfe, 0xff, 0xf, 0xff, 0xe0, 0x0, 0x0, 0xd,
    0xff, 0xf0, 0xff, 0xff, 0x90, 0x0, 0x8, 0xff,
    0xff, 0xc, 0xff, 0xfe, 0x0, 0x0, 0xdf, 0xff,
    0xd0,

    /* U+F328 "" */
    0x0, 0x0, 0x4e, 0xe4, 0x0, 0x0, 0x0, 0x0,
    0xe9, 0x9e, 0x0, 0x0, 0x8f, 0xff, 0xf9, 0x9f,
    0xff, 0xf8, 0xff, 0xff, 0xff, 0xff, 0xff, 0xff,
    0xff, 0xf0, 0x0, 0x0, 0xf, 0xff, 0xff, 0xff,
    0xff, 0xff, 0xff, 0xff, 0xff, 0xff, 0xff, 0xff,
    0xff, 0xff, 0xff, 0xff, 0xff, 0xff, 0xff, 0xff,
    0xff, 0xff, 0xff, 0xff, 0xff, 0xff, 0xff, 0xff,
    0xff, 0xff, 0xff, 0xff, 0xff, 0xff, 0xff, 0xff,
    0xff, 0xff, 0xff, 0xff, 0xff, 0xff, 0xff, 0xff,
    0xff, 0xff, 0xff, 0xff, 0xff, 0xff, 0xff, 0xff,
    0xff, 0xff, 0xff, 0xff, 0xff, 0xff, 0xff, 0xff,
    0xff, 0xff, 0x8f, 0xff, 0xff, 0xff, 0xff, 0xf8,

    /* U+F337 "" */
    0x0, 0x18, 0x0, 0x0, 0x0, 0x0, 0x82, 0x0,
    0x0, 0x1d, 0xf3, 0x0, 0x0, 0x0, 0x2f, 0xe2,
    0x0, 0x1d, 0xff, 0x97, 0x77, 0x77, 0x78, 0xff,
    0xe2, 0xc, 0xff, 0xff, 0xff, 0xff, 0xff, 0xff,
    0xff, 0xd0, 0x8f, 0xff, 0xff, 0xff, 0xff, 0xff,
    0xff, 0xf9, 0x0, 0x9f, 0xf4, 0x0, 0x0, 0x0,
    0x3f, 0xfa, 0x0, 0x0, 0x9f, 0x20, 0x0, 0x0,
    0x1, 0xfa, 0x0, 0x0, 0x0, 0x20, 0x0, 0x0,
    0x0, 0x2, 0x0, 0x0,

    /* U+F338 "" */
    0x0, 0x9, 0xd1, 0x0, 0x0, 0xaf, 0xfd, 0x10,
    0xa, 0xff, 0xff, 0xd1, 0x2f, 0xff, 0xff, 0xf8,
    0x2, 0x4f, 0xf8, 0x20, 0x0, 0x1f, 0xf6, 0x0,
    0x0, 0x1f, 0xf6, 0x0, 0x0, 0x1f, 0xf6, 0x0,
    0x0, 0x1f, 0xf6, 0x0, 0x0, 0x1f, 0xf6, 0x0,
    0x0, 0x1f, 0xf6, 0x0, 0x2, 0x4f, 0xf8, 0x20,
    0x2f, 0xff, 0xff, 0xf8, 0xa, 0xff, 0xff, 0xd1,
    0x0, 0xaf, 0xfd, 0x10, 0x0, 0x9, 0xd1, 0x0,

    /* U+F358 "" */
    0x0, 0x0, 0x16, 0x9b, 0xa8, 0x30, 0x0, 0x0,
    0x0, 0x6, 0xff, 0xff, 0xff, 0xfc, 0x20, 0x0,
    0x0, 0x9f, 0xff, 0xff, 0xff, 0xff, 0xe3, 0x0,
    0x7, 0xff, 0xff, 0xff, 0xff, 0xff, 0xfe, 0x10,
    0x1f, 0xff, 0xff, 0x70, 0xf, 0xff, 0xff, 0x90,
    0x8f, 0xff, 0xff, 0x70, 0xe, 0xff, 0xff, 0xf0,
    0xcf, 0xff, 0xff, 0x70, 0xe, 0xff, 0xff, 0xf4,
    0xef, 0xff, 0xff, 0x70, 0xe, 0xff, 0xff, 0xf6,
    0xef, 0xff, 0x10, 0x0, 0x0, 0x8, 0xff, 0xf6,
    0xcf, 0xff, 0xc0, 0x0, 0x0, 0x5f, 0xff, 0xf4,
    0x8f, 0xff, 0xfc, 0x0, 0x5, 0xff, 0xff, 0xf0,
    0x1f, 0xff, 0xff, 0xc0, 0x4f, 0xff, 0xff, 0x90,
    0x7, 0xff, 0xff, 0xfd, 0xff, 0xff, 0xfe, 0x10,
    0x0, 0x9f, 0xff, 0xff, 0xff, 0xff, 0xe3, 0x0,
    0x0, 0x6, 0xff, 0xff, 0xff, 0xfc, 0x20, 0x0,
    0x0, 0x0, 0x16, 0xab, 0xa8, 0x30, 0x0, 0x0,

    /* U+F359 "" */
    0x0, 0x0, 0x18, 0xce, 0xec, 0x81, 0x0, 0x0,
    0x0, 0x7, 0xff, 0xff, 0xff, 0xff, 0x70, 0x0,
    0x0, 0x8f, 0xff, 0xff, 0xff, 0xff, 0xf8, 0x0,
    0x5, 0xff, 0xff, 0xff, 0xff, 0xff, 0xff, 0x50,
    0xe, 0xff, 0xff, 0xc1, 0xff, 0xff, 0xff, 0xe0,
    0x5f, 0xff, 0xfd, 0x10, 0xff, 0xff, 0xff, 0xf5,
    0x9f, 0xff, 0xd1, 0x0, 0x66, 0x67, 0xff, 0xf9,
    0xbf, 0xfe, 0x10, 0x0, 0x0, 0x0, 0xff, 0xfb,
    0xbf, 0xfe, 0x10, 0x0, 0x0, 0x0, 0xff, 0xfb,
    0x9f, 0xff, 0xd1, 0x0, 0x66, 0x67, 0xff, 0xf9,
    0x5f, 0xff, 0xfd, 0x10, 0xff, 0xff, 0xff, 0xf5,
    0xe, 0xff, 0xff, 0xc1, 0xff, 0xff, 0xff, 0xe0,
    0x6, 0xff, 0xff, 0xff, 0xff, 0xff, 0xff, 0x50,
    0x0, 0x8f, 0xff, 0xff, 0xff, 0xff, 0xf8, 0x0,
    0x0, 0x7, 0xff, 0xff, 0xff, 0xff, 0x70, 0x0,
    0x0, 0x0, 0x18, 0xce, 0xec, 0x81, 0x0, 0x0,

    /* U+F35A "" */
    0x0, 0x0, 0x18, 0xce, 0xec, 0x81, 0x0, 0x0,
    0x0, 0x7, 0xff, 0xff, 0xff, 0xff, 0x70, 0x0,
    0x0, 0x8f, 0xff, 0xff, 0xff, 0xff, 0xf8, 0x0,
    0x5, 0xff, 0xff, 0xff, 0xff, 0xff, 0xff, 0x50,
    0xe, 0xff, 0xff, 0xff, 0x1c, 0xff, 0xff, 0xe0,
    0x5f, 0xff, 0xff, 0xff, 0x1, 0xdf, 0xff, 0xf5,
    0x9f, 0xff, 0x76, 0x66, 0x0, 0x1d, 0xff, 0xf9,
    0xbf, 0xff, 0x0, 0x0, 0x0, 0x1, 0xef, 0xfb,
    0xbf, 0xff, 0x0, 0x0, 0x0, 0x1, 0xef, 0xfb,
    0x9f, 0xff, 0x76, 0x66, 0x0, 0x1d, 0xff, 0xf9,
    0x5f, 0xff, 0xff, 0xff, 0x1, 0xdf, 0xff, 0xf5,
    0xe, 0xff, 0xff, 0xff, 0x1c, 0xff, 0xff, 0xe0,
    0x6, 0xff, 0xff, 0xff, 0xff, 0xff, 0xff, 0x50,
    0x0, 0x8f, 0xff, 0xff, 0xff, 0xff, 0xf8, 0x0,
    0x0, 0x7, 0xff, 0xff, 0xff, 0xff, 0x70, 0x0,
    0x0, 0x0, 0x18, 0xce, 0xec, 0x81, 0x0, 0x0,

    /* U+F35B "" */
    0x0, 0x0, 0x16, 0x9b, 0xa8, 0x30, 0x0, 0x0,
    0x0, 0x6, 0xff, 0xff, 0xff, 0xfc, 0x20, 0x0,
    0x0, 0x9f, 0xff, 0xff, 0xff, 0xff, 0xe3, 0x0,
    0x7, 0xff, 0xff, 0xfd, 0xff, 0xff, 0xfe, 0x10,
    0x1f, 0xff, 0xff, 0xc0, 0x5f, 0xff, 0xff, 0x90,
    0x8f, 0xff, 0xfc, 0x0, 0x5, 0xff, 0xff, 0xf0,
    0xcf, 0xff, 0xc0, 0x0, 0x0, 0x5f, 0xff, 0xf4,
    0xef, 0xff, 0x10, 0x0, 0x0, 0x8, 0xff, 0xf6,
    0xef, 0xff, 0xff, 0x70, 0xe, 0xff, 0xff, 0xf6,
    0xcf, 0xff, 0xff, 0x70, 0xe, 0xff, 0xff, 0xf4,
    0x8f, 0xff, 0xff, 0x70, 0xe, 0xff, 0xff, 0xf0,
    0x1f, 0xff, 0xff, 0x70, 0xf, 0xff, 0xff, 0x90,
    0x7, 0xff, 0xff, 0xff, 0xff, 0xff, 0xfe, 0x10,
    0x0, 0x9f, 0xff, 0xff, 0xff, 0xff, 0xe3, 0x0,
    0x0, 0x6, 0xff, 0xff, 0xff, 0xfc, 0x20, 0x0,
    0x0, 0x0, 0x16, 0xab, 0xa8, 0x30, 0x0, 0x0,

    /* U+F35D "" */
    0x0, 0x0, 0x0, 0x0, 0x0, 0x5f, 0xff, 0xfd,
    0x0, 0x0, 0x0, 0x0, 0x0, 0x2e, 0xff, 0xff,
    0x8f, 0xff, 0xff, 0xe0, 0x0, 0x6, 0xff, 0xff,
    0xff, 0xff, 0xff, 0xe0, 0x0, 0x4f, 0xff, 0xff,
    0xff, 0x0, 0x0, 0x0, 0x4, 0xff, 0xf6, 0xef,
    0xff, 0x0, 0x0, 0x0, 0x4f, 0xff, 0x40, 0x25,
    0xff, 0x0, 0x0, 0x4, 0xff, 0xf4, 0x0, 0x0,
    0xff, 0x0, 0x0, 0x4f, 0xff, 0x40, 0x0, 0x0,
    0xff, 0x0, 0x4, 0xff, 0xf4, 0x0, 0x0, 0x0,
    0xff, 0x0, 0x4f, 0xff, 0x40, 0x0, 0x0, 0x0,
    0xff, 0x0, 0xef, 0xf4, 0x0, 0x0, 0xee, 0x0,
    0xff, 0x0, 0x5e, 0x40, 0x0, 0x0, 0xff, 0x0,
    0xff, 0x0, 0x0, 0x0, 0x0, 0x0, 0xff, 0x0,
    0xff, 0x0, 0x0, 0x0, 0x0, 0x0, 0xff, 0x0,
    0xff, 0xff, 0xff, 0xff, 0xff, 0xff, 0xff, 0x0,
    0x8f, 0xff, 0xff, 0xff, 0xff, 0xff, 0xf8, 0x0,

    /* U+F360 "" */
    0x8f, 0xff, 0xff, 0xff, 0xff, 0xff, 0xf8, 0xff,
    0xff, 0xff, 0xff, 0xff, 0xff, 0xff, 0xff, 0xff,
    0xff, 0xf2, 0x0, 0x2, 0xff, 0xff, 0xff, 0xff,
    0xf7, 0x0, 0x0, 0xff, 0xff, 0xff, 0xff, 0xfd,
    0x0, 0x0, 0xff, 0xff, 0xff, 0xff, 0xe1, 0x0,
    0x0, 0xff, 0xff, 0xff, 0xfe, 0x10, 0x1d, 0x72,
    0xff, 0xff, 0xff, 0xe1, 0x1, 0xef, 0xff, 0xff,
    0xff, 0xfe, 0x10, 0x1e, 0xff, 0xff, 0xff, 0xff,
    0xe1, 0x1, 0xef, 0xff, 0xff, 0xff, 0xff, 0x20,
    0x1e, 0xff, 0xff, 0xff, 0xff, 0xff, 0xb2, 0xef,
    0xff, 0xff, 0xff, 0xff, 0xff, 0xff, 0xff, 0xff,
    0xff, 0xff, 0xff, 0x8f, 0xff, 0xff, 0xff, 0xff,
    0xff, 0xf8,

    /* U+F362 "" */
    0x0, 0x0, 0x0, 0x0, 0x0, 0x0, 0x20, 0x0,
    0x0, 0x0, 0x0, 0x0, 0x0, 0x0, 0xfc, 0x0,
    0x0, 0x0, 0x0, 0x0, 0x0, 0x0, 0xff, 0xc0,
    0xdf, 0xff, 0xff, 0xff, 0xff, 0xff, 0xff, 0xfb,
    0xdf, 0xff, 0xff, 0xff, 0xff, 0xff, 0xff, 0xfb,
    0x0, 0x0, 0x0, 0x0, 0x0, 0x0, 0xff, 0xc0,
    0x0, 0x2, 0x0, 0x0, 0x0, 0x0, 0xfc, 0x0,
    0x0, 0xcf, 0x0, 0x0, 0x0, 0x0, 0x20, 0x0,
    0xc, 0xff, 0x0, 0x0, 0x0, 0x0, 0x0, 0x0,
    0xbf, 0xff, 0xff, 0xff, 0xff, 0xff, 0xff, 0xfd,
    0xbf, 0xff, 0xff, 0xff, 0xff, 0xff, 0xff, 0xfd,
    0xc, 0xff, 0x0, 0x0, 0x0, 0x0, 0x0, 0x0,
    0x0, 0xcf, 0x0, 0x0, 0x0, 0x0, 0x0, 0x0,
    0x0, 0x2, 0x0, 0x0, 0x0, 0x0, 0x0, 0x0,

    /* U+F381 "" */
    0x0, 0x0, 0x4, 0xcf, 0xeb, 0x40, 0x0, 0x0,
    0x0, 0x0, 0x0, 0x0, 0x8f, 0xff, 0xff, 0xf8,
    0x0, 0x0, 0x0, 0x0, 0x0, 0x4, 0xff, 0xff,
    0xff, 0xff, 0xae, 0xe8, 0x0, 0x0, 0x0, 0xc,
    0xff, 0xff, 0xff, 0xff, 0xff, 0xff, 0x80, 0x0,
    0x0, 0xf, 0xff, 0xfc, 0x0, 0xcf, 0xff, 0xff,
    0xe0, 0x0, 0x0, 0x7f, 0xff, 0xfc, 0x0, 0xcf,
    0xff, 0xff, 0xe0, 0x0, 0xc, 0xff, 0xff, 0xfc,
    0x0, 0xcf, 0xff, 0xff, 0xfa, 0x20, 0x7f, 0xff,
    0xff, 0xfc, 0x0, 0xcf, 0xff, 0xff, 0xff, 0xe2,
    0xdf, 0xff, 0xf5, 0x0, 0x0, 0x0, 0x5f, 0xff,
    0xff, 0xfa, 0xff, 0xff, 0xfd, 0x10, 0x0, 0x1,
    0xef, 0xff, 0xff, 0xfe, 0xdf, 0xff, 0xff, 0xd1,
    0x0, 0x1e, 0xff, 0xff, 0xff, 0xff, 0x8f, 0xff,
    0xff, 0xfd, 0x11, 0xef, 0xff, 0xff, 0xff, 0xfb,
    0xc, 0xff, 0xff, 0xff, 0xee, 0xff, 0xff, 0xff,
    0xff, 0xe2, 0x0, 0x8d, 0xff, 0xff, 0xff, 0xff,
    0xff, 0xff, 0xfb, 0x20,

    /* U+F382 "" */
    0x0, 0x0, 0x4, 0xcf, 0xeb, 0x40, 0x0, 0x0,
    0x0, 0x0, 0x0, 0x0, 0x8f, 0xff, 0xff, 0xf8,
    0x0, 0x0, 0x0, 0x0, 0x0, 0x4, 0xff, 0xff,
    0xff, 0xff, 0xae, 0xe8, 0x0, 0x0, 0x0, 0xc,
    0xff, 0xff, 0xee, 0xff, 0xff, 0xff, 0x80, 0x0,
    0x0, 0xf, 0xff, 0xfe, 0x12, 0xef, 0xff, 0xff,
    0xe0, 0x0, 0x0, 0x7f, 0xff, 0xe1, 0x0, 0x2e,
    0xff, 0xff, 0xe0, 0x0, 0xc, 0xff, 0xfe, 0x10,
    0x0, 0x2, 0xef, 0xff, 0xfa, 0x20, 0x7f, 0xff,
    0xf5, 0x0, 0x0, 0x0, 0x5f, 0xff, 0xff, 0xe2,
    0xdf, 0xff, 0xff, 0xfc, 0x0, 0xcf, 0xff, 0xff,
    0xff, 0xfa, 0xff, 0xff, 0xff, 0xfc, 0x0, 0xcf,
    0xff, 0xff, 0xff, 0xfe, 0xdf, 0xff, 0xff, 0xfc,
    0x0, 0xcf, 0xff, 0xff, 0xff, 0xff, 0x8f, 0xff,
    0xff, 0xfc, 0x0, 0xcf, 0xff, 0xff, 0xff, 0xfb,
    0xc, 0xff, 0xff, 0xff, 0xff, 0xff, 0xff, 0xff,
    0xff, 0xe2, 0x0, 0x8d, 0xff, 0xff, 0xff, 0xff,
    0xff, 0xff, 0xfb, 0x20,

    /* U+F3A5 "" */
    0x0, 0x7f, 0xf1, 0x6f, 0xff, 0xf6, 0x1f, 0xf7,
    0x0, 0x1, 0xff, 0xa0, 0xdf, 0xff, 0xfd, 0xa,
    0xff, 0x10, 0x9, 0xff, 0x34, 0xff, 0xff, 0xff,
    0x43, 0xff, 0x90, 0x2f, 0xfc, 0xb, 0xff, 0xff,
    0xff, 0xb0, 0xcf, 0xf2, 0xbf, 0xf5, 0x2f, 0xff,
    0xff, 0xff, 0xf2, 0x5f, 0xfb, 0x0, 0x0, 0x0,
    0x0, 0x0, 0x0, 0x0, 0x0, 0x0, 0x9f, 0xf6,
    0x2f, 0xff, 0xff, 0xff, 0xf2, 0x6f, 0xf9, 0xb,
    0xfd, 0xb, 0xff, 0xff, 0xff, 0xb0, 0xdf, 0xb0,
    0x0, 0xcf, 0x54, 0xff, 0xff, 0xff, 0x46, 0xfc,
    0x0, 0x0, 0x1e, 0xd0, 0xdf, 0xff, 0xfd, 0xd,
    0xe1, 0x0, 0x0, 0x2, 0xf5, 0x7f, 0xff, 0xf6,
    0x5f, 0x20, 0x0, 0x0, 0x0, 0x4d, 0x1f, 0xff,
    0xf1, 0xd4, 0x0, 0x0, 0x0, 0x0, 0x6, 0x59,
    0xff, 0x95, 0x60, 0x0, 0x0, 0x0, 0x0, 0x0,
    0x52, 0xff, 0x25, 0x0, 0x0, 0x0, 0x0, 0x0,
    0x0, 0x0, 0xbb, 0x0, 0x0, 0x0, 0x0, 0x0,
    0x0, 0x0, 0x0, 0x44, 0x0, 0x0, 0x0, 0x0,

    /* U+F3BE "" */
    0xaf, 0xff, 0xff, 0xf4, 0x0, 0x0, 0xcf, 0xff,
    0xff, 0x60, 0x0, 0x0, 0x78, 0x8f, 0xf6, 0x0,
    0x0, 0x0, 0x1, 0xff, 0x60, 0x0, 0x0, 0x0,
    0x1f, 0xf6, 0x0, 0x0, 0x0, 0x1, 0xff, 0x60,
    0x0, 0x0, 0x0, 0x1f, 0xf6, 0x0, 0x0, 0x0,
    0x1, 0xff, 0x60, 0x0, 0x0, 0x0, 0x1f, 0xf6,
    0x0, 0x0, 0x0, 0x1, 0xff, 0x60, 0x0, 0x0,
    0x0, 0x1f, 0xf6, 0x0, 0x0, 0xa, 0xff, 0xff,
    0xff, 0xf1, 0x0, 0x6f, 0xff, 0xff, 0xfb, 0x0,
    0x0, 0x7f, 0xff, 0xfc, 0x0, 0x0, 0x0, 0x8f,
    0xfd, 0x10, 0x0, 0x0, 0x0, 0x9d, 0x10, 0x0,

    /* U+F3BF "" */
    0x0, 0x0, 0x9, 0xd1, 0x0, 0x0, 0x0, 0x8,
    0xff, 0xd1, 0x0, 0x0, 0x7, 0xff, 0xff, 0xc0,
    0x0, 0x6, 0xff, 0xff, 0xff, 0xb0, 0x0, 0xaf,
    0xff, 0xff, 0xff, 0x10, 0x0, 0x1, 0xff, 0x60,
    0x0, 0x0, 0x0, 0x1f, 0xf6, 0x0, 0x0, 0x0,
    0x1, 0xff, 0x60, 0x0, 0x0, 0x0, 0x1f, 0xf6,
    0x0, 0x0, 0x0, 0x1, 0xff, 0x60, 0x0, 0x0,
    0x0, 0x1f, 0xf6, 0x0, 0x0, 0x0, 0x1, 0xff,
    0x60, 0x0, 0x0, 0x0, 0x1f, 0xf6, 0x0, 0x0,
    0x7, 0x88, 0xff, 0x60, 0x0, 0xc, 0xff, 0xff,
    0xf6, 0x0, 0xa, 0xff, 0xff, 0xff, 0x40, 0x0,

    /* U+F3C1 "" */
    0x0, 0x0, 0x0, 0x0, 0x0, 0x2a, 0xef, 0xc6,
    0x0, 0x0, 0x0, 0x0, 0x0, 0x3, 0xff, 0xff,
    0xff, 0xa0, 0x0, 0x0, 0x0, 0x0, 0xe, 0xff,
    0xa9, 0xef, 0xf6, 0x0, 0x0, 0x0, 0x0, 0x4f,
    0xf7, 0x0, 0x1e, 0xfd, 0x0, 0x0, 0x0, 0x0,
    0x7f, 0xf0, 0x0, 0x8, 0xff, 0x0, 0x0, 0x0,
    0x0, 0x8f, 0xf0, 0x0, 0x8, 0xff, 0x0, 0x0,
    0x0, 0x0, 0x8f, 0xf0, 0x0, 0x8, 0xff, 0x8f,
    0xff, 0xff, 0xff, 0xff, 0xff, 0xf8, 0x5, 0xfd,
    0xff, 0xff, 0xff, 0xff, 0xff, 0xff, 0xff, 0x0,
    0x0, 0xff, 0xff, 0xff, 0xff, 0xff, 0xff, 0xff,
    0x0, 0x0, 0xff, 0xff, 0xff, 0xff, 0xff, 0xff,
    0xff, 0x0, 0x0, 0xff, 0xff, 0xff, 0xff, 0xff,
    0xff, 0xff, 0x0, 0x0, 0xff, 0xff, 0xff, 0xff,
    0xff, 0xff, 0xff, 0x0, 0x0, 0xff, 0xff, 0xff,
    0xff, 0xff, 0xff, 0xff, 0x0, 0x0, 0xff, 0xff,
    0xff, 0xff, 0xff, 0xff, 0xff, 0x0, 0x0, 0x8f,
    0xff, 0xff, 0xff, 0xff, 0xff, 0xf8, 0x0, 0x0,

    /* U+F3C5 "" */
    0x0, 0x7, 0xcf, 0xfc, 0x70, 0x0, 0x1, 0xdf,
    0xff, 0xff, 0xfd, 0x10, 0xd, 0xff, 0xff, 0xff,
    0xff, 0xd0, 0x7f, 0xff, 0xf9, 0x9f, 0xff, 0xf7,
    0xcf, 0xff, 0x20, 0x2, 0xff, 0xfc, 0xff, 0xf9,
    0x0, 0x0, 0x9f, 0xff, 0xff, 0xf9, 0x0, 0x0,
    0x9f, 0xff, 0xcf, 0xff, 0x20, 0x2, 0xff, 0xfc,
    0x6f, 0xff, 0xf9, 0x9f, 0xff, 0xf6, 0xd, 0xff,
    0xff, 0xff, 0xff, 0xd0, 0x3, 0xff, 0xff, 0xff,
    0xff, 0x30, 0x0, 0x8f, 0xff, 0xff, 0xf8, 0x0,
    0x0, 0xc, 0xff, 0xff, 0xc0, 0x0, 0x0, 0x2,
    0xff, 0xff, 0x20, 0x0, 0x0, 0x0, 0x7f, 0xf7,
    0x0, 0x0, 0x0, 0x0, 0xb, 0xb0, 0x0, 0x0,

    /* U+F3C9 "" */
    0x0, 0x5, 0xdf, 0xb1, 0x0, 0x0, 0x4, 0xff,
    0xff, 0xc0, 0x0, 0x0, 0xaf, 0xff, 0xff, 0x20,
    0x0, 0xb, 0xff, 0x50, 0x0, 0x0, 0x0, 0xbf,
    0xff, 0xff, 0x40, 0x0, 0xb, 0xff, 0x50, 0x0,
    0x0, 0xe6, 0xbf, 0xff, 0xff, 0x46, 0xef, 0x8b,
    0xff, 0x50, 0x0, 0x8f, 0xf9, 0xaf, 0xff, 0xff,
    0x28, 0xfb, 0xd4, 0xff, 0xff, 0xc0, 0xcc, 0x5f,
    0x75, 0xdf, 0xb1, 0x6f, 0x50, 0xaf, 0x92, 0x2,
    0x9f, 0xa0, 0x0, 0x9f, 0xff, 0xff, 0x80, 0x0,
    0x0, 0x2a, 0xf5, 0x10, 0x0, 0x0, 0x48, 0xbf,
    0x87, 0x10, 0x0, 0xa, 0xff, 0xff, 0xf3, 0x0,

    /* U+F3CD "" */
    0x8f, 0xff, 0xff, 0xff, 0xf8, 0xfc, 0x88, 0x88,
    0x88, 0xcf, 0xf8, 0x0, 0x0, 0x0, 0x8f, 0xf8,
    0x0, 0x0, 0x0, 0x8f, 0xf8, 0x0, 0x0, 0x0,
    0x8f, 0xf8, 0x0, 0x0, 0x0, 0x8f, 0xf8, 0x0,
    0x0, 0x0, 0x8f, 0xf8, 0x0, 0x0, 0x0, 0x8f,
    0xf8, 0x0, 0x0, 0x0, 0x8f, 0xf8, 0x0, 0x0,
    0x0, 0x8f, 0xf8, 0x0, 0x0, 0x0, 0x8f, 0xf8,
    0x0, 0x0, 0x0, 0x8f, 0xff, 0xff, 0xff, 0xff,
    0xff, 0xff, 0xff, 0x33, 0xff, 0xff, 0xff, 0xff,
    0x33, 0xff, 0xff, 0x8f, 0xff, 0xff, 0xff, 0xf8,

    /* U+F3D1 "" */
    0xcf, 0xff, 0xff, 0xff, 0xff, 0xff, 0xff, 0xff,
    0xff, 0xfc, 0xfc, 0x8e, 0xff, 0xff, 0xff, 0xff,
    0xff, 0xff, 0xa8, 0xcf, 0xf8, 0xe, 0xff, 0xff,
    0xe9, 0x9e, 0xff, 0xff, 0x90, 0x8f, 0xfa, 0xbf,
    0xff, 0xfd, 0x10, 0x1, 0xdf, 0xff, 0xf9, 0xaf,
    0xff, 0xff, 0xff, 0xf5, 0x1d, 0x70, 0x5f, 0xff,
    0xff, 0xff, 0xff, 0xff, 0xff, 0xf1, 0xa, 0x80,
    0x1f, 0xff, 0xff, 0xff, 0xff, 0xff, 0xff, 0xf1,
    0x8, 0x80, 0x1f, 0xff, 0xff, 0xff, 0xff, 0xff,
    0xff, 0xf5, 0x3e, 0xe3, 0x5f, 0xff, 0xff, 0xff,
    0xfe, 0xff, 0xff, 0xfd, 0x13, 0x31, 0xdf, 0xff,
    0xfe, 0xef, 0xf8, 0x2f, 0xff, 0xff, 0xe9, 0x9e,
    0xff, 0xff, 0xb0, 0x8f, 0xfc, 0x8e, 0xff, 0xff,
    0xff, 0xff, 0xff, 0xff, 0xa8, 0xcf, 0xcf, 0xff,
    0xff, 0xff, 0xff, 0xff, 0xff, 0xff, 0xff, 0xfc,

    /* U+F3DD "" */
    0x0, 0x0, 0x0, 0x0, 0x0, 0x0, 0x0, 0x0,
    0x0, 0x0, 0x0, 0x7, 0xd2, 0x0, 0x0, 0x0,
    0x0, 0x0, 0xae, 0xa6, 0x20, 0x0, 0xc, 0xff,
    0x50, 0x0, 0x0, 0x0, 0x1, 0xff, 0xff, 0xf0,
    0x0, 0x0, 0xaf, 0xf8, 0x0, 0x0, 0x0, 0x8,
    0xff, 0xff, 0xf0, 0x0, 0x0, 0x7, 0xff, 0xc1,
    0x0, 0x0, 0xe, 0xff, 0xff, 0xd0, 0x0, 0x0,
    0x0, 0x3e, 0xfe, 0x30, 0x0, 0x1f, 0xff, 0xff,
    0xa0, 0x0, 0x0, 0x0, 0x1, 0xbf, 0xf7, 0x0,
    0x3, 0xef, 0xff, 0x60, 0x0, 0x0, 0x0, 0x0,
    0x8, 0xff, 0xa0, 0x0, 0x4f, 0xff, 0x20, 0x0,
    0x0, 0x0, 0x0, 0x0, 0x4e, 0xfd, 0x20, 0xbf,
    0xfa, 0x0, 0x0, 0x0, 0x0, 0x0, 0x0, 0x2,
    0xcf, 0xf9, 0xff, 0xf3, 0x0, 0x0, 0x0, 0x0,
    0x0, 0x2, 0x0, 0x9, 0xff, 0xff, 0x80, 0x0,
    0x0, 0x0, 0x0, 0x28, 0xef, 0x40, 0x0, 0x6f,
    0xff, 0x20, 0x0, 0x0, 0x0, 0x9, 0xff, 0xff,
    0xe4, 0x70, 0x3, 0xdf, 0xe4, 0x0, 0x0, 0x0,
    0xd, 0xff, 0xff, 0xff, 0xfd, 0x20, 0x1b, 0xff,
    0x70, 0x0, 0x0, 0xa, 0xff, 0xff, 0xff, 0xff,
    0x80, 0x0, 0x7f, 0xfb, 0x10, 0x0, 0x6, 0xff,
    0xff, 0xff, 0xb3, 0x0, 0x0, 0x4, 0xef, 0xd0,
    0x0, 0x2, 0xfe, 0xda, 0x61, 0x0, 0x0, 0x0,
    0x0, 0x1c, 0x80, 0x0, 0x0, 0x0, 0x0, 0x0,
    0x0, 0x0, 0x0, 0x0, 0x0, 0x0,

    /* U+F3E0 "" */
    0x8f, 0xff, 0xff, 0xff, 0xff, 0xf8, 0xff, 0xff,
    0xff, 0xff, 0xff, 0xff, 0xff, 0xff, 0xff, 0xff,
    0xff, 0xff, 0xff, 0xff, 0xff, 0xff, 0xff, 0xff,
    0xff, 0xff, 0xb1, 0x1b, 0xff, 0xff, 0xff, 0xff,
    0x10, 0x1, 0xff, 0xff, 0xff, 0xff, 0x10, 0x1,
    0xff, 0xff, 0xff, 0xff, 0xb1, 0x1b, 0xff, 0xff,
    0xff, 0xff, 0xff, 0xff, 0xff, 0xff, 0xff, 0xf5,
    0x2, 0x20, 0x5f, 0xff, 0xff, 0x90, 0x0, 0x0,
    0x9, 0xff, 0xff, 0x90, 0x0, 0x0, 0x9, 0xff,
    0xff, 0xff, 0xff, 0xff, 0xff, 0xff, 0xff, 0xff,
    0xff, 0xff, 0xff, 0xff, 0xff, 0xff, 0xff, 0xff,
    0xff, 0xff, 0x8f, 0xff, 0xff, 0xff, 0xff, 0xf8,

    /* U+F3E5 "" */
    0x0, 0x0, 0x0, 0x0, 0x0, 0x0, 0x0, 0x0,
    0x0, 0x0, 0x0, 0xbf, 0x0, 0x0, 0x0, 0x0,
    0x0, 0x0, 0x1, 0xcf, 0xf0, 0x0, 0x0, 0x0,
    0x0, 0x0, 0x2, 0xef, 0xff, 0x0, 0x0, 0x0,
    0x0, 0x0, 0x4, 0xff, 0xff, 0xfe, 0xdc, 0x95,
    0x10, 0x0, 0x6, 0xff, 0xff, 0xff, 0xff, 0xff,
    0xff, 0xa1, 0x0, 0xdf, 0xff, 0xff, 0xff, 0xff,
    0xff, 0xff, 0xd0, 0x2, 0xef, 0xff, 0xff, 0xff,
    0xff, 0xff, 0xff, 0x80, 0x1, 0xcf, 0xff, 0xf6,
    0x78, 0xcf, 0xff, 0xfd, 0x0, 0x0, 0xbf, 0xff,
    0x0, 0x0, 0x2d, 0xff, 0xf0, 0x0, 0x0, 0x9f,
    0xf0, 0x0, 0x0, 0x4f, 0xff, 0x0, 0x0, 0x0,
    0x6b, 0x0, 0x0, 0x1, 0xff, 0xb0, 0x0, 0x0,
    0x0, 0x0, 0x0, 0x0, 0x1f, 0xf5, 0x0, 0x0,
    0x0, 0x0, 0x0, 0x0, 0x4, 0xfa, 0x0, 0x0,
    0x0, 0x0, 0x0, 0x0, 0x0, 0x59, 0x0, 0x0,

    /* U+F3ED "" */
    0x0, 0x0, 0x1, 0x8e, 0xd6, 0x0, 0x0, 0x0,
    0x0, 0x4, 0xaf, 0xff, 0xff, 0xf9, 0x20, 0x0,
    0x5, 0xdf, 0xff, 0xff, 0x4b, 0xff, 0xfb, 0x40,
    0x5f, 0xff, 0xff, 0xff, 0x0, 0x29, 0xff, 0xf2,
    0x7f, 0xff, 0xff, 0xff, 0x0, 0x0, 0xd, 0xf3,
    0x6f, 0xff, 0xff, 0xff, 0x0, 0x0, 0xc, 0xf2,
    0x4f, 0xff, 0xff, 0xff, 0x0, 0x0, 0xe, 0xf1,
    0x1f, 0xff, 0xff, 0xff, 0x0, 0x0, 0x2f, 0xd0,
    0xc, 0xff, 0xff, 0xff, 0x0, 0x0, 0x7f, 0x90,
    0x7, 0xff, 0xff, 0xff, 0x0, 0x0, 0xdf, 0x30,
    0x1, 0xef, 0xff, 0xff, 0x0, 0x7, 0xfc, 0x0,
    0x0, 0x7f, 0xff, 0xff, 0x0, 0x2f, 0xf3, 0x0,
    0x0, 0xb, 0xff, 0xff, 0x2, 0xef, 0x80, 0x0,
    0x0, 0x1, 0xdf, 0xff, 0x5e, 0xfa, 0x0, 0x0,
    0x0, 0x0, 0x1c, 0xff, 0xff, 0x90, 0x0, 0x0,
    0x0, 0x0, 0x0, 0x6e, 0xd5, 0x0, 0x0, 0x0,
    0x0, 0x0, 0x0, 0x0, 0x0, 0x0, 0x0, 0x0,

    /* U+F3FA "" */
    0x8f, 0xff, 0xff, 0xff, 0xff, 0xff, 0xf8, 0xfc,
    0x88, 0x88, 0x88, 0x88, 0x88, 0xcf, 0xf8, 0x0,
    0x0, 0x0, 0x0, 0x0, 0x8f, 0xf8, 0x0, 0x0,
    0x0, 0x0, 0x0, 0x8f, 0xf8, 0x0, 0x0, 0x0,
    0x0, 0x0, 0x8f, 0xf8, 0x0, 0x0, 0x0, 0x0,
    0x0, 0x8f, 0xf8, 0x0, 0x0, 0x0, 0x0, 0x0,
    0x8f, 0xf8, 0x0, 0x0, 0x0, 0x0, 0x0, 0x8f,
    0xf8, 0x0, 0x0, 0x0, 0x0, 0x0, 0x8f, 0xf8,
    0x0, 0x0, 0x0, 0x0, 0x0, 0x8f, 0xf8, 0x0,
    0x0, 0x0, 0x0, 0x0, 0x8f, 0xf8, 0x0, 0x0,
    0x0, 0x0, 0x0, 0x8f, 0xff, 0xff, 0xff, 0xff,
    0xff, 0xff, 0xff, 0xff, 0xff, 0xff, 0x33, 0xff,
    0xff, 0xff, 0xff, 0xff, 0xff, 0x33, 0xff, 0xff,
    0xff, 0x8f, 0xff, 0xff, 0xff, 0xff, 0xff, 0xf8,

    /* U+F3FD "" */
    0x0, 0x0, 0x4, 0x9d, 0xff, 0xd9, 0x40, 0x0,
    0x0, 0x0, 0x2, 0xcf, 0xff, 0xff, 0xff, 0xfc,
    0x20, 0x0, 0x0, 0x3e, 0xff, 0xff, 0x34, 0xfd,
    0xff, 0xe3, 0x0, 0x2, 0xef, 0xff, 0xff, 0x36,
    0xb0, 0xdf, 0xfe, 0x20, 0xc, 0xfb, 0xb, 0xff,
    0xff, 0x50, 0xe1, 0xbf, 0xc0, 0x4f, 0xfb, 0xb,
    0xff, 0xff, 0x5, 0xc0, 0xbf, 0xf4, 0xaf, 0xff,
    0xff, 0xff, 0xfb, 0xb, 0xff, 0xff, 0xf9, 0xdf,
    0xff, 0xff, 0xff, 0xf5, 0x1f, 0xff, 0xff, 0xfd,
    0xff, 0xff, 0xff, 0xff, 0xf1, 0x6f, 0xff, 0xff,
    0xff, 0xff, 0x33, 0xff, 0xfb, 0x10, 0x9f, 0xff,
    0x33, 0xff, 0xdf, 0x33, 0xff, 0xf1, 0x0, 0x1f,
    0xff, 0x33, 0xfd, 0xaf, 0xff, 0xff, 0xf1, 0x0,
    0x1f, 0xff, 0xff, 0xfa, 0x4f, 0xff, 0xff, 0xff,
    0xff, 0xff, 0xff, 0xff, 0xf4, 0xb, 0xff, 0xff,
    0xff, 0xff, 0xff, 0xff, 0xff, 0xb0,

    /* U+F3FF "" */
    0x8f, 0xff, 0xff, 0xff, 0xff, 0xff, 0xff, 0xff,
    0xf8, 0xff, 0xff, 0xff, 0xff, 0xff, 0xff, 0xff,
    0xff, 0xff, 0xff, 0xf2, 0x0, 0x0, 0x0, 0x0,
    0x0, 0x2f, 0xff, 0xff, 0xf0, 0xff, 0xff, 0xff,
    0xff, 0xff, 0xf, 0xff, 0xaf, 0xf0, 0xff, 0xff,
    0xff, 0xff, 0xff, 0xf, 0xfa, 0xa, 0xf0, 0xff,
    0xff, 0xff, 0xff, 0xff, 0xf, 0xa0, 0xa, 0xf0,
    0xff, 0xff, 0xff, 0xff, 0xff, 0xf, 0xa0, 0xaf,
    0xf0, 0xff, 0xff, 0xff, 0xff, 0xff, 0xf, 0xfa,
    0xff, 0xf0, 0xff, 0xff, 0xff, 0xff, 0xff, 0xf,
    0xff, 0xff, 0xf2, 0x0, 0x0, 0x0, 0x0, 0x0,
    0x2f, 0xff, 0xff, 0xff, 0xff, 0xff, 0xff, 0xff,
    0xff, 0xff, 0xff, 0x8f, 0xff, 0xff, 0xff, 0xff,
    0xff, 0xff, 0xff, 0xf8,

    /* U+F406 "" */
    0x0, 0x0, 0x3, 0xbf, 0xfb, 0x30, 0x0, 0x0,
    0x0, 0x0, 0x5f, 0xff, 0xff, 0xf5, 0x0, 0x0,
    0x0, 0x1, 0xff, 0xff, 0xff, 0xff, 0x10, 0x0,
    0x0, 0x5, 0xff, 0xff, 0xff, 0xff, 0x50, 0x0,
    0x0, 0x7, 0xff, 0xff, 0xff, 0xff, 0x70, 0x0,
    0x0, 0x5, 0xff, 0xff, 0xff, 0xff, 0x50, 0x0,
    0x0, 0x1, 0xff, 0xff, 0xff, 0xff, 0x10, 0x0,
    0x0, 0x0, 0x5f, 0xff, 0xff, 0xf5, 0x0, 0x0,
    0x0, 0x0, 0x3, 0xbf, 0xfb, 0x30, 0x0, 0x0,
    0x0, 0x0, 0x0, 0x0, 0x0, 0x0, 0x0, 0x0,
    0x2, 0xbf, 0xff, 0xb8, 0x8b, 0xff, 0xfb, 0x20,
    0x2e, 0xff, 0xff, 0xff, 0xff, 0xff, 0xff, 0xe2,
    0xbf, 0xff, 0xff, 0xff, 0xff, 0xff, 0xff, 0xfb,
    0xff, 0xff, 0xff, 0xff, 0xff, 0xff, 0xff, 0xff,
    0xff, 0xff, 0xff, 0xff, 0xff, 0xff, 0xff, 0xff,
    0x8f, 0xff, 0xff, 0xff, 0xff, 0xff, 0xff, 0xf8,

    /* U+F410 "" */
    0x8f, 0xff, 0xff, 0xff, 0xff, 0xff, 0xff, 0xf8,
    0xff, 0xff, 0xff, 0xff, 0xff, 0xff, 0xff, 0xff,
    0xff, 0xff, 0xff, 0xff, 0xff, 0xff, 0xff, 0xff,
    0xff, 0xff, 0xe2, 0xaf, 0xfa, 0x2e, 0xff, 0xff,
    0xff, 0xff, 0x20, 0xb, 0xb0, 0x2, 0xff, 0xff,
    0xff, 0xff, 0xa0, 0x0, 0x0, 0xa, 0xff, 0xff,
    0xff, 0xff, 0xfa, 0x0, 0x0, 0xbf, 0xff, 0xff,
    0xff, 0xff, 0xfb, 0x0, 0x0, 0xbf, 0xff, 0xff,
    0xff, 0xff, 0xa0, 0x0, 0x0, 0xa, 0xff, 0xff,
    0xff, 0xff, 0x20, 0xb, 0xa0, 0x2, 0xff, 0xff,
    0xff, 0xff, 0xd2, 0xaf, 0xfa, 0x2e, 0xff, 0xff,
    0xff, 0xff, 0xff, 0xff, 0xff, 0xff, 0xff, 0xff,
    0xff, 0xff, 0xff, 0xff, 0xff, 0xff, 0xff, 0xff,
    0x8f, 0xff, 0xff, 0xff, 0xff, 0xff, 0xff, 0xf8,

    /* U+F422 "" */
    0x0, 0x0, 0x0, 0x0, 0x0, 0x0, 0x0, 0x0,
    0x0, 0x0, 0x0, 0x0, 0x0, 0x0, 0x1d, 0x60,
    0x0, 0x0, 0x0, 0x0, 0x0, 0x1, 0xdf, 0xd0,
    0x0, 0x0, 0x0, 0x0, 0xd8, 0x1d, 0xfe, 0x20,
    0x0, 0x0, 0x0, 0x0, 0xff, 0xff, 0xe2, 0x0,
    0x0, 0x0, 0x0, 0x0, 0xff, 0xff, 0x20, 0x0,
    0x0, 0x0, 0x0, 0x0, 0xff, 0xff, 0x80, 0x0,
    0x0, 0x0, 0x0, 0x0, 0xcf, 0xff, 0xe0, 0x0,
    0x0, 0xd, 0xff, 0xfd, 0x0, 0x0, 0x0, 0x0,
    0x0, 0x7, 0xff, 0xff, 0x0, 0x0, 0x0, 0x0,
    0x0, 0x1, 0xef, 0xff, 0x0, 0x0, 0x0, 0x0,
    0x0, 0x1d, 0xff, 0xff, 0x0, 0x0, 0x0, 0x0,
    0x1, 0xdf, 0xe2, 0x8d, 0x0, 0x0, 0x0, 0x0,
    0xd, 0xfe, 0x20, 0x0, 0x0, 0x0, 0x0, 0x0,
    0x6, 0xd2, 0x0, 0x0, 0x0, 0x0, 0x0, 0x0,
    0x0, 0x0, 0x0, 0x0, 0x0, 0x0, 0x0, 0x0,

    /* U+F424 "" */
    0x0, 0x0, 0x0, 0x0, 0xd, 0xff, 0xfd, 0x0,
    0x0, 0x0, 0x0, 0x8, 0xff, 0xff, 0x0, 0x0,
    0x0, 0x0, 0x2, 0xff, 0xff, 0x0, 0x0, 0x0,
    0x0, 0x1e, 0xff, 0xff, 0x0, 0x0, 0x0, 0x1,
    0xef, 0xe2, 0x8d, 0x0, 0x0, 0x0, 0xb, 0xfe,
    0x10, 0x0, 0x0, 0x0, 0x0, 0x2, 0xb1, 0x0,
    0x0, 0x0, 0x0, 0x1b, 0x10, 0x0, 0x0, 0x0,
    0x0, 0x1, 0xef, 0xb0, 0x0, 0x0, 0x0, 0xd8,
    0x2e, 0xfe, 0x10, 0x0, 0x0, 0x0, 0xff, 0xff,
    0xe1, 0x0, 0x0, 0x0, 0x0, 0xff, 0xff, 0x20,
    0x0, 0x0, 0x0, 0x0, 0xff, 0xff, 0x80, 0x0,
    0x0, 0x0, 0x0, 0xdf, 0xff, 0xd0, 0x0, 0x0,
    0x0, 0x0,

    /* U+F433 "" */
    0x0, 0x0, 0x4, 0x89, 0x96, 0x20, 0x0, 0x0,
    0x0, 0x5, 0xef, 0xff, 0xff, 0xfa, 0x10, 0x0,
    0x0, 0x5f, 0xff, 0xff, 0xff, 0xff, 0xd0, 0x0,
    0x5, 0x1c, 0xff, 0xff, 0xff, 0xff, 0x55, 0x10,
    0x1f, 0xa4, 0xff, 0xff, 0xff, 0xfc, 0x3f, 0x90,
    0x8f, 0xfe, 0xef, 0xff, 0xff, 0xfd, 0xff, 0xf1,
    0xdf, 0xf8, 0x6f, 0xff, 0xff, 0xe0, 0xff, 0xf5,
    0xff, 0xfb, 0x4f, 0xff, 0xff, 0xc3, 0xff, 0xf7,
    0xff, 0xfb, 0x4f, 0xff, 0xff, 0xc3, 0xff, 0xf7,
    0xdf, 0xf9, 0x6f, 0xff, 0xff, 0xe1, 0xff, 0xf5,
    0x9f, 0xfd, 0xdf, 0xff, 0xff, 0xfa, 0xff, 0xf1,
    0x3f, 0xc5, 0xff, 0xff, 0xff, 0xfc, 0x6f, 0xb0,
    0x8, 0x2a, 0xff, 0xff, 0xff, 0xff, 0x28, 0x20,
    0x0, 0x5f, 0xff, 0xff, 0xff, 0xff, 0xd0, 0x0,
    0x0, 0x8, 0xff, 0xff, 0xff, 0xfd, 0x30, 0x0,
    0x0, 0x0, 0x28, 0xbd, 0xca, 0x50, 0x0, 0x0,

    /* U+F434 "" */
    0x0, 0x0, 0x16, 0x50, 0xa8, 0x30, 0x0, 0x0,
    0x0, 0x7, 0xff, 0x70, 0xff, 0xfc, 0x20, 0x0,
    0x0, 0xa, 0xff, 0x33, 0xff, 0xff, 0x30, 0x0,
    0x8, 0x30, 0xad, 0x8, 0xff, 0xf3, 0x9, 0x10,
    0x2f, 0xf3, 0x2, 0x1e, 0xff, 0x30, 0xaf, 0xa0,
    0x9f, 0xfd, 0x0, 0x7f, 0xf3, 0xa, 0xff, 0xf1,
    0xbb, 0x60, 0x2, 0xa, 0x30, 0xaf, 0xff, 0xf5,
    0x0, 0x6, 0xef, 0x30, 0xa, 0xff, 0xfe, 0xb4,
    0xac, 0xff, 0xff, 0x30, 0xa, 0xfa, 0x30, 0x0,
    0xdf, 0xff, 0xf3, 0x9, 0x30, 0x30, 0x39, 0xc4,
    0x9f, 0xff, 0x30, 0xaf, 0xe0, 0x5, 0xff, 0xf1,
    0x2f, 0xf3, 0xa, 0xff, 0x80, 0x20, 0xaf, 0xa0,
    0x8, 0x30, 0xaf, 0xff, 0x15, 0xf3, 0x9, 0x20,
    0x0, 0xa, 0xff, 0xfb, 0xb, 0xff, 0x30, 0x0,
    0x0, 0x7, 0xff, 0xf7, 0xf, 0xfc, 0x20, 0x0,
    0x0, 0x0, 0x16, 0xa4, 0x18, 0x40, 0x0, 0x0,

    /* U+F436 "" */
    0x0, 0x0, 0x16, 0xab, 0xa8, 0x30, 0x0, 0x0,
    0x0, 0x7, 0xff, 0xff, 0xff, 0xfb, 0x20, 0x0,
    0x0, 0xaf, 0xfe, 0x17, 0xff, 0xff, 0xe3, 0x0,
    0x8, 0xff, 0xfe, 0x17, 0xff, 0xff, 0xfe, 0x10,
    0x2f, 0xe1, 0x8f, 0xff, 0xff, 0xff, 0xff, 0x90,
    0x9f, 0xe1, 0x7f, 0xd9, 0xff, 0xff, 0xff, 0xf1,
    0xdf, 0xff, 0xff, 0x40, 0xdf, 0xff, 0xff, 0xf5,
    0xff, 0xff, 0xff, 0xc7, 0xff, 0xff, 0xff, 0xf6,
    0xff, 0xff, 0xff, 0xff, 0xff, 0xff, 0xff, 0xf7,
    0xdf, 0xff, 0xff, 0xff, 0xff, 0xff, 0xff, 0xf5,
    0x9f, 0xff, 0xff, 0xff, 0xff, 0xff, 0xff, 0xf1,
    0x3f, 0xff, 0xff, 0xff, 0xff, 0xff, 0xff, 0xa0,
    0x9, 0xff, 0xff, 0xff, 0xff, 0xff, 0xff, 0x20,
    0x0, 0xbf, 0xff, 0xff, 0xff, 0xff, 0xf4, 0x0,
    0x0, 0x9, 0xff, 0xff, 0xff, 0xfd, 0x30, 0x0,
    0x0, 0x0, 0x28, 0xbd, 0xca, 0x50, 0x0, 0x0,

    /* U+F439 "" */
    0x0, 0x7, 0x70, 0x0, 0x0, 0x0, 0x0, 0x0,
    0x0, 0x7f, 0xf6, 0x0, 0x0, 0x0, 0x0, 0x0,
    0x0, 0x8, 0x80, 0x0, 0x0, 0x0, 0x0, 0x0,
    0xa, 0xff, 0xff, 0xa0, 0x0, 0x0, 0x0, 0x0,
    0x7, 0xff, 0xff, 0x70, 0x0, 0x0, 0x0, 0x0,
    0x1, 0xff, 0xff, 0x10, 0x0, 0x0, 0x0, 0x0,
    0x2, 0xef, 0xfe, 0x20, 0x7, 0xa8, 0xf8, 0xa7,
    0x6, 0xff, 0xff, 0x60, 0x8, 0xff, 0xff, 0xf8,
    0x0, 0x8f, 0xf8, 0x0, 0x4, 0xff, 0xff, 0xf4,
    0x0, 0x9f, 0xf9, 0x0, 0x0, 0x7f, 0x2f, 0x70,
    0x0, 0xbf, 0xfb, 0x0, 0x0, 0x6f, 0x8f, 0x60,
    0x0, 0xef, 0xfe, 0x0, 0x0, 0x7f, 0xff, 0x70,
    0x0, 0x0, 0x0, 0x0, 0x0, 0x0, 0x0, 0x0,
    0xe, 0xff, 0xff, 0xe0, 0x0, 0xef, 0xff, 0xe0,
    0xbf, 0xff, 0xff, 0xfb, 0xb, 0xff, 0xff, 0xfb,
    0xef, 0xff, 0xff, 0xfe, 0xe, 0xff, 0xff, 0xfe,

    /* U+F43A "" */
    0x0, 0xc, 0xff, 0xc0, 0x0, 0x0, 0xb, 0xff,
    0xb0, 0x0, 0x0, 0xb, 0xff, 0xb0, 0x0, 0x0,
    0x9f, 0xff, 0xf9, 0x0, 0x4, 0xff, 0xff, 0xff,
    0x30, 0xc, 0xff, 0xff, 0xfb, 0x10, 0x3f, 0xff,
    0xff, 0xb1, 0xc2, 0x8f, 0xff, 0xfb, 0x1c, 0xf8,
    0xbf, 0xff, 0xf3, 0xbf, 0xfa, 0xbf, 0xff, 0xff,
    0xff, 0xfb, 0x6f, 0xff, 0xff, 0xff, 0xf6, 0x5,
    0xff, 0xff, 0xff, 0x50, 0x0, 0xff, 0xff, 0xff,
    0x0, 0x0, 0x0, 0x0, 0x0, 0x0, 0xef, 0xff,
    0xff, 0xff, 0xfe, 0xef, 0xff, 0xff, 0xff, 0xfe,

    /* U+F43C "" */
    0x0, 0xff, 0x0, 0xff, 0x0, 0xff, 0x0, 0xff,
    0x0, 0xff, 0x0, 0xff, 0x0, 0xff, 0x0, 0xff,
    0xff, 0x0, 0xff, 0x0, 0xff, 0x0, 0xff, 0x0,
    0xff, 0x0, 0xff, 0x0, 0xff, 0x0, 0xff, 0x0,
    0x0, 0xff, 0x0, 0xff, 0x0, 0xff, 0x0, 0xff,
    0x0, 0xff, 0x0, 0xff, 0x0, 0xff, 0x0, 0xff,
    0xff, 0x0, 0xff, 0x0, 0xff, 0x0, 0xff, 0x0,
    0xff, 0x0, 0xff, 0x0, 0xff, 0x0, 0xff, 0x0,
    0x0, 0xff, 0x0, 0xff, 0x0, 0xff, 0x0, 0xff,
    0x0, 0xff, 0x0, 0xff, 0x0, 0xff, 0x0, 0xff,
    0xff, 0x0, 0xff, 0x0, 0xff, 0x0, 0xff, 0x0,
    0xff, 0x0, 0xff, 0x0, 0xff, 0x0, 0xff, 0x0,
    0x0, 0xff, 0x0, 0xff, 0x0, 0xff, 0x0, 0xff,
    0x0, 0xff, 0x0, 0xff, 0x0, 0xff, 0x0, 0xff,
    0xff, 0x0, 0xff, 0x0, 0xff, 0x0, 0xff, 0x0,
    0xff, 0x0, 0xff, 0x0, 0xff, 0x0, 0xff, 0x0,

    /* U+F43F "" */
    0x0, 0x0, 0x0, 0xff, 0x0, 0x0, 0x0, 0x0,
    0x0, 0x14, 0xff, 0x41, 0x0, 0x0, 0x0, 0x0,
    0x8f, 0xff, 0xf8, 0x0, 0x0, 0x0, 0x0, 0x5b,
    0xff, 0xb5, 0x0, 0x0, 0x0, 0x0, 0x0, 0xff,
    0x0, 0x0, 0x0, 0xcf, 0xff, 0xff, 0xff, 0xff,
    0xff, 0xfc, 0xef, 0xff, 0xff, 0xff, 0xff, 0xff,
    0xfe, 0x8f, 0xff, 0xff, 0xff, 0xff, 0xff, 0xf8,
    0x3f, 0xff, 0xff, 0xff, 0xff, 0xff, 0xf3, 0xd,
    0xff, 0xff, 0xff, 0xff, 0xff, 0xd0, 0x8, 0xff,
    0xff, 0xff, 0xff, 0xff, 0x80, 0x2, 0xff, 0xff,
    0xff, 0xff, 0xff, 0x20, 0x0, 0xdf, 0xff, 0xff,
    0xff, 0xfd, 0x0, 0x0, 0x0, 0x0, 0x0, 0x0,
    0x0, 0x0, 0xe, 0xff, 0xff, 0xff, 0xff, 0xff,
    0xe0, 0xe, 0xff, 0xff, 0xff, 0xff, 0xff, 0xe0,

    /* U+F441 "" */
    0xdf, 0xff, 0xff, 0xc7, 0x0, 0x0, 0xa, 0xff,
    0xff, 0xff, 0xfd, 0x10, 0x0, 0xff, 0xff, 0xff,
    0xff, 0xfd, 0x0, 0xf, 0x3d, 0xff, 0xff, 0xff,
    0xf7, 0x0, 0xfd, 0xff, 0xff, 0xff, 0xff, 0xd0,
    0xf, 0xff, 0xfc, 0xff, 0xff, 0xff, 0x0, 0xff,
    0xfe, 0xf, 0xff, 0xff, 0xf0, 0x5, 0xef, 0x71,
    0xff, 0xff, 0xff, 0x0, 0x0, 0x13, 0xdf, 0xff,
    0xff, 0xf0, 0x0, 0x1b, 0xff, 0xff, 0xff, 0xff,
    0x0, 0xb, 0xff, 0xff, 0xff, 0xff, 0xf0, 0x0,
    0xff, 0xff, 0xff, 0xff, 0xff, 0x0, 0x0, 0x0,
    0x0, 0x0, 0x0, 0x0, 0xe, 0xff, 0xff, 0xff,
    0xff, 0xff, 0xf0, 0xef, 0xff, 0xff, 0xff, 0xff,
    0xff, 0x0,

    /* U+F443 "" */
    0x0, 0x9, 0xee, 0x90, 0x0, 0x0, 0xaf, 0xff,
    0xfa, 0x0, 0x1, 0xff, 0xff, 0xff, 0x10, 0x3,
    0xff, 0xff, 0xff, 0x30, 0x0, 0xef, 0xff, 0xfe,
    0x0, 0x0, 0x4f, 0xff, 0xf4, 0x0, 0x0, 0xef,
    0xff, 0xfe, 0x0, 0x0, 0xef, 0xff, 0xfe, 0x0,
    0x0, 0xf, 0xff, 0xf0, 0x0, 0x0, 0x1f, 0xff,
    0xf1, 0x0, 0x0, 0x3f, 0xff, 0xf3, 0x0, 0x0,
    0x8f, 0xff, 0xf8, 0x0, 0x0, 0x0, 0x0, 0x0,
    0x0, 0xef, 0xff, 0xff, 0xff, 0xfe, 0xef, 0xff,
    0xff, 0xff, 0xfe,

    /* U+F445 "" */
    0x0, 0x0, 0x0, 0x3d, 0xe3, 0x0, 0x0, 0x0,
    0x0, 0x0, 0x0, 0xa, 0xff, 0xb0, 0x0, 0x0,
    0x0, 0x0, 0x0, 0x0, 0x7f, 0xf8, 0x0, 0x0,
    0x0, 0x0, 0x0, 0x0, 0x0, 0x56, 0x0, 0x0,
    0x0, 0x0, 0x0, 0x0, 0x7f, 0xa0, 0x9, 0xf8,
    0x0, 0x0, 0x5, 0xb2, 0x2d, 0xff, 0xa9, 0xff,
    0xe2, 0x2b, 0x60, 0xdf, 0xff, 0xff, 0xff, 0xff,
    0xff, 0xff, 0xfe, 0x6, 0xff, 0xff, 0xff, 0xff,
    0xff, 0xff, 0xff, 0x70, 0xe, 0xff, 0xff, 0xff,
    0xff, 0xff, 0xff, 0xe0, 0x0, 0x6f, 0xff, 0xff,
    0xff, 0xff, 0xff, 0xf7, 0x0, 0x0, 0xef, 0xff,
    0xff, 0xff, 0xff, 0xfe, 0x0, 0x0, 0x7, 0xff,
    0xff, 0xff, 0xff, 0xff, 0x80, 0x0, 0x0, 0xe,
    0xff, 0xff, 0xff, 0xff, 0xf1, 0x0, 0x0, 0x0,
    0x0, 0x0, 0x0, 0x0, 0x0, 0x0, 0x0, 0x0,
    0xef, 0xff, 0xff, 0xff, 0xff, 0xff, 0x0, 0x0,
    0xe, 0xff, 0xff, 0xff, 0xff, 0xff, 0xf0, 0x0,

    /* U+F447 "" */
    0xef, 0xa0, 0xdf, 0xf8, 0xa, 0xfe, 0xff, 0xc0,
    0xef, 0xf9, 0xc, 0xff, 0xff, 0xff, 0xff, 0xff,
    0xff, 0xff, 0xff, 0xff, 0xff, 0xff, 0xff, 0xff,
    0xff, 0xff, 0xff, 0xff, 0xff, 0xff, 0xff, 0xff,
    0xff, 0xff, 0xff, 0xff, 0x4c, 0xff, 0xf2, 0x6f,
    0xff, 0xc4, 0x0, 0xff, 0xd0, 0x2f, 0xff, 0x0,
    0x1, 0xff, 0xd0, 0x2f, 0xff, 0x0, 0x1, 0xff,
    0xff, 0xff, 0xff, 0x10, 0x3, 0xff, 0xff, 0xff,
    0xff, 0x30, 0x5, 0xff, 0xff, 0xff, 0xff, 0x50,
    0x0, 0x0, 0x0, 0x0, 0x0, 0x0, 0xef, 0xff,
    0xff, 0xff, 0xff, 0xfe, 0xef, 0xff, 0xff, 0xff,
    0xff, 0xfe,

    /* U+F44B "" */
    0x0, 0x0, 0xd, 0xfd, 0x0, 0x0, 0xdf, 0xd0,
    0x0, 0x0, 0x0, 0x0, 0xf, 0xff, 0x0, 0x0,
    0xff, 0xf0, 0x0, 0x0, 0xd, 0xfd, 0xf, 0xff,
    0x0, 0x0, 0xff, 0xf0, 0xdf, 0xd0, 0xf, 0xff,
    0xf, 0xff, 0x0, 0x0, 0xff, 0xf0, 0xff, 0xf0,
    0xf, 0xff, 0xf, 0xff, 0x0, 0x0, 0xff, 0xf0,
    0xff, 0xf0, 0xf, 0xff, 0xf, 0xff, 0x0, 0x0,
    0xff, 0xf0, 0xff, 0xf0, 0xff, 0xff, 0xf, 0xff,
    0xff, 0xff, 0xff, 0xf0, 0xff, 0xff, 0xff, 0xff,
    0xf, 0xff, 0xff, 0xff, 0xff, 0xf0, 0xff, 0xff,
    0xf, 0xff, 0xf, 0xff, 0x0, 0x0, 0xff, 0xf0,
    0xff, 0xf0, 0xf, 0xff, 0xf, 0xff, 0x0, 0x0,
    0xff, 0xf0, 0xff, 0xf0, 0xf, 0xff, 0xf, 0xff,
    0x0, 0x0, 0xff, 0xf0, 0xff, 0xf0, 0xd, 0xfd,
    0xf, 0xff, 0x0, 0x0, 0xff, 0xf0, 0xdf, 0xd0,
    0x0, 0x0, 0xf, 0xff, 0x0, 0x0, 0xff, 0xf0,
    0x0, 0x0, 0x0, 0x0, 0xd, 0xfd, 0x0, 0x0,
    0xdf, 0xd0, 0x0, 0x0,

    /* U+F44E "" */
    0x0, 0x0, 0x0, 0x15, 0x80, 0x19, 0x85, 0x0,
    0x0, 0x0, 0x19, 0xff, 0xfb, 0x3, 0xff, 0xd0,
    0x0, 0x4, 0xff, 0xff, 0xff, 0xb0, 0x3f, 0xf2,
    0x0, 0x5f, 0xff, 0xff, 0xff, 0xfb, 0x3, 0xf5,
    0x2, 0xff, 0xff, 0xff, 0xff, 0xff, 0xb0, 0x36,
    0xc, 0xff, 0xff, 0xfa, 0x48, 0x5f, 0xfb, 0x0,
    0x3f, 0xff, 0xff, 0x8e, 0x30, 0xdf, 0xff, 0xb0,
    0x9f, 0xff, 0xfe, 0x81, 0x25, 0x5f, 0xff, 0xf4,
    0xcf, 0xff, 0xd1, 0x61, 0x2e, 0xef, 0xff, 0xf1,
    0x4f, 0xff, 0xf5, 0xb, 0x9d, 0xff, 0xff, 0xb0,
    0x4, 0xff, 0xd2, 0x92, 0xff, 0xff, 0xff, 0x40,
    0x90, 0x4f, 0xff, 0xff, 0xff, 0xff, 0xfa, 0x0,
    0xda, 0x4, 0xff, 0xff, 0xff, 0xff, 0xc0, 0x0,
    0xaf, 0xa0, 0x4f, 0xff, 0xff, 0xfa, 0x0, 0x0,
    0x5f, 0xfa, 0x4, 0xff, 0xfd, 0x50, 0x0, 0x0,
    0x3, 0x7a, 0x50, 0x47, 0x30, 0x0, 0x0, 0x0,

    /* U+F450 "" */
    0x0, 0x0, 0x5b, 0xef, 0xd9, 0x20, 0x0, 0x0,
    0x1b, 0xff, 0xff, 0xff, 0xf6, 0x0, 0x0, 0xcf,
    0xff, 0xff, 0xff, 0xff, 0x50, 0x7, 0xff, 0xff,
    0xff, 0xff, 0xff, 0xf1, 0xe, 0xff, 0xff, 0xff,
    0xff, 0xff, 0xf7, 0x1f, 0xff, 0xff, 0xff, 0xff,
    0xff, 0xfa, 0x3f, 0xff, 0xff, 0xff, 0x7e, 0xfc,
    0xfc, 0x1f, 0xff, 0xff, 0xfa, 0x4e, 0x86, 0xfa,
    0xd, 0xff, 0xff, 0xff, 0xfc, 0xbe, 0xf6, 0x7,
    0xff, 0xff, 0xff, 0x86, 0xff, 0xf1, 0x0, 0xcf,
    0xff, 0xff, 0xbe, 0xff, 0x50, 0x0, 0x1b, 0xff,
    0xff, 0xff, 0xf5, 0x0, 0x0, 0x0, 0x0, 0x0,
    0x0, 0x0, 0x0, 0x0, 0x1, 0xef, 0xff, 0xff,
    0x80, 0x0, 0x0, 0x0, 0x1, 0xef, 0x80, 0x0,
    0x0, 0x0, 0x0, 0x0, 0xaf, 0x30, 0x0, 0x0,

    /* U+F453 "" */
    0x0, 0x26, 0xad, 0xef, 0xfe, 0xda, 0x62, 0x0,
    0x2b, 0xff, 0xff, 0xff, 0xff, 0xff, 0xff, 0xb2,
    0xdf, 0xff, 0xff, 0xff, 0xff, 0xff, 0xff, 0xfd,
    0xdf, 0xff, 0xff, 0xff, 0xff, 0xff, 0xff, 0xfd,
    0x2b, 0xff, 0xff, 0xff, 0xff, 0xff, 0xff, 0xb2,
    0x20, 0x26, 0xad, 0xef, 0xfe, 0xda, 0x62, 0x2,
    0xfa, 0x40, 0x0, 0x0, 0x0, 0x0, 0x4, 0xaf,
    0xff, 0xff, 0xca, 0x98, 0x89, 0xac, 0xff, 0xff,
    0xff, 0xff, 0xff, 0xff, 0xff, 0xff, 0xff, 0xff,
    0xdf, 0xff, 0xff, 0xff, 0xff, 0xff, 0xff, 0xfd,
    0x2b, 0xff, 0xff, 0xff, 0xff, 0xff, 0xff, 0xb2,
    0x0, 0x26, 0xad, 0xef, 0xfe, 0xda, 0x62, 0x0,

    /* U+F458 "" */
    0x0, 0x0, 0x0, 0x0, 0x0, 0x0, 0x0, 0x0,
    0x0, 0x0, 0x0, 0x0, 0x0, 0x0, 0x0, 0x0,
    0x0, 0x0, 0x0, 0x2c, 0x80, 0x0, 0x0, 0x0,
    0x0, 0x0, 0x0, 0x0, 0x0, 0x5f, 0xfd, 0x0,
    0x0, 0x0, 0x0, 0x0, 0x0, 0x0, 0x0, 0x8f,
    0xfa, 0x0, 0x0, 0x0, 0x0, 0x0, 0x0, 0x0,
    0x1, 0xcf, 0xf7, 0x0, 0x0, 0x0, 0x0, 0x0,
    0x0, 0x55, 0x4, 0xef, 0xe3, 0x0, 0x0, 0x0,
    0x0, 0x0, 0x0, 0xd, 0xf9, 0xff, 0xb1, 0x0,
    0x0, 0x0, 0x0, 0x0, 0x3, 0x30, 0xcf, 0xff,
    0x80, 0x0, 0x0, 0x0, 0x0, 0x4, 0xcf, 0xff,
    0x91, 0xef, 0xd0, 0x0, 0x0, 0x0, 0x0, 0x7,
    0xff, 0xff, 0xff, 0x53, 0xff, 0x80, 0x0, 0x0,
    0x0, 0x2, 0xff, 0xff, 0xff, 0xff, 0x34, 0x51,
    0x0, 0x0, 0x0, 0x0, 0x8a, 0xdf, 0xff, 0xff,
    0xfa, 0x0, 0x0, 0x0, 0x0, 0x0, 0x0, 0x5f,
    0xff, 0xff, 0xff, 0x60, 0x2, 0xcf, 0xb1, 0x0,
    0x0, 0x3f, 0xff, 0xff, 0xff, 0xf0, 0x0, 0xcf,
    0xff, 0xa0, 0x0, 0x2e, 0xff, 0xff, 0xff, 0xf7,
    0x0, 0xf, 0xff, 0xfe, 0x0, 0xb, 0xff, 0xff,
    0xff, 0xfa, 0x0, 0x0, 0xcf, 0xff, 0xa0, 0x0,
    0xdf, 0xff, 0xec, 0x94, 0x0, 0x0, 0x2, 0xcf,
    0xb1, 0x0, 0x0, 0x0, 0x0, 0x0, 0x0, 0x0,
    0x0, 0x0, 0x0, 0x0, 0x0,

    /* U+F45C "" */
    0xff, 0xff, 0xff, 0xff, 0xff, 0xff, 0xff, 0xff,
    0xff, 0xff, 0xff, 0xff, 0xff, 0xff, 0xff, 0xff,
    0xff, 0xff, 0xff, 0xff, 0xff, 0xff, 0xff, 0xff,
    0xff, 0xff, 0xff, 0xff, 0xff, 0xff, 0xff, 0xff,
    0xff, 0xff, 0xff, 0xff, 0xff, 0xff, 0xff, 0xff,
    0xff, 0xff, 0xff, 0xff, 0xff, 0xff, 0xff, 0xff,
    0xff, 0xff, 0xff, 0xff, 0xff, 0xff, 0xff, 0xff,
    0xff, 0xff, 0xff, 0xff, 0xff, 0xff, 0xff, 0xff,
    0xff, 0xff, 0xff, 0xff, 0xff, 0xff, 0xff, 0xff,
    0xff, 0xff, 0xff, 0xff, 0xff, 0xff, 0xff, 0xff,
    0xff, 0xff, 0xff, 0xff, 0xff, 0xff, 0xff, 0xff,
    0xff, 0xff, 0xff, 0xff, 0xff, 0xff, 0xff, 0xff,
    0xff, 0xff, 0xff, 0xff, 0xff, 0xff, 0xff, 0xff,
    0xff, 0xff, 0xff, 0xff, 0xff, 0xff, 0xff, 0xff,
    0xff, 0xff, 0xff, 0xff, 0xff, 0xff, 0xff, 0xff,
    0xff, 0xff, 0xff, 0xff, 0xff, 0xff, 0xff, 0xff,

    /* U+F45D "" */
    0x0, 0x0, 0x0, 0x5b, 0xef, 0xe9, 0x20, 0x0,
    0x0, 0x0, 0x1, 0xcf, 0xff, 0xff, 0xff, 0x70,
    0x0, 0x0, 0x1, 0xdf, 0xff, 0xff, 0xff, 0xff,
    0x80, 0x0, 0x0, 0xdf, 0xff, 0xff, 0xff, 0xff,
    0xff, 0x30, 0x0, 0x6, 0xff, 0xff, 0xff, 0xff,
    0xff, 0xfa, 0x0, 0x67, 0x6, 0xff, 0xff, 0xff,
    0xff, 0xff, 0xe0, 0xa, 0xf7, 0x6, 0xff, 0xff,
    0xff, 0xff, 0xff, 0x0, 0x9f, 0xf7, 0x6, 0xff,
    0xff, 0xff, 0xff, 0xf0, 0x3, 0xff, 0xf7, 0x6,
    0xff, 0xfc, 0x88, 0xcc, 0x0, 0x7, 0xff, 0xf7,
    0x6, 0xf5, 0x0, 0x0, 0x10, 0x0, 0xc, 0xff,
    0xf7, 0x1, 0x8, 0xee, 0x80, 0x0, 0xa, 0xff,
    0xff, 0xf6, 0x8, 0xff, 0xff, 0x90, 0x1c, 0xff,
    0xfd, 0xff, 0x90, 0xef, 0xff, 0xfe, 0xc, 0xff,
    0xfb, 0x7, 0xf9, 0xe, 0xff, 0xff, 0xe0, 0x6f,
    0xfd, 0x0, 0x3, 0x70, 0x8f, 0xff, 0xf9, 0x0,
    0x6d, 0x10, 0x0, 0x0, 0x0, 0x8e, 0xe9, 0x0,

    /* U+F45F "" */
    0x0, 0x0, 0x0, 0x8, 0xbb, 0x20, 0x0, 0x0,
    0x0, 0x0, 0x4, 0x80, 0x6f, 0xfd, 0x1b, 0x40,
    0x0, 0x0, 0x6, 0xff, 0x70, 0xbf, 0xf9, 0x3f,
    0x70, 0x0, 0x4, 0xff, 0xfb, 0x2, 0xff, 0xf2,
    0xdf, 0x50, 0x0, 0xdf, 0xf5, 0x16, 0xc, 0xff,
    0x87, 0xfe, 0x0, 0x4f, 0xe3, 0x6f, 0xe0, 0x8f,
    0xfc, 0x3f, 0xf5, 0x9, 0xf3, 0x7f, 0xff, 0x25,
    0xff, 0xf1, 0xff, 0x90, 0xb6, 0x5f, 0xff, 0xf2,
    0x2d, 0xff, 0xf, 0xfb, 0x8, 0x1e, 0xff, 0xd2,
    0x0, 0x3, 0x60, 0x97, 0x30, 0x8, 0xff, 0xe1,
    0x1b, 0xe8, 0x30, 0x0, 0x1, 0x0, 0xef, 0xf3,
    0xd, 0xff, 0xff, 0xfe, 0xef, 0x50, 0xd, 0xf9,
    0x1, 0xaf, 0xff, 0xff, 0xff, 0xd0, 0x0, 0x4f,
    0x24, 0xc3, 0x27, 0xcf, 0xff, 0xc4, 0x0, 0x0,
    0x30, 0xaf, 0xfb, 0x63, 0x0, 0x10, 0x0, 0x0,
    0x0, 0xc, 0xff, 0xff, 0xff, 0xe4, 0x0, 0x0,
    0x0, 0x0, 0x4, 0x9b, 0xb9, 0x50, 0x0, 0x0,

    /* U+F461 "" */
    0x0, 0x0, 0x0, 0xb, 0xc0, 0x0, 0x0, 0x0,
    0x0, 0x0, 0xbc, 0xf, 0xf0, 0xbc, 0x0, 0x0,
    0x0, 0x0, 0xff, 0xf, 0xf0, 0xff, 0x0, 0x0,
    0x0, 0x0, 0xff, 0xf, 0xf0, 0xff, 0x4, 0x40,
    0x0, 0x0, 0xff, 0xf, 0xf0, 0xff, 0xf, 0xf0,
    0x0, 0x0, 0xff, 0xf, 0xf0, 0xff, 0xf, 0xf0,
    0x0, 0x0, 0xff, 0x1f, 0xf1, 0xff, 0x1f, 0xf0,
    0x0, 0x0, 0xff, 0xff, 0xff, 0xff, 0xff, 0xf0,
    0x9, 0xe4, 0xff, 0xff, 0xff, 0xff, 0xff, 0xf0,
    0xe, 0xfe, 0xff, 0x4f, 0xff, 0xff, 0x4f, 0xf0,
    0x5, 0xff, 0xff, 0xff, 0x4f, 0xff, 0xff, 0xf0,
    0x0, 0xaf, 0xff, 0xff, 0xff, 0x4f, 0xff, 0xd0,
    0x0, 0xd, 0xff, 0x4f, 0xff, 0xff, 0xff, 0x90,
    0x0, 0x3, 0xff, 0xff, 0x4f, 0xf4, 0xff, 0x50,
    0x0, 0x0, 0x7f, 0xff, 0xff, 0xff, 0xff, 0x10,
    0x0, 0x0, 0x9, 0xff, 0xff, 0xff, 0xf9, 0x0,

    /* U+F462 "" */
    0x4e, 0xff, 0xf0, 0xff, 0xff, 0xff, 0xff, 0xf,
    0xff, 0xe4, 0xef, 0xff, 0xf0, 0xff, 0xff, 0xff,
    0xff, 0xf, 0xff, 0xfe, 0xff, 0xff, 0xf0, 0xff,
    0xdf, 0xfd, 0xff, 0xf, 0xff, 0xff, 0xff, 0xff,
    0xf0, 0xfd, 0xd, 0xd0, 0xdf, 0xf, 0xff, 0xff,
    0xff, 0xff, 0xf0, 0xff, 0xdf, 0xfd, 0xff, 0xf,
    0xff, 0xff, 0xff, 0xff, 0xf0, 0xff, 0xdf, 0xfd,
    0xff, 0xf, 0xff, 0xff, 0xff, 0xff, 0xf0, 0xfd,
    0xd, 0xd0, 0xdf, 0xf, 0xff, 0xff, 0xff, 0xff,
    0xf0, 0xff, 0xdf, 0xfd, 0xff, 0xf, 0xff, 0xff,
    0xef, 0xff, 0xf0, 0xff, 0xff, 0xff, 0xff, 0xf,
    0xff, 0xfe, 0x4e, 0xff, 0xf0, 0xff, 0xff, 0xff,
    0xff, 0xf, 0xff, 0xe4,

    /* U+F466 "" */
    0x1, 0xdf, 0xff, 0xf8, 0x8f, 0xff, 0xfd, 0x10,
    0x8, 0xff, 0xff, 0xf8, 0x8f, 0xff, 0xff, 0x80,
    0xd, 0xff, 0xff, 0xf8, 0x8f, 0xff, 0xff, 0xd0,
    0x2f, 0xff, 0xff, 0xf8, 0x8f, 0xff, 0xff, 0xf2,
    0x8f, 0xff, 0xff, 0xf8, 0x8f, 0xff, 0xff, 0xf8,
    0xdf, 0xff, 0xff, 0xf8, 0x8f, 0xff, 0xff, 0xfd,
    0x0, 0x0, 0x0, 0x0, 0x0, 0x0, 0x0, 0x0,
    0xff, 0xff, 0xff, 0xff, 0xff, 0xff, 0xff, 0xff,
    0xff, 0xff, 0xff, 0xff, 0xff, 0xff, 0xff, 0xff,
    0xff, 0xff, 0xff, 0xff, 0xff, 0xff, 0xff, 0xff,
    0xff, 0xff, 0xff, 0xff, 0xff, 0xff, 0xff, 0xff,
    0xff, 0xff, 0xff, 0xff, 0xff, 0xff, 0xff, 0xff,
    0xff, 0xff, 0xff, 0xff, 0xff, 0xff, 0xff, 0xff,
    0xff, 0xff, 0xff, 0xff, 0xff, 0xff, 0xff, 0xff,
    0xff, 0xff, 0xff, 0xff, 0xff, 0xff, 0xff, 0xff,
    0x8f, 0xff, 0xff, 0xff, 0xff, 0xff, 0xff, 0xf8,

    /* U+F468 "" */
    0x0, 0x0, 0xe, 0xff, 0x0, 0xff, 0xe0, 0x0,
    0x0, 0x0, 0x0, 0xf, 0xff, 0x0, 0xff, 0xf0,
    0x0, 0x0, 0x0, 0x0, 0xf, 0xff, 0x55, 0xff,
    0xf0, 0x0, 0x0, 0x0, 0x0, 0xf, 0xff, 0xff,
    0xff, 0xf0, 0x0, 0x0, 0x0, 0x0, 0xf, 0xff,
    0xff, 0xff, 0xf0, 0x0, 0x0, 0x0, 0x0, 0xf,
    0xff, 0xff, 0xff, 0xf0, 0x0, 0x0, 0x0, 0x0,
    0xe, 0xff, 0xff, 0xff, 0xe0, 0x0, 0x0, 0x0,
    0x0, 0x0, 0x0, 0x0, 0x0, 0x0, 0x0, 0x0,
    0x0, 0x0, 0x0, 0x0, 0x0, 0x0, 0x0, 0x0,
    0x0, 0xef, 0xf0, 0xf, 0xfe, 0x0, 0xef, 0xf0,
    0xf, 0xfe, 0xff, 0xf0, 0xf, 0xff, 0x0, 0xff,
    0xf0, 0xf, 0xff, 0xff, 0xf5, 0x5f, 0xff, 0x0,
    0xff, 0xf5, 0x5f, 0xff, 0xff, 0xff, 0xff, 0xff,
    0x0, 0xff, 0xff, 0xff, 0xff, 0xff, 0xff, 0xff,
    0xff, 0x0, 0xff, 0xff, 0xff, 0xff, 0xff, 0xff,
    0xff, 0xff, 0x0, 0xff, 0xff, 0xff, 0xff, 0xef,
    0xff, 0xff, 0xfe, 0x0, 0xef, 0xff, 0xff, 0xfe,

    /* U+F469 "" */
    0x0, 0x0, 0x8f, 0xff, 0xff, 0xf8, 0x0, 0x0,
    0x0, 0x0, 0xff, 0xff, 0xff, 0xff, 0x0, 0x0,
    0x0, 0x0, 0xff, 0x0, 0x0, 0xff, 0x0, 0x0,
    0x8f, 0xff, 0xff, 0xff, 0xff, 0xff, 0xff, 0xf8,
    0xff, 0xff, 0xff, 0xff, 0xff, 0xff, 0xff, 0xff,
    0xff, 0xff, 0xff, 0xff, 0xff, 0xff, 0xff, 0xff,
    0xff, 0xff, 0xff, 0xf0, 0xf, 0xff, 0xff, 0xff,
    0xff, 0xff, 0xff, 0xf0, 0xf, 0xff, 0xff, 0xff,
    0xff, 0xff, 0xf0, 0x0, 0x0, 0xf, 0xff, 0xff,
    0xff, 0xff, 0xf0, 0x0, 0x0, 0xf, 0xff, 0xff,
    0xff, 0xff, 0xff, 0xf0, 0xf, 0xff, 0xff, 0xff,
    0xff, 0xff, 0xff, 0xf0, 0xf, 0xff, 0xff, 0xff,
    0xff, 0xff, 0xff, 0xff, 0xff, 0xff, 0xff, 0xff,
    0xff, 0xff, 0xff, 0xff, 0xff, 0xff, 0xff, 0xff,
    0x8f, 0xff, 0xff, 0xff, 0xff, 0xff, 0xff, 0xf8,

    /* U+F46A "" */
    0x0, 0x0, 0x8, 0x70, 0x0, 0x0, 0x0, 0x0,
    0x8f, 0xf7, 0x0, 0x0, 0x0, 0x7, 0xff, 0xff,
    0x60, 0x0, 0x0, 0x4f, 0xff, 0xff, 0xf3, 0x0,
    0x1, 0xef, 0xff, 0xff, 0xfe, 0x10, 0xa, 0xff,
    0xff, 0xff, 0xff, 0xa0, 0x3f, 0xff, 0xf9, 0x9f,
    0xff, 0xf2, 0x9f, 0xff, 0xb0, 0xb, 0xff, 0xf9,
    0xef, 0xfe, 0x10, 0x1, 0xef, 0xfe, 0xff, 0xf7,
    0x0, 0x0, 0x7f, 0xff, 0xef, 0xf1, 0x0, 0x0,
    0x1f, 0xfe, 0xbf, 0xf1, 0x0, 0x0, 0x1f, 0xfb,
    0x5f, 0xf6, 0x0, 0x0, 0x6f, 0xf5, 0xc, 0xff,
    0x61, 0x16, 0xff, 0xc0, 0x1, 0xdf, 0xff, 0xff,
    0xfd, 0x10, 0x0, 0x7, 0xcf, 0xfc, 0x70, 0x0,

    /* U+F46B "" */
    0x5, 0xdf, 0xc4, 0x0, 0x0, 0x0, 0x0, 0x0,
    0x0, 0x5, 0xff, 0xff, 0xf4, 0x7, 0xdf, 0xc4,
    0x0, 0x0, 0x0, 0xdf, 0x70, 0x7f, 0xc8, 0xff,
    0xff, 0xf3, 0x0, 0x0, 0xf, 0xf0, 0x0, 0xff,
    0xff, 0x41, 0x9f, 0xd0, 0x0, 0x0, 0xff, 0x0,
    0xf, 0xff, 0xc0, 0x0, 0xcf, 0xa0, 0x0, 0xf,
    0xf0, 0x0, 0xff, 0xff, 0x10, 0x2, 0xff, 0x50,
    0x0, 0xff, 0x0, 0xf, 0xfa, 0xfb, 0x0, 0x9,
    0xfe, 0x10, 0xf, 0xff, 0xff, 0xff, 0x1e, 0xf7,
    0x9, 0xff, 0xfb, 0x0, 0xff, 0xff, 0xff, 0xf0,
    0x4f, 0xfd, 0xff, 0xff, 0xf6, 0xf, 0xff, 0xff,
    0xff, 0x0, 0x9f, 0xff, 0xff, 0xff, 0xd0, 0xff,
    0xff, 0xff, 0xf0, 0x0, 0xdf, 0xff, 0xff, 0xff,
    0xd, 0xff, 0xff, 0xfd, 0x0, 0x3, 0xff, 0xff,
    0xff, 0xc0, 0x5f, 0xff, 0xff, 0x50, 0x0, 0x7,
    0xff, 0xff, 0xf4, 0x0, 0x5d, 0xfd, 0x50, 0x0,
    0x0, 0x6, 0xdf, 0xc4, 0x0,

    /* U+F46C "" */
    0x0, 0x0, 0x4e, 0xe4, 0x0, 0x0, 0x0, 0x0,
    0xe9, 0x9e, 0x0, 0x0, 0x8f, 0xff, 0xf9, 0x9f,
    0xff, 0xf8, 0xff, 0xff, 0xff, 0xff, 0xff, 0xff,
    0xff, 0xff, 0xff, 0xff, 0xff, 0xff, 0xff, 0xff,
    0xff, 0xff, 0xff, 0xff, 0xff, 0xff, 0xff, 0xff,
    0xff, 0xff, 0xff, 0xff, 0xff, 0xfd, 0x1a, 0xff,
    0xff, 0xfe, 0xff, 0xd1, 0x4, 0xff, 0xff, 0x80,
    0xcd, 0x10, 0x4f, 0xff, 0xff, 0x60, 0x1, 0x4,
    0xff, 0xff, 0xff, 0xf6, 0x0, 0x4f, 0xff, 0xff,
    0xff, 0xff, 0x54, 0xff, 0xff, 0xff, 0xff, 0xff,
    0xff, 0xff, 0xff, 0xff, 0xff, 0xff, 0xff, 0xff,
    0xff, 0xff, 0x8f, 0xff, 0xff, 0xff, 0xff, 0xf8,

    /* U+F46D "" */
    0x0, 0x0, 0x4e, 0xe4, 0x0, 0x0, 0x0, 0x0,
    0xe9, 0x9e, 0x0, 0x0, 0x8f, 0xff, 0xf9, 0x9f,
    0xff, 0xf8, 0xff, 0xff, 0xff, 0xff, 0xff, 0xff,
    0xff, 0xff, 0xff, 0xff, 0xff, 0xff, 0xff, 0xee,
    0xff, 0xff, 0xff, 0xff, 0xff, 0x55, 0xf0, 0x0,
    0x1, 0xff, 0xff, 0xee, 0xff, 0xff, 0xff, 0xff,
    0xff, 0xee, 0xff, 0xff, 0xff, 0xff, 0xff, 0x55,
    0xf0, 0x0, 0x1, 0xff, 0xff, 0xee, 0xff, 0xff,
    0xff, 0xff, 0xff, 0xee, 0xff, 0xff, 0xff, 0xff,
    0xff, 0x55, 0xf0, 0x0, 0x1, 0xff, 0xff, 0xee,
    0xff, 0xff, 0xff, 0xff, 0xff, 0xff, 0xff, 0xff,
    0xff, 0xff, 0x8f, 0xff, 0xff, 0xff, 0xff, 0xf8,

    /* U+F470 "" */
    0x0, 0x0, 0x0, 0x0, 0x7e, 0xe7, 0x0, 0x0,
    0x0, 0x0, 0x0, 0x0, 0x0, 0x6, 0xff, 0xff,
    0x60, 0x0, 0x0, 0x0, 0x0, 0x0, 0x0, 0xb,
    0xff, 0xff, 0xb0, 0x0, 0x0, 0x0, 0x0, 0x0,
    0x0, 0x9, 0xff, 0xff, 0x90, 0x0, 0x0, 0x0,
    0x0, 0x0, 0x0, 0x1, 0xef, 0xfe, 0x10, 0x0,
    0x0, 0x0, 0x0, 0x0, 0x0, 0x0, 0x16, 0x61,
    0x0, 0x0, 0x0, 0x0, 0x0, 0x0, 0x0, 0x3,
    0x57, 0x75, 0x30, 0x0, 0x0, 0x0, 0x0, 0xb,
    0xa, 0xef, 0xdf, 0xff, 0xfe, 0xb, 0x0, 0x0,
    0x0, 0x30, 0x7f, 0xfd, 0xd, 0xff, 0xff, 0x70,
    0x65, 0x0, 0xa, 0xff, 0xff, 0xff, 0xdf, 0xff,
    0xff, 0xff, 0xff, 0xa0, 0xa, 0xff, 0xe8, 0xaf,
    0xff, 0xfd, 0xfa, 0x9f, 0xff, 0xa0, 0x1, 0xb8,
    0x10, 0x8f, 0xff, 0xd0, 0xd8, 0x1, 0x8b, 0x10,
    0x0, 0x0, 0x0, 0x8f, 0xff, 0xfd, 0xf8, 0x0,
    0x0, 0x0, 0x0, 0x0, 0x0, 0x0, 0x0, 0x0,
    0x0, 0x0, 0x0, 0x0, 0xef, 0xff, 0xff, 0xff,
    0xff, 0xff, 0xff, 0xff, 0xff, 0xfe, 0xef, 0xff,
    0xff, 0xff, 0xff, 0xff, 0xff, 0xff, 0xff, 0xfe,

    /* U+F471 "" */
    0xdf, 0x0, 0x0, 0x0, 0x0, 0x0, 0xee, 0xc,
    0xff, 0xff, 0xff, 0xff, 0xff, 0xff, 0xd0, 0x7f,
    0xff, 0xff, 0xff, 0xff, 0xff, 0xf8, 0x1, 0xff,
    0x40, 0x0, 0x0, 0x3, 0xff, 0x20, 0x7, 0xff,
    0xff, 0xff, 0xff, 0xff, 0x80, 0x0, 0xc, 0xff,
    0xb8, 0x8a, 0xff, 0xc0, 0x0, 0x0, 0xc, 0xff,
    0x77, 0xff, 0xc1, 0x0, 0x0, 0x0, 0x9, 0xff,
    0xff, 0xa0, 0x0, 0x0, 0x0, 0x0, 0x9f, 0xfd,
    0x40, 0x0, 0x0, 0x0, 0x0, 0xcf, 0xf7, 0x0,
    0x9c, 0x10, 0x0, 0x0, 0xcf, 0xfa, 0x88, 0xaf,
    0xfc, 0x0, 0x0, 0x7f, 0xff, 0xff, 0xff, 0xff,
    0xf8, 0x0, 0x1f, 0xf4, 0x0, 0x0, 0x0, 0x3f,
    0xf2, 0x7, 0xff, 0xff, 0xff, 0xff, 0xff, 0xff,
    0x80, 0xcf, 0xff, 0xff, 0xff, 0xff, 0xff, 0xfd,
    0xd, 0xf0, 0x0, 0x0, 0x0, 0x0, 0xe, 0xe0,

    /* U+F472 "" */
    0xef, 0xff, 0xc0, 0x0, 0x0, 0x0, 0x0, 0x0,
    0x0, 0xe, 0xff, 0xff, 0x30, 0x0, 0x0, 0x17,
    0xc3, 0x0, 0x0, 0x0, 0x8, 0xf8, 0x0, 0x26,
    0x1, 0xff, 0x80, 0x0, 0x0, 0x0, 0x3f, 0xe0,
    0x6f, 0xf2, 0xc, 0xfe, 0x0, 0x0, 0x0, 0x0,
    0xef, 0x33, 0xff, 0x70, 0x6f, 0xf3, 0x0, 0x0,
    0x0, 0x8, 0xf8, 0xd, 0xfd, 0xbf, 0xff, 0x80,
    0x0, 0x0, 0x0, 0x3f, 0xe0, 0x8f, 0xff, 0xff,
    0xfe, 0x0, 0x0, 0x0, 0x0, 0xef, 0x33, 0xff,
    0xff, 0xff, 0xd0, 0x0, 0x0, 0x0, 0x8, 0xf8,
    0xc, 0xff, 0xd8, 0x30, 0x0, 0x0, 0x0, 0x0,
    0x3f, 0xe0, 0x4, 0x30, 0x3, 0x8e, 0xb0, 0x0,
    0x0, 0x0, 0xff, 0xe9, 0x3, 0x8e, 0xff, 0xfd,
    0x0, 0x0, 0x0, 0x9f, 0xaa, 0xff, 0xff, 0xfe,
    0x93, 0x0, 0x0, 0x0, 0xf, 0xa0, 0xa, 0xfe,
    0x93, 0x0, 0x0, 0x0, 0x0, 0x0, 0xea, 0x0,
    0xae, 0x0, 0x0, 0x0, 0x0, 0x0, 0x0, 0x8,
    0xfa, 0xaf, 0x90, 0x0, 0x0, 0x0, 0x0, 0x0,
    0x0, 0x8, 0xee, 0x90, 0x0, 0x0, 0x0, 0x0,
    0x0, 0x0, 0x0, 0x0, 0x0, 0x0, 0x0, 0x0,
    0x0, 0x0,

    /* U+F474 "" */
    0xef, 0xfe, 0x0, 0x0, 0x0, 0x0, 0x0, 0x0,
    0x0, 0x0, 0xef, 0xff, 0x0, 0xef, 0xff, 0xf0,
    0x0, 0xff, 0xff, 0xe0, 0x0, 0xff, 0x0, 0xff,
    0xff, 0xf0, 0x0, 0xff, 0xff, 0xf0, 0x0, 0xff,
    0x0, 0xff, 0xff, 0xf0, 0x0, 0xff, 0xff, 0xf0,
    0x0, 0xff, 0x0, 0xff, 0xff, 0xf5, 0xd5, 0xff,
    0xff, 0xf0, 0x0, 0xff, 0x0, 0xff, 0xff, 0xff,
    0xff, 0xff, 0xff, 0xf0, 0x0, 0xff, 0x0, 0xff,
    0xff, 0xff, 0xff, 0xff, 0xff, 0xf0, 0x0, 0xff,
    0x0, 0xff, 0xff, 0xff, 0xff, 0xff, 0xff, 0xf0,
    0x0, 0xff, 0x0, 0xff, 0xff, 0xff, 0xff, 0xff,
    0xff, 0xf0, 0x0, 0xff, 0x0, 0xef, 0xff, 0xff,
    0xff, 0xff, 0xff, 0xe0, 0x0, 0xff, 0x0, 0x0,
    0x0, 0x0, 0x0, 0x0, 0x0, 0x0, 0x0, 0xff,
    0x0, 0x0, 0x0, 0x0, 0x0, 0x0, 0x0, 0x0,
    0x0, 0xff, 0xff, 0xff, 0xff, 0xff, 0xff, 0xff,
    0xff, 0xfe, 0x0, 0xef, 0xff, 0xff, 0xff, 0xff,
    0xff, 0xff, 0xff, 0xfe, 0x0, 0x0, 0xf, 0xff,
    0x0, 0x0, 0x0, 0xff, 0xf0, 0x0, 0x0, 0x0,
    0x8, 0xf8, 0x0, 0x0, 0x0, 0x8f, 0x80, 0x0,

    /* U+F477 "" */
    0xdf, 0xff, 0xff, 0xf0, 0xd1, 0x0, 0xff, 0xff,
    0xff, 0xf0, 0xfd, 0x10, 0xff, 0xff, 0xff, 0xf0,
    0xff, 0xd1, 0xff, 0xff, 0xff, 0xf0, 0xff, 0xfd,
    0xff, 0xff, 0xff, 0xf2, 0x0, 0x0, 0xff, 0xff,
    0xff, 0xff, 0xff, 0xff, 0xff, 0xff, 0xff, 0xff,
    0xff, 0xff, 0xff, 0xff, 0xf0, 0xf, 0xff, 0xff,
    0xff, 0xff, 0xf0, 0xf, 0xff, 0xff, 0xff, 0xf0,
    0x0, 0x0, 0xf, 0xff, 0xff, 0xf0, 0x0, 0x0,
    0xf, 0xff, 0xff, 0xff, 0xf0, 0xf, 0xff, 0xff,
    0xff, 0xff, 0xf0, 0xf, 0xff, 0xff, 0xff, 0xff,
    0xff, 0xff, 0xff, 0xff, 0xff, 0xff, 0xff, 0xff,
    0xff, 0xff, 0xdf, 0xff, 0xff, 0xff, 0xff, 0xfd,

    /* U+F478 "" */
    0x0, 0xdf, 0xff, 0xff, 0xf0, 0xd1, 0x0, 0x0,
    0xff, 0xff, 0xff, 0xf0, 0xfd, 0x10, 0x0, 0xff,
    0xff, 0xff, 0xf0, 0xff, 0xd1, 0x0, 0xff, 0xff,
    0xff, 0xf0, 0xff, 0xfd, 0x0, 0xff, 0xff, 0xff,
    0xf2, 0x0, 0x0, 0x0, 0xff, 0xff, 0xff, 0xff,
    0xff, 0xff, 0x0, 0xff, 0xff, 0xfd, 0xff, 0xff,
    0xff, 0x0, 0xff, 0xff, 0xe1, 0xef, 0xff, 0xff,
    0xff, 0xff, 0xff, 0x61, 0x7f, 0xff, 0xff, 0x0,
    0x0, 0xc, 0x1c, 0x0, 0xa, 0xff, 0x0, 0xff,
    0x61, 0x7f, 0xff, 0xff, 0xff, 0x0, 0xff, 0xe1,
    0xef, 0xff, 0xff, 0xff, 0x0, 0xff, 0xfd, 0xff,
    0xff, 0xff, 0xff, 0x0, 0xff, 0xff, 0xff, 0xff,
    0xff, 0xff, 0x0, 0xff, 0xff, 0xff, 0xff, 0xff,
    0xff, 0x0, 0xdf, 0xff, 0xff, 0xff, 0xff, 0xfd,

    /* U+F479 "" */
    0x8f, 0xf0, 0xff, 0xff, 0xff, 0xff, 0xff, 0xf,
    0xf8, 0xff, 0xf0, 0xff, 0xff, 0xff, 0xff, 0xff,
    0xf, 0xff, 0xff, 0xf0, 0xff, 0xff, 0xff, 0xff,
    0xff, 0xf, 0xff, 0xff, 0xf0, 0xff, 0xff, 0xff,
    0xff, 0xff, 0xf, 0xff, 0xff, 0xf0, 0xff, 0xff,
    0x0, 0xff, 0xff, 0xf, 0xff, 0xff, 0xf0, 0xff,
    0xff, 0x0, 0xff, 0xff, 0xf, 0xff, 0xff, 0xf0,
    0xff, 0x0, 0x0, 0x0, 0xff, 0xf, 0xff, 0xff,
    0xf0, 0xff, 0x0, 0x0, 0x0, 0xff, 0xf, 0xff,
    0xff, 0xf0, 0xff, 0xff, 0x0, 0xff, 0xff, 0xf,
    0xff, 0xff, 0xf0, 0xff, 0xff, 0x0, 0xff, 0xff,
    0xf, 0xff, 0xff, 0xf0, 0xff, 0xff, 0xff, 0xff,
    0xff, 0xf, 0xff, 0xff, 0xf0, 0xff, 0xff, 0xff,
    0xff, 0xff, 0xf, 0xff, 0xff, 0xf0, 0xff, 0xff,
    0xff, 0xff, 0xff, 0xf, 0xff, 0x8f, 0xf0, 0xff,
    0xff, 0xff, 0xff, 0xff, 0xf, 0xf8,

    /* U+F47D "" */
    0x0, 0x0, 0xc, 0xff, 0xff, 0xff, 0xc0, 0x0,
    0x0, 0x0, 0x0, 0xf, 0xff, 0xff, 0xff, 0xf0,
    0x0, 0x0, 0x0, 0x0, 0xf, 0xff, 0xcc, 0xff,
    0xf0, 0x0, 0x0, 0xcf, 0xff, 0xff, 0xfc, 0x44,
    0xcf, 0xff, 0xff, 0xfc, 0xff, 0xff, 0xff, 0xfc,
    0x44, 0xcf, 0xff, 0xff, 0xff, 0xff, 0xff, 0xff,
    0xff, 0xcc, 0xff, 0xff, 0xff, 0xff, 0xff, 0xff,
    0xff, 0xff, 0xff, 0xff, 0xff, 0xff, 0xff, 0xff,
    0xff, 0xff, 0xff, 0xff, 0xff, 0xff, 0xff, 0xff,
    0xff, 0xf0, 0xf, 0xff, 0x0, 0xff, 0xf0, 0xf,
    0xff, 0xff, 0xf0, 0xf, 0xff, 0x0, 0xff, 0xf0,
    0xf, 0xff, 0xff, 0xff, 0xff, 0xff, 0xff, 0xff,
    0xff, 0xff, 0xff, 0xff, 0xff, 0xff, 0xff, 0xff,
    0xff, 0xff, 0xff, 0xff, 0xff, 0xf0, 0xf, 0xff,
    0x0, 0xff, 0xf0, 0xf, 0xff, 0xff, 0xf0, 0xf,
    0xff, 0x0, 0xff, 0xf0, 0xf, 0xff, 0xff, 0xff,
    0xff, 0xff, 0xff, 0xff, 0xff, 0xff, 0xff, 0xef,
    0xff, 0xff, 0xff, 0xff, 0xff, 0xff, 0xff, 0xfe,

    /* U+F47E "" */
    0x0, 0x0, 0x39, 0xdf, 0xfd, 0x93, 0x0, 0x0,
    0x0, 0x9, 0xff, 0xff, 0xff, 0xff, 0x90, 0x0,
    0x0, 0xbf, 0xff, 0xff, 0xff, 0xff, 0xfb, 0x0,
    0x9, 0xff, 0xff, 0xff, 0xff, 0xff, 0xff, 0x90,
    0x3f, 0xff, 0x80, 0xbf, 0xf4, 0x8, 0xff, 0xf3,
    0x9f, 0xff, 0x80, 0xbf, 0xf4, 0x8, 0xff, 0xf9,
    0xdf, 0xff, 0x80, 0xbf, 0xf4, 0x8, 0xff, 0xfd,
    0xff, 0xff, 0x80, 0x0, 0x0, 0x8, 0xff, 0xff,
    0xff, 0xff, 0x80, 0x0, 0x0, 0x8, 0xff, 0xff,
    0xdf, 0xff, 0x80, 0xbf, 0xf4, 0x8, 0xff, 0xfd,
    0x9f, 0xff, 0x80, 0xbf, 0xf4, 0x8, 0xff, 0xf9,
    0x3f, 0xff, 0x80, 0xbf, 0xf4, 0x8, 0xff, 0xf3,
    0x9, 0xff, 0xff, 0xff, 0xff, 0xff, 0xff, 0x90,
    0x0, 0xbf, 0xff, 0xff, 0xff, 0xff, 0xfb, 0x0,
    0x0, 0x9, 0xff, 0xff, 0xff, 0xff, 0x90, 0x0,
    0x0, 0x0, 0x39, 0xdf, 0xfd, 0x93, 0x0, 0x0,

    /* U+F47F "" */
    0x0, 0x0, 0x0, 0xc, 0xff, 0xc0, 0x0, 0x0,
    0x0, 0x0, 0x0, 0x0, 0xf, 0xff, 0xf0, 0x0,
    0x0, 0x0, 0x8f, 0xff, 0xff, 0xf, 0xff, 0xf0,
    0xff, 0xff, 0xf8, 0xff, 0xff, 0xff, 0xf, 0xff,
    0xf0, 0xff, 0xff, 0xff, 0xff, 0xff, 0xff, 0x0,
    0x0, 0x0, 0xff, 0xff, 0xff, 0xff, 0xff, 0xff,
    0xff, 0xff, 0xff, 0xff, 0xff, 0xff, 0xff, 0xff,
    0xff, 0xff, 0xff, 0xff, 0xff, 0xff, 0xff, 0xff,
    0xff, 0xff, 0xfb, 0x11, 0xbf, 0xff, 0xff, 0xff,
    0xff, 0xff, 0xff, 0xf1, 0x0, 0x1f, 0xff, 0xff,
    0xff, 0xff, 0xff, 0xff, 0xf1, 0x0, 0x1f, 0xff,
    0xff, 0xff, 0xff, 0xff, 0xff, 0xfb, 0x11, 0xbf,
    0xff, 0xff, 0xff, 0xff, 0xff, 0xff, 0xff, 0xff,
    0xff, 0xff, 0xff, 0xff, 0xff, 0xff, 0xff, 0x50,
    0x22, 0x5, 0xff, 0xff, 0xff, 0xff, 0xff, 0xfb,
    0x0, 0x0, 0x0, 0xbf, 0xff, 0xff, 0xff, 0xff,
    0xff, 0xff, 0xff, 0xff, 0xff, 0xff, 0xff, 0x8f,
    0xff, 0xff, 0xff, 0xff, 0xff, 0xff, 0xff, 0xf8,

    /* U+F481 "" */
    0x0, 0x0, 0x4e, 0xe4, 0x0, 0x0, 0x0, 0x0,
    0xe9, 0x9e, 0x0, 0x0, 0x8f, 0xff, 0xf9, 0x9f,
    0xff, 0xf8, 0xff, 0xff, 0xff, 0xff, 0xff, 0xff,
    0xff, 0xf0, 0x0, 0x0, 0x1f, 0xff, 0xff, 0xff,
    0xff, 0xff, 0xff, 0xff, 0xff, 0xff, 0xff, 0xff,
    0xff, 0xff, 0xff, 0xff, 0xf0, 0xf, 0xff, 0xff,
    0xff, 0xff, 0xf0, 0xf, 0xff, 0xff, 0xff, 0xf0,
    0x0, 0x0, 0xf, 0xff, 0xff, 0xf0, 0x0, 0x0,
    0xf, 0xff, 0xff, 0xff, 0xf0, 0xf, 0xff, 0xff,
    0xff, 0xff, 0xf0, 0xf, 0xff, 0xff, 0xff, 0xff,
    0xff, 0xff, 0xff, 0xff, 0xff, 0xff, 0xff, 0xff,
    0xff, 0xff, 0x8f, 0xff, 0xff, 0xff, 0xff, 0xf8,

    /* U+F482 "" */
    0x0, 0x0, 0xef, 0xff, 0x0, 0x0, 0xff, 0xfe,
    0x0, 0x0, 0x0, 0x0, 0xff, 0xff, 0x0, 0x0,
    0xff, 0xff, 0x0, 0x0, 0x0, 0x0, 0xff, 0xff,
    0x0, 0x0, 0xff, 0xff, 0x0, 0x0, 0x0, 0x0,
    0xff, 0xff, 0x3b, 0xb3, 0xff, 0xff, 0x0, 0x0,
    0x0, 0x0, 0xff, 0xff, 0xff, 0xff, 0xff, 0xff,
    0x0, 0x0, 0x0, 0x0, 0xff, 0xff, 0xff, 0xff,
    0xff, 0xff, 0x0, 0x0, 0x0, 0x0, 0xff, 0xff,
    0xff, 0xff, 0xff, 0xff, 0x0, 0x0, 0x0, 0x0,
    0xef, 0xff, 0xff, 0xff, 0xff, 0xfe, 0x0, 0x0,
    0x0, 0x0, 0x0, 0x0, 0x0, 0x0, 0x0, 0x0,
    0x0, 0x0, 0x0, 0x0, 0x0, 0x0, 0x0, 0x0,
    0x0, 0x0, 0x0, 0x0, 0xef, 0xff, 0xff, 0xff,
    0xff, 0xff, 0xff, 0xff, 0xff, 0xfe, 0xef, 0xff,
    0xff, 0xff, 0xff, 0xff, 0xff, 0xff, 0xff, 0xfe,
    0x0, 0xff, 0x0, 0x0, 0xf, 0xf0, 0x0, 0x0,
    0xff, 0x0, 0x0, 0xff, 0x0, 0x0, 0xf, 0xf0,
    0x0, 0x0, 0xff, 0x0, 0xef, 0xff, 0xff, 0xff,
    0xff, 0xff, 0xff, 0xff, 0xff, 0xfe, 0xef, 0xff,
    0xff, 0xff, 0xff, 0xff, 0xff, 0xff, 0xff, 0xfe,

    /* U+F484 "" */
    0x5, 0xdf, 0xd5, 0x0, 0x0, 0x0, 0x0, 0x0,
    0x0, 0x5, 0xff, 0xff, 0xf5, 0x0, 0x0, 0x0,
    0x0, 0x0, 0x0, 0xdf, 0x70, 0x7f, 0xd0, 0x0,
    0x0, 0x0, 0x0, 0x0, 0xf, 0xf0, 0x0, 0xff,
    0x0, 0x0, 0x0, 0x0, 0x0, 0x0, 0xff, 0x0,
    0xf, 0xf0, 0x0, 0x4b, 0xef, 0xc5, 0x0, 0xf,
    0xf0, 0x0, 0xff, 0x0, 0xc, 0xff, 0xff, 0xf8,
    0x0, 0xff, 0x0, 0xf, 0xf0, 0x4c, 0x1c, 0xff,
    0xff, 0xf4, 0xf, 0xff, 0xff, 0xff, 0xb, 0xfc,
    0x1c, 0xff, 0xff, 0xb0, 0xff, 0xff, 0xff, 0xf0,
    0xef, 0xfc, 0x1c, 0xff, 0xff, 0xf, 0xff, 0xff,
    0xff, 0xf, 0xff, 0xfc, 0x1c, 0xff, 0xf0, 0xff,
    0xff, 0xff, 0xf0, 0xcf, 0xff, 0xfb, 0x1b, 0xfc,
    0xd, 0xff, 0xff, 0xfd, 0x5, 0xff, 0xff, 0xfb,
    0x1b, 0x40, 0x5f, 0xff, 0xff, 0x50, 0x8, 0xff,
    0xff, 0xfb, 0x0, 0x0, 0x5d, 0xfd, 0x50, 0x0,
    0x5, 0xcf, 0xfc, 0x40, 0x0, 0x0, 0x0, 0x0,
    0x0, 0x0, 0x0, 0x0, 0x0, 0x0, 0x0,

    /* U+F485 "" */
    0xdf, 0xff, 0xff, 0xff, 0xff, 0xfd, 0xff, 0xff,
    0xff, 0xff, 0xff, 0xff, 0xdf, 0xff, 0xff, 0xff,
    0xff, 0xfd, 0x0, 0x0, 0x0, 0x0, 0x0, 0x0,
    0xf, 0xff, 0xff, 0xff, 0xff, 0xf0, 0xf, 0xff,
    0xff, 0xff, 0xff, 0xf0, 0x0, 0x0, 0x1f, 0xff,
    0xff, 0xf0, 0xf, 0xff, 0xff, 0xff, 0xff, 0xf0,
    0xf, 0xff, 0xff, 0xff, 0xff, 0xf0, 0x0, 0x0,
    0x1f, 0xff, 0xff, 0xf0, 0xf, 0xff, 0xff, 0xff,
    0xff, 0xf0, 0xf, 0xff, 0xff, 0xff, 0xff, 0xf0,
    0x0, 0x0, 0x1f, 0xff, 0xff, 0xf0, 0xf, 0xff,
    0xff, 0xff, 0xff, 0xf0, 0xf, 0xff, 0xff, 0xff,
    0xff, 0xf0, 0xc, 0xff, 0xff, 0xff, 0xff, 0xc0,

    /* U+F486 "" */
    0xdf, 0xff, 0xff, 0xff, 0xff, 0xfd, 0xff, 0xff,
    0xff, 0xff, 0xff, 0xff, 0xdf, 0xff, 0xff, 0xff,
    0xff, 0xfd, 0x0, 0x0, 0x0, 0x0, 0x0, 0x0,
    0xf, 0xff, 0xff, 0xff, 0xff, 0xf0, 0xf, 0xff,
    0xff, 0xff, 0xff, 0xf0, 0xf, 0xff, 0xff, 0xff,
    0xff, 0xf0, 0xf, 0xff, 0xf0, 0xf, 0xff, 0xf0,
    0xf, 0xff, 0xf0, 0xf, 0xff, 0xf0, 0xf, 0xf0,
    0x0, 0x0, 0xf, 0xf0, 0xf, 0xf0, 0x0, 0x0,
    0xf, 0xf0, 0xf, 0xff, 0xf0, 0xf, 0xff, 0xf0,
    0xf, 0xff, 0xf0, 0xf, 0xff, 0xf0, 0xf, 0xff,
    0xff, 0xff, 0xff, 0xf0, 0xf, 0xff, 0xff, 0xff,
    0xff, 0xf0, 0xc, 0xff, 0xff, 0xff, 0xff, 0xc0,

    /* U+F487 "" */
    0x0, 0x0, 0x0, 0x0, 0x0, 0x1e, 0x10, 0x0,
    0x0, 0x0, 0x0, 0x0, 0x0, 0x0, 0x0, 0x8e,
    0x80, 0x0, 0x0, 0x0, 0x0, 0x0, 0xff, 0xff,
    0xf3, 0xe3, 0xff, 0xff, 0x50, 0x0, 0x0, 0x0,
    0x0, 0x0, 0x8e, 0x80, 0x0, 0x0, 0x0, 0x0,
    0xee, 0x0, 0x0, 0x0, 0x1e, 0x10, 0x0, 0x0,
    0x0, 0x0, 0xff, 0x0, 0x0, 0x0, 0x0, 0x0,
    0x0, 0x0, 0x0, 0x0, 0xff, 0x0, 0x0, 0x0,
    0x0, 0x0, 0x0, 0x0, 0x0, 0x0, 0xff, 0x4,
    0xee, 0x40, 0xef, 0xff, 0xff, 0xff, 0xfd, 0x50,
    0xff, 0xe, 0xff, 0xe0, 0xff, 0xff, 0xff, 0xff,
    0xff, 0xf5, 0xff, 0xe, 0xff, 0xe0, 0xff, 0xff,
    0xff, 0xff, 0xff, 0xfd, 0xff, 0x4, 0xee, 0x40,
    0xff, 0xff, 0xff, 0xff, 0xff, 0xff, 0xff, 0x0,
    0x0, 0x0, 0xff, 0xff, 0xff, 0xff, 0xff, 0xff,
    0xff, 0xff, 0xff, 0xff, 0xff, 0xff, 0xff, 0xff,
    0xff, 0xff, 0xff, 0xff, 0xff, 0xff, 0xff, 0xff,
    0xff, 0xff, 0xff, 0xff, 0xff, 0x0, 0x0, 0x0,
    0x0, 0x0, 0x0, 0x0, 0x0, 0xff, 0xee, 0x0,
    0x0, 0x0, 0x0, 0x0, 0x0, 0x0, 0x0, 0xee,

    /* U+F48B "" */
    0x0, 0x8f, 0xff, 0xff, 0xff, 0xff, 0x80, 0x0,
    0x0, 0x0, 0x0, 0xff, 0xff, 0xff, 0xff, 0xff,
    0xf0, 0x0, 0x0, 0x0, 0x0, 0xff, 0xff, 0xff,
    0xff, 0xff, 0xf0, 0x0, 0x0, 0x0, 0xff, 0xff,
    0xff, 0xff, 0xff, 0xff, 0xff, 0xf7, 0x0, 0x0,
    0x0, 0x0, 0x0, 0x0, 0x1f, 0xff, 0xf8, 0xbf,
    0x80, 0x0, 0xf, 0xff, 0xff, 0xff, 0xff, 0xff,
    0xf0, 0x9, 0xf8, 0x0, 0x0, 0x0, 0x0, 0x1,
    0xff, 0xff, 0xf0, 0x0, 0x9f, 0x70, 0xff, 0xff,
    0xff, 0xff, 0xff, 0xff, 0xf0, 0x0, 0xb, 0xf0,
    0x0, 0x0, 0x0, 0x1f, 0xff, 0xff, 0xff, 0xff,
    0xff, 0xf0, 0x0, 0xff, 0xff, 0xff, 0xff, 0xff,
    0xff, 0xff, 0xff, 0xf0, 0x0, 0xff, 0xff, 0xff,
    0xff, 0xff, 0xff, 0xff, 0xff, 0xf0, 0x0, 0xff,
    0xaa, 0xff, 0xff, 0xff, 0xff, 0xaa, 0xff, 0xfe,
    0x0, 0xfa, 0x0, 0xaf, 0xff, 0xff, 0xfa, 0x0,
    0xaf, 0xfe, 0x0, 0xea, 0x0, 0xae, 0x0, 0x0,
    0xea, 0x0, 0xae, 0x0, 0x0, 0x8f, 0xaa, 0xf8,
    0x0, 0x0, 0x8f, 0xaa, 0xf8, 0x0, 0x0, 0x8,
    0xee, 0x80, 0x0, 0x0, 0x8, 0xee, 0x80, 0x0,

    /* U+F48D "" */
    0x0, 0x0, 0x0, 0x0, 0x0, 0x0, 0xff, 0xf,
    0xf0, 0x0, 0x0, 0x0, 0x0, 0x0, 0x0, 0x0,
    0xff, 0xf, 0xf0, 0x0, 0x0, 0x0, 0x0, 0x0,
    0x0, 0x0, 0xff, 0xe, 0xf2, 0x0, 0x0, 0x0,
    0x0, 0x0, 0x0, 0x0, 0xcf, 0x67, 0xfe, 0x30,
    0x0, 0x0, 0x0, 0x0, 0x0, 0x0, 0x4f, 0xf5,
    0x7f, 0xe1, 0x0, 0x0, 0x0, 0x0, 0x0, 0x0,
    0x5, 0xff, 0x4a, 0xf8, 0x0, 0x0, 0x0, 0x0,
    0x0, 0x0, 0x0, 0x5f, 0xc3, 0xfd, 0x0, 0x0,
    0x0, 0x0, 0x0, 0x0, 0x0, 0xf, 0xf0, 0xff,
    0x0, 0x0, 0x0, 0x0, 0x0, 0x0, 0x0, 0xf,
    0xf0, 0xff, 0x0, 0x0, 0x0, 0x0, 0x0, 0x0,
    0x0, 0x0, 0x0, 0x0, 0x0, 0x0, 0x0, 0x0,
    0x0, 0x0, 0x0, 0x0, 0x0, 0x0, 0x8f, 0xff,
    0xff, 0xff, 0xff, 0xff, 0xfe, 0xf, 0xf0, 0xff,
    0xff, 0xff, 0xff, 0xf8, 0x88, 0x88, 0xcf, 0xf,
    0xf0, 0xff, 0xff, 0xff, 0xff, 0xf0, 0x0, 0x0,
    0x8f, 0xf, 0xf0, 0xff, 0xff, 0xff, 0xff, 0xf8,
    0x88, 0x88, 0xcf, 0xf, 0xf0, 0xff, 0x8f, 0xff,
    0xff, 0xff, 0xff, 0xff, 0xfe, 0xf, 0xf0, 0xff,

    /* U+F48E "" */
    0x0, 0x0, 0x0, 0x0, 0x0, 0x0, 0x0, 0x0,
    0x0, 0x0, 0x0, 0x0, 0x0, 0x0, 0x20, 0x2,
    0xc1, 0x0, 0x0, 0x0, 0x0, 0x0, 0x3, 0xea,
    0x0, 0x9d, 0x10, 0x0, 0x0, 0x0, 0x0, 0x3,
    0xff, 0xa4, 0xea, 0xd0, 0x0, 0x0, 0x0, 0x0,
    0x4, 0x3f, 0xff, 0x40, 0x20, 0x0, 0x0, 0x0,
    0x0, 0xaf, 0x63, 0xff, 0xa0, 0x0, 0x0, 0x0,
    0x0, 0x6, 0xff, 0xf6, 0x3f, 0xfa, 0x0, 0x0,
    0x0, 0x0, 0x91, 0xaf, 0xff, 0x63, 0xff, 0x20,
    0x0, 0x0, 0x8, 0xfd, 0x3f, 0xff, 0xf4, 0x33,
    0x0, 0x0, 0x0, 0x71, 0xcf, 0xff, 0xff, 0xb0,
    0x0, 0x0, 0x0, 0x8, 0xfb, 0x2f, 0xff, 0xfb,
    0x0, 0x0, 0x0, 0x0, 0xf, 0xff, 0xff, 0xff,
    0xb0, 0x0, 0x0, 0x0, 0x0, 0xf, 0xff, 0xff,
    0xfb, 0x0, 0x0, 0x0, 0x0, 0x0, 0xe, 0xff,
    0xff, 0xb0, 0x0, 0x0, 0x0, 0x0, 0x0, 0x3e,
    0xef, 0xfa, 0x0, 0x0, 0x0, 0x0, 0x0, 0x3,
    0xe4, 0x0, 0x0, 0x0, 0x0, 0x0, 0x0, 0x0,
    0xc, 0x40, 0x0, 0x0, 0x0, 0x0, 0x0, 0x0,
    0x0, 0x0, 0x0, 0x0, 0x0, 0x0, 0x0, 0x0,
    0x0, 0x0,

    /* U+F490 "" */
    0x0, 0x0, 0x0, 0x0, 0x0, 0x0, 0x0, 0x0,
    0x0, 0x0, 0x0, 0x0, 0x0, 0x0, 0x0, 0x0,
    0x4, 0xbf, 0xfc, 0x50, 0x0, 0x0, 0x0, 0x0,
    0x0, 0x0, 0x0, 0xbf, 0xff, 0xff, 0x80, 0x0,
    0x0, 0x0, 0x0, 0x0, 0x4, 0xc1, 0xbf, 0xff,
    0xff, 0x50, 0x0, 0x0, 0x0, 0x0, 0x0, 0xbf,
    0xc1, 0xbf, 0xff, 0xfc, 0x0, 0x0, 0x0, 0x0,
    0x0, 0xe, 0xff, 0xc1, 0xbf, 0xff, 0xf0, 0x0,
    0x0, 0x0, 0x0, 0x0, 0xef, 0xff, 0xc1, 0xbf,
    0xff, 0x0, 0x4, 0xcf, 0xfc, 0x50, 0xb, 0xff,
    0xff, 0xc1, 0xbf, 0xc0, 0x8, 0xff, 0xff, 0xff,
    0x90, 0x4f, 0xff, 0xff, 0xc1, 0xb5, 0x5, 0xff,
    0xff, 0xff, 0xff, 0x60, 0x7f, 0xff, 0xff, 0xc0,
    0x0, 0xcf, 0xff, 0xff, 0xff, 0xfd, 0x0, 0x4b,
    0xff, 0xc5, 0x0, 0x7, 0x88, 0x88, 0x88, 0x88,
    0x70, 0x0, 0x0, 0x0, 0x0, 0x0, 0x78, 0x88,
    0x88, 0x88, 0x87, 0x0, 0x0, 0x0, 0x0, 0x0,
    0xc, 0xff, 0xff, 0xff, 0xff, 0xd0, 0x0, 0x0,
    0x0, 0x0, 0x0, 0x5f, 0xff, 0xff, 0xff, 0xf6,
    0x0, 0x0, 0x0, 0x0, 0x0, 0x0, 0x8f, 0xff,
    0xff, 0xf9, 0x0, 0x0, 0x0, 0x0, 0x0, 0x0,
    0x0, 0x4c, 0xff, 0xc5, 0x0, 0x0, 0x0, 0x0,
    0x0, 0x0, 0x0,

    /* U+F491 "" */
    0x0, 0x0, 0x0, 0x0, 0x0, 0x0, 0x0, 0x0,
    0x0, 0x0, 0x0, 0x0, 0x0, 0x0, 0x8e, 0xe9,
    0x0, 0x0, 0x0, 0x0, 0x0, 0x0, 0xbf, 0xff,
    0xf9, 0x0, 0x0, 0x0, 0x0, 0x0, 0x5f, 0xff,
    0xff, 0xf0, 0x0, 0x0, 0x0, 0x0, 0x92, 0x8f,
    0xff, 0xfe, 0x0, 0x0, 0x0, 0x0, 0x7f, 0xe6,
    0xff, 0xff, 0x80, 0x0, 0x0, 0x0, 0x81, 0xbf,
    0xff, 0xff, 0xb0, 0x0, 0x0, 0x0, 0x9f, 0xc5,
    0xff, 0xff, 0xb0, 0x0, 0x0, 0x0, 0x62, 0xef,
    0xff, 0xff, 0xb0, 0x0, 0x0, 0x0, 0xaf, 0x96,
    0xff, 0xff, 0xb0, 0x0, 0x0, 0x0, 0xf, 0xff,
    0xff, 0xff, 0xb0, 0x0, 0x0, 0x0, 0x0, 0xff,
    0xff, 0xff, 0xb0, 0x0, 0x0, 0x0, 0x0, 0xf,
    0xff, 0xff, 0xb0, 0x0, 0x0, 0x0, 0x0, 0x8,
    0xff, 0xff, 0xb0, 0x0, 0x0, 0x0, 0x0, 0x8,
    0xf9, 0x0, 0x0, 0x0, 0x0, 0x0, 0x0, 0x8,
    0xf9, 0x0, 0x0, 0x0, 0x0, 0x0, 0x0, 0x0,
    0xc9, 0x0, 0x0, 0x0, 0x0, 0x0, 0x0, 0x0,
    0x0,

    /* U+F492 "" */
    0x0, 0x0, 0x0, 0x0, 0x0, 0x50, 0x0, 0x0,
    0x0, 0x0, 0x0, 0x0, 0x0, 0x8f, 0xa0, 0x0,
    0x0, 0x0, 0x0, 0x0, 0x0, 0xa, 0xff, 0xa0,
    0x0, 0x0, 0x0, 0x0, 0x0, 0x8, 0xfa, 0xff,
    0xa0, 0x0, 0x0, 0x0, 0x0, 0x8, 0xf8, 0x3,
    0xff, 0xa0, 0x0, 0x0, 0x0, 0x8, 0xf8, 0x0,
    0x3, 0xff, 0xa0, 0x0, 0x0, 0x8, 0xf8, 0x0,
    0x0, 0x8f, 0xf9, 0x0, 0x0, 0x8, 0xf8, 0x0,
    0x0, 0x8f, 0x82, 0x0, 0x0, 0x8, 0xff, 0xff,
    0xff, 0xff, 0x80, 0x0, 0x0, 0x8, 0xff, 0xff,
    0xff, 0xff, 0x80, 0x0, 0x0, 0x6, 0xff, 0xff,
    0xff, 0xff, 0x80, 0x0, 0x0, 0x0, 0xdf, 0xff,
    0xff, 0xff, 0x80, 0x0, 0x0, 0x0, 0xe, 0xff,
    0xff, 0xff, 0x80, 0x0, 0x0, 0x0, 0x0, 0xbf,
    0xff, 0xff, 0x80, 0x0, 0x0, 0x0, 0x0, 0x2,
    0xef, 0xff, 0x80, 0x0, 0x0, 0x0, 0x0, 0x0,
    0x1, 0x67, 0x30, 0x0, 0x0, 0x0, 0x0, 0x0,

    /* U+F493 "" */
    0x0, 0xff, 0xff, 0xff, 0xf0, 0xf, 0xff, 0xff,
    0xff, 0x0, 0x0, 0xff, 0xff, 0xff, 0xf0, 0xf,
    0xff, 0xff, 0xff, 0x0, 0x0, 0xf, 0x80, 0x8f,
    0x0, 0x0, 0xf8, 0x8, 0xf0, 0x0, 0x0, 0xf,
    0x80, 0x8f, 0x0, 0x0, 0xf8, 0x8, 0xf0, 0x0,
    0x0, 0xf, 0x80, 0x8f, 0x0, 0x0, 0xf8, 0x8,
    0xf0, 0x0, 0x0, 0xf, 0xff, 0xff, 0x0, 0x0,
    0xff, 0xff, 0xf0, 0x0, 0x0, 0xf, 0xff, 0xff,
    0x0, 0x0, 0xff, 0xff, 0xf0, 0x0, 0x0, 0xf,
    0xff, 0xff, 0x0, 0x0, 0xff, 0xff, 0xf0, 0x0,
    0x0, 0xf, 0xff, 0xff, 0x0, 0x0, 0xff, 0xff,
    0xf0, 0x0, 0x0, 0xf, 0xff, 0xff, 0x0, 0x0,
    0xff, 0xff, 0xf0, 0x0, 0x0, 0xb, 0xff, 0xfb,
    0x0, 0x0, 0xbf, 0xff, 0xb0, 0x0, 0x0, 0x1,
    0xbf, 0xb1, 0x0, 0x0, 0x1b, 0xfb, 0x10, 0x0,
    0x0, 0x0, 0x0, 0x0, 0x0, 0x0, 0x0, 0x0,
    0x0, 0x0, 0x0, 0x0, 0x0, 0x0, 0x0, 0x0,
    0x0, 0x0, 0x0, 0x0, 0xef, 0xff, 0xff, 0xff,
    0xff, 0xff, 0xff, 0xff, 0xff, 0xfe, 0xef, 0xff,
    0xff, 0xff, 0xff, 0xff, 0xff, 0xff, 0xff, 0xfe,

    /* U+F494 "" */
    0x0, 0x0, 0x0, 0x1, 0x7d, 0xd7, 0x10, 0x0,
    0x0, 0x0, 0x0, 0x0, 0x3, 0xaf, 0xff, 0xff,
    0xfa, 0x30, 0x0, 0x0, 0x0, 0x6, 0xdf, 0xff,
    0xff, 0xff, 0xff, 0xfd, 0x60, 0x0, 0x19, 0xff,
    0xff, 0xff, 0xff, 0xff, 0xff, 0xff, 0xff, 0x91,
    0xdf, 0xff, 0xff, 0xff, 0xff, 0xff, 0xff, 0xff,
    0xff, 0xfd, 0xff, 0xff, 0xff, 0xff, 0xff, 0xff,
    0xff, 0xff, 0xff, 0xff, 0xff, 0xff, 0xff, 0xff,
    0xff, 0xff, 0xff, 0xff, 0xff, 0xff, 0xff, 0xf3,
    0x0, 0x0, 0x0, 0x0, 0x0, 0x0, 0x3f, 0xff,
    0xff, 0xf0, 0xff, 0xff, 0xff, 0xff, 0xff, 0xff,
    0xf, 0xff, 0xff, 0xf0, 0xff, 0xff, 0xff, 0xff,
    0xff, 0xff, 0xf, 0xff, 0xff, 0xf0, 0x0, 0x0,
    0x0, 0x0, 0x0, 0x0, 0xf, 0xff, 0xff, 0xf0,
    0xff, 0xff, 0xff, 0xff, 0xff, 0xff, 0xf, 0xff,
    0xff, 0xf0, 0xff, 0xff, 0xff, 0xff, 0xff, 0xff,
    0xf, 0xff, 0xff, 0xf0, 0x0, 0x0, 0x0, 0x0,
    0x0, 0x0, 0xf, 0xff, 0xff, 0xf0, 0xff, 0xff,
    0xff, 0xff, 0xff, 0xff, 0xf, 0xff, 0xff, 0xf0,
    0xff, 0xff, 0xff, 0xff, 0xff, 0xff, 0xf, 0xff,

    /* U+F496 "" */
    0x0, 0x0, 0x4, 0xcf, 0xfc, 0x40, 0x0, 0x0,
    0x0, 0x0, 0x8f, 0xff, 0xff, 0xf8, 0x0, 0x0,
    0x4e, 0x94, 0xff, 0xff, 0xfa, 0xff, 0x49, 0xe4,
    0xef, 0x3c, 0xff, 0xff, 0xb2, 0xff, 0xc3, 0xfe,
    0xff, 0x1f, 0xff, 0xff, 0x59, 0xff, 0xf1, 0xff,
    0xff, 0xf, 0xff, 0xf6, 0xf, 0xff, 0xf0, 0xff,
    0xff, 0x3c, 0xff, 0xc0, 0xc, 0xff, 0xc3, 0xff,
    0xff, 0x94, 0xff, 0xf6, 0x6f, 0xff, 0x49, 0xff,
    0xff, 0xf3, 0x8f, 0xff, 0xff, 0xf8, 0x3f, 0xff,
    0xff, 0xfe, 0x34, 0xcf, 0xfc, 0x43, 0xef, 0xff,
    0xff, 0xff, 0xf9, 0x30, 0x3, 0x9f, 0xff, 0xff,
    0xff, 0xff, 0xff, 0xff, 0xff, 0xff, 0xff, 0xff,
    0xff, 0xff, 0xff, 0xff, 0xff, 0xff, 0xff, 0xff,
    0xff, 0xff, 0xff, 0xff, 0xff, 0xff, 0xff, 0xff,
    0xef, 0xff, 0xff, 0xff, 0xff, 0xff, 0xff, 0xfe,
    0x4e, 0xff, 0xff, 0xff, 0xff, 0xff, 0xff, 0xe4,

    /* U+F497 "" */
    0xef, 0xff, 0xff, 0xff, 0xff, 0xff, 0xff, 0xff,
    0xff, 0xfe, 0xef, 0xff, 0xff, 0xff, 0xff, 0xff,
    0xff, 0xff, 0xff, 0xfe, 0x0, 0x0, 0x0, 0x0,
    0x0, 0x0, 0x0, 0x0, 0x0, 0x0, 0x0, 0xff,
    0xff, 0xff, 0xff, 0xff, 0xff, 0xff, 0xff, 0x0,
    0x0, 0xff, 0xff, 0xff, 0xf8, 0x8f, 0xff, 0xff,
    0xff, 0x0, 0x0, 0xff, 0xff, 0x0, 0x0, 0x0,
    0x1, 0xff, 0xff, 0x0, 0x0, 0xff, 0xff, 0xff,
    0xf8, 0x8f, 0xff, 0xff, 0xff, 0x0, 0x0, 0xff,
    0xf0, 0x0, 0x0, 0x0, 0x0, 0x1f, 0xff, 0x0,
    0x0, 0xff, 0xff, 0xff, 0xf8, 0x8f, 0xff, 0xff,
    0xff, 0x0, 0x0, 0xff, 0xff, 0x0, 0x0, 0x0,
    0x1, 0xff, 0xff, 0x0, 0x0, 0xff, 0xff, 0xff,
    0xf8, 0x8f, 0xff, 0xff, 0xff, 0x0, 0x0, 0xff,
    0xff, 0x70, 0x0, 0x0, 0x7, 0xff, 0xff, 0x0,
    0x0, 0xff, 0xff, 0xb, 0xf, 0xf0, 0xb0, 0xff,
    0xff, 0x0, 0x0, 0xff, 0xff, 0x70, 0x7f, 0xf7,
    0x7, 0xff, 0xff, 0x0, 0xef, 0xff, 0xff, 0xff,
    0xff, 0xff, 0xff, 0xff, 0xff, 0xfe, 0xef, 0xff,
    0xff, 0xff, 0xff, 0xff, 0xff, 0xff, 0xff, 0xfe,

    /* U+F49E "" */
    0x0, 0x0, 0x0, 0x0, 0x0, 0x0, 0x0, 0x0,
    0x0, 0x0, 0x0, 0x0, 0x6f, 0xdb, 0x97, 0x53,
    0x10, 0x25, 0x79, 0xbd, 0xf7, 0x0, 0x0, 0xef,
    0xff, 0xff, 0xff, 0xba, 0xff, 0xff, 0xff, 0xfe,
    0x0, 0x6, 0xff, 0xff, 0xff, 0xff, 0x21, 0xff,
    0xff, 0xff, 0xff, 0x70, 0xd, 0xff, 0xff, 0xff,
    0xf8, 0x45, 0x7f, 0xff, 0xff, 0xff, 0xe0, 0x3,
    0x8d, 0xff, 0xff, 0xd1, 0xde, 0x1d, 0xff, 0xff,
    0xd8, 0x30, 0x0, 0x2, 0x16, 0xae, 0x48, 0xff,
    0x83, 0xea, 0x61, 0x20, 0x0, 0x0, 0xf, 0xd9,
    0x40, 0x4f, 0xff, 0xf5, 0x4, 0x8d, 0xf0, 0x0,
    0x0, 0xf, 0xff, 0xff, 0xff, 0xff, 0xff, 0xff,
    0xff, 0xf0, 0x0, 0x0, 0xf, 0xff, 0xff, 0xff,
    0xff, 0xff, 0xff, 0xff, 0xf0, 0x0, 0x0, 0xf,
    0xff, 0xff, 0xff, 0xff, 0xff, 0xff, 0xff, 0xf0,
    0x0, 0x0, 0xf, 0xff, 0xff, 0xff, 0xff, 0xff,
    0xff, 0xff, 0xf0, 0x0, 0x0, 0xd, 0xff, 0xff,
    0xff, 0xff, 0xff, 0xff, 0xff, 0xe0, 0x0, 0x0,
    0x1, 0x6a, 0xef, 0xff, 0xff, 0xff, 0xfe, 0xb7,
    0x20, 0x0, 0x0, 0x0, 0x0, 0x2, 0x6a, 0xee,
    0xb7, 0x30, 0x0, 0x0, 0x0, 0x0, 0x0, 0x0,
    0x0, 0x0, 0x0, 0x0, 0x0, 0x0, 0x0, 0x0,

    /* U+F4AD "" */
    0x0, 0x0, 0x5a, 0xdf, 0xfe, 0xa5, 0x0, 0x0,
    0x0, 0x3, 0xdf, 0xff, 0xff, 0xff, 0xfd, 0x30,
    0x0, 0x4, 0xff, 0xff, 0xff, 0xff, 0xff, 0xff,
    0x50, 0x1, 0xff, 0xff, 0xff, 0xff, 0xff, 0xff,
    0xff, 0x20, 0x9f, 0xff, 0xff, 0xff, 0xff, 0xff,
    0xff, 0xf9, 0xd, 0xff, 0xbb, 0xff, 0xbb, 0xff,
    0xbb, 0xff, 0xe0, 0xff, 0xf1, 0xf, 0xf1, 0xf,
    0xf1, 0xf, 0xff, 0xd, 0xff, 0xbb, 0xff, 0xbb,
    0xff, 0xbb, 0xff, 0xe0, 0x9f, 0xff, 0xff, 0xff,
    0xff, 0xff, 0xff, 0xf9, 0x1, 0xff, 0xff, 0xff,
    0xff, 0xff, 0xff, 0xff, 0x20, 0x5, 0xff, 0xff,
    0xff, 0xff, 0xff, 0xff, 0x50, 0x0, 0x9f, 0xff,
    0xff, 0xff, 0xff, 0xfd, 0x30, 0x0, 0x2f, 0xff,
    0x9a, 0xdf, 0xfe, 0xa5, 0x0, 0x0, 0xb, 0xd9,
    0x20, 0x0, 0x0, 0x0, 0x0, 0x0, 0x0,

    /* U+F4B3 "" */
    0x0, 0x0, 0x0, 0x0, 0x0, 0x0, 0x0, 0x0,
    0x0, 0x0, 0x0, 0x7, 0xd2, 0x0, 0x0, 0x0,
    0x0, 0x0, 0x0, 0x0, 0x0, 0x0, 0xc, 0xff,
    0x50, 0x4, 0xad, 0xff, 0xea, 0x50, 0x0, 0x0,
    0x0, 0x0, 0xaf, 0xf9, 0xcf, 0xff, 0xff, 0xff,
    0xfd, 0x30, 0x0, 0x0, 0x0, 0x7, 0xff, 0xff,
    0xff, 0xff, 0xff, 0xff, 0xf5, 0x0, 0x0, 0x0,
    0x0, 0x3e, 0xff, 0xff, 0xff, 0xff, 0xff, 0xff,
    0x20, 0x0, 0x0, 0x0, 0x1, 0xbf, 0xff, 0xff,
    0xff, 0xff, 0xff, 0x90, 0x0, 0x0, 0xc, 0x40,
    0x8, 0xff, 0xff, 0xff, 0xff, 0xff, 0xe0, 0x0,
    0x0, 0xf, 0xf7, 0x0, 0x4e, 0xff, 0xff, 0xff,
    0xff, 0xf0, 0x0, 0x0, 0xd, 0xff, 0xb1, 0x2,
    0xcf, 0xff, 0xff, 0xff, 0xe0, 0x0, 0x0, 0x9,
    0xff, 0xfd, 0x30, 0x9, 0xff, 0xff, 0xff, 0x90,
    0x0, 0x0, 0x1, 0xff, 0xff, 0xf6, 0x0, 0x6f,
    0xff, 0xff, 0x20, 0x0, 0x0, 0x0, 0x5f, 0xff,
    0xff, 0x90, 0x3, 0xdf, 0xf8, 0x0, 0x0, 0x0,
    0x0, 0x8f, 0xff, 0xff, 0xfc, 0x20, 0x1b, 0xff,
    0x70, 0x0, 0x0, 0x2, 0xff, 0xf9, 0xad, 0xff,
    0xc1, 0x0, 0x7f, 0xfb, 0x10, 0x0, 0xc, 0xd9,
    0x20, 0x0, 0x0, 0x0, 0x0, 0x4, 0xef, 0xd0,
    0x0, 0x0, 0x0, 0x0, 0x0, 0x0, 0x0, 0x0,
    0x0, 0x1c, 0x80, 0x0, 0x0, 0x0, 0x0, 0x0,
    0x0, 0x0, 0x0, 0x0, 0x0, 0x0,

    /* U+F4B8 "" */
    0x0, 0x8, 0xef, 0xff, 0xff, 0xff, 0xff, 0xfe,
    0x80, 0x0, 0x0, 0x8f, 0xff, 0xff, 0xff, 0xff,
    0xff, 0xff, 0xf8, 0x0, 0x0, 0xef, 0xff, 0xff,
    0xff, 0xff, 0xff, 0xff, 0xfe, 0x0, 0x0, 0x1,
    0xbf, 0xff, 0xff, 0xff, 0xff, 0xfb, 0x10, 0x0,
    0x4e, 0xfc, 0x1f, 0xff, 0xff, 0xff, 0xff, 0xf1,
    0xcf, 0xe4, 0xef, 0xff, 0xf, 0xff, 0xff, 0xff,
    0xff, 0xf0, 0xff, 0xfe, 0xdf, 0xff, 0xf, 0xff,
    0xff, 0xff, 0xff, 0xf0, 0xff, 0xfd, 0x4f, 0xff,
    0x0, 0x0, 0x0, 0x0, 0x0, 0x0, 0xff, 0xf4,
    0xf, 0xff, 0xff, 0xff, 0xff, 0xff, 0xff, 0xff,
    0xff, 0xf0, 0xf, 0xff, 0xff, 0xff, 0xff, 0xff,
    0xff, 0xff, 0xff, 0xf0, 0xf, 0xff, 0xff, 0xff,
    0xff, 0xff, 0xff, 0xff, 0xff, 0xf0, 0xe, 0xfe,
    0x0, 0x0, 0x0, 0x0, 0x0, 0x0, 0xef, 0xe0,

    /* U+F4B9 "" */
    0x0, 0x0, 0x7, 0xcf, 0xfd, 0x81, 0x0, 0x0,
    0x0, 0x0, 0x2e, 0xff, 0xff, 0xff, 0xf5, 0x0,
    0x0, 0x0, 0x2e, 0xff, 0xf8, 0x5f, 0xff, 0xf4,
    0x0, 0x0, 0xb, 0xff, 0xf5, 0x0, 0x4e, 0xff,
    0xe0, 0x0, 0x2, 0xff, 0xf9, 0x4, 0x54, 0xff,
    0xff, 0x60, 0x0, 0x6f, 0xff, 0x80, 0xaf, 0xff,
    0xff, 0xf9, 0x0, 0x7, 0xff, 0xfe, 0x20, 0x5,
    0xef, 0xff, 0xb0, 0x0, 0x6f, 0xff, 0xff, 0xc6,
    0x6, 0xff, 0xf9, 0x0, 0x2, 0xff, 0xff, 0xbc,
    0xc0, 0x5f, 0xff, 0x60, 0x0, 0xb, 0xff, 0xf4,
    0x0, 0x3d, 0xff, 0xe0, 0x0, 0x0, 0x2e, 0xff,
    0xf8, 0x5f, 0xff, 0xf4, 0x0, 0xc, 0xf7, 0x2e,
    0xff, 0xff, 0xff, 0xf5, 0x4f, 0xe1, 0xff, 0xf8,
    0x17, 0xcf, 0xfd, 0x81, 0x6f, 0xff, 0x3f, 0xf0,
    0x0, 0x0, 0x0, 0x0, 0x0, 0xd, 0xf3, 0xff,
    0xff, 0xff, 0xff, 0xff, 0xff, 0xff, 0xff, 0x3c,
    0xff, 0xff, 0xff, 0xff, 0xff, 0xff, 0xff, 0xe1,

    /* U+F4BA "" */
    0x0, 0x0, 0x0, 0x0, 0x0, 0x0, 0x0, 0x0,
    0x0, 0x0, 0x0, 0x0, 0xb, 0x40, 0x0, 0x0,
    0x0, 0x0, 0x0, 0x3c, 0x0, 0x6f, 0x90, 0x0,
    0x0, 0x0, 0x0, 0x0, 0x9f, 0x60, 0xef, 0xe0,
    0x1, 0xbf, 0xff, 0xc0, 0x0, 0xdf, 0xf3, 0x6f,
    0xf7, 0xb, 0xff, 0xff, 0x40, 0x0, 0xef, 0xfe,
    0x43, 0xbf, 0xf, 0xf4, 0xff, 0x0, 0x0, 0xef,
    0xff, 0xfa, 0x21, 0xf, 0xff, 0xff, 0x0, 0x0,
    0xcf, 0xff, 0xff, 0xfd, 0xbf, 0xff, 0xff, 0x0,
    0x0, 0x7f, 0xff, 0xff, 0xff, 0xff, 0xff, 0xff,
    0x0, 0x0, 0x1e, 0xff, 0xff, 0xff, 0xff, 0xff,
    0xff, 0x0, 0x0, 0x5, 0xff, 0xff, 0xff, 0xff,
    0xff, 0xff, 0x0, 0x0, 0x0, 0x7f, 0xff, 0xff,
    0xff, 0xff, 0xfc, 0x0, 0x0, 0x0, 0x8, 0xff,
    0xff, 0xff, 0xff, 0xf5, 0x0, 0x2, 0x6a, 0xef,
    0xff, 0xff, 0xff, 0xff, 0x80, 0x0, 0xd, 0xff,
    0xff, 0xff, 0xff, 0xff, 0xc5, 0x0, 0x0, 0x2,
    0xef, 0xff, 0xfe, 0x20, 0x0, 0x0, 0x0, 0x0,
    0x0, 0x18, 0xcf, 0xb1, 0x0, 0x0, 0x0, 0x0,
    0x0,

    /* U+F4BD "" */
    0x0, 0x1, 0xae, 0xff, 0xff, 0xfc, 0x0, 0x2,
    0xcb, 0x0, 0x3, 0xef, 0xff, 0xff, 0xff, 0xb0,
    0x4, 0xef, 0xc0, 0xef, 0xff, 0xff, 0xff, 0x20,
    0x0, 0x8, 0xff, 0xa0, 0xf, 0xff, 0xff, 0xff,
    0xff, 0xff, 0xff, 0xff, 0x70, 0x0, 0xff, 0xff,
    0xff, 0xff, 0xff, 0xff, 0xff, 0x40, 0x0, 0xe,
    0xff, 0xff, 0xff, 0xff, 0xff, 0xfc, 0x20, 0x0,
    0x0,

    /* U+F4BE "" */
    0x0, 0x0, 0x0, 0x0, 0x0, 0x0, 0x0, 0x0,
    0x0, 0x0, 0x0, 0x0, 0x7e, 0xd5, 0x5d, 0xe7,
    0x0, 0x0, 0x0, 0x0, 0x0, 0x3f, 0xff, 0xff,
    0xff, 0xf4, 0x0, 0x0, 0x0, 0x0, 0x7, 0xff,
    0xff, 0xff, 0xff, 0x70, 0x0, 0x0, 0x0, 0x0,
    0x3f, 0xff, 0xff, 0xff, 0xf4, 0x0, 0x0, 0x0,
    0x0, 0x0, 0x9f, 0xff, 0xff, 0xf9, 0x0, 0x0,
    0x0, 0x0, 0x0, 0x0, 0x9f, 0xff, 0xf9, 0x0,
    0x0, 0x0, 0x0, 0x0, 0x0, 0x0, 0xaf, 0xfa,
    0x0, 0x0, 0x0, 0x0, 0x0, 0x0, 0x0, 0x0,
    0xaa, 0x0, 0x0, 0x0, 0x0, 0x0, 0x0, 0x0,
    0x0, 0x0, 0x0, 0x0, 0x0, 0x0, 0x0, 0x0,
    0x0, 0x0, 0x0, 0x0, 0x0, 0x0, 0x0, 0x0,
    0x0, 0x0, 0x1a, 0xef, 0xff, 0xff, 0xc0, 0x0,
    0x2c, 0xb0, 0x0, 0x3e, 0xff, 0xff, 0xff, 0xfb,
    0x0, 0x4e, 0xfc, 0xe, 0xff, 0xff, 0xff, 0xf2,
    0x0, 0x0, 0x8f, 0xfa, 0x0, 0xff, 0xff, 0xff,
    0xff, 0xff, 0xff, 0xff, 0xf7, 0x0, 0xf, 0xff,
    0xff, 0xff, 0xff, 0xff, 0xff, 0xf4, 0x0, 0x0,
    0xef, 0xff, 0xff, 0xff, 0xff, 0xff, 0xc2, 0x0,
    0x0, 0x0,

    /* U+F4C0 "" */
    0x0, 0x0, 0x0, 0x0, 0x3f, 0x30, 0x0, 0x0,
    0x0, 0x0, 0x0, 0x0, 0x5, 0xef, 0xe5, 0x0,
    0x0, 0x0, 0x0, 0x0, 0x0, 0xe, 0xd8, 0x91,
    0x0, 0x0, 0x0, 0x0, 0x0, 0x0, 0xc, 0xfc,
    0x70, 0x0, 0x0, 0x0, 0x0, 0x0, 0x0, 0x0,
    0x7c, 0xfc, 0x0, 0x0, 0x0, 0x0, 0x0, 0x0,
    0x1, 0x98, 0xde, 0x0, 0x0, 0x0, 0x0, 0x0,
    0x0, 0x5, 0xef, 0xe5, 0x0, 0x0, 0x0, 0x0,
    0x0, 0x0, 0x0, 0x3f, 0x30, 0x0, 0x0, 0x0,
    0x0, 0x0, 0x0, 0x0, 0x0, 0x0, 0x0, 0x0,
    0x0, 0x0, 0x0, 0x0, 0x0, 0x0, 0x0, 0x0,
    0x0, 0x0, 0x0, 0x1, 0xae, 0xff, 0xff, 0xfc,
    0x0, 0x2, 0xcb, 0x0, 0x3e, 0xff, 0xff, 0xff,
    0xfb, 0x0, 0x4e, 0xfc, 0xef, 0xff, 0xff, 0xff,
    0x20, 0x0, 0x8, 0xff, 0xa0, 0xff, 0xff, 0xff,
    0xff, 0xff, 0xff, 0xff, 0xf7, 0x0, 0xff, 0xff,
    0xff, 0xff, 0xff, 0xff, 0xff, 0x40, 0x0, 0xef,
    0xff, 0xff, 0xff, 0xff, 0xff, 0xc2, 0x0, 0x0,

    /* U+F4C1 "" */
    0x0, 0x0, 0x0, 0x0, 0x99, 0x0, 0x0, 0x0,
    0x0, 0x0, 0x0, 0x0, 0x0, 0x5f, 0xf5, 0x0,
    0x0, 0x0, 0x0, 0x0, 0x0, 0x0, 0xe, 0xff,
    0xe0, 0x0, 0x0, 0x0, 0x0, 0x0, 0x0, 0x8,
    0xff, 0xff, 0x80, 0x0, 0x0, 0x0, 0x0, 0x0,
    0x0, 0xef, 0xff, 0xfe, 0x0, 0x0, 0x0, 0x0,
    0x0, 0x0, 0xe, 0xff, 0xff, 0xe0, 0x0, 0x0,
    0x0, 0x0, 0x0, 0x0, 0x8f, 0xff, 0xf8, 0x0,
    0x0, 0x0, 0x0, 0x0, 0x0, 0x0, 0x8e, 0xe8,
    0x0, 0x0, 0x0, 0x0, 0x0, 0x0, 0x0, 0x0,
    0x0, 0x0, 0x0, 0x0, 0x0, 0x0, 0x0, 0x0,
    0x0, 0x0, 0x0, 0x0, 0x0, 0x0, 0x0, 0x0,
    0x1, 0xae, 0xff, 0xff, 0xfc, 0x0, 0x2, 0xcb,
    0x0, 0x3, 0xef, 0xff, 0xff, 0xff, 0xb0, 0x4,
    0xef, 0xc0, 0xef, 0xff, 0xff, 0xff, 0x20, 0x0,
    0x8, 0xff, 0xa0, 0xf, 0xff, 0xff, 0xff, 0xff,
    0xff, 0xff, 0xff, 0x70, 0x0, 0xff, 0xff, 0xff,
    0xff, 0xff, 0xff, 0xff, 0x40, 0x0, 0xe, 0xff,
    0xff, 0xff, 0xff, 0xff, 0xfc, 0x20, 0x0, 0x0,

    /* U+F4C2 "" */
    0xcc, 0x0, 0x0, 0x0, 0x0, 0x0, 0x0, 0x0,
    0x0, 0xcc, 0xff, 0x0, 0x0, 0x0, 0x0, 0x0,
    0x0, 0x0, 0x0, 0xff, 0xff, 0x0, 0x0, 0x0,
    0x0, 0x0, 0x0, 0x0, 0x0, 0xff, 0xff, 0x0,
    0x0, 0x0, 0x0, 0x0, 0x0, 0x0, 0x0, 0xff,
    0xff, 0x0, 0x2, 0x0, 0x0, 0x0, 0x0, 0x20,
    0x0, 0xff, 0xff, 0x0, 0x4f, 0x90, 0x0, 0x0,
    0x9, 0xf4, 0x0, 0xff, 0xff, 0xb0, 0x2f, 0xf6,
    0x0, 0x0, 0x6f, 0xf2, 0xb, 0xff, 0xff, 0xf8,
    0x5, 0xff, 0x20, 0x2, 0xff, 0x50, 0x9f, 0xff,
    0xcf, 0xff, 0x61, 0xff, 0xa0, 0xa, 0xff, 0x16,
    0xff, 0xfc, 0x2f, 0xff, 0xfe, 0xff, 0xe0, 0xe,
    0xff, 0xef, 0xff, 0xf2, 0x5, 0xff, 0xff, 0xff,
    0xf0, 0xf, 0xff, 0xff, 0xff, 0x50, 0x0, 0x8f,
    0xff, 0xff, 0xf0, 0xf, 0xff, 0xff, 0xf8, 0x0,
    0x0, 0xc, 0xff, 0xff, 0xf0, 0xf, 0xff, 0xff,
    0xc0, 0x0, 0x0, 0x2, 0xff, 0xff, 0xe0, 0xe,
    0xff, 0xff, 0x20, 0x0,

    /* U+F4C4 "" */
    0x0, 0x0, 0x0, 0x0, 0x0, 0x0, 0x0, 0x0,
    0x0, 0x0, 0x0, 0x0, 0x0, 0x0, 0x0, 0x0,
    0x0, 0x0, 0x1, 0x9e, 0x50, 0x0, 0x0, 0x0,
    0x0, 0x0, 0x0, 0x0, 0x0, 0x6e, 0xff, 0xe1,
    0x0, 0x0, 0x0, 0x0, 0x0, 0x1a, 0xff, 0xff,
    0xff, 0xff, 0xf8, 0x0, 0x0, 0x0, 0x0, 0x0,
    0xdf, 0xff, 0xff, 0xff, 0xff, 0xff, 0x20, 0x0,
    0x0, 0x2, 0xb0, 0xff, 0xff, 0xff, 0xff, 0xff,
    0xff, 0xb0, 0x0, 0x0, 0x5f, 0xf0, 0xff, 0x80,
    0x0, 0x0, 0x9, 0xff, 0xe0, 0x0, 0x0, 0xef,
    0xf0, 0xff, 0x87, 0xff, 0xff, 0xd0, 0xfc, 0x30,
    0x0, 0x0, 0xff, 0xf0, 0xff, 0x87, 0xff, 0xff,
    0xf0, 0x50, 0x0, 0x0, 0x5, 0xff, 0xf3, 0xae,
    0x3a, 0xff, 0xff, 0xd0, 0x0, 0x0, 0x2, 0xbf,
    0xff, 0xfd, 0x30, 0x6f, 0xff, 0xff, 0x0, 0x0,
    0x0, 0xd, 0xff, 0xff, 0xff, 0xff, 0xff, 0xff,
    0xff, 0x0, 0x0, 0x0, 0xa, 0xff, 0xff, 0xff,
    0xff, 0xff, 0xff, 0xfc, 0x0, 0x0, 0x0, 0x1,
    0xff, 0xff, 0xff, 0xff, 0xff, 0xff, 0x60, 0x0,
    0x0, 0x0, 0x0, 0x7f, 0xff, 0xff, 0xff, 0xff,
    0xfa, 0x0, 0x0, 0x0, 0x0, 0x0, 0xe, 0xff,
    0xe7, 0x0, 0x0, 0x0, 0x0, 0x0, 0x0, 0x0,
    0x0, 0x4, 0xe9, 0x10, 0x0, 0x0, 0x0, 0x0,
    0x0, 0x0, 0x0, 0x0, 0x0, 0x0, 0x0, 0x0,
    0x0, 0x0, 0x0, 0x0, 0x0, 0x0,

    /* U+F4CD "" */
    0x0, 0x0, 0x20, 0x7e, 0xe7, 0x2, 0x0, 0x0,
    0x0, 0x3, 0xd3, 0x8f, 0xff, 0xf9, 0x3d, 0x30,
    0x0, 0x6, 0xfb, 0x2f, 0xff, 0xff, 0xf3, 0xaf,
    0x60, 0x3, 0xff, 0x59, 0xff, 0xff, 0xff, 0xa5,
    0xff, 0x40, 0xbf, 0xf2, 0xdf, 0xff, 0xff, 0xfe,
    0x1f, 0xfc, 0xd, 0xff, 0x1f, 0xff, 0xff, 0xff,
    0xf0, 0xff, 0xe0, 0xb, 0x90, 0x0, 0x7, 0x80,
    0x0, 0x8, 0xc0, 0x0, 0xc, 0x70, 0x0, 0x78,
    0x0, 0x6, 0xd1, 0x0, 0x0, 0x1d, 0x60, 0x7,
    0x80, 0x5, 0xe1, 0x0, 0x0, 0x0, 0x2e, 0x40,
    0x78, 0x3, 0xe2, 0x0, 0x0, 0x0, 0x0, 0x3f,
    0xff, 0xff, 0xf3, 0x0, 0x0, 0x0, 0x0, 0x0,
    0xff, 0xff, 0xff, 0x0, 0x0, 0x0, 0x0, 0x0,
    0xf, 0xff, 0xff, 0xf0, 0x0, 0x0, 0x0, 0x0,
    0x0, 0xff, 0xff, 0xff, 0x0, 0x0, 0x0, 0x0,
    0x0, 0xf, 0xff, 0xff, 0xf0, 0x0, 0x0, 0x0,
    0x0, 0x0, 0xbf, 0xff, 0xfc, 0x0, 0x0, 0x0,

    /* U+F4CE "" */
    0x0, 0xb, 0xe5, 0x0, 0x0, 0x0, 0x0, 0xb,
    0xe5, 0x0, 0x0, 0x3, 0xff, 0xb0, 0x0, 0x0,
    0x0, 0x3, 0xff, 0xb0, 0x0, 0x0, 0xb, 0xe5,
    0x0, 0x0, 0x0, 0x0, 0xb, 0xe5, 0x0, 0x0,
    0x0, 0x0, 0x0, 0x0, 0x0, 0x0, 0x0, 0x0,
    0x0, 0x0, 0x0, 0x5e, 0xd3, 0xd, 0xff, 0xff,
    0xf0, 0x9, 0xfb, 0x10, 0x0, 0xf, 0xff, 0xe0,
    0xef, 0xff, 0xff, 0x1a, 0xff, 0xf7, 0x0, 0x4,
    0xff, 0xff, 0x6e, 0xff, 0xff, 0xf3, 0xff, 0xff,
    0xc0, 0x0, 0x7f, 0xfc, 0xfe, 0xff, 0xff, 0xff,
    0xcf, 0xcf, 0xff, 0x0, 0x9, 0xff, 0x4b, 0xff,
    0xff, 0xff, 0xff, 0xe3, 0xcf, 0xf2, 0x0, 0x5f,
    0xf4, 0x7, 0xff, 0xff, 0xff, 0x91, 0xc, 0xfd,
    0x0, 0x0, 0x9f, 0xe2, 0x0, 0x0, 0x0, 0x0,
    0x9, 0xfe, 0x20, 0x0, 0x51, 0xaf, 0xc0, 0x0,
    0x0, 0x0, 0x3, 0xff, 0x36, 0x0, 0xd, 0xc0,
    0xff, 0x0, 0x0, 0x0, 0x0, 0x7f, 0x94, 0xf5,
    0x3, 0xfe, 0xe, 0xf1, 0x0, 0x0, 0x0, 0x9,
    0xf7, 0x6f, 0xc0, 0x9f, 0x80, 0xdf, 0x30, 0x0,
    0x0, 0x0, 0xbf, 0x50, 0xff, 0x27, 0xe1, 0x7,
    0xe1, 0x0, 0x0, 0x0, 0x7, 0xe1, 0x8, 0xe1,
    0x0, 0x0, 0x0, 0x0, 0x0, 0x0, 0x0, 0x0,
    0x0, 0x0, 0x0,

    /* U+F4D3 "" */
    0x0, 0x0, 0x0, 0x0, 0x3c, 0xfc, 0x30, 0x0,
    0x0, 0x0, 0x0, 0x0, 0x0, 0x1, 0xef, 0xff,
    0xf1, 0x0, 0x0, 0x0, 0x0, 0x0, 0x0, 0x6,
    0xff, 0xff, 0xf6, 0x0, 0x0, 0x0, 0x0, 0x0,
    0x0, 0x1, 0x10, 0x0, 0x0, 0x8e, 0xe0, 0x0,
    0x0, 0x0, 0x0, 0x4b, 0xff, 0xff, 0xff, 0xff,
    0xa0, 0x0, 0x0, 0x60, 0x8, 0xff, 0xff, 0xff,
    0xff, 0xff, 0xa0, 0x0, 0xb, 0xa0, 0x4f, 0xff,
    0xff, 0xff, 0xff, 0xff, 0xf4, 0x0, 0xe, 0x20,
    0xbf, 0xff, 0xff, 0xff, 0xff, 0xff, 0xff, 0xf0,
    0x5, 0xef, 0xff, 0xff, 0xff, 0xff, 0xff, 0x4f,
    0xff, 0xf0, 0x0, 0x0, 0xef, 0xff, 0xff, 0xff,
    0xff, 0xff, 0xff, 0xf0, 0x0, 0x0, 0xbf, 0xff,
    0xff, 0xff, 0xff, 0xff, 0xff, 0xf0, 0x0, 0x0,
    0x4f, 0xff, 0xff, 0xff, 0xff, 0xff, 0xff, 0xf0,
    0x0, 0x0, 0x7, 0xff, 0xff, 0xff, 0xff, 0xff,
    0x70, 0x0, 0x0, 0x0, 0x0, 0xff, 0xff, 0xff,
    0xff, 0xff, 0x0, 0x0, 0x0, 0x0, 0x0, 0xff,
    0xf0, 0x0, 0xf, 0xff, 0x0, 0x0, 0x0, 0x0,
    0x0, 0xef, 0xf0, 0x0, 0xe, 0xff, 0x0, 0x0,

    /* U+F4D6 "" */
    0x0, 0x0, 0x5c, 0xef, 0xc6, 0x0, 0x0, 0x0,
    0x0, 0x4f, 0xff, 0xff, 0xf5, 0x0, 0x0, 0x0,
    0xd, 0xff, 0xff, 0xff, 0xe0, 0x0, 0x0, 0x8,
    0xfe, 0x30, 0x3, 0xdf, 0x80, 0x0, 0x0, 0xdf,
    0xf6, 0x0, 0x5f, 0xfe, 0x0, 0x0, 0xe, 0xff,
    0xf5, 0x1f, 0xff, 0xf0, 0x0, 0x0, 0x9f, 0xff,
    0xf4, 0x7f, 0xfa, 0x0, 0x0, 0x0, 0xdf, 0xff,
    0xf2, 0x8d, 0x10, 0x0, 0x0, 0x1, 0xdf, 0xff,
    0xe2, 0x10, 0x0, 0x0, 0x0, 0x2, 0xef, 0xff,
    0xd1, 0x0, 0x0, 0x0, 0xb, 0x73, 0xff, 0xff,
    0xc0, 0x0, 0x0, 0xa, 0xff, 0x64, 0xff, 0xff,
    0xb0, 0x0, 0x8, 0xff, 0xff, 0x25, 0xff, 0xff,
    0x90, 0x7, 0xff, 0xff, 0x80, 0x7, 0xff, 0xff,
    0x80, 0xdf, 0xff, 0x90, 0x0, 0x8, 0xff, 0xfe,
    0x1, 0x7d, 0xa0, 0x0, 0x0, 0x9, 0xe7, 0x10,
    0x0, 0x0, 0x0, 0x0, 0x0, 0x0, 0x0, 0x0,

    /* U+F4D7 "" */
    0x0, 0x0, 0x0, 0x0, 0x0, 0x8, 0xee, 0x80,
    0x0, 0x0, 0x0, 0x0, 0x0, 0x8f, 0xff, 0xf8,
    0x0, 0x0, 0x0, 0x0, 0x0, 0xef, 0x33, 0xfe,
    0x0, 0x0, 0x0, 0x0, 0x0, 0xef, 0x33, 0xfe,
    0x0, 0x0, 0x0, 0x0, 0x0, 0x8f, 0xff, 0xf7,
    0x0, 0x0, 0x0, 0x0, 0x0, 0xe, 0xff, 0xe0,
    0x0, 0x0, 0x0, 0x0, 0x8e, 0xff, 0xff, 0x30,
    0x0, 0x0, 0x0, 0x8, 0xff, 0xff, 0xf6, 0x0,
    0x8, 0xee, 0x80, 0xe, 0xf3, 0x0, 0x0, 0x0,
    0x8f, 0xff, 0xf8, 0xe, 0xf3, 0x0, 0x0, 0x0,
    0xef, 0x33, 0xfe, 0x8, 0xff, 0xff, 0xfe, 0x80,
    0xef, 0x33, 0xfe, 0x0, 0x8e, 0xff, 0xff, 0xf8,
    0x7f, 0xff, 0xf7, 0x0, 0x0, 0x0, 0x3, 0xfe,
    0xd, 0xff, 0xe0, 0x0, 0x0, 0x0, 0x3, 0xfe,
    0x3, 0xff, 0x39, 0xff, 0xff, 0xff, 0xff, 0xf8,
    0x0, 0x66, 0x5f, 0xff, 0xff, 0xff, 0xfe, 0x80,

    /* U+F4D8 "" */
    0x0, 0x0, 0x0, 0x0, 0x0, 0x17, 0xce, 0xff,
    0x0, 0x0, 0x0, 0x0, 0x4, 0xef, 0xff, 0xfd,
    0xff, 0xfd, 0x81, 0x0, 0x4f, 0xff, 0xff, 0xf8,
    0xdf, 0xff, 0xff, 0x50, 0xef, 0xff, 0xff, 0xf1,
    0x8f, 0xff, 0xff, 0xf5, 0x7f, 0xff, 0xff, 0x50,
    0x1f, 0xff, 0xff, 0xff, 0x1d, 0xff, 0xf5, 0x0,
    0x5, 0xff, 0xff, 0xff, 0x87, 0xd8, 0x10, 0x0,
    0x0, 0x5f, 0xff, 0xff, 0xd0, 0x0, 0x0, 0x0,
    0x0, 0x1, 0x8d, 0xff, 0xf0, 0x0, 0x0, 0x0,
    0x0, 0x0, 0x0, 0xf, 0xf0, 0x0, 0x0, 0x0,
    0x0, 0x0, 0x0, 0xf, 0xf0, 0x0, 0x0, 0x0,
    0x0, 0x0, 0x0, 0xf, 0xf0, 0x0, 0x0, 0x0,
    0x0, 0x0, 0x0, 0xf, 0xf0, 0x0, 0x0, 0x0,
    0x0, 0x0, 0x0, 0xe, 0xe0, 0x0, 0x0, 0x0,

    /* U+F4D9 "" */
    0x0, 0xee, 0x0, 0x0, 0x0, 0x0, 0x0, 0x0,
    0x0, 0xff, 0x0, 0x0, 0x0, 0x0, 0x0, 0x0,
    0xef, 0xff, 0xff, 0xff, 0xff, 0xff, 0xff, 0xfe,
    0xef, 0xff, 0xff, 0xff, 0xff, 0xff, 0xff, 0xfe,
    0x0, 0xff, 0x0, 0x0, 0x0, 0x0, 0x0, 0x0,
    0x0, 0xff, 0xf, 0xff, 0xff, 0xff, 0xff, 0xf0,
    0x0, 0xff, 0xf, 0xff, 0xff, 0xff, 0xff, 0xf0,
    0x0, 0xff, 0xf, 0xff, 0xff, 0xff, 0xff, 0xf0,
    0x0, 0xff, 0xf, 0xff, 0xff, 0xff, 0xff, 0xf0,
    0x0, 0xff, 0xf, 0xff, 0xff, 0xff, 0xff, 0xf0,
    0x0, 0xff, 0xf, 0xff, 0xff, 0xff, 0xff, 0xf0,
    0x0, 0xff, 0xf, 0xff, 0xff, 0xff, 0xff, 0xf0,
    0x0, 0xff, 0x0, 0x0, 0x0, 0x0, 0x0, 0x0,
    0x0, 0xff, 0x0, 0x0, 0x0, 0x0, 0x0, 0x0,
    0x0, 0xff, 0x0, 0x0, 0x0, 0x0, 0x0, 0x0,
    0x0, 0xee, 0x0, 0x0, 0x0, 0x0, 0x0, 0x0,

    /* U+F4DA "" */
    0x0, 0x0, 0x28, 0xbd, 0xca, 0x50, 0x0, 0x0,
    0x0, 0x8, 0xff, 0xff, 0xff, 0xfd, 0x30, 0x0,
    0x0, 0xbf, 0xff, 0xff, 0xff, 0xff, 0xf4, 0x0,
    0x9, 0xff, 0xff, 0xff, 0xff, 0xff, 0xfe, 0x20,
    0x2f, 0xff, 0xff, 0xff, 0xff, 0xff, 0xff, 0xa0,
    0x9f, 0xff, 0xc8, 0xff, 0xfb, 0x9e, 0xff, 0xf1,
    0xdf, 0xff, 0x40, 0xdf, 0xa0, 0x12, 0xff, 0xf5,
    0xff, 0xff, 0xc8, 0xff, 0xbe, 0xfa, 0xff, 0xf7,
    0xff, 0xff, 0xff, 0xff, 0xff, 0xff, 0xff, 0xf6,
    0xdf, 0xff, 0xff, 0xff, 0xff, 0xff, 0xff, 0xf5,
    0x9f, 0xff, 0x39, 0xff, 0xfe, 0x3a, 0xff, 0xf1,
    0x3f, 0xff, 0xd1, 0x25, 0x40, 0x6f, 0xff, 0xa0,
    0x9, 0xff, 0xff, 0x96, 0x7c, 0xff, 0xfe, 0x20,
    0x0, 0xbf, 0xff, 0xff, 0xff, 0xff, 0xf4, 0x0,
    0x0, 0x9, 0xff, 0xff, 0xff, 0xfd, 0x30, 0x0,
    0x0, 0x0, 0x28, 0xbd, 0xca, 0x50, 0x0, 0x0,

    /* U+F4DB "" */
    0x0, 0x1, 0x8d, 0xff, 0xd8, 0x10, 0x0, 0x0,
    0x0, 0x0, 0x0, 0x5f, 0xff, 0xff, 0xff, 0xf5,
    0x0, 0x0, 0x0, 0x0, 0x5, 0xff, 0xff, 0xff,
    0xff, 0xff, 0x50, 0x0, 0x0, 0x0, 0x1f, 0xff,
    0xff, 0xff, 0xff, 0xff, 0xf1, 0x0, 0x0, 0x0,
    0x8f, 0xff, 0xf7, 0x11, 0x7f, 0xff, 0xf8, 0x0,
    0x0, 0x0, 0xdf, 0xff, 0x74, 0xee, 0x47, 0xff,
    0xfd, 0x0, 0x0, 0x0, 0xff, 0xff, 0x1e, 0xff,
    0xe1, 0xff, 0xff, 0x0, 0x0, 0x0, 0xff, 0xff,
    0x1e, 0xff, 0xe1, 0xff, 0xff, 0x0, 0x0, 0x0,
    0xdf, 0xff, 0x74, 0xee, 0x47, 0xff, 0xfd, 0x0,
    0x0, 0x0, 0x8f, 0xff, 0xf7, 0x11, 0x7f, 0xff,
    0xf8, 0x0, 0x0, 0x0, 0x1f, 0xff, 0xff, 0xff,
    0xff, 0xff, 0xf1, 0x0, 0x0, 0x0, 0x5, 0xff,
    0xff, 0xff, 0xff, 0xff, 0x50, 0x0, 0x0, 0x0,
    0x0, 0x5f, 0xff, 0xff, 0xff, 0xff, 0xff, 0xff,
    0xff, 0xfe, 0x0, 0x1, 0x8d, 0xff, 0xff, 0xff,
    0xff, 0xff, 0xff, 0xfe,

    /* U+F4DE "" */
    0x0, 0x0, 0x0, 0x0, 0x0, 0x0, 0xbf, 0xff,
    0xff, 0xff, 0xf0, 0x0, 0x0, 0x0, 0x0, 0x0,
    0x0, 0xff, 0xff, 0xff, 0xff, 0xf0, 0x0, 0x0,
    0x0, 0x0, 0x0, 0x0, 0xff, 0xff, 0xff, 0xff,
    0xf0, 0x0, 0x0, 0x0, 0x5, 0x50, 0x0, 0xff,
    0xff, 0xff, 0xff, 0xf0, 0x0, 0x2, 0x1, 0xff,
    0xe0, 0x0, 0xff, 0xff, 0xff, 0xff, 0xf0, 0xa,
    0xff, 0x0, 0xef, 0xf3, 0x0, 0xff, 0xff, 0xff,
    0xff, 0xf0, 0xc, 0xff, 0x40, 0x9f, 0xf7, 0x0,
    0xff, 0xff, 0xff, 0xff, 0xf0, 0x8, 0xff, 0xba,
    0xef, 0xfc, 0x0, 0xff, 0xff, 0xff, 0xff, 0xf0,
    0x4, 0xff, 0xff, 0xff, 0xff, 0x0, 0xff, 0xff,
    0xff, 0xff, 0xf0, 0x0, 0xff, 0xff, 0xff, 0xff,
    0x40, 0xff, 0xff, 0xff, 0xff, 0xf0, 0x0, 0xbf,
    0xff, 0xfe, 0xa6, 0x0, 0xff, 0xff, 0xff, 0xff,
    0xf0, 0x0, 0x7f, 0xc7, 0x30, 0x2, 0x7b, 0xff,
    0xff, 0x80, 0x7f, 0xf0, 0x0, 0x0, 0x1, 0x5a,
    0xef, 0xff, 0xfc, 0xff, 0x10, 0xf, 0xf0, 0x0,
    0x48, 0xdf, 0xff, 0xfd, 0x95, 0x0, 0xcf, 0x80,
    0x7f, 0xd0, 0xe, 0xff, 0xff, 0xb6, 0x20, 0x0,
    0x0, 0x4f, 0xff, 0xff, 0x50, 0xa, 0xc8, 0x30,
    0x0, 0x0, 0x0, 0x0, 0x4, 0xcf, 0xd5, 0x0,
    0x0, 0x0, 0x0, 0x0, 0x0, 0x0, 0x0, 0x0,
    0x0, 0x0, 0x0,

    /* U+F4DF "" */
    0xcf, 0xff, 0xff, 0xff, 0xff, 0xff, 0xff, 0xc0,
    0x0, 0x0, 0xff, 0xff, 0xff, 0xff, 0xff, 0xff,
    0xff, 0xf0, 0x0, 0x0, 0xff, 0xff, 0xff, 0xff,
    0xff, 0xff, 0xff, 0xf0, 0x0, 0x0, 0xff, 0xff,
    0xff, 0xff, 0xff, 0xff, 0xff, 0xf0, 0x0, 0x0,
    0xff, 0xff, 0xff, 0xff, 0xff, 0xff, 0xff, 0xff,
    0xe7, 0x0, 0xff, 0xff, 0xff, 0xff, 0xff, 0xff,
    0xff, 0xf8, 0xbf, 0x80, 0xff, 0xff, 0xff, 0xff,
    0xff, 0xff, 0xff, 0xf0, 0x9, 0xf7, 0xff, 0xff,
    0xff, 0xff, 0xff, 0xff, 0xff, 0xff, 0xff, 0xfe,
    0xff, 0xff, 0xff, 0xff, 0xff, 0xff, 0xff, 0xff,
    0xff, 0xff, 0xff, 0xff, 0xff, 0xff, 0xff, 0xff,
    0xff, 0xff, 0xff, 0xff, 0xfe, 0x9f, 0xfd, 0x8f,
    0xff, 0xff, 0xff, 0xfe, 0x8e, 0xfe, 0xf8, 0xc,
    0xf5, 0x8, 0xf0, 0x0, 0x0, 0xf8, 0x8, 0xf0,
    0xce, 0x9f, 0xfd, 0x8f, 0xb0, 0x0, 0x0, 0xbe,
    0x8e, 0xb0, 0x2c, 0xfa, 0x3c, 0xfb, 0x10, 0x0,
    0x0, 0x1b, 0xfb, 0x10,

    /* U+F4E2 "" */
    0x0, 0x0, 0x0, 0x0, 0x0, 0x0, 0x0, 0x0,
    0x0, 0x0, 0x0, 0x7, 0xd2, 0x0, 0x0, 0x0,
    0x0, 0x0, 0x0, 0x0, 0x0, 0x0, 0xc, 0xff,
    0x50, 0x0, 0x0, 0x0, 0x0, 0x0, 0x0, 0x0,
    0x0, 0x0, 0xaf, 0xff, 0xff, 0xff, 0xff, 0xf8,
    0x0, 0x0, 0x0, 0x0, 0x0, 0x6, 0xff, 0xff,
    0xff, 0xff, 0xff, 0x0, 0x2, 0xcc, 0x0, 0x0,
    0x0, 0x3e, 0xff, 0xff, 0xff, 0xff, 0x0, 0x7f,
    0xff, 0x0, 0x0, 0xb1, 0x1, 0xbf, 0xff, 0xff,
    0xff, 0xc, 0xff, 0xff, 0x0, 0x0, 0xfe, 0x40,
    0x8, 0xff, 0xff, 0xff, 0xf, 0xff, 0xff, 0x0,
    0x0, 0xff, 0xf7, 0x0, 0x5f, 0xff, 0xff, 0xf,
    0xff, 0xff, 0x0, 0x0, 0xff, 0xff, 0xb1, 0x2,
    0xdf, 0xff, 0xf, 0xff, 0xff, 0x0, 0x0, 0xff,
    0xff, 0xfd, 0x30, 0xa, 0xff, 0x9f, 0xff, 0xff,
    0x0, 0x0, 0xff, 0xff, 0xff, 0xf6, 0x0, 0x6f,
    0xff, 0xff, 0xff, 0x0, 0x0, 0xff, 0xff, 0xff,
    0xff, 0x90, 0x3, 0xef, 0xff, 0xff, 0x0, 0x0,
    0xff, 0xff, 0xff, 0xff, 0xfc, 0x20, 0x1b, 0xff,
    0xfc, 0x0, 0x0, 0x7f, 0xff, 0xff, 0xff, 0xff,
    0xe2, 0x0, 0x8f, 0xfb, 0x10, 0x0, 0x0, 0x0,
    0x0, 0x0, 0x0, 0x0, 0x0, 0x4, 0xef, 0xd0,
    0x0, 0x0, 0x0, 0x0, 0x0, 0x0, 0x0, 0x0,
    0x0, 0x2c, 0x80, 0x0, 0x0, 0x0, 0x0, 0x0,
    0x0, 0x0, 0x0, 0x0, 0x0, 0x0,

    /* U+F4E3 "" */
    0x2f, 0xff, 0xff, 0xff, 0xa0, 0x5f, 0xff, 0xff,
    0xff, 0xc0, 0x6f, 0xff, 0xff, 0xff, 0xe0, 0x7f,
    0xff, 0xff, 0xff, 0xf0, 0x9f, 0xff, 0xff, 0xff,
    0xf1, 0xaf, 0xff, 0xff, 0xff, 0xf2, 0xbf, 0xff,
    0xff, 0xff, 0xf3, 0x9f, 0xff, 0xff, 0xff, 0xf1,
    0x3f, 0xff, 0xff, 0xff, 0xb0, 0x7, 0xff, 0xff,
    0xfd, 0x10, 0x0, 0x4c, 0xff, 0x81, 0x0, 0x0,
    0x4, 0xfc, 0x0, 0x0, 0x0, 0x4, 0xfc, 0x0,
    0x0, 0x0, 0x4, 0xfc, 0x0, 0x0, 0x1, 0x7a,
    0xfe, 0x85, 0x0, 0xa, 0xff, 0xff, 0xff, 0x20,

    /* U+F4FA "" */
    0x0, 0x0, 0x0, 0x0, 0x0, 0x0, 0x0, 0x0,
    0x0, 0x0, 0x0, 0x7, 0xd2, 0x0, 0x0, 0x2b,
    0xef, 0xb4, 0x0, 0x0, 0x0, 0x0, 0xc, 0xff,
    0x50, 0x4, 0xff, 0xff, 0xff, 0x50, 0x0, 0x0,
    0x0, 0x0, 0xaf, 0xf8, 0xe, 0xff, 0xff, 0xff,
    0xf1, 0x0, 0x0, 0x0, 0x0, 0x7, 0xff, 0xef,
    0xff, 0xff, 0xff, 0xf6, 0x0, 0x0, 0x0, 0x0,
    0x0, 0x3e, 0xff, 0xff, 0xff, 0xff, 0xf8, 0x0,
    0x0, 0x0, 0x0, 0x0, 0x1, 0xbf, 0xff, 0xff,
    0xff, 0xf6, 0x0, 0x0, 0x0, 0x0, 0x0, 0x0,
    0x8, 0xff, 0xff, 0xff, 0xf1, 0x0, 0x0, 0x0,
    0x0, 0x0, 0x0, 0x0, 0x4e, 0xff, 0xff, 0x50,
    0x0, 0x0, 0x0, 0x0, 0x0, 0x0, 0x0, 0x2,
    0xcf, 0xf8, 0x0, 0x0, 0x0, 0x0, 0x0, 0x0,
    0x0, 0x0, 0x0, 0x9, 0xff, 0x90, 0x0, 0x0,
    0x0, 0x0, 0x0, 0x19, 0xef, 0xf6, 0x0, 0x6f,
    0xfc, 0x10, 0x0, 0x0, 0x0, 0x1, 0xdf, 0xff,
    0xff, 0x90, 0x3, 0xdf, 0xe4, 0x0, 0x0, 0x0,
    0x9, 0xff, 0xff, 0xff, 0xfc, 0x20, 0x1b, 0xff,
    0x80, 0x0, 0x0, 0xe, 0xff, 0xff, 0xff, 0xff,
    0xe4, 0x0, 0x7f, 0xfb, 0x10, 0x0, 0xf, 0xff,
    0xff, 0xff, 0xff, 0xff, 0x80, 0x4, 0xef, 0xd0,
    0x0, 0x7, 0xff, 0xff, 0xff, 0xff, 0xff, 0xfb,
    0x10, 0x1c, 0x80, 0x0, 0x0, 0x0, 0x0, 0x0,
    0x0, 0x0, 0x0, 0x0, 0x0, 0x0,

    /* U+F4FB "" */
    0x0, 0x0, 0x4b, 0xee, 0xb4, 0x0, 0x0, 0x0,
    0x7, 0xff, 0xff, 0xff, 0x70, 0x0, 0x0, 0x4f,
    0xff, 0xff, 0xff, 0xf4, 0x0, 0x6, 0xf9, 0x1,
    0x0, 0x0, 0x9f, 0x60, 0x8, 0xf4, 0x2b, 0x20,
    0x0, 0x4f, 0x80, 0x8, 0xf5, 0x2b, 0x20, 0x0,
    0x5f, 0x80, 0x6, 0xfb, 0x1, 0x0, 0x0, 0xbf,
    0x60, 0x0, 0x4f, 0xa2, 0x0, 0x2a, 0xf4, 0x0,
    0x0, 0x7, 0xff, 0xff, 0xff, 0x70, 0x0, 0x0,
    0x0, 0x4b, 0xee, 0xb4, 0x0, 0x0, 0x0, 0x9d,
    0x93, 0x11, 0x39, 0xd9, 0x0, 0x1d, 0xff, 0xff,
    0xff, 0xff, 0xff, 0xd1, 0x9f, 0xff, 0xff, 0xff,
    0xff, 0xff, 0xf9, 0xef, 0xff, 0x30, 0x0, 0x3,
    0xff, 0xfe, 0xff, 0xff, 0xd, 0x0, 0xb0, 0xff,
    0xff, 0x8f, 0xff, 0xf, 0x0, 0x0, 0xff, 0xf8,

    /* U+F4FC "" */
    0x0, 0x0, 0x2b, 0xff, 0xb2, 0x0, 0x0, 0x0,
    0x0, 0x0, 0x0, 0x0, 0x2e, 0xff, 0xff, 0xe2,
    0x0, 0x0, 0x0, 0x0, 0x0, 0x0, 0xb, 0xff,
    0xff, 0xff, 0xb0, 0x0, 0x0, 0x0, 0x0, 0x0,
    0x0, 0xff, 0xff, 0xff, 0xff, 0x0, 0x0, 0x0,
    0x0, 0x0, 0x0, 0xf, 0xff, 0xff, 0xff, 0xf0,
    0x0, 0x0, 0x1, 0xc6, 0x0, 0x0, 0xbf, 0xff,
    0xff, 0xfb, 0x0, 0x10, 0x1, 0xdf, 0xc0, 0x0,
    0x2, 0xef, 0xff, 0xfe, 0x20, 0x4f, 0x61, 0xdf,
    0xc1, 0x0, 0x0, 0x2, 0xbf, 0xfb, 0x20, 0x6,
    0xff, 0xef, 0xc1, 0x0, 0x0, 0x0, 0x0, 0x0,
    0x0, 0x0, 0x6, 0xff, 0xc1, 0x0, 0x0, 0x19,
    0xef, 0xb8, 0x8b, 0xfe, 0x91, 0x6, 0xc1, 0x0,
    0x0, 0x1e, 0xff, 0xff, 0xff, 0xff, 0xff, 0xe1,
    0x0, 0x0, 0x0, 0x9, 0xff, 0xff, 0xff, 0xff,
    0xff, 0xff, 0x90, 0x0, 0x0, 0x0, 0xef, 0xff,
    0xff, 0xff, 0xff, 0xff, 0xfe, 0x0, 0x0, 0x0,
    0xf, 0xff, 0xff, 0xff, 0xff, 0xff, 0xff, 0xf0,
    0x0, 0x0, 0x0, 0xff, 0xff, 0xff, 0xff, 0xff,
    0xff, 0xff, 0x0, 0x0, 0x0, 0x8, 0xff, 0xff,
    0xff, 0xff, 0xff, 0xff, 0x80, 0x0, 0x0, 0x0,

    /* U+F4FD "" */
    0x0, 0x0, 0x2b, 0xff, 0xb2, 0x0, 0x0, 0x0,
    0x0, 0x0, 0x0, 0x2, 0xef, 0xff, 0xfe, 0x20,
    0x0, 0x0, 0x0, 0x0, 0x0, 0xb, 0xff, 0xff,
    0xff, 0xb0, 0x0, 0x0, 0x0, 0x0, 0x0, 0xf,
    0xff, 0xff, 0xff, 0xf0, 0x0, 0x0, 0x0, 0x0,
    0x0, 0xf, 0xff, 0xff, 0xff, 0xf0, 0x0, 0x0,
    0x0, 0x0, 0x0, 0xb, 0xff, 0xff, 0xff, 0xb0,
    0x0, 0x0, 0x0, 0x0, 0x0, 0x2, 0xef, 0xff,
    0xfe, 0x20, 0x0, 0x0, 0x0, 0x0, 0x0, 0x0,
    0x2b, 0xff, 0xb2, 0x0, 0x8, 0xdf, 0xd8, 0x0,
    0x0, 0x0, 0x0, 0x0, 0x0, 0x0, 0xcf, 0xff,
    0xff, 0xc0, 0x1, 0x9e, 0xfb, 0x88, 0xbf, 0x68,
    0xff, 0xf0, 0xff, 0xf8, 0x1e, 0xff, 0xff, 0xff,
    0xff, 0x1d, 0xff, 0xf0, 0xff, 0xfd, 0x9f, 0xff,
    0xff, 0xff, 0xff, 0xf, 0xff, 0xf0, 0x8, 0xff,
    0xef, 0xff, 0xff, 0xff, 0xff, 0x1d, 0xff, 0xff,
    0xff, 0xfd, 0xff, 0xff, 0xff, 0xff, 0xff, 0x68,
    0xff, 0xff, 0xff, 0xf8, 0xff, 0xff, 0xff, 0xff,
    0xff, 0xd1, 0xcf, 0xff, 0xff, 0xc0, 0x8f, 0xff,
    0xff, 0xff, 0xff, 0xfb, 0x18, 0xdf, 0xd8, 0x0,

    /* U+F4FE "" */
    0x0, 0x0, 0x2b, 0xff, 0xb2, 0x0, 0x0, 0x0,
    0x0, 0x0, 0x0, 0x0, 0x2e, 0xff, 0xff, 0xe2,
    0x0, 0x0, 0x0, 0x0, 0x0, 0x0, 0xb, 0xff,
    0xff, 0xff, 0xb0, 0x0, 0x0, 0x0, 0x0, 0x0,
    0x0, 0xff, 0xff, 0xff, 0xff, 0x0, 0x0, 0x0,
    0x0, 0x0, 0x0, 0xf, 0xff, 0xff, 0xff, 0xf0,
    0x0, 0x0, 0x0, 0x0, 0x0, 0x0, 0xbf, 0xff,
    0xff, 0xfb, 0x0, 0x0, 0x0, 0x0, 0x0, 0x0,
    0x2, 0xef, 0xff, 0xfe, 0x20, 0x0, 0x6a, 0x60,
    0x0, 0x0, 0x0, 0x2, 0xbf, 0xfb, 0x20, 0x1,
    0x1d, 0xfd, 0x11, 0x0, 0x0, 0x0, 0x0, 0x0,
    0x0, 0x7, 0xfe, 0xff, 0xfe, 0xf7, 0x0, 0x19,
    0xef, 0xb8, 0x8b, 0xf0, 0xef, 0xfd, 0x8d, 0xff,
    0xd0, 0x1e, 0xff, 0xff, 0xff, 0xff, 0x73, 0xff,
    0x20, 0x2f, 0xf2, 0x9, 0xff, 0xff, 0xff, 0xff,
    0xf7, 0x3f, 0xf2, 0x2, 0xff, 0x20, 0xef, 0xff,
    0xff, 0xff, 0xff, 0x1e, 0xff, 0xd8, 0xdf, 0xfd,
    0xf, 0xff, 0xff, 0xff, 0xff, 0xf6, 0x7f, 0xef,
    0xff, 0xef, 0x70, 0xff, 0xff, 0xff, 0xff, 0xff,
    0xe2, 0x11, 0xdf, 0xd1, 0x10, 0x8, 0xff, 0xff,
    0xff, 0xff, 0xff, 0xec, 0x36, 0xa6, 0x0, 0x0,

    /* U+F4FF "" */
    0x0, 0x0, 0x2b, 0xff, 0xb2, 0x0, 0x0, 0x0,
    0x0, 0x0, 0x0, 0x2, 0xef, 0xff, 0xfe, 0x20,
    0x0, 0x0, 0x0, 0x0, 0x0, 0xb, 0xff, 0xff,
    0xff, 0xb0, 0x0, 0x0, 0x0, 0x0, 0x0, 0xf,
    0xff, 0xff, 0xff, 0xf0, 0x0, 0x0, 0x0, 0x0,
    0x0, 0xf, 0xff, 0xff, 0xff, 0xf0, 0x0, 0x0,
    0x0, 0x0, 0x0, 0xb, 0xff, 0xff, 0xff, 0xb0,
    0x0, 0x0, 0x0, 0x0, 0x0, 0x2, 0xef, 0xff,
    0xfe, 0x20, 0x0, 0x0, 0x0, 0x0, 0x0, 0x0,
    0x2b, 0xff, 0xb2, 0x0, 0x0, 0x0, 0xa, 0xc1,
    0x0, 0x0, 0x0, 0x0, 0x0, 0x0, 0x0, 0x0,
    0x8f, 0xfc, 0x1, 0x9e, 0xfb, 0x88, 0xbf, 0xe9,
    0x10, 0x7, 0x1c, 0xfa, 0x1e, 0xff, 0xff, 0xff,
    0xff, 0xff, 0xa0, 0xbf, 0xb1, 0x80, 0x9f, 0xff,
    0xff, 0xff, 0xff, 0xfc, 0x1b, 0xff, 0xf7, 0x0,
    0xef, 0xff, 0xff, 0xff, 0xff, 0xc1, 0xbf, 0xff,
    0xb0, 0x0, 0xff, 0xff, 0xff, 0xff, 0xff, 0x3a,
    0xff, 0xfb, 0x0, 0x0, 0xff, 0xff, 0xff, 0xff,
    0xff, 0x1e, 0xff, 0xb0, 0x0, 0x0, 0x8f, 0xff,
    0xff, 0xff, 0xff, 0xe, 0xea, 0x0, 0x0, 0x0,
    0x0, 0x0, 0x0, 0x0, 0x0, 0x0, 0x0, 0x0,
    0x0, 0x0,

    /* U+F500 "" */
    0x0, 0x1, 0xaf, 0xfa, 0x10, 0x0, 0x0, 0x0,
    0x0, 0x0, 0x0, 0xc, 0xff, 0xff, 0xc0, 0x0,
    0x8, 0xee, 0x80, 0x0, 0x0, 0x5f, 0xff, 0xff,
    0xf5, 0x0, 0x8f, 0xff, 0xf8, 0x0, 0x0, 0x7f,
    0xff, 0xff, 0xf7, 0x0, 0xef, 0xff, 0xfe, 0x0,
    0x0, 0x5f, 0xff, 0xff, 0xf5, 0x0, 0xef, 0xff,
    0xfe, 0x0, 0x0, 0xd, 0xff, 0xff, 0xc0, 0x0,
    0x8f, 0xff, 0xf8, 0x0, 0x0, 0x1, 0xaf, 0xfa,
    0x10, 0x0, 0x8, 0xee, 0x80, 0x0, 0x0, 0x0,
    0x0, 0x0, 0x0, 0x0, 0x0, 0x0, 0x0, 0x0,
    0x4, 0xdf, 0xc8, 0x8c, 0xfd, 0x40, 0xcf, 0xdd,
    0xfd, 0x50, 0x4f, 0xff, 0xff, 0xff, 0xff, 0xf4,
    0x8f, 0xff, 0xff, 0xf5, 0xdf, 0xff, 0xff, 0xff,
    0xff, 0xfd, 0x2f, 0xff, 0xff, 0xfd, 0xff, 0xff,
    0xff, 0xff, 0xff, 0xff, 0xf, 0xff, 0xff, 0xff,
    0xff, 0xff, 0xff, 0xff, 0xff, 0xff, 0xf, 0xff,
    0xff, 0xf8, 0x8f, 0xff, 0xff, 0xff, 0xff, 0xf8,
    0x0, 0x0, 0x0, 0x0,

    /* U+F501 "" */
    0x0, 0x0, 0x0, 0x0, 0x0, 0x0, 0x0, 0x0,
    0x3, 0x7b, 0xee, 0xb7, 0x30, 0x0, 0x7c, 0xff,
    0xff, 0xff, 0xff, 0xff, 0xc7, 0xad, 0xff, 0xff,
    0xff, 0xff, 0xff, 0xc7, 0x66, 0xb, 0xff, 0xff,
    0xff, 0xb0, 0x0, 0x88, 0xf, 0xff, 0xff, 0xff,
    0xf0, 0x0, 0x98, 0xf, 0xff, 0xff, 0xff, 0xf0,
    0x0, 0x99, 0xb, 0xff, 0xff, 0xff, 0xb0, 0x0,
    0xdd, 0x2, 0xef, 0xff, 0xfe, 0x20, 0x0, 0x0,
    0x0, 0x2b, 0xff, 0xb2, 0x0, 0x0, 0x0, 0x0,
    0x0, 0x0, 0x0, 0x0, 0x0, 0x1, 0x9e, 0x70,
    0x0, 0x7, 0xe9, 0x10, 0x1e, 0xff, 0xf8, 0x0,
    0x7f, 0xff, 0xe1, 0xaf, 0xff, 0xff, 0x87, 0xff,
    0xff, 0xf9, 0xef, 0xff, 0xff, 0xff, 0xff, 0xff,
    0xfe, 0xff, 0xff, 0xff, 0xff, 0xff, 0xff, 0xff,
    0x8f, 0xff, 0xff, 0xff, 0xff, 0xff, 0xf8,

    /* U+F502 "" */
    0x0, 0x0, 0x2b, 0xff, 0xb2, 0x0, 0x0, 0x0,
    0x0, 0x0, 0x0, 0x2, 0xef, 0xff, 0xfe, 0x20,
    0x0, 0x0, 0x0, 0x0, 0x0, 0xb, 0xff, 0xff,
    0xff, 0xb0, 0x0, 0x0, 0x0, 0x0, 0x0, 0xf,
    0xff, 0xff, 0xff, 0xf0, 0x0, 0x0, 0x0, 0x0,
    0x0, 0xf, 0xff, 0xff, 0xff, 0xf0, 0x1, 0xbf,
    0xb1, 0x0, 0x0, 0xb, 0xff, 0xff, 0xff, 0xb0,
    0xb, 0xe8, 0xeb, 0x0, 0x0, 0x2, 0xef, 0xff,
    0xfe, 0x20, 0xf, 0x80, 0x8f, 0x0, 0x0, 0x0,
    0x2b, 0xff, 0xb2, 0x0, 0xf, 0x80, 0x8f, 0x0,
    0x0, 0x0, 0x0, 0x0, 0x0, 0x0, 0xf, 0x80,
    0x8f, 0x0, 0x1, 0x9e, 0xfb, 0x88, 0xbf, 0x1c,
    0xff, 0xff, 0xff, 0xfc, 0x1e, 0xff, 0xff, 0xff,
    0xff, 0xf, 0xff, 0xff, 0xff, 0xff, 0x9f, 0xff,
    0xff, 0xff, 0xff, 0xf, 0xff, 0xe8, 0xef, 0xff,
    0xef, 0xff, 0xff, 0xff, 0xff, 0xf, 0xff, 0x80,
    0x8f, 0xff, 0xff, 0xff, 0xff, 0xff, 0xff, 0xf,
    0xff, 0xe8, 0xef, 0xff, 0xff, 0xff, 0xff, 0xff,
    0xff, 0xf, 0xff, 0xff, 0xff, 0xff, 0x8f, 0xff,
    0xff, 0xff, 0xff, 0x1c, 0xff, 0xff, 0xff, 0xfc,

    /* U+F503 "" */
    0x0, 0x0, 0x7, 0xbb, 0x70, 0x0, 0x0, 0x0,
    0x0, 0x0, 0x0, 0x1, 0xdf, 0xff, 0xfd, 0x10,
    0x0, 0x0, 0x0, 0x0, 0x0, 0x9, 0xff, 0xff,
    0xff, 0x90, 0x0, 0x0, 0x0, 0x0, 0x0, 0xe,
    0xff, 0xff, 0xff, 0xe0, 0x0, 0x0, 0x0, 0x0,
    0x0, 0xf, 0xff, 0xff, 0xff, 0xf0, 0x0, 0x0,
    0x0, 0x0, 0x0, 0xc, 0xff, 0xff, 0xff, 0xc0,
    0x0, 0x0, 0x0, 0x0, 0x0, 0x4, 0xff, 0xff,
    0xff, 0x40, 0x3, 0x44, 0x44, 0x43, 0x0, 0x0,
    0x5e, 0xff, 0xe5, 0x0, 0xf, 0xff, 0xff, 0xff,
    0x0, 0x0, 0x0, 0x22, 0x0, 0x0, 0xa, 0xbb,
    0xbb, 0xba, 0x1, 0x9e, 0xfb, 0x88, 0xbf, 0xe9,
    0x10, 0x0, 0x0, 0x0, 0x1e, 0xff, 0xff, 0xff,
    0xff, 0xff, 0xe1, 0x0, 0x0, 0x0, 0x9f, 0xff,
    0xff, 0xff, 0xff, 0xff, 0xf9, 0x0, 0x0, 0x0,
    0xef, 0xff, 0xff, 0xff, 0xff, 0xff, 0xfe, 0x0,
    0x0, 0x0, 0xff, 0xff, 0xff, 0xff, 0xff, 0xff,
    0xff, 0x0, 0x0, 0x0, 0xff, 0xff, 0xff, 0xff,
    0xff, 0xff, 0xff, 0x0, 0x0, 0x0, 0x8f, 0xff,
    0xff, 0xff, 0xff, 0xff, 0xf8, 0x0, 0x0, 0x0,

    /* U+F504 "" */
    0x0, 0x0, 0x2a, 0xef, 0xb2, 0x0, 0x0, 0xd,
    0x92, 0xef, 0xff, 0xfe, 0x20, 0x0, 0x9, 0xff,
    0xff, 0xff, 0xff, 0xb0, 0x0, 0x0, 0xef, 0xb0,
    0x0, 0xb, 0xf0, 0x0, 0x9, 0xff, 0xff, 0xff,
    0xff, 0xf0, 0x0, 0xd, 0x8a, 0xff, 0xff, 0xff,
    0xb0, 0x0, 0x0, 0x2, 0xef, 0xff, 0xfe, 0x20,
    0x0, 0x0, 0x0, 0x2a, 0xef, 0xb2, 0x0, 0x0,
    0x0, 0x0, 0x0, 0x0, 0x0, 0x0, 0x0, 0x1,
    0x9e, 0x50, 0x0, 0x5, 0xe9, 0x10, 0x1d, 0xff,
    0xf5, 0x0, 0x5f, 0xff, 0xd1, 0x9f, 0xff, 0xff,
    0x44, 0xff, 0xff, 0xf9, 0xef, 0xff, 0xff, 0xff,
    0xff, 0xff, 0xfe, 0xff, 0xff, 0xff, 0xff, 0xff,
    0xff, 0xff, 0xff, 0xff, 0xff, 0xff, 0xff, 0xff,
    0xff, 0x8f, 0xff, 0xff, 0xff, 0xff, 0xff, 0xf8,

    /* U+F505 "" */
    0x0, 0x0, 0x2b, 0xff, 0xb2, 0x0, 0x0, 0x0,
    0x0, 0x0, 0x0, 0x2, 0xef, 0xff, 0xfe, 0x20,
    0x0, 0x0, 0x0, 0x0, 0x0, 0xb, 0xff, 0xff,
    0xff, 0xb0, 0x0, 0x0, 0x0, 0x0, 0x0, 0xf,
    0xff, 0xff, 0xff, 0xf0, 0x0, 0x0, 0x0, 0x0,
    0x0, 0xf, 0xff, 0xff, 0xff, 0xf0, 0x0, 0x0,
    0x0, 0x0, 0x0, 0xb, 0xff, 0xff, 0xff, 0xb0,
    0x0, 0x0, 0x0, 0x0, 0x0, 0x2, 0xef, 0xff,
    0xfe, 0x20, 0x0, 0x0, 0x0, 0x0, 0x0, 0x0,
    0x2b, 0xff, 0xb2, 0x0, 0x4, 0xae, 0xa4, 0x0,
    0x0, 0x0, 0x0, 0x0, 0x0, 0x6, 0xef, 0xfd,
    0xef, 0xe6, 0x1, 0x9e, 0xfb, 0x88, 0xbf, 0xf,
    0xff, 0xf8, 0x5, 0xdf, 0x1e, 0xff, 0xff, 0xff,
    0xff, 0x2e, 0xff, 0xf8, 0x0, 0xae, 0x9f, 0xff,
    0xff, 0xff, 0xff, 0x4a, 0xff, 0xf8, 0x0, 0xea,
    0xef, 0xff, 0xff, 0xff, 0xff, 0xa4, 0xff, 0xf8,
    0x6, 0xf4, 0xff, 0xff, 0xff, 0xff, 0xff, 0xf2,
    0xbf, 0xf8, 0x4f, 0xb0, 0xff, 0xff, 0xff, 0xff,
    0xff, 0xfc, 0x1d, 0xfd, 0xfc, 0x10, 0x8f, 0xff,
    0xff, 0xff, 0xff, 0xff, 0xa0, 0x9e, 0x90, 0x0,
    0x0, 0x0, 0x0, 0x0, 0x0, 0x0, 0x0, 0x0,
    0x0, 0x0,

    /* U+F506 "" */
    0x0, 0x0, 0x0, 0x0, 0x0, 0x0, 0x0, 0x0,
    0x0, 0x0, 0x0, 0x7, 0xd2, 0x0, 0x0, 0x2a,
    0xff, 0xb2, 0x0, 0x0, 0x0, 0x0, 0xc, 0xff,
    0x50, 0x2, 0xef, 0xff, 0xff, 0x20, 0x0, 0x0,
    0x0, 0x0, 0xaf, 0xf8, 0xa, 0xff, 0xff, 0xff,
    0xb0, 0x0, 0x0, 0x0, 0x0, 0x7, 0xff, 0xce,
    0xff, 0xff, 0xff, 0xf0, 0x0, 0x0, 0x0, 0x0,
    0x0, 0x3e, 0xff, 0xff, 0xff, 0xff, 0xf0, 0x0,
    0x0, 0x0, 0x0, 0x0, 0x1, 0xbf, 0xff, 0xff,
    0xff, 0xb0, 0x0, 0x0, 0x0, 0x0, 0x0, 0x0,
    0x8, 0xff, 0xff, 0xfe, 0x20, 0x0, 0x0, 0x0,
    0x0, 0x0, 0x0, 0x0, 0x4e, 0xff, 0xc2, 0x0,
    0x0, 0x0, 0x0, 0x0, 0x0, 0x0, 0x0, 0x2,
    0xcf, 0xf5, 0x0, 0x0, 0x0, 0x0, 0x0, 0x0,
    0x0, 0x8c, 0x30, 0x9, 0xff, 0x90, 0x0, 0x0,
    0x0, 0x0, 0x0, 0xd, 0xff, 0xf6, 0x0, 0x6f,
    0xfc, 0x10, 0x0, 0x0, 0x0, 0x0, 0x8f, 0xff,
    0xff, 0x90, 0x3, 0xdf, 0xe4, 0x0, 0x0, 0x0,
    0x0, 0xdf, 0xff, 0xff, 0xfc, 0x20, 0x1b, 0xff,
    0x70, 0x0, 0x0, 0x0, 0xff, 0xff, 0xff, 0xff,
    0xe4, 0x0, 0x7f, 0xfb, 0x10, 0x0, 0x0, 0xff,
    0xff, 0xff, 0xff, 0xff, 0x80, 0x4, 0xef, 0xd0,
    0x0, 0x0, 0x7f, 0xff, 0xff, 0xff, 0xff, 0xfb,
    0x10, 0x1c, 0x80, 0x0, 0x0, 0x0, 0x0, 0x0,
    0x0, 0x0, 0x0, 0x0, 0x0, 0x0,

    /* U+F507 "" */
    0x0, 0x0, 0x2b, 0xff, 0xb2, 0x0, 0x0, 0x0,
    0x0, 0x0, 0x0, 0x2, 0xef, 0xff, 0xfe, 0x20,
    0x0, 0x0, 0x0, 0x0, 0x0, 0xb, 0xff, 0xff,
    0xff, 0xb0, 0x0, 0x0, 0x0, 0x0, 0x0, 0xf,
    0xff, 0xff, 0xff, 0xf0, 0x0, 0x0, 0x0, 0x0,
    0x0, 0xf, 0xff, 0xff, 0xff, 0xf0, 0x0, 0x0,
    0x0, 0x0, 0x0, 0xb, 0xff, 0xff, 0xff, 0xb0,
    0x0, 0x0, 0x0, 0x0, 0x0, 0x2, 0xef, 0xff,
    0xfe, 0x20, 0x0, 0x0, 0x0, 0x0, 0x0, 0x0,
    0x2b, 0xff, 0xb2, 0x0, 0x0, 0x0, 0x0, 0x0,
    0x0, 0x0, 0x0, 0x0, 0x0, 0x0, 0xcf, 0xff,
    0xa0, 0x0, 0x1, 0x9e, 0xfb, 0x88, 0xbf, 0xe0,
    0xf9, 0x9f, 0xfb, 0x0, 0x1e, 0xff, 0xff, 0xff,
    0xff, 0xf0, 0xf9, 0x9f, 0xff, 0xc0, 0x9f, 0xff,
    0xff, 0xff, 0xff, 0xf0, 0xff, 0xff, 0xff, 0xfb,
    0xef, 0xff, 0xff, 0xff, 0xff, 0xf3, 0xaf, 0xff,
    0xff, 0xfd, 0xff, 0xff, 0xff, 0xff, 0xff, 0xfc,
    0x1c, 0xff, 0xff, 0xe2, 0xff, 0xff, 0xff, 0xff,
    0xff, 0xff, 0xb1, 0xcf, 0xfe, 0x20, 0x8f, 0xff,
    0xff, 0xff, 0xff, 0xff, 0xf6, 0xb, 0xd2, 0x0,

    /* U+F508 "" */
    0x0, 0x0, 0x2b, 0xff, 0xb2, 0x0, 0x0, 0x0,
    0x2, 0xef, 0xff, 0xfe, 0x20, 0x0, 0x0, 0xb,
    0xff, 0xff, 0xff, 0xb0, 0x0, 0x0, 0xf, 0xff,
    0xff, 0xff, 0xf0, 0x0, 0x0, 0xf, 0xff, 0xff,
    0xff, 0xf0, 0x0, 0x0, 0xb, 0xff, 0xff, 0xff,
    0xb0, 0x0, 0x0, 0x2, 0xef, 0xff, 0xfe, 0x20,
    0x0, 0x0, 0x0, 0x2b, 0xff, 0xb2, 0x0, 0x0,
    0x0, 0x0, 0x0, 0x0, 0x0, 0x0, 0x0, 0x1,
    0x9e, 0x13, 0xff, 0x31, 0xe9, 0x10, 0x1d, 0xff,
    0x50, 0xaa, 0x5, 0xff, 0xd1, 0x9f, 0xff, 0x90,
    0xaa, 0x9, 0xff, 0xf9, 0xef, 0xff, 0xd0, 0xee,
    0xd, 0xff, 0xfe, 0xff, 0xff, 0xf4, 0xff, 0x4f,
    0xff, 0xff, 0xff, 0xff, 0xfc, 0xff, 0xcf, 0xff,
    0xff, 0x8f, 0xff, 0xff, 0xff, 0xff, 0xff, 0xf8,

    /* U+F509 "" */
    0x0, 0x0, 0x0, 0x1, 0xaf, 0xfa, 0x10, 0x0,
    0x0, 0x0, 0x0, 0x0, 0x0, 0x0, 0xdf, 0xff,
    0xfc, 0x0, 0x0, 0x0, 0x0, 0x4, 0xee, 0x40,
    0x5f, 0xff, 0xff, 0xf5, 0x0, 0x0, 0x0, 0x0,
    0xef, 0xfe, 0x7, 0xff, 0xff, 0xff, 0x70, 0x0,
    0x0, 0x0, 0xe, 0xff, 0xe0, 0x5f, 0xff, 0xfe,
    0xd5, 0x6a, 0x60, 0x0, 0x0, 0x4e, 0xe4, 0x0,
    0xdf, 0xfe, 0x11, 0x1d, 0xfd, 0x11, 0x0, 0x0,
    0x0, 0x0, 0x1, 0xaf, 0x67, 0xfe, 0xff, 0xfe,
    0xf7, 0x4, 0xef, 0xfe, 0x10, 0x0, 0x0, 0xef,
    0xfd, 0x8d, 0xff, 0xd0, 0xef, 0xff, 0x44, 0xcf,
    0xc8, 0x53, 0xff, 0x20, 0x2f, 0xf2, 0xf, 0xff,
    0x94, 0xff, 0xff, 0xf6, 0x3f, 0xf2, 0x2, 0xff,
    0x20, 0xcf, 0xf3, 0xdf, 0xff, 0xff, 0xe, 0xff,
    0xd8, 0xdf, 0xfd, 0x0, 0x0, 0xf, 0xff, 0xff,
    0xf6, 0x7f, 0xef, 0xff, 0xef, 0x70, 0x0, 0x0,
    0xff, 0xff, 0xff, 0xe2, 0x11, 0xdf, 0xd1, 0x10,
    0x0, 0x0, 0x8, 0xff, 0xff, 0xff, 0xed, 0x56,
    0xa6, 0x0, 0x0,

    /* U+F515 "" */
    0x0, 0x0, 0x0, 0x0, 0x0, 0x0, 0x0, 0x0,
    0x0, 0x0, 0x0, 0x0, 0x0, 0x0, 0x6, 0xee,
    0x70, 0x28, 0xd8, 0x0, 0x0, 0x0, 0x0, 0x0,
    0x3, 0xff, 0xff, 0xef, 0xff, 0xb0, 0x0, 0x0,
    0x0, 0x0, 0x0, 0x7f, 0xff, 0xff, 0xe9, 0x40,
    0x0, 0x0, 0x0, 0x0, 0x27, 0xdf, 0xff, 0xff,
    0x50, 0x1d, 0xd2, 0x0, 0x0, 0x0, 0x9f, 0xff,
    0xea, 0xff, 0x70, 0xa, 0xfe, 0xb0, 0x0, 0x0,
    0x8, 0xe9, 0x40, 0xf, 0xf0, 0x2, 0xf8, 0x7f,
    0x30, 0x0, 0x0, 0x0, 0x0, 0x0, 0xff, 0x0,
    0xaf, 0x10, 0xeb, 0x0, 0x0, 0x1d, 0xd2, 0x0,
    0xf, 0xf0, 0x2f, 0x80, 0x7, 0xf3, 0x0, 0xa,
    0xfe, 0xb0, 0x0, 0xff, 0xa, 0xf1, 0x0, 0xe,
    0xb0, 0x2, 0xf8, 0x7f, 0x30, 0xf, 0xf0, 0xef,
    0xff, 0xff, 0xff, 0x0, 0xaf, 0x10, 0xeb, 0x0,
    0xff, 0x9, 0xff, 0xff, 0xff, 0xa0, 0x2f, 0x80,
    0x7, 0xf3, 0xf, 0xf0, 0x6, 0xcf, 0xfc, 0x60,
    0xa, 0xf1, 0x0, 0xe, 0xb0, 0xff, 0x0, 0x0,
    0x0, 0x0, 0x0, 0xef, 0xff, 0xff, 0xff, 0xf,
    0xf0, 0x0, 0x0, 0x0, 0x0, 0x9, 0xff, 0xff,
    0xff, 0xa0, 0xff, 0xff, 0xff, 0xff, 0x0, 0x0,
    0x6, 0xcf, 0xfc, 0x60, 0xe, 0xff, 0xff, 0xff,
    0xf0, 0x0, 0x0,

    /* U+F516 "" */
    0x0, 0x0, 0x0, 0x0, 0x0, 0x0, 0x0, 0x0,
    0x0, 0x0, 0x0, 0x0, 0x7d, 0x83, 0x7, 0xee,
    0x70, 0x0, 0x0, 0x0, 0x0, 0x0, 0xa, 0xff,
    0xfe, 0xff, 0xff, 0x40, 0x0, 0x0, 0x0, 0x0,
    0x0, 0x4, 0x9e, 0xff, 0xff, 0xf8, 0x0, 0x0,
    0x0, 0x0, 0x0, 0x1d, 0xd2, 0x5, 0xff, 0xff,
    0xfd, 0x82, 0x0, 0x0, 0x0, 0xa, 0xfe, 0xb0,
    0x6, 0xff, 0xae, 0xff, 0xfa, 0x0, 0x0, 0x2,
    0xf8, 0x7f, 0x30, 0xf, 0xf0, 0x4, 0x9e, 0x80,
    0x0, 0x0, 0xaf, 0x10, 0xeb, 0x0, 0xff, 0x0,
    0x0, 0x0, 0x0, 0x0, 0x2f, 0x80, 0x7, 0xf3,
    0xf, 0xf0, 0x0, 0x1d, 0xd2, 0x0, 0xa, 0xf1,
    0x0, 0xe, 0xb0, 0xff, 0x0, 0xa, 0xfe, 0xb0,
    0x0, 0xef, 0xff, 0xff, 0xff, 0xf, 0xf0, 0x2,
    0xf8, 0x7f, 0x30, 0x9, 0xff, 0xff, 0xff, 0xa0,
    0xff, 0x0, 0xaf, 0x10, 0xeb, 0x0, 0x6, 0xcf,
    0xfc, 0x60, 0xf, 0xf0, 0x2f, 0x80, 0x7, 0xf3,
    0x0, 0x0, 0x0, 0x0, 0x0, 0xff, 0xa, 0xf1,
    0x0, 0xe, 0xb0, 0x0, 0x0, 0x0, 0x0, 0xf,
    0xf0, 0xef, 0xff, 0xff, 0xff, 0x0, 0x0, 0xef,
    0xff, 0xff, 0xff, 0x9, 0xff, 0xff, 0xff, 0xa0,
    0x0, 0xe, 0xff, 0xff, 0xff, 0xf0, 0x6, 0xcf,
    0xfc, 0x60, 0x0,

    /* U+F517 "" */
    0x8f, 0xff, 0xff, 0xff, 0xff, 0xff, 0xff, 0xfd,
    0xff, 0xff, 0xff, 0xff, 0xff, 0xff, 0xff, 0xf9,
    0xff, 0x0, 0xcf, 0xff, 0xff, 0x0, 0x0, 0x0,
    0xff, 0x0, 0xbf, 0xff, 0xff, 0xff, 0xff, 0xf0,
    0xff, 0x0, 0x9f, 0xff, 0xff, 0xff, 0xff, 0xc0,
    0xff, 0x0, 0x8f, 0xff, 0xff, 0x0, 0x0, 0x0,
    0xff, 0xff, 0xff, 0xff, 0xff, 0xff, 0xff, 0x30,
    0x8f, 0xff, 0xff, 0xff, 0xff, 0xff, 0xff, 0x0,
    0x0, 0x0, 0x3f, 0xff, 0xff, 0x0, 0x0, 0x0,
    0x0, 0x0, 0x2f, 0xff, 0xff, 0xff, 0xf6, 0x0,
    0x0, 0x0, 0xf, 0xff, 0xff, 0xff, 0xf2, 0x0,
    0x0, 0x0, 0x0, 0x0, 0x0, 0x0, 0x0, 0x0,
    0x0, 0x4, 0xef, 0xff, 0xff, 0xff, 0xfe, 0x40,
    0x0, 0xe, 0xff, 0xff, 0x33, 0xff, 0xff, 0xe0,
    0x0, 0xf, 0xff, 0xff, 0x33, 0xff, 0xff, 0xf0,
    0x0, 0xc, 0xff, 0xff, 0xff, 0xff, 0xff, 0xc0,

    /* U+F518 "" */
    0x0, 0x0, 0x0, 0x0, 0x0, 0x0, 0x0, 0x0,
    0x0, 0xcf, 0xec, 0x95, 0x10, 0x0, 0x1, 0x59,
    0xce, 0xfc, 0xff, 0xff, 0xff, 0xfa, 0x11, 0xaf,
    0xff, 0xff, 0xff, 0xff, 0xff, 0xff, 0xff, 0x77,
    0xff, 0xff, 0xff, 0xff, 0xff, 0xff, 0xff, 0xff,
    0x88, 0xff, 0xff, 0xff, 0xff, 0xff, 0xff, 0xff,
    0xff, 0x88, 0xff, 0xff, 0xff, 0xff, 0xff, 0xff,
    0xff, 0xff, 0x88, 0xff, 0xff, 0xff, 0xff, 0xff,
    0xff, 0xff, 0xff, 0x88, 0xff, 0xff, 0xff, 0xff,
    0xff, 0xff, 0xff, 0xff, 0x88, 0xff, 0xff, 0xff,
    0xff, 0xff, 0xff, 0xff, 0xff, 0x88, 0xff, 0xff,
    0xff, 0xff, 0xff, 0xff, 0xff, 0xff, 0x88, 0xff,
    0xff, 0xff, 0xff, 0xff, 0xff, 0xff, 0xff, 0x88,
    0xff, 0xff, 0xff, 0xff, 0xff, 0xff, 0xff, 0xff,
    0x88, 0xff, 0xff, 0xff, 0xff, 0x48, 0x9b, 0xef,
    0xff, 0x88, 0xff, 0xfe, 0xb9, 0x84, 0x0, 0x0,
    0x2, 0x6c, 0x66, 0xc6, 0x20, 0x0, 0x0, 0x0,
    0x0, 0x0, 0x0, 0x0, 0x0, 0x0, 0x0, 0x0,

    /* U+F519 "" */
    0x3f, 0xc0, 0x0, 0x0, 0x0, 0x0, 0x0, 0x0,
    0xc, 0xf3, 0x9f, 0x70, 0x0, 0x0, 0x0, 0x0,
    0x0, 0x0, 0x8, 0xf9, 0xdf, 0x20, 0xbf, 0x20,
    0x4e, 0xe4, 0x2, 0xfb, 0x2, 0xfd, 0xff, 0x0,
    0xef, 0x10, 0xef, 0xfe, 0x1, 0xfe, 0x0, 0xff,
    0xff, 0x0, 0xef, 0x10, 0xef, 0xfe, 0x1, 0xfe,
    0x1, 0xff, 0xdf, 0x30, 0xbf, 0x20, 0xdf, 0xfd,
    0x2, 0xfb, 0x3, 0xfd, 0x9f, 0x70, 0x0, 0x3,
    0xfe, 0xef, 0x30, 0x0, 0x8, 0xf9, 0x3f, 0xc0,
    0x0, 0xa, 0xf8, 0x8f, 0xa0, 0x0, 0xc, 0xf3,
    0x0, 0x0, 0x0, 0x1f, 0xf2, 0x2f, 0xf1, 0x0,
    0x0, 0x0, 0x0, 0x0, 0x0, 0x7f, 0xb0, 0xb,
    0xf7, 0x0, 0x0, 0x0, 0x0, 0x0, 0x0, 0xdf,
    0xff, 0xff, 0xfd, 0x0, 0x0, 0x0, 0x0, 0x0,
    0x4, 0xff, 0xff, 0xff, 0xff, 0x40, 0x0, 0x0,
    0x0, 0x0, 0xb, 0xf7, 0x0, 0x0, 0x7f, 0xb0,
    0x0, 0x0, 0x0, 0x0, 0x2f, 0xf1, 0x0, 0x0,
    0x1f, 0xf2, 0x0, 0x0, 0x0, 0x0, 0x8f, 0x90,
    0x0, 0x0, 0x9, 0xf8, 0x0, 0x0, 0x0, 0x0,
    0x6e, 0x30, 0x0, 0x0, 0x3, 0xe6, 0x0, 0x0,
    0x0, 0x0, 0x0, 0x0, 0x0, 0x0, 0x0, 0x0,
    0x0, 0x0,

    /* U+F51A "" */
    0x0, 0x0, 0x0, 0x0, 0x0, 0x0, 0x0, 0x0,
    0x0, 0x0, 0x0, 0x0, 0x0, 0x0, 0x0, 0x0,
    0x0, 0x0, 0x0, 0x2c, 0x80, 0x0, 0x0, 0x0,
    0x0, 0x0, 0x0, 0x0, 0x0, 0x5f, 0xfd, 0x0,
    0x0, 0x0, 0x0, 0x0, 0x0, 0x0, 0x0, 0x8f,
    0xfa, 0x0, 0x0, 0x0, 0x0, 0x0, 0x0, 0x0,
    0x1, 0xcf, 0xf6, 0x0, 0x0, 0x0, 0x0, 0x0,
    0x0, 0x55, 0x4, 0xef, 0xe3, 0x0, 0x0, 0x0,
    0x0, 0x0, 0x0, 0xd, 0xf9, 0xff, 0xb1, 0x0,
    0x0, 0x0, 0x0, 0x0, 0x3, 0x30, 0xcf, 0xff,
    0x80, 0x0, 0x0, 0x0, 0x0, 0x4, 0xcf, 0xff,
    0x91, 0xef, 0xd0, 0x0, 0x0, 0x0, 0x0, 0x7,
    0xff, 0xff, 0xff, 0x53, 0xff, 0x80, 0x0, 0x0,
    0x0, 0x2, 0xff, 0xff, 0xff, 0xff, 0x34, 0x51,
    0x0, 0x0, 0x0, 0x0, 0x8a, 0xdf, 0xff, 0xff,
    0xfa, 0x0, 0x0, 0x0, 0x0, 0x0, 0x0, 0x5f,
    0xff, 0xff, 0xff, 0x60, 0x0, 0x0, 0x0, 0x0,
    0x0, 0x3f, 0xff, 0xff, 0xff, 0xf0, 0x0, 0x0,
    0x0, 0x0, 0x0, 0x2e, 0xff, 0xff, 0xff, 0xf7,
    0x0, 0x0, 0x0, 0x0, 0x0, 0xb, 0xff, 0xff,
    0xff, 0xfa, 0x0, 0x0, 0x0, 0x0, 0x0, 0x0,
    0xdf, 0xff, 0xec, 0x94, 0x0, 0x0, 0x0, 0x0,
    0x0, 0x0, 0x0, 0x0, 0x0, 0x0, 0x0, 0x0,
    0x0, 0x0, 0x0, 0x0, 0x0,

    /* U+F51B "" */
    0xa, 0xff, 0xff, 0xff, 0xff, 0xff, 0xff, 0xff,
    0xff, 0xa0, 0xf, 0xff, 0xff, 0xff, 0xff, 0xff,
    0xff, 0xff, 0xff, 0xf0, 0xf, 0xf0, 0x0, 0x0,
    0x0, 0x0, 0x0, 0x0, 0xf, 0xf0, 0xf, 0xf0,
    0x0, 0x0, 0x0, 0x0, 0x0, 0x0, 0xf, 0xf0,
    0xf, 0xf0, 0x0, 0x0, 0x0, 0x0, 0x0, 0x0,
    0xf, 0xf0, 0xf, 0xf0, 0x0, 0x0, 0x0, 0x0,
    0x0, 0x0, 0xf, 0xf0, 0xf, 0xf0, 0x0, 0x0,
    0x0, 0x0, 0x0, 0x0, 0xf, 0xf0, 0xf, 0xf0,
    0x0, 0x0, 0x0, 0x0, 0x0, 0x0, 0xf, 0xf0,
    0xf, 0xf0, 0x0, 0x0, 0x0, 0x0, 0x0, 0x0,
    0xf, 0xf0, 0xf, 0xf0, 0x0, 0x0, 0x0, 0x0,
    0x0, 0x0, 0xf, 0xf0, 0xf, 0xf0, 0x0, 0x0,
    0x0, 0x0, 0x0, 0x0, 0xf, 0xf0, 0xf, 0xf0,
    0x0, 0x0, 0x0, 0x0, 0x0, 0x0, 0xf, 0xf0,
    0xf, 0xf0, 0x0, 0x0, 0xf, 0xff, 0xff, 0xf0,
    0xf, 0xf0, 0x0, 0x0, 0x0, 0x0, 0xf, 0xff,
    0xff, 0xf0, 0x0, 0x0, 0xef, 0xff, 0xff, 0xff,
    0xff, 0xff, 0xff, 0xff, 0xff, 0xfe, 0xef, 0xff,
    0xff, 0xff, 0xff, 0xff, 0xff, 0xff, 0xff, 0xfe,

    /* U+F51C "" */
    0x0, 0x0, 0x7, 0xff, 0xff, 0xff, 0xff, 0xff,
    0xff, 0xf8, 0x0, 0x0, 0x0, 0xff, 0xff, 0xff,
    0xff, 0xff, 0xff, 0xff, 0xf0, 0x0, 0x0, 0xf,
    0xf0, 0x0, 0x0, 0x0, 0x0, 0x0, 0xff, 0x0,
    0x0, 0x0, 0x15, 0x0, 0x0, 0x0, 0x0, 0x0,
    0xf, 0xf0, 0x0, 0x8, 0xee, 0x80, 0x0, 0x0,
    0x0, 0x0, 0x0, 0xff, 0x0, 0x8, 0xff, 0xff,
    0x90, 0x0, 0x0, 0x0, 0x0, 0xf, 0xf0, 0x0,
    0xef, 0xff, 0xfe, 0x0, 0x0, 0x0, 0x0, 0x0,
    0xff, 0x0, 0xe, 0xff, 0xff, 0xe0, 0x0, 0x0,
    0x0, 0x0, 0xf, 0xf0, 0x0, 0x8f, 0xff, 0xf9,
    0x0, 0x0, 0x0, 0x0, 0x0, 0xff, 0x0, 0x0,
    0x8e, 0xe9, 0x0, 0x0, 0xf, 0xff, 0xf0, 0xf,
    0xf0, 0x0, 0x0, 0x0, 0x0, 0x0, 0x0, 0xff,
    0xff, 0x0, 0xff, 0x0, 0x5d, 0xfd, 0xdf, 0xd5,
    0x1d, 0xff, 0xff, 0xff, 0xff, 0xf0, 0x5f, 0xff,
    0xff, 0xff, 0xf5, 0x5f, 0xff, 0xff, 0xff, 0xf8,
    0xc, 0xff, 0xff, 0xff, 0xff, 0xd0, 0x0, 0x0,
    0x0, 0x0, 0x0, 0xef, 0xff, 0xff, 0xff, 0xff,
    0x0, 0x0, 0x0, 0x0, 0x0, 0x8, 0xff, 0xff,
    0xff, 0xff, 0x80, 0x0, 0x0, 0x0, 0x0, 0x0,

    /* U+F51D "" */
    0x0, 0x0, 0x0, 0x0, 0xe, 0xe0, 0x0, 0x0,
    0x0, 0x0, 0x0, 0x0, 0x0, 0x0, 0xf, 0xf0,
    0x0, 0x0, 0x0, 0x0, 0x0, 0x0, 0x0, 0xe,
    0xff, 0xff, 0xe0, 0x0, 0x0, 0x0, 0x0, 0x0,
    0x0, 0xe, 0xff, 0xff, 0xe0, 0x0, 0x0, 0x0,
    0x0, 0x0, 0x0, 0x0, 0xf, 0xf0, 0x0, 0x0,
    0x0, 0x0, 0x0, 0x0, 0x0, 0x0, 0x2f, 0xf2,
    0x0, 0x0, 0x0, 0x0, 0x0, 0x0, 0x0, 0x7,
    0xff, 0xff, 0x70, 0x0, 0x0, 0x0, 0x0, 0x0,
    0x4, 0xdf, 0xff, 0xff, 0xfd, 0x40, 0x0, 0x0,
    0x0, 0x0, 0xf, 0xff, 0xff, 0xff, 0xff, 0xf0,
    0x0, 0x0, 0x0, 0x0, 0xf, 0xff, 0xff, 0xff,
    0xff, 0xf0, 0x0, 0x0, 0x0, 0x5c, 0xf, 0xff,
    0xff, 0xff, 0xff, 0xf0, 0xc5, 0x0, 0x6e, 0xff,
    0xf, 0xff, 0xb1, 0x1b, 0xff, 0xf0, 0xff, 0xe6,
    0xff, 0xff, 0xf, 0xff, 0x10, 0x1, 0xff, 0xf0,
    0xff, 0xff, 0xff, 0xff, 0xf, 0xff, 0x0, 0x0,
    0xff, 0xf0, 0xff, 0xff, 0xff, 0xff, 0xf, 0xff,
    0x0, 0x0, 0xff, 0xf0, 0xff, 0xff, 0xef, 0xff,
    0xf, 0xff, 0x0, 0x0, 0xff, 0xf0, 0xff, 0xfe,

    /* U+F51E "" */
    0x0, 0x0, 0x4, 0x9c, 0xef, 0xfe, 0xc9, 0x40,
    0x0, 0x0, 0xbf, 0xff, 0xff, 0xff, 0xff, 0xfb,
    0x0, 0x0, 0xbf, 0xff, 0xff, 0xff, 0xff, 0xfb,
    0x0, 0x0, 0x4, 0x9c, 0xef, 0xfe, 0xc9, 0x41,
    0x0, 0x0, 0x0, 0x0, 0x0, 0x1, 0x25, 0xaf,
    0x2, 0x7c, 0xef, 0xfe, 0xc7, 0x24, 0xef, 0xfb,
    0x7f, 0xff, 0xff, 0xff, 0xff, 0xf7, 0x49, 0x41,
    0xff, 0xff, 0xff, 0xff, 0xff, 0xff, 0x6, 0xaf,
    0x7f, 0xff, 0xff, 0xff, 0xff, 0xf7, 0xf, 0xfb,
    0x52, 0x7c, 0xef, 0xfe, 0xc7, 0x24, 0x9, 0x40,
    0xfc, 0x73, 0x10, 0x1, 0x37, 0xcf, 0x0, 0x0,
    0xbf, 0xff, 0xff, 0xff, 0xff, 0xfb, 0x0, 0x0,
    0x14, 0x9c, 0xef, 0xfe, 0xc9, 0x41, 0x0, 0x0,
    0xfa, 0x52, 0x10, 0x1, 0x25, 0xaf, 0x0, 0x0,
    0xbf, 0xff, 0xff, 0xff, 0xff, 0xfb, 0x0, 0x0,
    0x4, 0x9c, 0xef, 0xfe, 0xc9, 0x40, 0x0, 0x0,

    /* U+F51F "" */
    0x0, 0x0, 0x16, 0xab, 0xa8, 0x30, 0x0, 0x0,
    0x0, 0x7, 0xff, 0xff, 0xff, 0xfc, 0x20, 0x0,
    0x0, 0xaf, 0xe7, 0x24, 0xff, 0xff, 0xf3, 0x0,
    0x8, 0xfc, 0x17, 0xdf, 0xff, 0xff, 0xfe, 0x20,
    0x2f, 0xd1, 0xbf, 0xff, 0xff, 0xff, 0xff, 0xa0,
    0x9f, 0x58, 0xfe, 0x50, 0x29, 0xff, 0xff, 0xf1,
    0xdf, 0xf, 0xf3, 0x0, 0x0, 0xbf, 0xff, 0xf5,
    0xfc, 0x3f, 0xd0, 0x1e, 0x80, 0x5f, 0xff, 0xf7,
    0xff, 0xff, 0xd0, 0x1e, 0x80, 0x5f, 0xff, 0xf7,
    0xdf, 0xff, 0xf3, 0x0, 0x0, 0xbf, 0xff, 0xf5,
    0x9f, 0xff, 0xfe, 0x50, 0x29, 0xff, 0xff, 0xf1,
    0x2f, 0xff, 0xff, 0xff, 0xff, 0xff, 0xff, 0xa0,
    0x8, 0xff, 0xff, 0xff, 0xff, 0xff, 0xfe, 0x20,
    0x0, 0xaf, 0xff, 0xff, 0xff, 0xff, 0xf3, 0x0,
    0x0, 0x7, 0xff, 0xff, 0xff, 0xfc, 0x20, 0x0,
    0x0, 0x0, 0x16, 0xab, 0xa8, 0x30, 0x0, 0x0,

    /* U+F520 "" */
    0x0, 0x0, 0x0, 0x0, 0x0, 0x0, 0x1b, 0xfb,
    0x10, 0x0, 0x0, 0x0, 0x0, 0x0, 0x0, 0x0,
    0xbf, 0xdf, 0xfe, 0xb2, 0x0, 0x0, 0x0, 0x0,
    0x0, 0x0, 0xfd, 0xd, 0xff, 0xfd, 0x0, 0x0,
    0x0, 0x0, 0x0, 0x7, 0xff, 0xdf, 0xf6, 0x41,
    0x0, 0x0, 0x0, 0x0, 0x0, 0xaf, 0xff, 0xff,
    0xf0, 0x0, 0x0, 0x0, 0x0, 0x0, 0x2d, 0xff,
    0xff, 0xff, 0xf0, 0x0, 0x0, 0x0, 0x0, 0x4,
    0xff, 0xff, 0xff, 0xff, 0xf0, 0x0, 0x0, 0x0,
    0x0, 0x8f, 0xff, 0xff, 0xff, 0xff, 0xc0, 0x0,
    0x0, 0x0, 0x1b, 0xff, 0xff, 0xff, 0xff, 0xff,
    0x70, 0x0, 0x0, 0x2, 0xdf, 0xff, 0xff, 0xff,
    0xff, 0xfd, 0x0, 0x0, 0x0, 0x5f, 0xff, 0xff,
    0xff, 0xff, 0xff, 0xd1, 0x0, 0x0, 0x9, 0xff,
    0xff, 0xff, 0xff, 0xff, 0xe6, 0x0, 0x0, 0x0,
    0xbf, 0xfd, 0x50, 0x0, 0xae, 0xa, 0xe0, 0x0,
    0x0, 0x0, 0xcd, 0x50, 0x0, 0x0, 0x4f, 0x54,
    0xf5, 0x0, 0x0, 0x0, 0x0, 0x0, 0x0, 0x0,
    0xe, 0xb0, 0xeb, 0x0, 0x0, 0x0, 0x0, 0x0,
    0x0, 0x0, 0x8, 0xc0, 0x8c, 0x0, 0x0, 0x0,
    0x0, 0x0, 0x0, 0x0, 0x0, 0x0, 0x0, 0x0,
    0x0, 0x0,

    /* U+F521 "" */
    0x0, 0x0, 0x0, 0x0, 0x4e, 0xc0, 0x0, 0x0,
    0x0, 0x0, 0x0, 0x0, 0x0, 0x0, 0xaf, 0xf3,
    0x0, 0x0, 0x0, 0x0, 0x0, 0x0, 0x0, 0x0,
    0x5f, 0xe0, 0x0, 0x0, 0x0, 0x0, 0x0, 0x0,
    0x0, 0x0, 0xaf, 0xf3, 0x0, 0x0, 0x0, 0x0,
    0x8f, 0x80, 0x0, 0x2, 0xff, 0xfc, 0x0, 0x0,
    0x8, 0xf8, 0xff, 0xf0, 0x0, 0xb, 0xff, 0xff,
    0x60, 0x0, 0xf, 0xff, 0x8f, 0xf7, 0x0, 0x4f,
    0xff, 0xff, 0xe1, 0x0, 0x8f, 0xf8, 0x1, 0xff,
    0xd7, 0xef, 0xff, 0xff, 0xfc, 0x7e, 0xff, 0x10,
    0x0, 0xbf, 0xff, 0xff, 0xff, 0xff, 0xff, 0xff,
    0xfa, 0x0, 0x0, 0x5f, 0xff, 0xff, 0xff, 0xff,
    0xff, 0xff, 0xf4, 0x0, 0x0, 0xe, 0xff, 0xff,
    0xff, 0xff, 0xff, 0xff, 0xe0, 0x0, 0x0, 0x9,
    0xff, 0xff, 0xff, 0xff, 0xff, 0xff, 0x80, 0x0,
    0x0, 0x3, 0xff, 0xff, 0xff, 0xff, 0xff, 0xff,
    0x20, 0x0, 0x0, 0x0, 0x0, 0x0, 0x0, 0x0,
    0x0, 0x0, 0x0, 0x0, 0x0, 0xe, 0xff, 0xff,
    0xff, 0xff, 0xff, 0xff, 0xe0, 0x0, 0x0, 0xe,
    0xff, 0xff, 0xff, 0xff, 0xff, 0xff, 0xe0, 0x0,

    /* U+F522 "" */
    0x0, 0x0, 0x3, 0xdd, 0x30, 0x0, 0x0, 0x0,
    0x0, 0x0, 0x0, 0x0, 0x3f, 0xff, 0xf3, 0x0,
    0x0, 0x0, 0x0, 0x0, 0x0, 0x3, 0xff, 0x99,
    0xff, 0x30, 0x0, 0x0, 0x0, 0x0, 0x0, 0x3f,
    0xff, 0x99, 0xff, 0xf3, 0x0, 0x0, 0x0, 0x0,
    0x3, 0xff, 0xff, 0xff, 0xff, 0xff, 0x30, 0x0,
    0x0, 0x0, 0x3f, 0xff, 0xff, 0xff, 0xff, 0xff,
    0xf3, 0x0, 0x0, 0x0, 0xdf, 0x99, 0xff, 0x99,
    0xff, 0x99, 0xfe, 0x1f, 0xff, 0xf8, 0xdf, 0x99,
    0xff, 0x99, 0xff, 0x99, 0xfe, 0x1f, 0xff, 0xff,
    0x3f, 0xff, 0xff, 0xff, 0xff, 0xff, 0xf3, 0x8f,
    0xff, 0xff, 0x3, 0xff, 0xff, 0xff, 0xff, 0xff,
    0x37, 0xff, 0xff, 0xff, 0x0, 0x3f, 0xff, 0x99,
    0xff, 0xf3, 0x7f, 0x99, 0xff, 0xff, 0x0, 0x3,
    0xff, 0x99, 0xff, 0x37, 0xff, 0x99, 0xff, 0xff,
    0x0, 0x0, 0x3f, 0xff, 0xf3, 0x7f, 0xff, 0xff,
    0xff, 0xff, 0x0, 0x0, 0x3, 0xdd, 0x30, 0xff,
    0xff, 0xff, 0xff, 0xff, 0x0, 0x0, 0x0, 0x0,
    0x0, 0xff, 0xff, 0xff, 0xff, 0xff, 0x0, 0x0,
    0x0, 0x0, 0x0, 0x8f, 0xff, 0xff, 0xff, 0xf8,

    /* U+F523 "" */
    0x4e, 0xff, 0xff, 0xff, 0xff, 0xff, 0xe4, 0xef,
    0xff, 0xff, 0xff, 0xff, 0xff, 0xfe, 0xff, 0xff,
    0xff, 0xff, 0xff, 0xff, 0xff, 0xff, 0xf3, 0x3f,
    0xff, 0xf3, 0x3f, 0xff, 0xff, 0xf3, 0x3f, 0xff,
    0xf3, 0x3f, 0xff, 0xff, 0xff, 0xff, 0xff, 0xff,
    0xff, 0xff, 0xff, 0xff, 0xff, 0x33, 0xff, 0xff,
    0xff, 0xff, 0xff, 0xff, 0x33, 0xff, 0xff, 0xff,
    0xff, 0xff, 0xff, 0xff, 0xff, 0xff, 0xff, 0xff,
    0xf3, 0x3f, 0xff, 0xf3, 0x3f, 0xff, 0xff, 0xf3,
    0x3f, 0xff, 0xf3, 0x3f, 0xff, 0xff, 0xff, 0xff,
    0xff, 0xff, 0xff, 0xff, 0xef, 0xff, 0xff, 0xff,
    0xff, 0xff, 0xfe, 0x4e, 0xff, 0xff, 0xff, 0xff,
    0xff, 0xe4,

    /* U+F524 "" */
    0x4e, 0xff, 0xff, 0xff, 0xff, 0xff, 0xe4, 0xef,
    0xff, 0xff, 0xff, 0xff, 0xff, 0xfe, 0xff, 0xff,
    0xff, 0xff, 0xff, 0xff, 0xff, 0xff, 0xf3, 0x3f,
    0xff, 0xf3, 0x3f, 0xff, 0xff, 0xf3, 0x3f, 0xff,
    0xf3, 0x3f, 0xff, 0xff, 0xff, 0xff, 0xff, 0xff,
    0xff, 0xff, 0xff, 0xff, 0xff, 0xff, 0xff, 0xff,
    0xff, 0xff, 0xff, 0xff, 0xff, 0xff, 0xff, 0xff,
    0xff, 0xff, 0xff, 0xff, 0xff, 0xff, 0xff, 0xff,
    0xf3, 0x3f, 0xff, 0xf3, 0x3f, 0xff, 0xff, 0xf3,
    0x3f, 0xff, 0xf3, 0x3f, 0xff, 0xff, 0xff, 0xff,
    0xff, 0xff, 0xff, 0xff, 0xef, 0xff, 0xff, 0xff,
    0xff, 0xff, 0xfe, 0x4e, 0xff, 0xff, 0xff, 0xff,
    0xff, 0xe4,

    /* U+F525 "" */
    0x4e, 0xff, 0xff, 0xff, 0xff, 0xff, 0xe4, 0xef,
    0xff, 0xff, 0xff, 0xff, 0xff, 0xfe, 0xff, 0xff,
    0xff, 0xff, 0xff, 0xff, 0xff, 0xff, 0xff, 0xff,
    0xff, 0xff, 0xff, 0xff, 0xff, 0xff, 0xff, 0xff,
    0xff, 0xff, 0xff, 0xff, 0xff, 0xff, 0xff, 0xff,
    0xff, 0xff, 0xff, 0xff, 0xff, 0x33, 0xff, 0xff,
    0xff, 0xff, 0xff, 0xff, 0x33, 0xff, 0xff, 0xff,
    0xff, 0xff, 0xff, 0xff, 0xff, 0xff, 0xff, 0xff,
    0xff, 0xff, 0xff, 0xff, 0xff, 0xff, 0xff, 0xff,
    0xff, 0xff, 0xff, 0xff, 0xff, 0xff, 0xff, 0xff,
    0xff, 0xff, 0xff, 0xff, 0xef, 0xff, 0xff, 0xff,
    0xff, 0xff, 0xfe, 0x4e, 0xff, 0xff, 0xff, 0xff,
    0xff, 0xe4,

    /* U+F526 "" */
    0x4e, 0xff, 0xff, 0xff, 0xff, 0xff, 0xe4, 0xef,
    0xff, 0xff, 0xff, 0xff, 0xff, 0xfe, 0xff, 0xff,
    0xff, 0xff, 0xff, 0xff, 0xff, 0xff, 0xf3, 0x3f,
    0xff, 0xf3, 0x3f, 0xff, 0xff, 0xf3, 0x3f, 0xff,
    0xf3, 0x3f, 0xff, 0xff, 0xff, 0xff, 0xff, 0xff,
    0xff, 0xff, 0xff, 0xf3, 0x3f, 0xff, 0xf3, 0x3f,
    0xff, 0xff, 0xf3, 0x3f, 0xff, 0xf3, 0x3f, 0xff,
    0xff, 0xff, 0xff, 0xff, 0xff, 0xff, 0xff, 0xff,
    0xf3, 0x3f, 0xff, 0xf3, 0x3f, 0xff, 0xff, 0xf3,
    0x3f, 0xff, 0xf3, 0x3f, 0xff, 0xff, 0xff, 0xff,
    0xff, 0xff, 0xff, 0xff, 0xef, 0xff, 0xff, 0xff,
    0xff, 0xff, 0xfe, 0x4e, 0xff, 0xff, 0xff, 0xff,
    0xff, 0xe4,

    /* U+F527 "" */
    0x4e, 0xff, 0xff, 0xff, 0xff, 0xff, 0xe4, 0xef,
    0xff, 0xff, 0xff, 0xff, 0xff, 0xfe, 0xff, 0xff,
    0xff, 0xff, 0xff, 0xff, 0xff, 0xff, 0xf3, 0x3f,
    0xff, 0xff, 0xff, 0xff, 0xff, 0xf3, 0x3f, 0xff,
    0xff, 0xff, 0xff, 0xff, 0xff, 0xff, 0xff, 0xff,
    0xff, 0xff, 0xff, 0xff, 0xff, 0x33, 0xff, 0xff,
    0xff, 0xff, 0xff, 0xff, 0x33, 0xff, 0xff, 0xff,
    0xff, 0xff, 0xff, 0xff, 0xff, 0xff, 0xff, 0xff,
    0xff, 0xff, 0xff, 0xf3, 0x3f, 0xff, 0xff, 0xff,
    0xff, 0xff, 0xf3, 0x3f, 0xff, 0xff, 0xff, 0xff,
    0xff, 0xff, 0xff, 0xff, 0xef, 0xff, 0xff, 0xff,
    0xff, 0xff, 0xfe, 0x4e, 0xff, 0xff, 0xff, 0xff,
    0xff, 0xe4,

    /* U+F528 "" */
    0x4e, 0xff, 0xff, 0xff, 0xff, 0xff, 0xe4, 0xef,
    0xff, 0xff, 0xff, 0xff, 0xff, 0xfe, 0xff, 0xff,
    0xff, 0xff, 0xff, 0xff, 0xff, 0xff, 0xf3, 0x3f,
    0xff, 0xff, 0xff, 0xff, 0xff, 0xf3, 0x3f, 0xff,
    0xff, 0xff, 0xff, 0xff, 0xff, 0xff, 0xff, 0xff,
    0xff, 0xff, 0xff, 0xff, 0xff, 0xff, 0xff, 0xff,
    0xff, 0xff, 0xff, 0xff, 0xff, 0xff, 0xff, 0xff,
    0xff, 0xff, 0xff, 0xff, 0xff, 0xff, 0xff, 0xff,
    0xff, 0xff, 0xff, 0xf3, 0x3f, 0xff, 0xff, 0xff,
    0xff, 0xff, 0xf3, 0x3f, 0xff, 0xff, 0xff, 0xff,
    0xff, 0xff, 0xff, 0xff, 0xef, 0xff, 0xff, 0xff,
    0xff, 0xff, 0xfe, 0x4e, 0xff, 0xff, 0xff, 0xff,
    0xff, 0xe4,

    /* U+F529 "" */
    0x0, 0x0, 0x4, 0xee, 0x40, 0x0, 0x0, 0x0,
    0x0, 0xe, 0xff, 0xe0, 0x0, 0x0, 0x0, 0x0,
    0xe, 0xff, 0xe0, 0x0, 0x0, 0x0, 0x0, 0x4,
    0xee, 0x40, 0x0, 0x0, 0x0, 0x0, 0x0, 0x0,
    0x0, 0x0, 0x0, 0x14, 0x44, 0x44, 0x44, 0x44,
    0x44, 0x41, 0xef, 0xff, 0xff, 0xff, 0xff, 0xff,
    0xfe, 0xff, 0xff, 0xff, 0xff, 0xff, 0xff, 0xff,
    0x7b, 0xbb, 0xbb, 0xbb, 0xbb, 0xbb, 0xb7, 0x0,
    0x0, 0x0, 0x0, 0x0, 0x0, 0x0, 0x0, 0x0,
    0x4, 0xee, 0x40, 0x0, 0x0, 0x0, 0x0, 0xe,
    0xff, 0xe0, 0x0, 0x0, 0x0, 0x0, 0xe, 0xff,
    0xe0, 0x0, 0x0, 0x0, 0x0, 0x4, 0xee, 0x40,
    0x0, 0x0,

    /* U+F52A "" */
    0x0, 0x0, 0x8f, 0xff, 0xff, 0xff, 0xff, 0xf8,
    0x0, 0x0, 0x0, 0x0, 0xff, 0xff, 0xff, 0xff,
    0xff, 0xff, 0x0, 0x0, 0x0, 0x0, 0xff, 0xff,
    0xff, 0xff, 0xff, 0xff, 0x0, 0x0, 0x0, 0x0,
    0xff, 0xff, 0xff, 0xff, 0xff, 0xff, 0x0, 0x0,
    0x0, 0x0, 0xff, 0xff, 0xff, 0xff, 0xff, 0xff,
    0x0, 0x0, 0x0, 0x0, 0xff, 0xff, 0xff, 0xff,
    0xff, 0xff, 0x0, 0x0, 0x0, 0x0, 0xff, 0xff,
    0xff, 0xff, 0xff, 0xff, 0x0, 0x0, 0x0, 0x0,
    0xff, 0xff, 0xff, 0xff, 0x33, 0xff, 0x0, 0x0,
    0x0, 0x0, 0xff, 0xff, 0xff, 0xff, 0x33, 0xff,
    0x0, 0x0, 0x0, 0x0, 0xff, 0xff, 0xff, 0xff,
    0xff, 0xff, 0x0, 0x0, 0x0, 0x0, 0xff, 0xff,
    0xff, 0xff, 0xff, 0xff, 0x0, 0x0, 0x0, 0x0,
    0xff, 0xff, 0xff, 0xff, 0xff, 0xff, 0x0, 0x0,
    0x0, 0x0, 0xff, 0xff, 0xff, 0xff, 0xff, 0xff,
    0x0, 0x0, 0x0, 0x0, 0xff, 0xff, 0xff, 0xff,
    0xff, 0xff, 0x0, 0x0, 0xef, 0xff, 0xff, 0xff,
    0xff, 0xff, 0xff, 0xff, 0xff, 0xfe, 0xef, 0xff,
    0xff, 0xff, 0xff, 0xff, 0xff, 0xff, 0xff, 0xfe,

    /* U+F52B "" */
    0x0, 0x0, 0x0, 0x0, 0x0, 0x0, 0x0, 0x0,
    0x0, 0x0, 0x0, 0x0, 0x0, 0x16, 0xae, 0xc0,
    0x0, 0x0, 0x0, 0x0, 0x0, 0x3, 0x9d, 0xff,
    0xff, 0xf0, 0x0, 0x0, 0x0, 0x0, 0x0, 0xf,
    0xff, 0xff, 0xff, 0xf0, 0xff, 0xff, 0x80, 0x0,
    0x0, 0xf, 0xff, 0xff, 0xff, 0xf0, 0xff, 0xff,
    0xf0, 0x0, 0x0, 0xf, 0xff, 0xff, 0xff, 0xf0,
    0x0, 0xf, 0xf0, 0x0, 0x0, 0xf, 0xff, 0xff,
    0xff, 0xf0, 0x0, 0xf, 0xf0, 0x0, 0x0, 0xf,
    0xff, 0xff, 0xff, 0xf0, 0x0, 0xf, 0xf0, 0x0,
    0x0, 0xf, 0xff, 0xfb, 0x3f, 0xf0, 0x0, 0xf,
    0xf0, 0x0, 0x0, 0xf, 0xff, 0xfb, 0x3f, 0xf0,
    0x0, 0xf, 0xf0, 0x0, 0x0, 0xf, 0xff, 0xff,
    0xff, 0xf0, 0x0, 0xf, 0xf0, 0x0, 0x0, 0xf,
    0xff, 0xff, 0xff, 0xf0, 0x0, 0xf, 0xf0, 0x0,
    0x0, 0xf, 0xff, 0xff, 0xff, 0xf0, 0x0, 0xf,
    0xf0, 0x0, 0x0, 0xf, 0xff, 0xff, 0xff, 0xf0,
    0x0, 0xf, 0xf0, 0x0, 0x0, 0xf, 0xff, 0xff,
    0xff, 0xf0, 0x0, 0xf, 0xf0, 0x0, 0xef, 0xff,
    0xff, 0xff, 0xff, 0xf0, 0x0, 0xf, 0xff, 0xfe,
    0xef, 0xff, 0xff, 0xff, 0xff, 0xf0, 0x0, 0xf,
    0xff, 0xfe,

    /* U+F52C "" */
    0x14, 0x44, 0x44, 0x44, 0x44, 0x44, 0x41, 0xef,
    0xff, 0xff, 0xff, 0xff, 0xff, 0xfe, 0xff, 0xff,
    0xff, 0xff, 0xff, 0xff, 0xff, 0x7b, 0xbb, 0xbb,
    0xbb, 0xbb, 0xbb, 0xb7, 0x0, 0x0, 0x0, 0x0,
    0x0, 0x0, 0x0, 0x0, 0x0, 0x0, 0x0, 0x0,
    0x0, 0x0, 0x14, 0x44, 0x44, 0x44, 0x44, 0x44,
    0x41, 0xef, 0xff, 0xff, 0xff, 0xff, 0xff, 0xfe,
    0xff, 0xff, 0xff, 0xff, 0xff, 0xff, 0xff, 0x7b,
    0xbb, 0xbb, 0xbb, 0xbb, 0xbb, 0xb7,

    /* U+F52D "" */
    0x0, 0x0, 0x0, 0x0, 0x0, 0x0, 0x0, 0x0,
    0x0, 0x0, 0x0, 0x0, 0x2, 0x9d, 0xfc, 0x60,
    0x0, 0x0, 0x0, 0x0, 0x6, 0xff, 0xff, 0xff,
    0xa0, 0x0, 0x0, 0x0, 0x8, 0xff, 0xff, 0xff,
    0xff, 0x60, 0x0, 0x0, 0x9, 0xff, 0xff, 0xff,
    0xff, 0xfc, 0x0, 0x0, 0x9, 0xff, 0xff, 0xff,
    0xff, 0xff, 0xf0, 0x0, 0x7, 0xff, 0xfe, 0xff,
    0xff, 0xff, 0xfe, 0x0, 0x1, 0xff, 0xfe, 0x2a,
    0xff, 0xff, 0xff, 0x90, 0x0, 0x8f, 0xfe, 0x28,
    0xff, 0xff, 0xff, 0xd2, 0x0, 0xc, 0xfe, 0x28,
    0xff, 0xff, 0xd8, 0x20, 0x0, 0x0, 0xfe, 0x28,
    0xff, 0xff, 0xff, 0xf8, 0x0, 0x0, 0xd, 0x28,
    0xff, 0xff, 0xff, 0xd7, 0x0, 0x0, 0x0, 0x18,
    0xff, 0xff, 0xd8, 0x20, 0x0, 0x0, 0x0, 0x8,
    0xff, 0xff, 0xff, 0xf7, 0x0, 0x0, 0x0, 0x8,
    0xfc, 0xef, 0xec, 0x81, 0x0, 0x0, 0x0, 0x8,
    0xf8, 0x0, 0x0, 0x0, 0x0, 0x0, 0x0, 0x0,
    0xc8, 0x0, 0x0, 0x0, 0x0, 0x0, 0x0, 0x0,
    0x0,

    /* U+F52E "" */
    0x0, 0x0, 0x0, 0x0, 0x1, 0xbf, 0xc2, 0x0,
    0x0, 0x0, 0x0, 0x0, 0x0, 0x0, 0xbf, 0xdf,
    0xc0, 0x0, 0x0, 0x0, 0x0, 0x0, 0x5a, 0xdf,
    0xe0, 0xdf, 0xc6, 0x0, 0x0, 0x0, 0x4, 0xef,
    0xff, 0xff, 0xdf, 0xff, 0xfe, 0x40, 0x0, 0x8,
    0xff, 0xff, 0xff, 0xff, 0xff, 0xff, 0xfe, 0x0,
    0x8, 0xff, 0xff, 0xff, 0xff, 0xff, 0xff, 0xff,
    0xe0, 0x4, 0xff, 0xff, 0xc8, 0x9f, 0xff, 0xff,
    0xff, 0xd3, 0x0, 0xdf, 0xff, 0x62, 0x75, 0x1d,
    0xff, 0xfe, 0x60, 0x0, 0x5f, 0xff, 0xa5, 0xff,
    0xf9, 0x4f, 0xf8, 0x0, 0x0, 0xa, 0xff, 0xff,
    0xff, 0xff, 0xf0, 0xf9, 0x0, 0x0, 0x0, 0xdf,
    0xff, 0xff, 0xff, 0xfd, 0x9, 0xf7, 0x0, 0x0,
    0xe, 0xff, 0xff, 0xff, 0xff, 0x40, 0xa, 0xf6,
    0x0, 0x0, 0xdf, 0xff, 0xff, 0xff, 0xd8, 0x84,
    0xa, 0xf9, 0x84, 0x4, 0xef, 0xff, 0xff, 0xff,
    0xff, 0xe0, 0xb, 0xff, 0xe0,

    /* U+F52F "" */
    0x4, 0xef, 0xff, 0xff, 0xe4, 0x0, 0x30, 0x0,
    0xe, 0xff, 0xff, 0xff, 0xfe, 0x3, 0xf8, 0x0,
    0xf, 0xf0, 0x0, 0x0, 0xff, 0x0, 0x9f, 0x80,
    0xf, 0xf0, 0x0, 0x0, 0xff, 0x0, 0xf, 0xf7,
    0xf, 0xf0, 0x0, 0x0, 0xff, 0x0, 0xf, 0xff,
    0xf, 0xf0, 0x0, 0x0, 0xff, 0x0, 0xe, 0xff,
    0xf, 0xff, 0xff, 0xff, 0xff, 0x0, 0x3, 0xdf,
    0xf, 0xff, 0xff, 0xff, 0xff, 0x0, 0x0, 0x8f,
    0xf, 0xff, 0xff, 0xff, 0xff, 0xfa, 0x0, 0x8f,
    0xf, 0xff, 0xff, 0xff, 0xff, 0x9f, 0xa0, 0x8f,
    0xf, 0xff, 0xff, 0xff, 0xff, 0x9, 0xf0, 0x8f,
    0xf, 0xff, 0xff, 0xff, 0xff, 0x7, 0xf0, 0x8f,
    0xf, 0xff, 0xff, 0xff, 0xff, 0x4, 0xfa, 0xed,
    0x0, 0x0, 0x0, 0x0, 0x0, 0x0, 0x8f, 0xd3,
    0xef, 0xff, 0xff, 0xff, 0xff, 0xe0, 0x0, 0x0,
    0xef, 0xff, 0xff, 0xff, 0xff, 0xe0, 0x0, 0x0,

    /* U+F530 "" */
    0x0, 0x0, 0x0, 0x0, 0x0, 0x0, 0x0, 0x0,
    0x0, 0x0, 0x3a, 0xb5, 0x0, 0x0, 0x0, 0x5b,
    0xa3, 0x0, 0x2, 0xfe, 0xca, 0x0, 0x0, 0x0,
    0xac, 0xef, 0x20, 0x9, 0xf1, 0x0, 0x0, 0x0,
    0x0, 0x0, 0x1f, 0x90, 0xd, 0xb0, 0x0, 0x0,
    0x0, 0x0, 0x0, 0xb, 0xd0, 0x1f, 0x70, 0x0,
    0x0, 0x0, 0x0, 0x0, 0x7, 0xf1, 0x5f, 0x30,
    0x0, 0x0, 0x0, 0x0, 0x0, 0x3, 0xf5, 0x9f,
    0x0, 0x0, 0x0, 0x0, 0x0, 0x0, 0x0, 0xf9,
    0xde, 0xbd, 0xdc, 0x83, 0x11, 0x38, 0xcd, 0xdb,
    0xed, 0xff, 0xff, 0xff, 0xff, 0xff, 0xff, 0xff,
    0xff, 0xff, 0xff, 0x52, 0x14, 0xcf, 0xdd, 0xfc,
    0x41, 0x25, 0xff, 0xff, 0x0, 0x0, 0xbf, 0x54,
    0xfb, 0x0, 0x0, 0xff, 0xdf, 0x70, 0x3, 0xff,
    0x11, 0xff, 0x30, 0x7, 0xfd, 0x5f, 0xff, 0xff,
    0xf9, 0x0, 0x9f, 0xff, 0xff, 0xf5, 0x5, 0xdf,
    0xfd, 0x70, 0x0, 0x7, 0xdf, 0xfd, 0x50,

    /* U+F531 "" */
    0x0, 0x0, 0x0, 0x0, 0x0, 0x0, 0x0, 0x5,
    0xf9, 0x20, 0x0, 0x0, 0x0, 0x0, 0xd, 0xff,
    0xfa, 0x30, 0x0, 0x0, 0x0, 0xa, 0xff, 0xff,
    0xfc, 0x40, 0x0, 0x0, 0x0, 0x3b, 0xff, 0xff,
    0xfd, 0x50, 0x0, 0x0, 0x0, 0x2a, 0xff, 0xff,
    0xfd, 0x50, 0x0, 0x0, 0x0, 0x19, 0xff, 0xff,
    0xf0, 0x0, 0x0, 0x0, 0x18, 0xff, 0xff, 0xf0,
    0x0, 0x0, 0x2a, 0xff, 0xff, 0xfd, 0x50, 0x0,
    0x3b, 0xff, 0xff, 0xfd, 0x50, 0x0, 0xa, 0xff,
    0xff, 0xfc, 0x40, 0x0, 0x0, 0xd, 0xff, 0xfa,
    0x30, 0x0, 0x0, 0x0, 0x5, 0xf9, 0x20, 0x0,
    0x0, 0x0, 0x0, 0x0, 0x0, 0x0, 0x0, 0x0,
    0x0, 0x0,

    /* U+F532 "" */
    0x0, 0x30, 0x0, 0x0, 0x0, 0x0, 0x0, 0x9,
    0xfe, 0x82, 0x0, 0x0, 0x0, 0x0, 0xe, 0xff,
    0xff, 0xc5, 0x0, 0x0, 0x0, 0x6, 0xef, 0xff,
    0xff, 0xe9, 0x20, 0x0, 0x0, 0x4, 0xaf, 0xff,
    0xff, 0xfc, 0x40, 0x0, 0x0, 0x1, 0x7f, 0xff,
    0xff, 0xf0, 0x0, 0x0, 0x39, 0xff, 0xff, 0xff,
    0xb0, 0x1, 0x7d, 0xff, 0xff, 0xff, 0x93, 0x0,
    0xd, 0xff, 0xff, 0xfc, 0x60, 0x0, 0x0, 0xc,
    0xff, 0xf9, 0x30, 0x0, 0x0, 0x0, 0x3, 0xa6,
    0x0, 0x0, 0x0, 0x0, 0x0, 0x0, 0x0, 0x0,
    0x0, 0x0, 0x0, 0x0, 0x24, 0x44, 0x44, 0x44,
    0x44, 0x44, 0x42, 0xff, 0xff, 0xff, 0xff, 0xff,
    0xff, 0xff, 0xff, 0xff, 0xff, 0xff, 0xff, 0xff,
    0xff, 0x8b, 0xbb, 0xbb, 0xbb, 0xbb, 0xbb, 0xb8,

    /* U+F533 "" */
    0x0, 0x0, 0xef, 0xff, 0xff, 0xff, 0xff, 0xff,
    0xff, 0x0, 0x0, 0x0, 0xe, 0xff, 0xff, 0xff,
    0xff, 0xff, 0xff, 0xf0, 0x0, 0xdf, 0x60, 0x0,
    0x0, 0x0, 0xff, 0x0, 0x0, 0x0, 0x0, 0xb,
    0xff, 0x30, 0x0, 0x0, 0xf, 0xf0, 0x0, 0x0,
    0x0, 0x0, 0x6f, 0xff, 0xff, 0xff, 0xff, 0xff,
    0xfd, 0x81, 0x0, 0x0, 0x1, 0xff, 0xff, 0xff,
    0xff, 0xff, 0xff, 0xff, 0xf5, 0x0, 0x0, 0x3,
    0x9f, 0xff, 0xff, 0xff, 0xff, 0xf5, 0xbf, 0xf5,
    0x0, 0x0, 0x0, 0x6, 0xcf, 0xff, 0xff, 0xff,
    0x0, 0x7f, 0xf1, 0x0, 0x0, 0x0, 0x0, 0x9f,
    0xff, 0xff, 0xf0, 0x0, 0xbf, 0x90, 0x0, 0x0,
    0x0, 0x0, 0xdf, 0xff, 0xff, 0x0, 0x3, 0xfd,
    0x0, 0x0, 0x0, 0x0, 0x2, 0xff, 0xff, 0xff,
    0xff, 0xff, 0xf0, 0x0, 0x0, 0x0, 0x0, 0x5,
    0xff, 0xff, 0xff, 0xff, 0xfc, 0x0, 0x0, 0x0,
    0x0, 0x0, 0x0, 0x0, 0x0, 0x0, 0x0, 0x0,
    0x0, 0x0, 0x0, 0x0, 0x0, 0x0, 0x0, 0x0,
    0x0, 0x5, 0x20, 0x0, 0x0, 0x0, 0xe, 0xff,
    0xff, 0xff, 0xff, 0xff, 0xfd, 0x0, 0x0, 0x0,
    0x0, 0xef, 0xff, 0xff, 0xff, 0xff, 0xfd, 0x40,

    /* U+F534 "" */
    0x0, 0x3b, 0xef, 0xd7, 0x0, 0x0, 0x7d, 0xfe,
    0xb3, 0x0, 0x7, 0xff, 0xff, 0xff, 0xd2, 0x2d,
    0xff, 0xff, 0xff, 0x70, 0x4f, 0xff, 0xff, 0xff,
    0xfe, 0xef, 0xff, 0xff, 0xff, 0xf4, 0xbf, 0xfc,
    0x20, 0x6f, 0xff, 0xff, 0xf6, 0x2, 0xcf, 0xfb,
    0xff, 0xf2, 0x0, 0x3, 0xff, 0xff, 0x30, 0x0,
    0x2f, 0xff, 0xff, 0xf2, 0x0, 0x3, 0xff, 0xff,
    0x30, 0x0, 0x2f, 0xff, 0xbf, 0xfc, 0x20, 0x6f,
    0xff, 0xff, 0xf6, 0x2, 0xcf, 0xfb, 0x4f, 0xff,
    0xff, 0xff, 0xfe, 0xef, 0xff, 0xff, 0xff, 0xf4,
    0x7, 0xff, 0xff, 0xff, 0xd2, 0x2d, 0xff, 0xff,
    0xff, 0x70, 0x0, 0x3b, 0xef, 0xd7, 0x0, 0x0,
    0x7d, 0xfe, 0xb3, 0x0,

    /* U+F535 "" */
    0x0, 0x0, 0x1, 0x10, 0x0, 0x0, 0x0, 0x0,
    0x0, 0x0, 0x0, 0x8e, 0xff, 0xe8, 0x10, 0x0,
    0x0, 0x0, 0x0, 0x2, 0xdf, 0xff, 0xff, 0xfe,
    0x70, 0x0, 0x0, 0x0, 0x1, 0xef, 0xff, 0xff,
    0xff, 0xff, 0xfc, 0xa9, 0x60, 0x0, 0x7f, 0xff,
    0xff, 0xff, 0xff, 0xff, 0xff, 0xff, 0xd1, 0xc,
    0xff, 0xff, 0xff, 0xff, 0xff, 0xff, 0xff, 0xff,
    0xa0, 0xef, 0xff, 0xff, 0xff, 0xff, 0xff, 0xfe,
    0x4e, 0xff, 0xe, 0xff, 0xff, 0xff, 0xff, 0xff,
    0xff, 0xe4, 0xef, 0xf0, 0xcf, 0xff, 0xff, 0xff,
    0xff, 0xff, 0xff, 0xff, 0xff, 0x6, 0xff, 0xff,
    0xff, 0xff, 0xff, 0xff, 0xff, 0xfd, 0xf0, 0xc,
    0xff, 0xff, 0xff, 0xff, 0xff, 0xca, 0xaf, 0xf,
    0x0, 0x2d, 0xff, 0xff, 0xff, 0xf7, 0x10, 0x0,
    0xb6, 0xf0, 0x0, 0xf, 0xff, 0xff, 0x81, 0x0,
    0x0, 0x3, 0xef, 0x0, 0x0, 0xf8, 0x8, 0xf0,
    0x0, 0x0, 0x0, 0xa, 0xf0, 0x0, 0xf, 0x80,
    0x7f, 0x0, 0x0, 0x0, 0x0, 0x2f, 0x0, 0x0,
    0x10, 0x0, 0x10, 0x0, 0x0, 0x0, 0x0, 0x0,

    /* U+F536 "" */
    0x0, 0x0, 0x0, 0x0, 0x0, 0x0, 0x0, 0x0,
    0x0, 0x0, 0x2, 0x9f, 0x50, 0x0, 0x0, 0x0,
    0x3a, 0xff, 0xfe, 0x0, 0x0, 0x4, 0xbf, 0xff,
    0xff, 0xa0, 0x0, 0x5c, 0xff, 0xff, 0xfb, 0x40,
    0x5, 0xdf, 0xff, 0xff, 0xa2, 0x0, 0x0, 0xff,
    0xff, 0xf9, 0x20, 0x0, 0x0, 0xf, 0xff, 0xff,
    0x91, 0x0, 0x0, 0x0, 0x5d, 0xff, 0xff, 0xfa,
    0x20, 0x0, 0x0, 0x5, 0xcf, 0xff, 0xff, 0xb3,
    0x0, 0x0, 0x0, 0x4b, 0xff, 0xff, 0xfb, 0x0,
    0x0, 0x0, 0x3, 0xaf, 0xff, 0xe0, 0x0, 0x0,
    0x0, 0x0, 0x29, 0xf5, 0x0, 0x0, 0x0, 0x0,
    0x0, 0x0, 0x0,

    /* U+F537 "" */
    0x0, 0x0, 0x0, 0x0, 0x0, 0x3, 0x0, 0x0,
    0x0, 0x0, 0x0, 0x28, 0xef, 0x90, 0x0, 0x0,
    0x0, 0x5c, 0xff, 0xff, 0xe0, 0x0, 0x2, 0x9e,
    0xff, 0xff, 0xfe, 0x60, 0x4, 0xcf, 0xff, 0xff,
    0xfa, 0x40, 0x0, 0xf, 0xff, 0xff, 0xf7, 0x10,
    0x0, 0x0, 0xb, 0xff, 0xff, 0xff, 0x93, 0x0,
    0x0, 0x0, 0x39, 0xff, 0xff, 0xff, 0xd7, 0x10,
    0x0, 0x0, 0x6, 0xdf, 0xff, 0xff, 0xd0, 0x0,
    0x0, 0x0, 0x3, 0x9f, 0xff, 0xc0, 0x0, 0x0,
    0x0, 0x0, 0x0, 0x6a, 0x30, 0x0, 0x0, 0x0,
    0x0, 0x0, 0x0, 0x0, 0x24, 0x44, 0x44, 0x44,
    0x44, 0x44, 0x42, 0xff, 0xff, 0xff, 0xff, 0xff,
    0xff, 0xff, 0xff, 0xff, 0xff, 0xff, 0xff, 0xff,
    0xff, 0x8b, 0xbb, 0xbb, 0xbb, 0xbb, 0xbb, 0xb8,

    /* U+F538 "" */
    0xcf, 0xff, 0xff, 0xff, 0xff, 0xff, 0xff, 0xff,
    0xff, 0xfc, 0xff, 0xff, 0xff, 0xff, 0xff, 0xff,
    0xff, 0xff, 0xff, 0xff, 0x8f, 0xff, 0xf0, 0xf,
    0xf0, 0xf, 0xf0, 0xf, 0xff, 0xf8, 0xf, 0xff,
    0xf0, 0xf, 0xf0, 0xf, 0xf0, 0xf, 0xff, 0xf0,
    0x8f, 0xff, 0xf0, 0xf, 0xf0, 0xf, 0xf0, 0xf,
    0xff, 0xf8, 0xff, 0xff, 0xf0, 0xf, 0xf0, 0xf,
    0xf0, 0xf, 0xff, 0xff, 0xff, 0xff, 0xff, 0xff,
    0xff, 0xff, 0xff, 0xff, 0xff, 0xff, 0xff, 0xff,
    0xff, 0xff, 0xff, 0xff, 0xff, 0xff, 0xff, 0xff,
    0x0, 0x0, 0x0, 0x0, 0x0, 0x0, 0x0, 0x0,
    0x0, 0x0, 0xff, 0xff, 0xff, 0xff, 0xff, 0xff,
    0xff, 0xff, 0xff, 0xff, 0xff, 0xcf, 0xff, 0xfc,
    0xff, 0xff, 0xcf, 0xff, 0xfc, 0xff, 0xff, 0xf,
    0xff, 0xf0, 0xff, 0xff, 0xf, 0xff, 0xf0, 0xff,

    /* U+F539 "" */
    0x0, 0x0, 0x0, 0x0, 0x0, 0x0, 0x0, 0x0,
    0x0, 0x0, 0x0, 0x7, 0xc2, 0x0, 0x0, 0x8,
    0xee, 0x80, 0x0, 0x0, 0x0, 0x0, 0xc, 0xff,
    0x50, 0x0, 0x8f, 0xff, 0xf9, 0x0, 0x0, 0x0,
    0x0, 0x0, 0xaf, 0xf8, 0x0, 0xef, 0xff, 0xfe,
    0x0, 0x0, 0x0, 0x0, 0x0, 0x7, 0xff, 0xc1,
    0xff, 0xf1, 0x0, 0x0, 0x0, 0x0, 0x0, 0x0,
    0x0, 0x3e, 0xfe, 0xff, 0xff, 0xff, 0x0, 0x0,
    0x0, 0x0, 0x0, 0x0, 0x1, 0xcf, 0xff, 0xf1,
    0x0, 0x0, 0x0, 0x0, 0x0, 0x0, 0x0, 0x0,
    0x8, 0xff, 0xff, 0xff, 0xe, 0x70, 0x0, 0x0,
    0x0, 0x0, 0x2, 0x0, 0x5f, 0xfd, 0x20, 0xf,
    0x80, 0x0, 0x0, 0x0, 0x0, 0x6, 0xb0, 0x2,
    0xdf, 0xff, 0xf, 0x70, 0x0, 0x0, 0x0, 0x0,
    0x3, 0xf6, 0x0, 0xa, 0xff, 0xbf, 0x40, 0x0,
    0x0, 0x0, 0x0, 0x0, 0xce, 0x10, 0x0, 0x6f,
    0xff, 0x20, 0x0, 0x0, 0x0, 0x0, 0x0, 0x2e,
    0xe5, 0x10, 0x3, 0xef, 0xe4, 0x0, 0x0, 0x0,
    0x0, 0x0, 0x2, 0xdf, 0xfd, 0x20, 0x1b, 0xff,
    0x70, 0x0, 0x0, 0x0, 0x0, 0x0, 0x3, 0xdd,
    0x30, 0x0, 0x7f, 0xfb, 0x10, 0x0, 0x0, 0x0,
    0x0, 0x68, 0xde, 0x87, 0x0, 0x4, 0xef, 0xd0,
    0x0, 0x0, 0x0, 0x0, 0xef, 0xff, 0xff, 0x0,
    0x0, 0x1c, 0x80, 0x0, 0x0, 0x0, 0x0, 0x0,
    0x0, 0x0, 0x0, 0x0, 0x0, 0x0,

    /* U+F53A "" */
    0x0, 0x0, 0x0, 0x0, 0x0, 0x26, 0x9c, 0xef,
    0xed, 0x93, 0x56, 0x31, 0x12, 0x47, 0xae, 0xff,
    0xff, 0xff, 0xeb, 0xff, 0xff, 0xff, 0xff, 0xff,
    0xff, 0xff, 0xff, 0xff, 0xf1, 0x8f, 0xf9, 0x4c,
    0xff, 0xff, 0xff, 0xff, 0xff, 0xff, 0xfe, 0xcf,
    0xf8, 0x4f, 0xff, 0xff, 0xa1, 0x1a, 0xff, 0xff,
    0xff, 0xff, 0xff, 0xff, 0xff, 0xfd, 0x0, 0x0,
    0xdf, 0xff, 0xff, 0xff, 0xff, 0xff, 0xff, 0xf9,
    0x0, 0x0, 0x9f, 0xff, 0xff, 0xff, 0xff, 0xff,
    0xff, 0xf9, 0x0, 0x0, 0x9f, 0xff, 0xff, 0xff,
    0xff, 0xff, 0xff, 0xfd, 0x0, 0x0, 0xdf, 0xff,
    0xff, 0xff, 0xff, 0xff, 0xff, 0xff, 0xa1, 0x1a,
    0xff, 0xff, 0xf8, 0x9f, 0xfc, 0xdf, 0xff, 0xff,
    0xff, 0xff, 0xff, 0xff, 0xf4, 0x9f, 0xf8, 0xd,
    0xff, 0xff, 0xff, 0xff, 0xff, 0xff, 0xff, 0xff,
    0xff, 0xbd, 0xff, 0xff, 0xff, 0xea, 0x74, 0x21,
    0x13, 0x65, 0x39, 0xde, 0xfe, 0xc9, 0x62, 0x0,
    0x0, 0x0, 0x0, 0x0,

    /* U+F53B "" */
    0x0, 0x0, 0x0, 0x0, 0x0, 0x26, 0x9c, 0xef,
    0xed, 0x93, 0x56, 0x31, 0x12, 0x47, 0xae, 0xff,
    0xff, 0xff, 0xff, 0xff, 0xff, 0xff, 0xff, 0xff,
    0xff, 0xff, 0xff, 0xff, 0xff, 0xff, 0xff, 0xff,
    0xff, 0xff, 0xff, 0xff, 0xff, 0xff, 0xff, 0xff,
    0xff, 0xff, 0xff, 0xff, 0xa1, 0x1a, 0xff, 0xff,
    0xff, 0xff, 0xff, 0xff, 0xff, 0xfd, 0x0, 0x0,
    0xdf, 0xff, 0xff, 0xff, 0xff, 0xff, 0xff, 0xf9,
    0x0, 0x0, 0x9f, 0xff, 0xff, 0xff, 0xff, 0xff,
    0xff, 0xf9, 0x0, 0x0, 0x9f, 0xff, 0xff, 0xff,
    0xff, 0xff, 0xff, 0xfd, 0x0, 0x0, 0xdf, 0xff,
    0xff, 0xff, 0xff, 0xff, 0xff, 0xff, 0xa1, 0x1a,
    0xff, 0xff, 0xff, 0xff, 0xff, 0xff, 0xff, 0xff,
    0xff, 0xff, 0xff, 0xff, 0xff, 0xff, 0xff, 0xff,
    0xff, 0xff, 0xff, 0xff, 0xff, 0xff, 0xff, 0xff,
    0xff, 0xff, 0xff, 0xff, 0xff, 0xea, 0x74, 0x21,
    0x13, 0x65, 0x39, 0xde, 0xfe, 0xc9, 0x62, 0x0,
    0x0, 0x0, 0x0, 0x0,

    /* U+F53C "" */
    0xef, 0xff, 0xff, 0xff, 0xff, 0xff, 0xff, 0xff,
    0xff, 0xfe, 0xff, 0xff, 0xff, 0xff, 0xff, 0xff,
    0xff, 0xff, 0xff, 0xff, 0x0, 0x0, 0x0, 0x0,
    0x0, 0x0, 0x0, 0x0, 0x0, 0x0, 0xff, 0xff,
    0xff, 0xff, 0xff, 0xff, 0xff, 0xff, 0xff, 0xff,
    0xff, 0xff, 0xff, 0xff, 0xff, 0xff, 0xff, 0xff,
    0xff, 0xff, 0xff, 0xff, 0xff, 0xff, 0xff, 0xff,
    0xff, 0xff, 0xff, 0xff, 0xff, 0xff, 0xff, 0xff,
    0xff, 0xff, 0xff, 0x10, 0x1, 0xff, 0xff, 0x0,
    0x0, 0x0, 0x0, 0x1, 0xff, 0x10, 0x1, 0xff,
    0xff, 0xff, 0xff, 0xff, 0xff, 0xff, 0xff, 0xff,
    0xff, 0xff, 0xff, 0xff, 0xff, 0xff, 0xff, 0xff,
    0xff, 0xff, 0xff, 0xff, 0xff, 0x0, 0x0, 0x1,
    0xff, 0xff, 0xff, 0x0, 0x1, 0xff, 0xff, 0xff,
    0xff, 0xff, 0xff, 0xff, 0xff, 0xff, 0xff, 0xff,
    0xff, 0xff, 0xff, 0xff, 0xff, 0xff, 0xff, 0xff,
    0xff, 0xff, 0xcf, 0xff, 0xff, 0xff, 0xff, 0xff,
    0xff, 0xff, 0xff, 0xfc,

    /* U+F53D "" */
    0xcf, 0xff, 0xff, 0xff, 0xff, 0xff, 0xff, 0xff,
    0xff, 0xfc, 0xff, 0xff, 0xff, 0xff, 0xff, 0xff,
    0xff, 0xff, 0xff, 0xff, 0xff, 0xff, 0xff, 0xff,
    0xff, 0xff, 0xff, 0xff, 0xff, 0xff, 0xff, 0xff,
    0xcc, 0xff, 0xff, 0xff, 0xff, 0xff, 0xff, 0xff,
    0xff, 0xfc, 0x22, 0xbf, 0xff, 0xff, 0xff, 0xff,
    0xff, 0xff, 0xff, 0xf3, 0x9b, 0xef, 0xf0, 0x0,
    0x0, 0x0, 0x1, 0xff, 0xff, 0xf8, 0x16, 0xef,
    0xff, 0xff, 0xff, 0xff, 0xff, 0xff, 0xff, 0xff,
    0xd7, 0x3f, 0xff, 0xff, 0xff, 0xff, 0xff, 0xff,
    0xff, 0xfa, 0x32, 0x6f, 0xf0, 0x0, 0x1f, 0xf0,
    0x1, 0xff, 0xff, 0xff, 0x66, 0xff, 0xff, 0xff,
    0xff, 0xff, 0xff, 0xff, 0xff, 0xff, 0xff, 0xff,
    0xff, 0xff, 0xff, 0xff, 0xff, 0xff, 0xff, 0xff,
    0xff, 0xff, 0xff, 0xff, 0xff, 0xff, 0xff, 0xff,
    0xff, 0xff, 0xff, 0xff, 0xff, 0xff, 0xff, 0xff,
    0xff, 0xff, 0xcf, 0xff, 0xff, 0xff, 0xff, 0xff,
    0xff, 0xff, 0xff, 0xfc,

    /* U+F53E "" */
    0x0, 0x0, 0x0, 0x0, 0x0, 0x0, 0xa4, 0x0,
    0x0, 0x0, 0x0, 0x0, 0x0, 0x9f, 0xd0, 0x0,
    0x0, 0x0, 0x0, 0x0, 0x5f, 0xf3, 0x1, 0x44,
    0x44, 0x44, 0x44, 0x5f, 0xfa, 0x10, 0xef, 0xff,
    0xff, 0xff, 0xff, 0xff, 0xfe, 0xf, 0xff, 0xff,
    0xff, 0xff, 0xff, 0xff, 0xf0, 0x7b, 0xbb, 0xbb,
    0xbe, 0xff, 0xbb, 0xb7, 0x0, 0x0, 0x0, 0x3,
    0xff, 0x50, 0x0, 0x0, 0x0, 0x0, 0x1, 0xef,
    0x80, 0x0, 0x0, 0x1, 0x44, 0x44, 0xcf, 0xe4,
    0x44, 0x44, 0x10, 0xef, 0xff, 0xff, 0xff, 0xff,
    0xff, 0xfe, 0xf, 0xff, 0xff, 0xff, 0xff, 0xff,
    0xff, 0xf0, 0x7b, 0xdf, 0xfc, 0xbb, 0xbb, 0xbb,
    0xb7, 0x0, 0xd, 0xfa, 0x0, 0x0, 0x0, 0x0,
    0x0, 0xa, 0xfd, 0x0, 0x0, 0x0, 0x0, 0x0,
    0x0, 0xbf, 0x20, 0x0, 0x0, 0x0, 0x0, 0x0,
    0x0, 0x10, 0x0, 0x0, 0x0, 0x0, 0x0, 0x0,

    /* U+F53F "" */
    0x0, 0x0, 0x0, 0x0, 0x0, 0x0, 0x0, 0x0,
    0x0, 0x0, 0x0, 0x2, 0x9d, 0xff, 0xd9, 0x30,
    0x0, 0x0, 0x0, 0x0, 0x9f, 0xff, 0xff, 0xff,
    0xfa, 0x0, 0x0, 0x0, 0xb, 0xff, 0xff, 0x43,
    0xff, 0xff, 0xc0, 0x0, 0x0, 0x9f, 0xff, 0xff,
    0x43, 0xff, 0xff, 0xfa, 0x0, 0x2, 0xff, 0x43,
    0xff, 0xff, 0xff, 0x43, 0xff, 0x30, 0x9, 0xff,
    0x43, 0xff, 0xff, 0xff, 0x43, 0xff, 0xa0, 0xd,
    0xff, 0xff, 0xff, 0xff, 0xff, 0xff, 0xff, 0xe0,
    0xf, 0xff, 0xff, 0xff, 0xff, 0xff, 0xff, 0xff,
    0xf0, 0xe, 0xf4, 0x3f, 0xff, 0xff, 0xff, 0xff,
    0xff, 0xe0, 0xc, 0xf4, 0x3f, 0xff, 0xff, 0xff,
    0xff, 0xfe, 0x40, 0x8, 0xff, 0xff, 0xff, 0xff,
    0xf5, 0x0, 0x0, 0x0, 0x1, 0xff, 0xff, 0xff,
    0xff, 0x70, 0x0, 0x0, 0x0, 0x0, 0x8f, 0xff,
    0xff, 0xff, 0x60, 0x0, 0x0, 0x0, 0x0, 0xb,
    0xff, 0xff, 0xff, 0xb0, 0x0, 0x0, 0x0, 0x0,
    0x0, 0x8f, 0xff, 0xff, 0xb0, 0x0, 0x0, 0x0,
    0x0, 0x0, 0x2, 0x9d, 0xfd, 0x30, 0x0, 0x0,
    0x0, 0x0, 0x0, 0x0, 0x0, 0x0, 0x0, 0x0,
    0x0, 0x0,

    /* U+F540 "" */
    0x8f, 0xff, 0xff, 0xff, 0xff, 0xff, 0xf8, 0xff,
    0xff, 0xff, 0xff, 0xff, 0xff, 0xff, 0xff, 0xff,
    0xff, 0xff, 0xff, 0xff, 0xff, 0xff, 0xff, 0x10,
    0x0, 0x3c, 0xff, 0xff, 0xff, 0xff, 0x0, 0x0,
    0x1, 0xef, 0xff, 0xff, 0xff, 0x0, 0xff, 0x40,
    0x9f, 0xff, 0xff, 0xff, 0x0, 0xff, 0x40, 0x9f,
    0xff, 0xff, 0xff, 0x0, 0x0, 0x0, 0xef, 0xff,
    0xff, 0xff, 0x0, 0x0, 0x3c, 0xff, 0xff, 0xff,
    0xff, 0x0, 0xff, 0xff, 0xff, 0xff, 0xff, 0xff,
    0x11, 0xff, 0xff, 0xff, 0xff, 0xff, 0xff, 0xff,
    0xff, 0xff, 0xff, 0xff, 0xff, 0xff, 0xff, 0xff,
    0xff, 0xff, 0xff, 0x8f, 0xff, 0xff, 0xff, 0xff,
    0xff, 0xf8,

    /* U+F541 "" */
    0x4e, 0xe5, 0x0, 0x0, 0x7, 0x60, 0xd, 0xff,
    0xe0, 0x0, 0x9, 0xff, 0x70, 0xdf, 0xfe, 0x0,
    0x9, 0xff, 0xf8, 0x4, 0xee, 0x50, 0x9, 0xff,
    0xfa, 0x0, 0x0, 0x0, 0x9, 0xff, 0xfa, 0x0,
    0x0, 0x0, 0x9, 0xff, 0xfa, 0x0, 0x0, 0x0,
    0x9, 0xff, 0xfa, 0x0, 0x0, 0x0, 0x9, 0xff,
    0xfa, 0x0, 0x0, 0x0, 0x9, 0xff, 0xfa, 0x0,
    0x4e, 0xe5, 0x7, 0xff, 0xfa, 0x0, 0xd, 0xff,
    0xe0, 0x6f, 0xfa, 0x0, 0x0, 0xdf, 0xfe, 0x0,
    0x67, 0x0, 0x0, 0x4, 0xee, 0x50,

    /* U+F542 "" */
    0xcf, 0xff, 0xfc, 0x0, 0x0, 0x0, 0x0, 0xcf,
    0xff, 0xfc, 0xff, 0xff, 0xff, 0x0, 0x0, 0x0,
    0x0, 0xff, 0xff, 0xff, 0xff, 0xff, 0xff, 0xff,
    0xff, 0xff, 0xf0, 0xff, 0xff, 0xff, 0xff, 0xff,
    0xff, 0xff, 0xff, 0xff, 0xf0, 0xff, 0xff, 0xff,
    0xff, 0xff, 0xff, 0x0, 0x0, 0x0, 0x0, 0xff,
    0xff, 0xff, 0xcf, 0xff, 0xff, 0x10, 0x0, 0x0,
    0x0, 0xcf, 0xff, 0xfc, 0x0, 0x0, 0xbf, 0x90,
    0x0, 0x0, 0x0, 0x0, 0x0, 0x0, 0x0, 0x0,
    0x2f, 0xf2, 0x0, 0x0, 0x0, 0x0, 0x0, 0x0,
    0x0, 0x0, 0x9, 0xfb, 0x0, 0x0, 0x0, 0x0,
    0x0, 0x0, 0x0, 0x0, 0x1, 0xa2, 0x0, 0x0,
    0x0, 0x0, 0x0, 0x0, 0x0, 0x0, 0x0, 0xc,
    0xff, 0xff, 0xc0, 0x0, 0x0, 0x0, 0x0, 0x0,
    0x0, 0xf, 0xff, 0xff, 0xf0, 0x0, 0x0, 0x0,
    0x0, 0x0, 0x0, 0xf, 0xff, 0xff, 0xf0, 0x0,
    0x0, 0x0, 0x0, 0x0, 0x0, 0xf, 0xff, 0xff,
    0xf0, 0x0, 0x0, 0x0, 0x0, 0x0, 0x0, 0xf,
    0xff, 0xff, 0xf0, 0x0, 0x0, 0x0, 0x0, 0x0,
    0x0, 0xc, 0xff, 0xff, 0xc0, 0x0, 0x0, 0x0,

    /* U+F543 "" */
    0x0, 0x0, 0x0, 0x0, 0x0, 0x0, 0xe3, 0x1b,
    0xb1, 0x1b, 0xb1, 0x3e, 0xfe, 0xdf, 0xfd, 0xdf,
    0xfd, 0xef, 0xff, 0xff, 0xff, 0xff, 0xff, 0xff,
    0xff, 0xff, 0xff, 0xff, 0xff, 0xff, 0xff, 0x88,
    0x88, 0x88, 0x88, 0xff, 0xff, 0x44, 0x44, 0x44,
    0x44, 0xff, 0xff, 0xff, 0xff, 0xff, 0xff, 0xff,
    0xff, 0xcb, 0xbb, 0xbb, 0xbc, 0xff, 0xff, 0x54,
    0x44, 0x44, 0x44, 0xff, 0xff, 0xff, 0xff, 0xff,
    0xff, 0xff, 0xff, 0xbb, 0xbb, 0xbb, 0xbb, 0xff,
    0xff, 0x88, 0x88, 0x88, 0x88, 0xff, 0xff, 0xff,
    0xff, 0xff, 0xff, 0xff, 0xff, 0xff, 0xff, 0xff,
    0xff, 0xff, 0xfe, 0xdf, 0xfd, 0xdf, 0xfd, 0xef,
    0xe3, 0x1b, 0xb1, 0x1b, 0xb1, 0x3e, 0x0, 0x0,
    0x0, 0x0, 0x0, 0x0,

    /* U+F544 "" */
    0x0, 0x0, 0x0, 0x0, 0xb, 0xc0, 0x0, 0x0,
    0x0, 0x0, 0x0, 0x0, 0x0, 0x0, 0x0, 0xff,
    0x0, 0x0, 0x0, 0x0, 0x0, 0x0, 0x0, 0x0,
    0x0, 0xf, 0xf0, 0x0, 0x0, 0x0, 0x0, 0x0,
    0x0, 0x1b, 0xff, 0xff, 0xff, 0xff, 0xff, 0xb2,
    0x0, 0x0, 0x0, 0xb, 0xff, 0xff, 0xff, 0xff,
    0xff, 0xff, 0xc0, 0x0, 0x0, 0x0, 0xff, 0xff,
    0xff, 0xff, 0xff, 0xff, 0xff, 0x0, 0x0, 0x0,
    0xf, 0xff, 0xed, 0xff, 0xff, 0xed, 0xff, 0xf0,
    0x0, 0xb, 0xf0, 0xff, 0xe0, 0xd, 0xff, 0xe0,
    0xd, 0xff, 0xf, 0xc0, 0xff, 0xf, 0xfe, 0x0,
    0xdf, 0xfe, 0x0, 0xdf, 0xf0, 0xff, 0xf, 0xf0,
    0xff, 0xfe, 0xdf, 0xff, 0xfe, 0xdf, 0xff, 0xf,
    0xf0, 0xff, 0xf, 0xff, 0xff, 0xff, 0xff, 0xff,
    0xff, 0xf0, 0xff, 0xf, 0xf0, 0xff, 0xff, 0xff,
    0xff, 0xff, 0xff, 0xff, 0xf, 0xf0, 0xbf, 0xf,
    0xff, 0x0, 0xf0, 0xf, 0x0, 0xff, 0xf0, 0xfc,
    0x0, 0x0, 0xff, 0xff, 0xff, 0xff, 0xff, 0xff,
    0xff, 0x0, 0x0, 0x0, 0xd, 0xff, 0xff, 0xff,
    0xff, 0xff, 0xff, 0xe0, 0x0, 0x0, 0x0, 0x4e,
    0xff, 0xff, 0xff, 0xff, 0xff, 0xe4, 0x0, 0x0,

    /* U+F545 "" */
    0x0, 0x0, 0x0, 0x0, 0x0, 0x0, 0x0, 0x0,
    0x17, 0x10, 0x0, 0x0, 0x0, 0x0, 0x0, 0x0,
    0x0, 0x0, 0x7, 0xff, 0xb0, 0x0, 0x0, 0x0,
    0x0, 0x0, 0x0, 0x0, 0x5, 0x2b, 0xff, 0xf4,
    0x0, 0x0, 0x0, 0x0, 0x0, 0x0, 0x0, 0x7f,
    0xb2, 0xff, 0xfd, 0x0, 0x0, 0x0, 0x0, 0x0,
    0x1, 0xad, 0x1e, 0xf4, 0x8f, 0xff, 0x70, 0x0,
    0x0, 0x0, 0x0, 0x71, 0xdf, 0xcf, 0xfd, 0x9f,
    0xff, 0xf0, 0x0, 0x0, 0x0, 0x1a, 0xf8, 0x4f,
    0xff, 0xff, 0xff, 0xff, 0x70, 0x0, 0x0, 0x2c,
    0xb2, 0xff, 0x2a, 0xff, 0xff, 0xff, 0xb2, 0x0,
    0x0, 0x29, 0x1e, 0xfc, 0xff, 0xcb, 0xff, 0xff,
    0xd4, 0x0, 0x0, 0x7, 0xff, 0x76, 0xff, 0xff,
    0xff, 0xff, 0xe6, 0x0, 0x0, 0x0, 0xe, 0xff,
    0xf1, 0xdf, 0xff, 0xff, 0xf8, 0x10, 0x0, 0x0,
    0x0, 0x6, 0xff, 0xfc, 0xef, 0xff, 0xfb, 0x20,
    0x0, 0x0, 0x0, 0x0, 0x0, 0xdf, 0xff, 0xff,
    0xfc, 0x40, 0x0, 0x0, 0x0, 0x0, 0x0, 0x0,
    0x3f, 0xff, 0xfe, 0x60, 0x0, 0x0, 0x0, 0x0,
    0x0, 0x0, 0x0, 0xa, 0xff, 0x80, 0x0, 0x0,
    0x0, 0x0, 0x0, 0x0, 0x0, 0x0, 0x1, 0x71,
    0x0, 0x0, 0x0, 0x0, 0x0, 0x0, 0x0, 0x0,

    /* U+F546 "" */
    0xcf, 0xff, 0xc0, 0x0, 0x0, 0x0, 0x0, 0x0,
    0xff, 0xff, 0xf0, 0x0, 0x0, 0x0, 0x0, 0x0,
    0xff, 0xf0, 0x0, 0x0, 0x0, 0x0, 0x0, 0x0,
    0xff, 0xff, 0xf0, 0x0, 0x0, 0x0, 0x0, 0x0,
    0xff, 0xff, 0xf0, 0x0, 0x0, 0x0, 0x0, 0x0,
    0xff, 0xf0, 0x0, 0x0, 0x0, 0x0, 0x0, 0x0,
    0xff, 0xff, 0xf0, 0x0, 0x0, 0x0, 0x0, 0x0,
    0xff, 0xff, 0xf0, 0x0, 0x0, 0x0, 0x0, 0x0,
    0xff, 0xf0, 0x0, 0x0, 0x0, 0x0, 0x0, 0x0,
    0xff, 0xff, 0xf0, 0x0, 0x0, 0x0, 0x0, 0x0,
    0xff, 0xff, 0xb0, 0x0, 0x0, 0x0, 0x0, 0x0,
    0xff, 0xfb, 0x1b, 0xf0, 0xff, 0xf, 0xf0, 0xfc,
    0xff, 0xc1, 0xbf, 0xf0, 0xff, 0xf, 0xf0, 0xff,
    0xfc, 0x1c, 0xff, 0xff, 0xff, 0xff, 0xff, 0xff,
    0xc1, 0xcf, 0xff, 0xff, 0xff, 0xff, 0xff, 0xff,
    0x1c, 0xff, 0xff, 0xff, 0xff, 0xff, 0xff, 0xfc,

    /* U+F547 "" */
    0xcf, 0x8b, 0xf4, 0xbf, 0x4b, 0xf4, 0xbf, 0x48,
    0xfc, 0xff, 0x8b, 0xf4, 0xbf, 0x4b, 0xf4, 0xbf,
    0x48, 0xff, 0xff, 0x8b, 0xf5, 0xcf, 0x5c, 0xf5,
    0xcf, 0x48, 0xff, 0xff, 0xff, 0xff, 0xff, 0xff,
    0xff, 0xff, 0xff, 0xff, 0xff, 0xff, 0xff, 0xff,
    0xff, 0xff, 0xff, 0xff, 0xff, 0xff, 0xff, 0xff,
    0xff, 0xff, 0xff, 0xff, 0xff, 0xff, 0xff, 0xff,
    0xff, 0xff, 0xff, 0xff, 0xff, 0xff, 0xff, 0xcf,
    0xff, 0xff, 0xff, 0xff, 0xff, 0xff, 0xff, 0xfc,

    /* U+F548 "" */
    0xcf, 0xff, 0xff, 0xfc, 0xff, 0xff, 0xff, 0xff,
    0xff, 0xff, 0xff, 0xff, 0xff, 0xff, 0xf0, 0x0,
    0xff, 0xff, 0xff, 0xff, 0xff, 0xff, 0xff, 0xff,
    0xff, 0xff, 0xf0, 0x0, 0xff, 0xff, 0xff, 0xff,
    0xff, 0xff, 0xff, 0xff, 0xff, 0xff, 0xf0, 0x0,
    0xff, 0xff, 0xff, 0xff, 0xff, 0xff, 0xff, 0xff,
    0xff, 0xff, 0xf0, 0x0, 0xff, 0xff, 0xff, 0xff,
    0xff, 0xff, 0xff, 0xff, 0xcf, 0xff, 0xff, 0xfc,

    /* U+F549 "" */
    0x0, 0x0, 0x0, 0x0, 0x3d, 0xd3, 0x0, 0x0,
    0x0, 0x0, 0x0, 0x0, 0x0, 0x8, 0xff, 0xff,
    0x80, 0x0, 0x0, 0x0, 0x0, 0x0, 0x3, 0xdf,
    0xff, 0xff, 0xfd, 0x30, 0x0, 0x0, 0x0, 0x0,
    0x7f, 0xff, 0x91, 0x19, 0xff, 0xf7, 0x0, 0x0,
    0x0, 0x0, 0xff, 0xfc, 0xb, 0x30, 0xcf, 0xff,
    0x0, 0x0, 0x0, 0x0, 0xff, 0xf8, 0xb, 0xa1,
    0x8f, 0xff, 0x0, 0x0, 0xcf, 0xf0, 0xff, 0xfc,
    0x5, 0x81, 0xcf, 0xff, 0xf, 0xfc, 0xff, 0xf0,
    0xff, 0xff, 0x91, 0x19, 0xff, 0xff, 0xf, 0xff,
    0xff, 0xf0, 0xff, 0xff, 0xff, 0xff, 0xff, 0xff,
    0xf, 0xff, 0xff, 0xf0, 0xff, 0xff, 0xff, 0xff,
    0xff, 0xff, 0xf, 0xff, 0xff, 0xf0, 0xff, 0xff,
    0xff, 0xff, 0xff, 0xff, 0xf, 0xff, 0xff, 0xf0,
    0xff, 0xff, 0x10, 0x1, 0xff, 0xff, 0xf, 0xff,
    0xff, 0xf0, 0xff, 0xff, 0x0, 0x0, 0xff, 0xff,
    0xf, 0xff, 0xff, 0xf0, 0xff, 0xff, 0x0, 0x0,
    0xff, 0xff, 0xf, 0xff, 0xff, 0xf0, 0xff, 0xff,
    0x0, 0x0, 0xff, 0xff, 0xf, 0xff, 0xef, 0xf0,
    0xff, 0xff, 0x0, 0x0, 0xff, 0xff, 0xf, 0xfe,

    /* U+F54A "" */
    0x0, 0x0, 0x0, 0x0, 0x0, 0x0, 0x9, 0x80,
    0x0, 0x0, 0x0, 0x0, 0x0, 0x2, 0xdf, 0xf8,
    0x0, 0x0, 0x0, 0x0, 0x0, 0x5f, 0xff, 0xf9,
    0x0, 0x0, 0x0, 0x0, 0x0, 0xff, 0xff, 0xd0,
    0x0, 0x0, 0x0, 0x0, 0x0, 0xff, 0xff, 0x20,
    0x0, 0x0, 0x0, 0x0, 0x8, 0xff, 0xf5, 0x0,
    0x0, 0x0, 0x0, 0x0, 0x8f, 0x80, 0x0, 0x0,
    0x0, 0x0, 0x0, 0x5, 0xf8, 0x0, 0x0, 0x0,
    0x0, 0x0, 0x9e, 0xc2, 0x50, 0x0, 0x0, 0x0,
    0x0, 0xb, 0xff, 0xfc, 0x0, 0x0, 0x0, 0x0,
    0x0, 0xbf, 0xff, 0xfe, 0x0, 0x0, 0x0, 0x0,
    0xb, 0xff, 0xff, 0xf9, 0x0, 0x0, 0x0, 0x0,
    0xbf, 0xff, 0xff, 0xb0, 0x0, 0x0, 0x0, 0x0,
    0xef, 0xff, 0xfb, 0x0, 0x0, 0x0, 0x0, 0x0,
    0x3f, 0xff, 0xb0, 0x0, 0x0, 0x0, 0x0, 0x0,
    0x3, 0xeb, 0x0, 0x0, 0x0, 0x0, 0x0, 0x0,

    /* U+F54B "" */
    0x0, 0x0, 0x0, 0x0, 0x0, 0x0, 0x0, 0x0,
    0x0, 0x0, 0x0, 0x0, 0x0, 0x0, 0x26, 0xad,
    0xff, 0xeb, 0x71, 0x0, 0x0, 0x0, 0x4e, 0xf0,
    0xff, 0xff, 0xff, 0xff, 0xff, 0x70, 0x0, 0x0,
    0xef, 0xf0, 0xff, 0xff, 0xff, 0xff, 0xff, 0xf7,
    0x0, 0x0, 0xef, 0xf0, 0xff, 0xff, 0xff, 0xff,
    0xff, 0xfe, 0x0, 0x0, 0x4e, 0xf0, 0xff, 0xff,
    0xff, 0xff, 0xff, 0xfe, 0x0, 0x0, 0x0, 0x0,
    0x2, 0x8f, 0xff, 0xff, 0xff, 0xf5, 0x0, 0x0,
    0x0, 0x0, 0x0, 0x2, 0x9d, 0xfe, 0xc8, 0x20,
    0x0, 0x0, 0x0, 0x0, 0x0, 0x0, 0x0, 0x0,
    0x0, 0x0, 0x0, 0x0, 0x0, 0x0, 0x0, 0x0,
    0x0, 0x0, 0x0, 0x0, 0x0, 0x0, 0x0, 0x1,
    0x9d, 0xfe, 0xc8, 0x20, 0x0, 0x0, 0x0, 0x0,
    0x2, 0x8f, 0xff, 0xff, 0xff, 0xf5, 0x0, 0x0,
    0x4e, 0xf0, 0xff, 0xff, 0xff, 0xff, 0xff, 0xfe,
    0x0, 0x0, 0xef, 0xf0, 0xff, 0xff, 0xff, 0xff,
    0xff, 0xfe, 0x0, 0x0, 0xef, 0xf0, 0xff, 0xff,
    0xff, 0xff, 0xff, 0xf7, 0x0, 0x0, 0x4e, 0xf0,
    0xff, 0xff, 0xff, 0xff, 0xff, 0x70, 0x0, 0x0,
    0x0, 0x0, 0x26, 0xad, 0xff, 0xeb, 0x71, 0x0,
    0x0, 0x0, 0x0, 0x0, 0x0, 0x0, 0x0, 0x0,
    0x0, 0x0, 0x0, 0x0,

    /* U+F54C "" */
    0x0, 0x0, 0x4a, 0xdf, 0xfd, 0xa4, 0x0, 0x0,
    0x0, 0x2c, 0xff, 0xff, 0xff, 0xff, 0xc2, 0x0,
    0x2, 0xef, 0xff, 0xff, 0xff, 0xff, 0xfe, 0x20,
    0xd, 0xff, 0xff, 0xff, 0xff, 0xff, 0xff, 0xd0,
    0x7f, 0xff, 0xff, 0xff, 0xff, 0xff, 0xff, 0xf7,
    0xcf, 0xff, 0xff, 0xff, 0xff, 0xff, 0xff, 0xfc,
    0xff, 0xfb, 0x11, 0xbf, 0xfb, 0x11, 0xbf, 0xff,
    0xff, 0xf1, 0x0, 0x1f, 0xf1, 0x0, 0x1f, 0xfe,
    0xcf, 0xf1, 0x0, 0x1f, 0xf1, 0x0, 0x1f, 0xfc,
    0x6f, 0xfb, 0x11, 0xbf, 0xfb, 0x11, 0xbf, 0xf6,
    0xd, 0xff, 0xff, 0xff, 0xff, 0xff, 0xff, 0xd0,
    0x2, 0xef, 0xff, 0xff, 0xff, 0xff, 0xfe, 0x20,
    0x0, 0x2e, 0xff, 0xff, 0xff, 0xff, 0xe2, 0x0,
    0x0, 0xa, 0xff, 0xff, 0xff, 0xff, 0xa0, 0x0,
    0x0, 0xc, 0xff, 0x1f, 0xf1, 0xff, 0xc0, 0x0,
    0x0, 0xd, 0xff, 0xf, 0xf0, 0xff, 0xd0, 0x0,

    /* U+F54D "" */
    0x0, 0x0, 0x39, 0xdf, 0xfd, 0x93, 0x0, 0x0,
    0x0, 0x9, 0xff, 0xff, 0xff, 0xff, 0x90, 0x0,
    0x0, 0xbf, 0xf9, 0x30, 0x3, 0x9f, 0xfb, 0x0,
    0x9, 0xff, 0xd1, 0x0, 0xd4, 0x3, 0xef, 0x90,
    0x3f, 0xfd, 0xfd, 0x10, 0x4e, 0xe4, 0x3f, 0xf3,
    0x9f, 0x91, 0xdf, 0xd1, 0x0, 0x4d, 0x9, 0xf9,
    0xdf, 0x30, 0x1d, 0xfd, 0x10, 0x0, 0x3, 0xfd,
    0xff, 0xe, 0xa1, 0xdf, 0xff, 0xff, 0xe0, 0xff,
    0xff, 0xf, 0xfa, 0x1d, 0xfd, 0x10, 0xf0, 0xff,
    0xdf, 0x3e, 0xff, 0xa1, 0xdf, 0xff, 0xe3, 0xfd,
    0x9f, 0x90, 0x0, 0x0, 0x1d, 0xfd, 0x19, 0xf9,
    0x3f, 0xf3, 0x0, 0x0, 0x1, 0xdf, 0xdf, 0xf3,
    0x9, 0xfe, 0x30, 0x0, 0x0, 0x1d, 0xff, 0x90,
    0x0, 0xbf, 0xf9, 0x30, 0x3, 0x9f, 0xfb, 0x0,
    0x0, 0x9, 0xff, 0xff, 0xff, 0xff, 0x90, 0x0,
    0x0, 0x0, 0x39, 0xdf, 0xfd, 0x93, 0x0, 0x0,

    /* U+F54E "" */
    0x0, 0x4, 0xff, 0xff, 0xff, 0xff, 0xff, 0xff,
    0xfe, 0x20, 0x0, 0x0, 0xef, 0xff, 0xff, 0xff,
    0xff, 0xff, 0xff, 0xfb, 0x0, 0x0, 0x8f, 0xff,
    0xff, 0xff, 0xff, 0xff, 0xff, 0xff, 0xf5, 0x0,
    0x2f, 0xff, 0xff, 0xff, 0xff, 0xff, 0xff, 0xff,
    0xff, 0xe0, 0xa, 0xff, 0xff, 0xff, 0xff, 0xff,
    0xff, 0xff, 0xff, 0xff, 0x70, 0xbf, 0xff, 0xff,
    0xff, 0xff, 0xff, 0xff, 0xff, 0xff, 0xf8, 0x7,
    0xff, 0xff, 0xff, 0xff, 0xff, 0xff, 0xff, 0xff,
    0xff, 0x30, 0x9, 0xfe, 0x83, 0xcf, 0xd5, 0x7e,
    0xfb, 0x3a, 0xfe, 0x60, 0x0, 0x0, 0x0, 0x0,
    0x0, 0x0, 0x0, 0x0, 0x0, 0x0, 0x0, 0x2,
    0xfe, 0x0, 0x0, 0x0, 0x0, 0x0, 0x1, 0xfe,
    0x0, 0x0, 0x2f, 0xe0, 0x0, 0x0, 0x0, 0x0,
    0x0, 0x1f, 0xe0, 0x0, 0x2, 0xfe, 0x0, 0x0,
    0x0, 0x0, 0x0, 0x1, 0xfe, 0x0, 0x0, 0x2f,
    0xff, 0xff, 0xff, 0xff, 0xff, 0xff, 0xff, 0xe0,
    0x0, 0x2, 0xff, 0xff, 0xff, 0xff, 0xff, 0xff,
    0xff, 0xfe, 0x0, 0x0, 0x2f, 0xff, 0xff, 0xff,
    0xff, 0xff, 0xff, 0xff, 0xe0, 0x0, 0x0, 0xdf,
    0xff, 0xff, 0xff, 0xff, 0xff, 0xff, 0xfa, 0x0,

    /* U+F54F "" */
    0x0, 0x2, 0xef, 0xff, 0xff, 0xff, 0xff, 0xff,
    0xff, 0x30, 0x0, 0x0, 0xc, 0xff, 0xff, 0xff,
    0xff, 0xff, 0xff, 0xff, 0xd0, 0x0, 0x0, 0x7f,
    0xff, 0xff, 0xff, 0xff, 0xff, 0xff, 0xff, 0xf9,
    0x0, 0x2, 0xff, 0xff, 0xff, 0xff, 0xff, 0xff,
    0xff, 0xff, 0xff, 0x30, 0xc, 0xff, 0xff, 0xff,
    0xff, 0xff, 0xff, 0xff, 0xff, 0xff, 0xd0, 0xb,
    0xff, 0xff, 0xff, 0xff, 0xff, 0xff, 0xff, 0xff,
    0xff, 0xc0, 0x0, 0x0, 0x0, 0x0, 0x0, 0x0,
    0x0, 0x0, 0x0, 0x0, 0x0, 0x0, 0xf, 0xf0,
    0x0, 0x0, 0xf, 0xf0, 0x0, 0xf, 0xf0, 0x0,
    0x0, 0xf, 0xf0, 0x0, 0x0, 0xf, 0xf0, 0x0,
    0xf, 0xf0, 0x0, 0x0, 0xf, 0xf0, 0x0, 0x0,
    0xf, 0xf0, 0x0, 0xf, 0xf0, 0x0, 0x0, 0xf,
    0xf0, 0x0, 0x0, 0xf, 0xf0, 0x0, 0xf, 0xf0,
    0x0, 0x0, 0xf, 0xf0, 0x0, 0x0, 0xf, 0xf0,
    0x0, 0xf, 0xf0, 0x0, 0x0, 0xf, 0xff, 0xff,
    0xff, 0xff, 0xf0, 0x0, 0xf, 0xf0, 0x0, 0x0,
    0xf, 0xff, 0xff, 0xff, 0xff, 0xf0, 0x0, 0xf,
    0xf0, 0x0, 0x0, 0xf, 0xff, 0xff, 0xff, 0xff,
    0xf0, 0x0, 0xf, 0xf0, 0x0, 0x0, 0xb, 0xff,
    0xff, 0xff, 0xff, 0xc0, 0x0, 0xe, 0xf0, 0x0,

    /* U+F550 "" */
    0xef, 0xff, 0xff, 0xff, 0xff, 0xff, 0xfe, 0x0,
    0xff, 0xff, 0xff, 0xff, 0xff, 0xff, 0xff, 0x0,
    0xef, 0xff, 0xff, 0xff, 0xff, 0xff, 0xfe, 0x0,
    0x0, 0x0, 0x0, 0x0, 0x0, 0x0, 0x0, 0x0,
    0x0, 0x0, 0x0, 0x0, 0x0, 0x0, 0x0, 0x0,
    0x0, 0x34, 0x44, 0x44, 0x44, 0x44, 0x44, 0x43,
    0x0, 0xff, 0xff, 0xff, 0xff, 0xff, 0xff, 0xff,
    0x0, 0xff, 0xff, 0xff, 0xff, 0xff, 0xff, 0xff,
    0x0, 0xab, 0xbb, 0xbb, 0xbb, 0xbb, 0xbb, 0xba,
    0x0, 0x0, 0x0, 0x0, 0x0, 0x0, 0x0, 0x0,
    0x0, 0x0, 0x0, 0x0, 0x0, 0x0, 0x0, 0x0,
    0xef, 0xff, 0xff, 0xff, 0xff, 0xff, 0xfe, 0x0,
    0xff, 0xff, 0xff, 0xff, 0xff, 0xff, 0xff, 0x0,
    0xef, 0xff, 0xff, 0xff, 0xff, 0xff, 0xfe, 0x0,

    /* U+F551 "" */
    0x0, 0x0, 0x39, 0xdf, 0xfd, 0x93, 0x0, 0x0,
    0x0, 0x9, 0xff, 0xff, 0xff, 0xff, 0x90, 0x0,
    0x0, 0xbe, 0xef, 0x88, 0x88, 0xfe, 0xeb, 0x0,
    0x9, 0xe1, 0x2b, 0xe1, 0x1e, 0xb2, 0x1e, 0x90,
    0x3f, 0xe2, 0x1c, 0x82, 0x28, 0xc1, 0x2e, 0xf3,
    0x9f, 0xfb, 0xc0, 0x2e, 0xe2, 0xc, 0xbf, 0xf9,
    0xdf, 0x8e, 0x82, 0x1b, 0xb1, 0x28, 0xe8, 0xfd,
    0xff, 0x81, 0x2e, 0xb1, 0x1b, 0xe2, 0x18, 0xff,
    0xff, 0x81, 0x2e, 0xb1, 0x1b, 0xe2, 0x18, 0xff,
    0xdf, 0x8e, 0x82, 0x1b, 0xb1, 0x28, 0xe8, 0xfd,
    0x9f, 0xfb, 0xc0, 0x2e, 0xe2, 0xc, 0xbf, 0xf9,
    0x3f, 0xe2, 0x1c, 0x82, 0x28, 0xc1, 0x2e, 0xf3,
    0x9, 0xe1, 0x2b, 0xe1, 0x1e, 0xb2, 0x1e, 0x90,
    0x0, 0xbe, 0xef, 0x88, 0x88, 0xfe, 0xeb, 0x0,
    0x0, 0x9, 0xff, 0xff, 0xff, 0xff, 0x90, 0x0,
    0x0, 0x0, 0x39, 0xdf, 0xfd, 0x93, 0x0, 0x0,

    /* U+F552 "" */
    0x0, 0x0, 0x8f, 0xff, 0xff, 0xf8, 0x0, 0x0,
    0x0, 0x0, 0xff, 0xff, 0xff, 0xff, 0x0, 0x0,
    0x0, 0x0, 0xff, 0x0, 0x0, 0xff, 0x0, 0x0,
    0x0, 0x0, 0xff, 0x0, 0x0, 0xff, 0x0, 0x0,
    0x7, 0xff, 0xff, 0xff, 0xff, 0xff, 0xff, 0x70,
    0x7f, 0xff, 0xff, 0xff, 0xff, 0xff, 0xff, 0xf7,
    0xff, 0xff, 0xff, 0xff, 0xff, 0xff, 0xff, 0xff,
    0xff, 0xff, 0xff, 0xff, 0xff, 0xff, 0xff, 0xff,
    0xff, 0xff, 0x11, 0xff, 0xff, 0x11, 0xff, 0xff,
    0x0, 0x0, 0x0, 0x0, 0x0, 0x0, 0x0, 0x0,
    0xff, 0xff, 0x11, 0xff, 0xff, 0x11, 0xff, 0xff,
    0xff, 0xff, 0xff, 0xff, 0xff, 0xff, 0xff, 0xff,
    0xff, 0xff, 0xff, 0xff, 0xff, 0xff, 0xff, 0xff,
    0xcf, 0xff, 0xff, 0xff, 0xff, 0xff, 0xff, 0xfc,

    /* U+F553 "" */
    0x0, 0x0, 0x18, 0xc2, 0x0, 0x0, 0x2c, 0x91,
    0x0, 0x0, 0x0, 0x1, 0x9f, 0xff, 0xfb, 0x99,
    0xbf, 0xff, 0xf9, 0x20, 0x0, 0x19, 0xff, 0xff,
    0xff, 0xff, 0xff, 0xff, 0xff, 0xff, 0x92, 0xd,
    0xff, 0xff, 0xff, 0xff, 0xff, 0xff, 0xff, 0xff,
    0xff, 0xe0, 0x8f, 0xff, 0xff, 0xff, 0xff, 0xff,
    0xff, 0xff, 0xff, 0xf8, 0x1, 0xff, 0xff, 0xff,
    0xff, 0xff, 0xff, 0xff, 0xff, 0xff, 0x10, 0x8,
    0xff, 0xaf, 0xff, 0xff, 0xff, 0xff, 0xfb, 0xef,
    0x80, 0x0, 0x7, 0x10, 0xff, 0xff, 0xff, 0xff,
    0xff, 0x0, 0x61, 0x0, 0x0, 0x0, 0xf, 0xff,
    0xff, 0xff, 0xff, 0xf0, 0x0, 0x0, 0x0, 0x0,
    0x0, 0xff, 0xff, 0xff, 0xff, 0xff, 0x0, 0x0,
    0x0, 0x0, 0x0, 0xf, 0xff, 0xff, 0xff, 0xff,
    0xf0, 0x0, 0x0, 0x0, 0x0, 0x0, 0xff, 0xff,
    0xff, 0xff, 0xff, 0x0, 0x0, 0x0, 0x0, 0x0,
    0xf, 0xff, 0xff, 0xff, 0xff, 0xf0, 0x0, 0x0,
    0x0, 0x0, 0x0, 0xff, 0xff, 0xff, 0xff, 0xff,
    0x0, 0x0, 0x0, 0x0, 0x0, 0xf, 0xff, 0xff,
    0xff, 0xff, 0xf0, 0x0, 0x0, 0x0, 0x0, 0x0,
    0xbf, 0xff, 0xff, 0xff, 0xfc, 0x0, 0x0, 0x0,

    /* U+F554 "" */
    0x0, 0x0, 0x8, 0xf8, 0x0, 0x0, 0x0, 0x0,
    0xff, 0xf0, 0x0, 0x0, 0x0, 0x8, 0xf8, 0x0,
    0x0, 0x0, 0x0, 0x0, 0x0, 0x0, 0x0, 0x4a,
    0xef, 0xb2, 0x0, 0x0, 0xaf, 0xff, 0xff, 0xe0,
    0x0, 0x5f, 0xf9, 0xff, 0xff, 0x70, 0x5, 0xf4,
    0x6f, 0xfe, 0xfe, 0x40, 0x0, 0x9, 0xff, 0x6c,
    0xff, 0x0, 0x0, 0x6f, 0xf4, 0x6, 0x50, 0x0,
    0x11, 0xbf, 0xe1, 0x0, 0x0, 0x7, 0xd1, 0xcf,
    0xc0, 0x0, 0x1, 0xef, 0x41, 0xff, 0x20, 0x1,
    0xdf, 0xc0, 0xa, 0xf6, 0x0, 0xcf, 0xd1, 0x0,
    0x6f, 0xa0, 0xc, 0xc1, 0x0, 0x1, 0xe8, 0x0,
    0x0, 0x0, 0x0, 0x0, 0x0, 0x0,

    /* U+F555 "" */
    0x4e, 0xff, 0xff, 0xff, 0xff, 0xff, 0xff, 0x80,
    0xef, 0xff, 0xff, 0xff, 0xff, 0xff, 0xff, 0xe0,
    0xff, 0x20, 0x0, 0x0, 0x0, 0x0, 0x0, 0x0,
    0xff, 0xff, 0xff, 0xff, 0xff, 0xff, 0xff, 0xf8,
    0xff, 0xff, 0xff, 0xff, 0xff, 0xff, 0xff, 0xff,
    0xff, 0xff, 0xff, 0xff, 0xff, 0xff, 0xff, 0xff,
    0xff, 0xff, 0xff, 0xff, 0xff, 0xff, 0xff, 0xff,
    0xff, 0xff, 0xff, 0xff, 0xff, 0xff, 0xbb, 0xff,
    0xff, 0xff, 0xff, 0xff, 0xff, 0xff, 0x0, 0xff,
    0xff, 0xff, 0xff, 0xff, 0xff, 0xff, 0xbb, 0xff,
    0xff, 0xff, 0xff, 0xff, 0xff, 0xff, 0xff, 0xff,
    0xff, 0xff, 0xff, 0xff, 0xff, 0xff, 0xff, 0xff,
    0xef, 0xff, 0xff, 0xff, 0xff, 0xff, 0xff, 0xff,
    0x4e, 0xff, 0xff, 0xff, 0xff, 0xff, 0xff, 0xf8,

    /* U+F556 "" */
    0x0, 0x0, 0x28, 0xbd, 0xca, 0x50, 0x0, 0x0,
    0x0, 0x8, 0xff, 0xff, 0xff, 0xfd, 0x30, 0x0,
    0x0, 0xbf, 0xff, 0xff, 0xff, 0xff, 0xf4, 0x0,
    0x9, 0xff, 0xff, 0xff, 0xff, 0xff, 0xfe, 0x20,
    0x2f, 0xff, 0xff, 0xff, 0xff, 0xff, 0xff, 0xa0,
    0x9f, 0xfa, 0x9e, 0xff, 0xff, 0xc7, 0xef, 0xf1,
    0xdf, 0xfc, 0x30, 0x7f, 0xd1, 0x8, 0xff, 0xf5,
    0xff, 0xff, 0x40, 0xcf, 0xf3, 0xc, 0xff, 0xf7,
    0xff, 0xff, 0xc8, 0xff, 0xfc, 0x8f, 0xff, 0xf6,
    0xdf, 0xff, 0xff, 0xff, 0xff, 0xff, 0xff, 0xf5,
    0x9f, 0xff, 0xff, 0xb6, 0x8e, 0xff, 0xff, 0xf1,
    0x3f, 0xff, 0xf7, 0x4, 0x31, 0xef, 0xff, 0xa0,
    0x9, 0xff, 0xf9, 0xef, 0xf9, 0xdf, 0xfe, 0x20,
    0x0, 0xbf, 0xff, 0xff, 0xff, 0xff, 0xf4, 0x0,
    0x0, 0x9, 0xff, 0xff, 0xff, 0xfd, 0x30, 0x0,
    0x0, 0x0, 0x28, 0xbd, 0xca, 0x50, 0x0, 0x0,

    /* U+F557 "" */
    0xef, 0xff, 0xff, 0xff, 0xff, 0xff, 0xff, 0xff,
    0xfe, 0xef, 0xff, 0xff, 0xff, 0xff, 0xff, 0xff,
    0xff, 0xfe, 0x0, 0x0, 0x0, 0x0, 0x0, 0x0,
    0x0, 0x0, 0x0, 0xf, 0xff, 0xff, 0xff, 0xff,
    0xff, 0xff, 0xff, 0xf0, 0xf, 0xff, 0xff, 0xff,
    0xff, 0xff, 0xff, 0xff, 0xf0, 0xf, 0xff, 0xff,
    0xff, 0xff, 0xff, 0xff, 0xff, 0xf0, 0xf, 0xff,
    0xff, 0xff, 0xff, 0xff, 0xff, 0xff, 0xf0, 0xf,
    0xff, 0xff, 0xf7, 0x11, 0x7f, 0xff, 0xff, 0xf0,
    0xf, 0xff, 0xff, 0x70, 0x0, 0x7, 0xff, 0xff,
    0xf0, 0xf, 0xff, 0xff, 0x10, 0x0, 0x1, 0xff,
    0xff, 0xf0, 0xf, 0xff, 0xff, 0x0, 0x0, 0x0,
    0xff, 0xff, 0xf0, 0xf, 0xff, 0xff, 0x0, 0x0,
    0x0, 0xff, 0xff, 0xf0, 0xf, 0xff, 0xff, 0x0,
    0x0, 0x0, 0xff, 0xff, 0xf0, 0xf, 0xff, 0xff,
    0x0, 0x0, 0x0, 0xff, 0xff, 0xf0, 0xef, 0xff,
    0xff, 0x0, 0x0, 0x0, 0xff, 0xff, 0xfe, 0xef,
    0xff, 0xfe, 0x0, 0x0, 0x0, 0xef, 0xff, 0xfe,

    /* U+F558 "" */
    0x8, 0xef, 0xff, 0xff, 0xff, 0xff, 0xfd, 0x9f,
    0xff, 0xff, 0xff, 0xff, 0xff, 0xff, 0xef, 0xff,
    0xd4, 0x0, 0x4d, 0xff, 0xff, 0xff, 0xfd, 0x14,
    0x43, 0x41, 0xdf, 0xff, 0xff, 0xf4, 0x96, 0xa8,
    0x68, 0x4f, 0xff, 0xff, 0xf0, 0x62, 0x55, 0x26,
    0xf, 0xff, 0xff, 0xf0, 0x62, 0x55, 0x26, 0xf,
    0xff, 0xff, 0xf4, 0x96, 0xa8, 0x68, 0x4f, 0xff,
    0xff, 0xfd, 0x14, 0x43, 0x41, 0xdf, 0xff, 0xff,
    0xff, 0xd4, 0x0, 0x4d, 0xff, 0xff, 0xff, 0xff,
    0xff, 0xff, 0xff, 0xff, 0xff, 0xff, 0xff, 0xff,
    0xff, 0xff, 0xff, 0xfe, 0xff, 0x30, 0x0, 0x0,
    0x0, 0x0, 0xfa, 0xef, 0x30, 0x0, 0x0, 0x0,
    0x0, 0xfa, 0x9f, 0xff, 0xff, 0xff, 0xff, 0xff,
    0xfe, 0x9, 0xef, 0xff, 0xff, 0xff, 0xff, 0xfd,

    /* U+F559 "" */
    0x0, 0x0, 0x0, 0x0, 0x0, 0x0, 0x0, 0x0,
    0x0, 0x4e, 0xff, 0xf4, 0x0, 0x0, 0x0, 0xc,
    0xff, 0xff, 0xff, 0xc1, 0x0, 0x0, 0x6f, 0xfe,
    0x88, 0xdf, 0xf7, 0x0, 0x1, 0xef, 0xd1, 0x0,
    0xc, 0xfe, 0x20, 0x6, 0xff, 0x50, 0x0, 0x4,
    0xff, 0x70, 0x4, 0xff, 0x20, 0x0, 0x1, 0xff,
    0x50, 0x6, 0xff, 0x40, 0x0, 0x3, 0xff, 0x70,
    0x4, 0xff, 0xc0, 0x0, 0xb, 0xff, 0x50, 0x0,
    0x9f, 0xfc, 0x66, 0xcf, 0xfa, 0x0, 0x0, 0x2f,
    0xff, 0xff, 0xff, 0xf3, 0x0, 0x0, 0x12, 0x9f,
    0xff, 0xfa, 0x21, 0x0, 0x0, 0xcb, 0x22, 0x0,
    0x22, 0xbd, 0x0, 0x3, 0xff, 0xfd, 0x76, 0xdf,
    0xff, 0x40, 0xa, 0xff, 0xff, 0x21, 0xff, 0xff,
    0xb0, 0xc, 0xef, 0xfb, 0x0, 0xaf, 0xfe, 0xd0,
    0x0, 0x3, 0xf5, 0x0, 0x4f, 0x40, 0x0, 0x0,
    0x0, 0x10, 0x0, 0x1, 0x0, 0x0,

    /* U+F55A "" */
    0x0, 0x0, 0x1b, 0xff, 0xff, 0xff, 0xff, 0xff,
    0xff, 0xe5, 0x0, 0x0, 0x1c, 0xff, 0xff, 0xff,
    0xff, 0xff, 0xff, 0xff, 0xe0, 0x0, 0x1c, 0xff,
    0xff, 0xfa, 0xef, 0xfe, 0xaf, 0xff, 0xff, 0x0,
    0x1d, 0xff, 0xff, 0xfa, 0x2, 0xee, 0x30, 0x9f,
    0xff, 0xf0, 0x1d, 0xff, 0xff, 0xff, 0xe3, 0x2,
    0x30, 0x2e, 0xff, 0xff, 0xc, 0xff, 0xff, 0xff,
    0xff, 0xe3, 0x0, 0x2e, 0xff, 0xff, 0xf0, 0xcf,
    0xff, 0xff, 0xff, 0xfe, 0x30, 0x2, 0xef, 0xff,
    0xff, 0x1, 0xdf, 0xff, 0xff, 0xfe, 0x30, 0x23,
    0x2, 0xef, 0xff, 0xf0, 0x1, 0xdf, 0xff, 0xff,
    0xa0, 0x2e, 0xe3, 0x9, 0xff, 0xff, 0x0, 0x1,
    0xdf, 0xff, 0xff, 0xae, 0xff, 0xea, 0xff, 0xff,
    0xf0, 0x0, 0x1, 0xcf, 0xff, 0xff, 0xff, 0xff,
    0xff, 0xff, 0xfe, 0x0, 0x0, 0x1, 0xbf, 0xff,
    0xff, 0xff, 0xff, 0xff, 0xfe, 0x50,

    /* U+F55B "" */
    0x6, 0x60, 0x0, 0x7, 0xff, 0xfe, 0x10, 0x0,
    0x6, 0x60, 0xaf, 0xfb, 0x44, 0x2b, 0xff, 0xff,
    0x42, 0x44, 0xbf, 0xfa, 0xff, 0xff, 0xff, 0x8b,
    0xff, 0xff, 0x48, 0xff, 0xff, 0xff, 0xaf, 0xfb,
    0x46, 0x7b, 0xff, 0xff, 0x47, 0x64, 0xbf, 0xfa,
    0x6, 0x60, 0x3f, 0x97, 0xff, 0xfe, 0x19, 0xf3,
    0x6, 0x60, 0x0, 0x1, 0xed, 0x10, 0x0, 0x0,
    0x1, 0xde, 0x10, 0x0, 0x0, 0x8, 0xf2, 0x0,
    0x0, 0x0, 0x0, 0x2f, 0x80, 0x0, 0x0, 0xe,
    0xa0, 0x0, 0x0, 0x0, 0x0, 0xa, 0xe0, 0x0,
    0x0, 0x0, 0x0, 0x0, 0x0, 0x0, 0x0, 0x0,
    0x0, 0x0, 0xc, 0xff, 0xfc, 0x0, 0x0, 0x0,
    0x0, 0xcf, 0xff, 0xc0, 0xf, 0xff, 0xff, 0x0,
    0x0, 0x0, 0x0, 0xff, 0xff, 0xf0, 0xf, 0xff,
    0xff, 0x0, 0x0, 0x0, 0x0, 0xff, 0xff, 0xf0,
    0xf, 0xff, 0xff, 0x0, 0x0, 0x0, 0x0, 0xff,
    0xff, 0xf0, 0xc, 0xff, 0xfc, 0x0, 0x0, 0x0,
    0x0, 0xcf, 0xff, 0xc0,

    /* U+F55C "" */
    0x0, 0xef, 0xff, 0xff, 0xfe, 0x0, 0x0, 0x0,
    0xe, 0xff, 0xff, 0xff, 0xe0, 0x0, 0x0, 0x0,
    0xf, 0x80, 0x8, 0xf0, 0x0, 0x0, 0x0, 0x0,
    0xf8, 0x0, 0x8f, 0x0, 0x0, 0x0, 0x0, 0xf,
    0x80, 0x8, 0xf0, 0x0, 0x0, 0x0, 0x0, 0xf8,
    0x0, 0x8f, 0x0, 0xc8, 0x0, 0x0, 0xf, 0x80,
    0x8, 0xf0, 0xc, 0xf8, 0x0, 0x1c, 0xf6, 0x0,
    0x6f, 0xc9, 0xfc, 0xc0, 0xc, 0xf4, 0x0, 0x0,
    0x4f, 0xf9, 0x0, 0x6, 0xf5, 0x0, 0x0, 0x0,
    0x5f, 0x60, 0x0, 0xcf, 0xff, 0xff, 0xff, 0xff,
    0xfc, 0x0, 0xe, 0xff, 0xff, 0xff, 0xff, 0xff,
    0xe0, 0x0, 0xef, 0xff, 0xff, 0xff, 0xff, 0xfe,
    0x0, 0xc, 0xff, 0xff, 0xff, 0xff, 0xff, 0xc0,
    0x0, 0x6f, 0xff, 0xff, 0xff, 0xff, 0xf6, 0x0,
    0x0, 0xaf, 0xff, 0xff, 0xff, 0xfa, 0x0, 0x0,

    /* U+F55D "" */
    0xcf, 0xff, 0xff, 0xff, 0xff, 0xfc, 0xff, 0xff,
    0xff, 0xff, 0xff, 0xff, 0xff, 0xff, 0xff, 0xff,
    0xff, 0xff, 0xff, 0xff, 0xff, 0xff, 0xff, 0xff,
    0xff, 0xff, 0xff, 0xff, 0xff, 0xff, 0xff, 0xff,
    0xff, 0xff, 0xff, 0xff, 0xff, 0xff, 0xff, 0xff,
    0xff, 0xff, 0xff, 0xff, 0xff, 0xff, 0xff, 0xff,
    0x0, 0x0, 0x0, 0x0, 0x0, 0x0, 0xff, 0xff,
    0xff, 0xff, 0xff, 0xff, 0xef, 0xff, 0xff, 0xff,
    0xff, 0xfe, 0x4e, 0xff, 0xff, 0xff, 0xff, 0xe4,
    0x0, 0x0, 0xff, 0xff, 0x0, 0x0, 0x0, 0x0,
    0xf9, 0x9f, 0x0, 0x0, 0x0, 0x0, 0xe9, 0x9e,
    0x0, 0x0, 0x0, 0x0, 0x4e, 0xe4, 0x0, 0x0,

    /* U+F55E "" */
    0x0, 0x16, 0xad, 0xef, 0xfe, 0xda, 0x61, 0x0,
    0x6, 0xff, 0xff, 0xff, 0xff, 0xff, 0xff, 0x60,
    0xf, 0xff, 0xf0, 0x0, 0x0, 0x1f, 0xff, 0xf0,
    0xf, 0xff, 0xff, 0xff, 0xff, 0xff, 0xff, 0xf0,
    0xdf, 0xf3, 0x0, 0xb, 0x40, 0x0, 0x3f, 0xfd,
    0xff, 0xf0, 0x0, 0xb, 0x40, 0x0, 0xf, 0xff,
    0xff, 0xf0, 0x0, 0xb, 0x40, 0x0, 0xf, 0xff,
    0xdf, 0xf0, 0x0, 0xb, 0x40, 0x0, 0xf, 0xfd,
    0xf, 0xf3, 0x0, 0xb, 0x40, 0x0, 0x3f, 0xf0,
    0xf, 0xff, 0xff, 0xff, 0xff, 0xff, 0xff, 0xf0,
    0xf, 0xe8, 0xef, 0xff, 0xff, 0xfe, 0x8e, 0xf0,
    0xf, 0x80, 0x8f, 0xff, 0xff, 0xf8, 0x8, 0xf0,
    0xf, 0xe8, 0xef, 0xff, 0xff, 0xfe, 0x8e, 0xf0,
    0xc, 0xff, 0xff, 0xff, 0xff, 0xff, 0xff, 0xd0,
    0x0, 0xff, 0xf0, 0x0, 0x0, 0xf, 0xff, 0x0,
    0x0, 0xcf, 0xc0, 0x0, 0x0, 0xc, 0xfc, 0x0,

    /* U+F55F "" */
    0x0, 0x0, 0x0, 0x8, 0x90, 0x0, 0x0, 0x0,
    0x0, 0x0, 0x0, 0x1, 0xff, 0x20, 0x0, 0x0,
    0x0, 0x0, 0x0, 0x0, 0x7f, 0xf8, 0x0, 0x0,
    0x0, 0x0, 0x0, 0x0, 0xc, 0xff, 0xd0, 0x0,
    0x0, 0x0, 0x31, 0x0, 0x0, 0xff, 0xff, 0x10,
    0x0, 0x13, 0xe, 0xfa, 0x30, 0x3f, 0xff, 0xf4,
    0x2, 0xaf, 0xf0, 0x9f, 0xff, 0xa5, 0xff, 0xff,
    0x69, 0xff, 0xfa, 0x2, 0xff, 0xff, 0xff, 0xff,
    0xff, 0xff, 0xff, 0x30, 0x9, 0xff, 0xff, 0xff,
    0xff, 0xff, 0xff, 0xa0, 0x0, 0x1e, 0xff, 0xff,
    0xff, 0xff, 0xff, 0xf1, 0x0, 0x3, 0xbf, 0xff,
    0xff, 0xff, 0xff, 0xfb, 0x40, 0xc, 0xff, 0xff,
    0xff, 0xff, 0xff, 0xff, 0xff, 0xd0, 0x39, 0xef,
    0xff, 0xff, 0xff, 0xff, 0xfe, 0x93, 0x0, 0x0,
    0x4, 0xff, 0xff, 0xff, 0x40, 0x0, 0x0, 0x0,
    0x0, 0x6d, 0x57, 0x85, 0xc7, 0x0, 0x0, 0x0,
    0x0, 0x0, 0x0, 0x78, 0x0, 0x0, 0x0, 0x0,

    /* U+F560 "" */
    0x0, 0x0, 0x0, 0x0, 0x0, 0x8b, 0x0, 0x0,
    0x0, 0x0, 0x0, 0x0, 0x0, 0x9f, 0xfc, 0x0,
    0x0, 0x0, 0x0, 0x0, 0x0, 0x9f, 0xff, 0xa0,
    0x0, 0x0, 0x0, 0xba, 0x0, 0x9f, 0xff, 0xa0,
    0x0, 0x0, 0x0, 0xbf, 0xfa, 0x9f, 0xff, 0xa0,
    0xa, 0xb0, 0x0, 0x9, 0xff, 0xff, 0xff, 0xa0,
    0xb, 0xff, 0xc0, 0x0, 0x9, 0xff, 0xff, 0xa0,
    0xb, 0xff, 0xfc, 0x0, 0x0, 0x9, 0xff, 0xa0,
    0xb, 0xff, 0xfc, 0x0, 0xb, 0xb0, 0x9, 0x90,
    0xb, 0xff, 0xfc, 0x0, 0xb, 0xff, 0xc0, 0x0,
    0xb, 0xff, 0xfc, 0x0, 0x0, 0xbf, 0xff, 0xc0,
    0xb, 0xff, 0xfc, 0x0, 0x0, 0x0, 0xbf, 0xff,
    0xcb, 0xff, 0xfc, 0x0, 0x0, 0x0, 0x0, 0xbf,
    0xff, 0xff, 0xfc, 0x0, 0x0, 0x0, 0x0, 0x0,
    0xbf, 0xff, 0xfc, 0x0, 0x0, 0x0, 0x0, 0x0,
    0x0, 0xbf, 0xfc, 0x0, 0x0, 0x0, 0x0, 0x0,
    0x0, 0x0, 0xbc, 0x0, 0x0, 0x0, 0x0, 0x0,

    /* U+F561 "" */
    0x0, 0x0, 0x0, 0x0, 0x0, 0x5, 0xcf, 0xea,
    0x20, 0x0, 0x0, 0x0, 0x0, 0x0, 0x8, 0xfc,
    0x8a, 0xfe, 0x20, 0x0, 0x0, 0x0, 0x0, 0x3,
    0xf9, 0x0, 0x2, 0xec, 0x0, 0x0, 0x0, 0x0,
    0x0, 0x0, 0x0, 0x0, 0x7, 0xf2, 0x9f, 0xff,
    0xff, 0xff, 0xff, 0xff, 0xf2, 0x0, 0x4f, 0x35,
    0xff, 0xff, 0xff, 0xff, 0xff, 0xfc, 0x0, 0x7,
    0xf2, 0x5, 0xff, 0xff, 0xff, 0xff, 0xfc, 0x0,
    0x2, 0xec, 0x0, 0x5, 0xff, 0xff, 0xff, 0xfc,
    0x19, 0x8a, 0xfe, 0x20, 0x0, 0x5, 0xff, 0xff,
    0xfc, 0x3, 0xcf, 0xea, 0x20, 0x0, 0x0, 0x5,
    0xff, 0xfc, 0x0, 0x0, 0x0, 0x0, 0x0, 0x0,
    0x0, 0x6, 0xfd, 0x0, 0x0, 0x0, 0x0, 0x0,
    0x0, 0x0, 0x0, 0x4f, 0xc0, 0x0, 0x0, 0x0,
    0x0, 0x0, 0x0, 0x0, 0x4, 0xfc, 0x0, 0x0,
    0x0, 0x0, 0x0, 0x0, 0x0, 0x0, 0x4f, 0xc0,
    0x0, 0x0, 0x0, 0x0, 0x0, 0x0, 0x5, 0x8a,
    0xfe, 0x87, 0x10, 0x0, 0x0, 0x0, 0x0, 0x2,
    0xff, 0xff, 0xff, 0xfa, 0x0, 0x0, 0x0, 0x0,

    /* U+F562 "" */
    0x0, 0x0, 0x0, 0xef, 0xfe, 0x0, 0x0, 0x0,
    0x0, 0x0, 0x0, 0x6f, 0xf6, 0x0, 0x0, 0x0,
    0x0, 0x0, 0x18, 0xcf, 0xfc, 0x81, 0x0, 0x0,
    0x0, 0x5, 0xff, 0xff, 0xff, 0xff, 0x50, 0x0,
    0x0, 0x5f, 0xff, 0xff, 0xff, 0xff, 0xf5, 0x0,
    0x1, 0xff, 0xff, 0xff, 0xff, 0xff, 0xff, 0x10,
    0x8, 0xff, 0xff, 0xff, 0xff, 0xff, 0xff, 0x80,
    0xd, 0xff, 0xff, 0xff, 0xff, 0xff, 0xff, 0xd0,
    0xf, 0xff, 0xff, 0xff, 0xff, 0xff, 0xff, 0xf0,
    0x0, 0x0, 0x0, 0x0, 0x0, 0x0, 0x0, 0x0,
    0xef, 0xff, 0xff, 0xff, 0xff, 0xff, 0xff, 0xfe,
    0xef, 0xff, 0xff, 0xff, 0xff, 0xff, 0xff, 0xfe,

    /* U+F563 "" */
    0x0, 0x0, 0x0, 0x0, 0x0, 0x0, 0x0, 0x0,
    0x0, 0x0, 0x1, 0x8d, 0xfd, 0xb8, 0x30, 0x0,
    0x0, 0x0, 0x8, 0xff, 0xff, 0xff, 0xff, 0x80,
    0x0, 0x0, 0xc, 0xff, 0xff, 0xff, 0xff, 0xff,
    0x90, 0x0, 0x8, 0xff, 0xff, 0xff, 0xff, 0xff,
    0xff, 0x80, 0x1, 0xff, 0xff, 0xe8, 0xef, 0xff,
    0xff, 0xff, 0x30, 0x8f, 0xff, 0xf8, 0x8, 0xff,
    0xff, 0xff, 0xf8, 0xe, 0xff, 0xff, 0xe8, 0xef,
    0xff, 0xff, 0xff, 0xb0, 0xff, 0xff, 0xff, 0xff,
    0xff, 0xff, 0xff, 0xfd, 0xd, 0xff, 0xff, 0xff,
    0xff, 0xfe, 0x8e, 0xff, 0xf0, 0xbf, 0xff, 0xe8,
    0xef, 0xff, 0x80, 0x8f, 0xfd, 0x8, 0xff, 0xf8,
    0x8, 0xff, 0xfe, 0x8e, 0xff, 0x80, 0x3f, 0xff,
    0xe8, 0xef, 0xff, 0xff, 0xff, 0xf1, 0x0, 0x8f,
    0xff, 0xff, 0xff, 0xff, 0xff, 0xf8, 0x0, 0x0,
    0x9f, 0xff, 0xff, 0xff, 0xff, 0xfc, 0x0, 0x0,
    0x0, 0x8f, 0xff, 0xff, 0xff, 0xf8, 0x0, 0x0,
    0x0, 0x0, 0x38, 0xbd, 0xfd, 0x81, 0x0, 0x0,
    0x0, 0x0, 0x0, 0x0, 0x0, 0x0, 0x0, 0x0,
    0x0,

    /* U+F564 "" */
    0x0, 0x0, 0x0, 0x0, 0x0, 0x0, 0x0, 0x0,
    0x0, 0x0, 0x1, 0x8d, 0xf0, 0x0, 0x0, 0x0,
    0x0, 0x0, 0x8, 0xff, 0xff, 0x40, 0x0, 0x0,
    0x0, 0x0, 0xc, 0xff, 0xff, 0xfd, 0x10, 0x0,
    0x0, 0x0, 0x8, 0xff, 0xff, 0xff, 0xfd, 0x40,
    0x0, 0x0, 0x1, 0xff, 0xff, 0xe8, 0xef, 0xff,
    0xf0, 0x0, 0x0, 0x8f, 0xff, 0xf8, 0x8, 0xff,
    0xff, 0x40, 0x0, 0xe, 0xff, 0xff, 0xe8, 0xef,
    0xff, 0xfd, 0x10, 0x0, 0xff, 0xff, 0xff, 0xff,
    0xff, 0xff, 0xfd, 0x50, 0xd, 0xff, 0xff, 0xff,
    0xff, 0xfe, 0x8e, 0xff, 0xf0, 0xbf, 0xff, 0xe8,
    0xef, 0xff, 0x80, 0x8f, 0xfe, 0x8, 0xff, 0xf8,
    0x8, 0xff, 0xfe, 0x8e, 0xff, 0x80, 0x3f, 0xff,
    0xe8, 0xef, 0xff, 0xff, 0xff, 0xf1, 0x0, 0x8f,
    0xff, 0xff, 0xff, 0xff, 0xff, 0xf8, 0x0, 0x0,
    0x9f, 0xff, 0xff, 0xff, 0xff, 0xfc, 0x0, 0x0,
    0x0, 0x8f, 0xff, 0xff, 0xff, 0xf8, 0x0, 0x0,
    0x0, 0x0, 0x38, 0xbd, 0xfd, 0x81, 0x0, 0x0,
    0x0, 0x0, 0x0, 0x0, 0x0, 0x0, 0x0, 0x0,
    0x0,

    /* U+F565 "" */
    0x0, 0xdf, 0xd0, 0x0, 0x0, 0x0, 0x0, 0x0,
    0x0, 0xff, 0xf0, 0x0, 0x0, 0x0, 0x0, 0x0,
    0xdf, 0xff, 0xf0, 0xff, 0xff, 0xff, 0xfc, 0x0,
    0xff, 0xff, 0xf0, 0xff, 0xff, 0xff, 0xff, 0x0,
    0xdf, 0xff, 0xf0, 0xff, 0xff, 0xff, 0xff, 0x0,
    0x0, 0xff, 0xf0, 0x0, 0x0, 0xf, 0xff, 0x0,
    0x0, 0xff, 0xf0, 0x0, 0x0, 0xf, 0xff, 0x0,
    0x0, 0xff, 0xf0, 0x0, 0x0, 0xf, 0xff, 0x0,
    0x0, 0xff, 0xf0, 0x0, 0x0, 0xf, 0xff, 0x0,
    0x0, 0xff, 0xf0, 0x0, 0x0, 0xf, 0xff, 0x0,
    0x0, 0xff, 0xf0, 0x0, 0x0, 0xf, 0xff, 0x0,
    0x0, 0xff, 0xff, 0xff, 0xff, 0xf, 0xff, 0xfd,
    0x0, 0xff, 0xff, 0xff, 0xff, 0xf, 0xff, 0xff,
    0x0, 0xcf, 0xff, 0xff, 0xff, 0xf, 0xff, 0xfd,
    0x0, 0x0, 0x0, 0x0, 0x0, 0xf, 0xff, 0x0,
    0x0, 0x0, 0x0, 0x0, 0x0, 0xd, 0xfd, 0x0,

    /* U+F566 "" */
    0xcf, 0xff, 0xff, 0xff, 0xff, 0xff, 0xff, 0xff,
    0xff, 0xfc, 0xff, 0xff, 0xff, 0xff, 0xff, 0xff,
    0xff, 0xff, 0xff, 0xff, 0xff, 0x0, 0x0, 0x0,
    0xc, 0xff, 0xff, 0xff, 0xff, 0xff, 0xff, 0x0,
    0x0, 0x0, 0xb, 0xff, 0xff, 0xff, 0xff, 0xff,
    0xff, 0xcb, 0xbb, 0xbb, 0xbf, 0xff, 0xff, 0xff,
    0xff, 0xff, 0xff, 0x4c, 0x4c, 0x4c, 0x4c, 0xff,
    0xff, 0xff, 0xff, 0xff, 0xff, 0xef, 0xef, 0xef,
    0xef, 0xff, 0xff, 0xff, 0xff, 0xff, 0xff, 0x77,
    0x77, 0x77, 0x7d, 0x97, 0x77, 0x77, 0x77, 0xff,
    0xff, 0xcc, 0xcc, 0xcc, 0xcf, 0xdc, 0xcc, 0xcc,
    0xcc, 0xff, 0xcf, 0xff, 0xff, 0xff, 0xff, 0xff,
    0xff, 0xff, 0xff, 0xfc,

    /* U+F567 "" */
    0x0, 0x0, 0x16, 0xab, 0xa8, 0x30, 0x0, 0x0,
    0x0, 0x7, 0xff, 0xff, 0xff, 0xfc, 0x20, 0x0,
    0x0, 0xaf, 0xff, 0xff, 0xff, 0xff, 0xf3, 0x0,
    0x8, 0xff, 0xff, 0xff, 0xff, 0xff, 0xfe, 0x20,
    0x2f, 0xf6, 0xe9, 0xbf, 0xf6, 0xe9, 0xbf, 0xa0,
    0x9f, 0xf8, 0x12, 0xef, 0xf9, 0x12, 0xef, 0xf1,
    0xdf, 0xf8, 0x12, 0xef, 0xf9, 0x12, 0xef, 0xf5,
    0xff, 0xf6, 0xe9, 0xbf, 0xf6, 0xe9, 0xbf, 0xf7,
    0xff, 0xff, 0xff, 0xff, 0xff, 0xff, 0xff, 0xf7,
    0xdf, 0xff, 0xff, 0x80, 0x3d, 0xff, 0xff, 0xf5,
    0x9f, 0xff, 0xfd, 0x0, 0x5, 0xff, 0xff, 0xf1,
    0x2f, 0xff, 0xfd, 0x0, 0x5, 0xff, 0xff, 0xa0,
    0x8, 0xff, 0xff, 0x80, 0x3d, 0xff, 0xfe, 0x20,
    0x0, 0xaf, 0xff, 0xff, 0xff, 0xff, 0xf3, 0x0,
    0x0, 0x7, 0xff, 0xff, 0xff, 0xfc, 0x20, 0x0,
    0x0, 0x0, 0x16, 0xab, 0xa8, 0x30, 0x0, 0x0,

    /* U+F568 "" */
    0x0, 0x0, 0x0, 0x8e, 0xe8, 0x0, 0x0, 0x0,
    0x0, 0x0, 0x8, 0xff, 0xff, 0x80, 0x0, 0x0,
    0x0, 0x0, 0xe, 0xf3, 0x3f, 0xe0, 0x0, 0x0,
    0x0, 0x0, 0xe, 0xf3, 0x3f, 0xe0, 0x0, 0x0,
    0x0, 0x0, 0xc, 0xff, 0xff, 0xc0, 0x0, 0x0,
    0x0, 0x0, 0x3f, 0xff, 0xff, 0xf3, 0x0, 0x0,
    0x3, 0x0, 0xcf, 0xfa, 0xaf, 0xfd, 0x0, 0x50,
    0x6f, 0xb6, 0xff, 0xf1, 0x1f, 0xfc, 0x1b, 0xf8,
    0x2f, 0xff, 0xff, 0x70, 0x6, 0x61, 0xbf, 0xe2,
    0x3, 0xff, 0xff, 0x30, 0x3, 0x8e, 0xfe, 0x30,
    0x2, 0xff, 0xff, 0xff, 0xff, 0xff, 0xb1, 0x0,
    0xb, 0xff, 0xc9, 0xdf, 0xfd, 0xa4, 0x2b, 0xb0,
    0x4f, 0xff, 0x30, 0x0, 0x0, 0x1, 0xff, 0xf4,
    0xdf, 0xf9, 0x0, 0x0, 0x0, 0x0, 0x9f, 0xfd,
    0xef, 0xf1, 0x0, 0x0, 0x0, 0x0, 0x1f, 0xfe,
    0xbb, 0x30, 0x0, 0x0, 0x0, 0x0, 0x3, 0xbb,
    0x0, 0x0, 0x0, 0x0, 0x0, 0x0, 0x0, 0x0,

    /* U+F569 "" */
    0x0, 0x0, 0x0, 0x0, 0x0, 0x0, 0x1, 0x9c,
    0x0, 0x0, 0x0, 0x0, 0x0, 0x0, 0x5e, 0xf7,
    0x0, 0x27, 0xbd, 0xff, 0xfe, 0xdc, 0xfd, 0x20,
    0x1a, 0xff, 0xea, 0x98, 0x8d, 0xff, 0xff, 0xa1,
    0xaf, 0x71, 0x0, 0x2, 0xbf, 0xc3, 0x6, 0xfb,
    0xf9, 0x0, 0x0, 0xd, 0xf7, 0x0, 0x0, 0x9f,
    0xff, 0x71, 0x0, 0x2, 0x10, 0x0, 0x17, 0xff,
    0xff, 0xff, 0xda, 0x98, 0x89, 0xad, 0xff, 0xff,
    0xff, 0xff, 0xff, 0xff, 0xff, 0xff, 0xff, 0xff,
    0xff, 0x64, 0xff, 0xff, 0xff, 0xff, 0x96, 0xff,
    0xff, 0x41, 0xff, 0xf9, 0x3f, 0xff, 0x64, 0xff,
    0xaf, 0x41, 0xff, 0xf6, 0x1f, 0xff, 0x64, 0xfa,
    0x8, 0x31, 0xff, 0xf6, 0x1f, 0xff, 0x63, 0x80,
    0x0, 0x0, 0x9c, 0xe6, 0x1f, 0xda, 0x30, 0x0,

    /* U+F56A "" */
    0x0, 0x2, 0x7a, 0xde, 0xff, 0xed, 0xa7, 0x20,
    0x0, 0x3, 0xbf, 0xfe, 0xf9, 0x88, 0x9f, 0xef,
    0xfb, 0x30, 0x5f, 0xc5, 0x3, 0xf1, 0x0, 0x1f,
    0x30, 0x5c, 0xf5, 0xeb, 0x0, 0x0, 0xbb, 0x11,
    0xbb, 0x0, 0x0, 0xbe, 0xfb, 0x0, 0x0, 0x8f,
    0xff, 0xf8, 0x0, 0x0, 0xbf, 0xff, 0xc5, 0x0,
    0xdb, 0x11, 0xbd, 0x0, 0x5c, 0xff, 0xff, 0xff,
    0xfe, 0xfa, 0x88, 0xaf, 0xef, 0xff, 0xff, 0xff,
    0xff, 0xff, 0xff, 0xff, 0xff, 0xff, 0xff, 0xff,
    0xff, 0xff, 0xff, 0xff, 0xff, 0xff, 0xff, 0xff,
    0xff, 0xff, 0xff, 0xff, 0xff, 0xff, 0xff, 0xff,
    0xff, 0xff, 0xef, 0xff, 0xff, 0xff, 0xff, 0xff,
    0xff, 0xff, 0xfe, 0x5f, 0xff, 0xff, 0xff, 0xff,
    0xff, 0xff, 0xff, 0xf5, 0x3, 0xbf, 0xff, 0xff,
    0xff, 0xff, 0xff, 0xfb, 0x30, 0x0, 0x2, 0x7a,
    0xdf, 0xff, 0xfd, 0xa7, 0x20, 0x0,

    /* U+F56B "" */
    0x0, 0x0, 0x0, 0x0, 0x0, 0x3, 0x7a, 0xde,
    0x0, 0x0, 0x0, 0x0, 0x3a, 0xff, 0xff, 0xfd,
    0x0, 0x0, 0x0, 0x3c, 0xff, 0xff, 0xff, 0xfa,
    0x0, 0x0, 0x8, 0xff, 0xff, 0xff, 0xff, 0xf7,
    0x0, 0x0, 0xaf, 0xff, 0xff, 0xff, 0xff, 0xf3,
    0x0, 0x7, 0xff, 0xfe, 0xff, 0xff, 0xff, 0xf0,
    0x0, 0x1f, 0xff, 0xe2, 0xaf, 0xff, 0xff, 0x90,
    0x0, 0x7f, 0xfe, 0x28, 0xff, 0xff, 0xfc, 0x20,
    0x0, 0xaf, 0xe2, 0x8f, 0xff, 0xfc, 0x40, 0x0,
    0x0, 0xde, 0x28, 0xff, 0xff, 0xff, 0xf3, 0x0,
    0x0, 0xc2, 0x8f, 0xff, 0xff, 0xfd, 0x60, 0x0,
    0x0, 0x18, 0xff, 0xff, 0xd8, 0x20, 0x0, 0x0,
    0x0, 0x8f, 0xff, 0xff, 0xff, 0x70, 0x0, 0x0,
    0x8, 0xff, 0xed, 0xdb, 0x71, 0x0, 0x0, 0x0,
    0x8f, 0x80, 0x0, 0x0, 0x0, 0x0, 0x0, 0x0,
    0xc8, 0x0, 0x0, 0x0, 0x0, 0x0, 0x0, 0x0,

    /* U+F56C "" */
    0xdf, 0xff, 0xff, 0xf0, 0xd1, 0x0, 0xff, 0xff,
    0xff, 0xf0, 0xfd, 0x10, 0xff, 0x0, 0x1f, 0xf0,
    0xff, 0xd1, 0xff, 0xff, 0xff, 0xf0, 0xff, 0xfd,
    0xff, 0x0, 0x1f, 0xf2, 0x0, 0x0, 0xff, 0xff,
    0xff, 0xff, 0xff, 0xff, 0xff, 0xff, 0xff, 0xff,
    0xff, 0xff, 0xff, 0xff, 0xff, 0xff, 0xff, 0xff,
    0xff, 0xff, 0xff, 0xff, 0xff, 0xff, 0xff, 0xff,
    0x9f, 0xff, 0xff, 0xff, 0xff, 0xfa, 0xa, 0xff,
    0xff, 0xff, 0xff, 0xf4, 0x41, 0x19, 0xff, 0xff,
    0xff, 0x24, 0xe1, 0xc2, 0x2, 0xff, 0xff, 0xff,
    0xff, 0xff, 0xff, 0xff, 0xff, 0xff, 0xff, 0xff,
    0xff, 0xff, 0xdf, 0xff, 0xff, 0xff, 0xff, 0xfd,

    /* U+F56D "" */
    0xdf, 0xff, 0xff, 0xf0, 0xd1, 0x0, 0xff, 0xff,
    0xff, 0xf0, 0xfd, 0x10, 0xff, 0xff, 0xff, 0xf0,
    0xff, 0xd1, 0xff, 0xff, 0xff, 0xf0, 0xff, 0xfd,
    0xff, 0xff, 0xff, 0xf2, 0x0, 0x0, 0xff, 0xff,
    0xff, 0xff, 0xff, 0xff, 0xff, 0xff, 0xff, 0xff,
    0xff, 0xff, 0xff, 0xff, 0xf1, 0x1f, 0xff, 0xff,
    0xff, 0xff, 0xf0, 0xf, 0xff, 0xff, 0xff, 0xff,
    0xf0, 0xf, 0xff, 0xff, 0xff, 0x90, 0x0, 0x0,
    0x9, 0xff, 0xff, 0xf4, 0x0, 0x0, 0x4f, 0xff,
    0xff, 0xff, 0x40, 0x4, 0xff, 0xff, 0xff, 0xff,
    0xf5, 0x5f, 0xff, 0xff, 0xff, 0xff, 0xff, 0xff,
    0xff, 0xff, 0xdf, 0xff, 0xff, 0xff, 0xff, 0xfd,

    /* U+F56E "" */
    0xdf, 0xff, 0xff, 0xf0, 0xd1, 0x0, 0x0, 0x0,
    0x0, 0xf, 0xff, 0xff, 0xff, 0xf, 0xd1, 0x0,
    0x0, 0x0, 0x0, 0xff, 0xff, 0xff, 0xf0, 0xff,
    0xd1, 0x0, 0x0, 0x0, 0xf, 0xff, 0xff, 0xff,
    0xf, 0xff, 0xd0, 0x0, 0x0, 0x0, 0xff, 0xff,
    0xff, 0xf2, 0x0, 0x0, 0x0, 0x0, 0x0, 0xf,
    0xff, 0xff, 0xff, 0xff, 0xff, 0xf0, 0x0, 0x0,
    0x0, 0xff, 0xff, 0xff, 0xff, 0xff, 0xff, 0x0,
    0x60, 0x0, 0xf, 0xff, 0xff, 0xff, 0xff, 0xff,
    0xf0, 0xf, 0xb0, 0x0, 0xff, 0xff, 0xff, 0xff,
    0xff, 0xff, 0x0, 0xff, 0xb0, 0xf, 0xff, 0xff,
    0xf1, 0x0, 0x0, 0xf, 0xff, 0xff, 0xa0, 0xff,
    0xff, 0xff, 0x10, 0x0, 0x0, 0xff, 0xff, 0xfa,
    0xf, 0xff, 0xff, 0xff, 0xff, 0xff, 0xf0, 0xf,
    0xfb, 0x0, 0xff, 0xff, 0xff, 0xff, 0xff, 0xff,
    0x0, 0xfb, 0x0, 0xf, 0xff, 0xff, 0xff, 0xff,
    0xff, 0xf0, 0x6, 0x0, 0x0, 0xff, 0xff, 0xff,
    0xff, 0xff, 0xff, 0x0, 0x0, 0x0, 0xd, 0xff,
    0xff, 0xff, 0xff, 0xff, 0xd0, 0x0, 0x0, 0x0,

    /* U+F56F "" */
    0x0, 0x0, 0xdf, 0xff, 0xff, 0xf0, 0xd1, 0x0,
    0x0, 0x0, 0xff, 0xff, 0xff, 0xf0, 0xfd, 0x10,
    0x0, 0x0, 0xff, 0xff, 0xff, 0xf0, 0xff, 0xd1,
    0x0, 0x0, 0xff, 0xff, 0xff, 0xf0, 0xff, 0xfd,
    0x0, 0x0, 0xff, 0xff, 0xff, 0xf2, 0x0, 0x0,
    0x0, 0x0, 0xff, 0xff, 0xff, 0xff, 0xff, 0xff,
    0x0, 0x0, 0xff, 0xff, 0x9f, 0xff, 0xff, 0xff,
    0x0, 0x0, 0xff, 0xff, 0x4, 0xff, 0xff, 0xff,
    0x0, 0x0, 0xff, 0xff, 0x0, 0x4f, 0xff, 0xff,
    0xef, 0xff, 0x0, 0x0, 0x0, 0x5, 0xff, 0xff,
    0xef, 0xff, 0x0, 0x0, 0x0, 0x5, 0xff, 0xff,
    0x0, 0x0, 0xff, 0xff, 0x0, 0x4f, 0xff, 0xff,
    0x0, 0x0, 0xff, 0xff, 0x4, 0xff, 0xff, 0xff,
    0x0, 0x0, 0xff, 0xff, 0x9f, 0xff, 0xff, 0xff,
    0x0, 0x0, 0xff, 0xff, 0xff, 0xff, 0xff, 0xff,
    0x0, 0x0, 0xdf, 0xff, 0xff, 0xff, 0xff, 0xfd,

    /* U+F570 "" */
    0xdf, 0xff, 0xff, 0xf0, 0xd1, 0x0, 0xff, 0xff,
    0xff, 0xf0, 0xfd, 0x10, 0xff, 0x0, 0x1f, 0xf0,
    0xff, 0xd1, 0xff, 0xff, 0xff, 0xf0, 0xff, 0xfd,
    0xff, 0x0, 0x1f, 0xf2, 0x0, 0x0, 0xff, 0xff,
    0xff, 0xff, 0xff, 0xff, 0xff, 0xff, 0xff, 0xff,
    0xff, 0xff, 0xff, 0x10, 0x0, 0x0, 0x1, 0xff,
    0xff, 0xf, 0xff, 0xff, 0xf0, 0xff, 0xff, 0xf,
    0xff, 0xff, 0xf0, 0xff, 0xff, 0x10, 0x0, 0x0,
    0x1, 0xff, 0xff, 0xff, 0xff, 0xff, 0xff, 0xff,
    0xff, 0xff, 0xff, 0xff, 0xff, 0xff, 0xff, 0xff,
    0xff, 0xf0, 0x1, 0xff, 0xff, 0xff, 0xff, 0xff,
    0xff, 0xff, 0xdf, 0xff, 0xff, 0xff, 0xff, 0xfd,

    /* U+F571 "" */
    0xdf, 0xff, 0xff, 0xf0, 0xd1, 0x0, 0xff, 0xff,
    0xff, 0xf0, 0xfd, 0x10, 0xff, 0x0, 0x1f, 0xf0,
    0xff, 0xd1, 0xff, 0xff, 0xff, 0xf0, 0xff, 0xfd,
    0xff, 0x0, 0x1f, 0xf2, 0x0, 0x0, 0xff, 0xff,
    0xff, 0xff, 0xff, 0xff, 0xff, 0xff, 0xff, 0xff,
    0xff, 0xff, 0xff, 0xff, 0xf8, 0x8f, 0xff, 0xff,
    0xff, 0xff, 0x90, 0xa, 0xff, 0xff, 0xff, 0xff,
    0x3a, 0xff, 0xff, 0xff, 0xff, 0xff, 0xb2, 0x2b,
    0xff, 0xff, 0xff, 0xff, 0xff, 0xa3, 0xff, 0xff,
    0xff, 0xff, 0xa0, 0x9, 0xff, 0xff, 0xff, 0xff,
    0xf8, 0x8f, 0xff, 0xff, 0xff, 0xff, 0xff, 0xff,
    0xff, 0xff, 0xdf, 0xff, 0xff, 0xff, 0xff, 0xfd,

    /* U+F572 "" */
    0xdf, 0xff, 0xff, 0xf0, 0xd1, 0x0, 0xff, 0xff,
    0xff, 0xf0, 0xfd, 0x10, 0xff, 0xff, 0xff, 0xf0,
    0xff, 0xd1, 0xff, 0xff, 0xff, 0xf0, 0xff, 0xfd,
    0xff, 0xff, 0xff, 0xf2, 0x0, 0x0, 0xff, 0xff,
    0xff, 0xff, 0xff, 0xff, 0xff, 0x90, 0x0, 0x5f,
    0xff, 0xff, 0xff, 0x80, 0x43, 0x9, 0xff, 0xff,
    0xff, 0x80, 0xba, 0x9, 0xff, 0xff, 0xff, 0x80,
    0x0, 0x3f, 0xdf, 0xff, 0xff, 0x80, 0xe2, 0x8,
    0x7, 0xff, 0xff, 0x91, 0xfe, 0x20, 0x2e, 0xff,
    0xff, 0xff, 0xfc, 0x0, 0xc, 0xff, 0xff, 0xff,
    0xf9, 0x3d, 0x39, 0xff, 0xff, 0xff, 0xff, 0xff,
    0xff, 0xff, 0xdf, 0xff, 0xff, 0xff, 0xff, 0xfd,

    /* U+F573 "" */
    0xdf, 0xff, 0xff, 0xf0, 0xd1, 0x0, 0x0, 0x0,
    0x0, 0xff, 0xff, 0xff, 0xf0, 0xfd, 0x10, 0x0,
    0x0, 0x0, 0xff, 0xff, 0xff, 0xf0, 0xff, 0xd1,
    0x0, 0x0, 0x0, 0xff, 0xff, 0xff, 0xf0, 0xff,
    0xfd, 0x0, 0x0, 0x0, 0xff, 0xff, 0xff, 0xf2,
    0x0, 0x0, 0x0, 0x9, 0xd2, 0xff, 0xff, 0xff,
    0xff, 0xff, 0xff, 0x0, 0x1c, 0xfd, 0xff, 0xff,
    0xff, 0xff, 0xff, 0xfd, 0x9, 0xc1, 0xc9, 0xff,
    0xff, 0xff, 0xff, 0xff, 0xd1, 0xaf, 0xfc, 0x10,
    0xff, 0xff, 0xff, 0xff, 0xfd, 0x1a, 0xff, 0xf9,
    0x0, 0xff, 0xff, 0xff, 0xff, 0xd1, 0xaf, 0xff,
    0xa0, 0x0, 0xff, 0xff, 0x9f, 0xff, 0x1a, 0xff,
    0xfa, 0x0, 0x0, 0xff, 0xfa, 0xa, 0xff, 0xf,
    0xff, 0xa0, 0x0, 0x0, 0xff, 0xf4, 0x41, 0x19,
    0xf, 0xfa, 0x0, 0x0, 0x0, 0xff, 0x24, 0xe1,
    0xc2, 0x0, 0x0, 0x0, 0x0, 0x0, 0xff, 0xff,
    0xff, 0xff, 0xff, 0xff, 0x0, 0x0, 0x0, 0xdf,
    0xff, 0xff, 0xff, 0xff, 0xfd, 0x0, 0x0, 0x0,

    /* U+F574 "" */
    0xdf, 0xff, 0xff, 0xf0, 0xd1, 0x0, 0xff, 0xff,
    0xff, 0xf0, 0xfd, 0x10, 0xff, 0xff, 0xff, 0xf0,
    0xff, 0xd1, 0xff, 0xff, 0xff, 0xf0, 0xff, 0xfd,
    0xff, 0xff, 0xff, 0xf2, 0x0, 0x0, 0xff, 0xff,
    0xff, 0xff, 0xff, 0xff, 0xff, 0xff, 0xff, 0xff,
    0xff, 0xff, 0xff, 0xff, 0xf5, 0x5f, 0xff, 0xff,
    0xff, 0xff, 0x40, 0x4, 0xff, 0xff, 0xff, 0xf4,
    0x0, 0x0, 0x4f, 0xff, 0xff, 0x90, 0x0, 0x0,
    0x9, 0xff, 0xff, 0xff, 0xf0, 0xf, 0xff, 0xff,
    0xff, 0xff, 0xf0, 0xf, 0xff, 0xff, 0xff, 0xff,
    0xf1, 0x1f, 0xff, 0xff, 0xff, 0xff, 0xff, 0xff,
    0xff, 0xff, 0xdf, 0xff, 0xff, 0xff, 0xff, 0xfd,

    /* U+F575 "" */
    0x0, 0x0, 0x0, 0x0, 0x0, 0x0, 0x0, 0x0,
    0x7, 0xc1, 0x0, 0x6, 0xf6, 0x0, 0x0, 0x0,
    0xc, 0xfd, 0x10, 0x6f, 0xff, 0x60, 0x0, 0x0,
    0x1, 0xdf, 0xd7, 0xff, 0xaf, 0xf6, 0x0, 0x0,
    0x0, 0x1d, 0xff, 0xf6, 0x6, 0xff, 0x60, 0x0,
    0x0, 0x7, 0xff, 0xe1, 0x0, 0x6f, 0xf6, 0x0,
    0x0, 0x6f, 0xfe, 0xfd, 0x10, 0x6, 0xff, 0x60,
    0x6, 0xff, 0x61, 0xdf, 0xa0, 0x0, 0x6f, 0xf6,
    0x5f, 0xf6, 0x0, 0x1a, 0x60, 0x0, 0xa, 0xff,
    0xdf, 0x70, 0x0, 0x0, 0x0, 0x0, 0x6f, 0xf6,
    0xff, 0xff, 0xff, 0xff, 0xff, 0xff, 0xff, 0x60,
    0xbf, 0xff, 0xff, 0xff, 0xff, 0xff, 0xf6, 0x0,
    0x2e, 0xff, 0xff, 0xff, 0xff, 0xff, 0x60, 0x0,
    0x2, 0xef, 0xff, 0xff, 0xff, 0xf6, 0x0, 0x0,
    0x0, 0x2e, 0xff, 0xff, 0xff, 0x60, 0x0, 0x0,
    0x0, 0x2, 0xef, 0xff, 0xf6, 0x0, 0x0, 0x0,
    0x0, 0x0, 0x2b, 0xfd, 0x50, 0x0, 0x0, 0x0,

    /* U+F576 "" */
    0x0, 0x0, 0x0, 0x0, 0x0, 0x0, 0x0, 0x0,
    0x0, 0x7, 0xc1, 0x0, 0x6, 0xf6, 0x0, 0x0,
    0x0, 0x0, 0xc, 0xfd, 0x10, 0x6f, 0xff, 0x60,
    0x0, 0x0, 0x0, 0x1, 0xdf, 0xd7, 0xff, 0xaf,
    0xf6, 0x0, 0x0, 0x0, 0x0, 0x1d, 0xff, 0xf6,
    0x6, 0xff, 0x60, 0x0, 0x0, 0x0, 0x7, 0xff,
    0xe1, 0x0, 0x6f, 0xf6, 0x0, 0x0, 0x0, 0x6f,
    0xfe, 0xfd, 0x10, 0x6, 0xff, 0x60, 0x0, 0x6,
    0xff, 0x61, 0xdf, 0xa0, 0x0, 0x6f, 0xf6, 0x0,
    0x5f, 0xf6, 0x0, 0x1a, 0x60, 0x0, 0xa, 0xff,
    0x0, 0xdf, 0x70, 0x0, 0x0, 0x0, 0x0, 0x6f,
    0xf6, 0x0, 0xff, 0xff, 0xff, 0xff, 0xff, 0xff,
    0xff, 0x60, 0x0, 0xbf, 0xff, 0xff, 0xff, 0xff,
    0xff, 0xf6, 0x5, 0x50, 0x2e, 0xff, 0xff, 0xff,
    0xff, 0xff, 0x60, 0xe, 0xe0, 0x2, 0xef, 0xff,
    0xff, 0xff, 0xf6, 0x0, 0x7f, 0xf8, 0x0, 0x2e,
    0xff, 0xff, 0xff, 0x60, 0x0, 0xef, 0xfe, 0x0,
    0x2, 0xef, 0xff, 0xf6, 0x0, 0x0, 0xef, 0xfe,
    0x0, 0x0, 0x2b, 0xfd, 0x50, 0x0, 0x0, 0x4e,
    0xe4,

    /* U+F577 "" */
    0x0, 0x0, 0x0, 0x0, 0x0, 0x0, 0x0, 0x0,
    0x0, 0x0, 0x4, 0xad, 0xfe, 0xc7, 0x10, 0x0,
    0x0, 0x0, 0x1b, 0xfe, 0xa8, 0x9c, 0xff, 0x70,
    0x0, 0x0, 0x1d, 0xf6, 0x3, 0x66, 0x31, 0xaf,
    0xa0, 0x0, 0xb, 0xf3, 0x0, 0xef, 0xff, 0xd3,
    0x6f, 0x70, 0x4, 0xf6, 0x45, 0x1, 0x12, 0x6d,
    0xf4, 0x65, 0x0, 0xae, 0x1f, 0xa0, 0x7c, 0xc7,
    0x1c, 0xe1, 0x1, 0xd, 0xa7, 0xf2, 0xaf, 0xbb,
    0xf9, 0x2f, 0x78, 0xd0, 0xf8, 0xad, 0x1f, 0x81,
    0x28, 0xf2, 0xdb, 0x8f, 0xe, 0x7b, 0xc3, 0xf4,
    0xbb, 0x3f, 0x4b, 0xc6, 0xf0, 0x0, 0xcb, 0x4f,
    0x3c, 0xc4, 0xf4, 0xcb, 0x3, 0x0, 0xd, 0xa5,
    0xf2, 0xdb, 0x4f, 0x3c, 0xb0, 0x0, 0x0, 0xf8,
    0x7f, 0x1e, 0xa6, 0xf2, 0xda, 0x0, 0x0, 0x5,
    0x19, 0xe1, 0xf7, 0x7f, 0x6, 0x30, 0x0, 0x0,
    0x0, 0x35, 0x4f, 0x53, 0x80, 0x0, 0x0, 0x0,
    0x0, 0x0, 0x7, 0xf1, 0x0, 0x0, 0x0, 0x0,
    0x0, 0x0, 0x0, 0x7c, 0x0, 0x0, 0x0, 0x0,
    0x0,

    /* U+F578 "" */
    0x0, 0x0, 0x0, 0x1, 0x6c, 0xef, 0xd9, 0x30,
    0x0, 0x0, 0xd, 0x60, 0x0, 0x6e, 0xff, 0xff,
    0xff, 0xfb, 0x10, 0x0, 0xc, 0xfa, 0x19, 0xff,
    0xff, 0xff, 0xff, 0xff, 0xe3, 0x0, 0x8, 0xff,
    0xff, 0xff, 0xff, 0xff, 0xff, 0xff, 0xff, 0x30,
    0x4, 0xff, 0xff, 0xff, 0xff, 0xff, 0xf9, 0x9f,
    0xff, 0xd0, 0x4, 0xff, 0xff, 0xff, 0xff, 0xff,
    0xf9, 0x9f, 0xff, 0xd0, 0x8, 0xff, 0xff, 0xff,
    0xff, 0xff, 0xff, 0xff, 0xff, 0x30, 0xc, 0xfa,
    0x19, 0xff, 0xff, 0xff, 0xff, 0xff, 0xe3, 0x0,
    0xd, 0x60, 0x0, 0x6e, 0xff, 0xff, 0xff, 0xfb,
    0x10, 0x0, 0x0, 0x0, 0x0, 0x1, 0x6c, 0xef,
    0xd9, 0x30, 0x0, 0x0,

    /* U+F579 "" */
    0x0, 0x0, 0x4, 0x89, 0x96, 0x20, 0x0, 0x0,
    0x0, 0x5, 0xef, 0xff, 0xff, 0xfa, 0x10, 0x0,
    0x0, 0x8f, 0xff, 0xff, 0xff, 0xff, 0xe2, 0x0,
    0x7, 0xff, 0xff, 0xff, 0xff, 0xff, 0xfd, 0x10,
    0x1f, 0xff, 0xef, 0xff, 0xff, 0xef, 0xff, 0x90,
    0x8f, 0xf4, 0x0, 0xaf, 0xf4, 0x0, 0xaf, 0xf0,
    0xdf, 0x90, 0x72, 0x1f, 0x90, 0x72, 0x1f, 0xf4,
    0xff, 0xa0, 0xa4, 0x2f, 0xa0, 0xa4, 0x2f, 0xf7,
    0xff, 0xf5, 0x1, 0xbf, 0xf5, 0x1, 0xbf, 0xf7,
    0xdf, 0xff, 0xff, 0xff, 0xff, 0xff, 0xff, 0xf5,
    0xaf, 0xff, 0xff, 0xff, 0xff, 0xff, 0xff, 0xf2,
    0x3f, 0xff, 0xf8, 0x44, 0x44, 0xef, 0xff, 0xb0,
    0xa, 0xff, 0xf8, 0x44, 0x44, 0xef, 0xff, 0x30,
    0x0, 0xcf, 0xff, 0xff, 0xff, 0xff, 0xf5, 0x0,
    0x0, 0xa, 0xff, 0xff, 0xff, 0xfe, 0x40, 0x0,
    0x0, 0x0, 0x39, 0xde, 0xeb, 0x70, 0x0, 0x0,

    /* U+F57A "" */
    0x0, 0x0, 0x28, 0xbd, 0xca, 0x50, 0x0, 0x0,
    0x0, 0x8, 0xff, 0xff, 0xff, 0xfd, 0x30, 0x0,
    0x0, 0xbf, 0xff, 0xff, 0xff, 0xff, 0xf4, 0x0,
    0x9, 0xff, 0xff, 0xff, 0xff, 0xff, 0xfe, 0x20,
    0x2f, 0xff, 0xff, 0xff, 0xff, 0xff, 0xff, 0xa0,
    0x9f, 0xff, 0xc8, 0xff, 0xfc, 0x8f, 0xff, 0xf1,
    0xdf, 0xff, 0x40, 0xdf, 0xf4, 0xd, 0xff, 0xf5,
    0xff, 0xff, 0xc8, 0xff, 0xfc, 0x8f, 0xff, 0xf7,
    0xff, 0xff, 0xff, 0xff, 0xff, 0xff, 0xff, 0xf6,
    0xdf, 0xff, 0xff, 0xeb, 0xcf, 0xff, 0xff, 0xf5,
    0x9f, 0xff, 0xf8, 0x0, 0x3, 0xef, 0xff, 0xf1,
    0x3f, 0xff, 0xd0, 0x1, 0x0, 0x6f, 0xff, 0xa0,
    0x9, 0xff, 0xfb, 0xff, 0xfd, 0xcf, 0xfe, 0x20,
    0x0, 0xbf, 0xff, 0xff, 0xff, 0xff, 0xf4, 0x0,
    0x0, 0x9, 0xff, 0xff, 0xff, 0xfd, 0x30, 0x0,
    0x0, 0x0, 0x28, 0xbd, 0xca, 0x50, 0x0, 0x0,

    /* U+F57B "" */
    0xb, 0xff, 0xff, 0xff, 0xff, 0xff, 0xff, 0xff,
    0xc0, 0xc, 0xfb, 0x88, 0x88, 0x88, 0x88, 0x88,
    0xaf, 0xd0, 0x1, 0xdf, 0x30, 0x0, 0x0, 0x0,
    0x2, 0xee, 0x20, 0x0, 0x1d, 0xff, 0xff, 0xff,
    0xff, 0xff, 0xe2, 0x0, 0x0, 0x1, 0xdf, 0xff,
    0xff, 0xff, 0xfe, 0x20, 0x0, 0x0, 0x0, 0x1d,
    0xff, 0xff, 0xff, 0xe2, 0x0, 0x0, 0x0, 0x0,
    0x1, 0xdf, 0xff, 0xfe, 0x20, 0x0, 0x0, 0x0,
    0x0, 0x0, 0x1d, 0xff, 0xe2, 0x0, 0x0, 0x0,
    0x0, 0x0, 0x0, 0x1, 0xff, 0x20, 0x0, 0x0,
    0x0, 0x0, 0x0, 0x0, 0x0, 0xff, 0x0, 0x0,
    0x0, 0x0, 0x0, 0x0, 0x0, 0x0, 0xff, 0x0,
    0x0, 0x0, 0x0, 0x0, 0x0, 0x0, 0x0, 0xff,
    0x0, 0x0, 0x0, 0x0, 0x0, 0x0, 0x0, 0x0,
    0xff, 0x0, 0x0, 0x0, 0x0, 0x0, 0x0, 0x0,
    0x0, 0xff, 0x0, 0x0, 0x0, 0x0, 0x0, 0x0,
    0x3, 0x78, 0xff, 0x87, 0x30, 0x0, 0x0, 0x0,
    0x0, 0xd, 0xff, 0xff, 0xff, 0xe0, 0x0, 0x0,

    /* U+F57C "" */
    0x0, 0x0, 0x16, 0xab, 0xa8, 0x30, 0x0, 0x0,
    0x0, 0x7, 0xff, 0xff, 0xff, 0xfc, 0x20, 0x0,
    0x0, 0xaf, 0xff, 0xff, 0xa1, 0x6f, 0xf3, 0x0,
    0x8, 0xff, 0xff, 0xc1, 0x0, 0x2, 0xde, 0x20,
    0x2f, 0xff, 0xfd, 0x0, 0x0, 0x0, 0x2f, 0xa0,
    0x9f, 0xff, 0xff, 0xff, 0xfb, 0x40, 0x9, 0xf1,
    0xdf, 0xff, 0xff, 0xb8, 0xdb, 0x40, 0x9, 0xf5,
    0xff, 0xff, 0xf7, 0x0, 0x0, 0x63, 0x7f, 0xf7,
    0xff, 0xff, 0xd0, 0x0, 0x0, 0x8f, 0xff, 0xf7,
    0xdf, 0xff, 0xc0, 0x0, 0x0, 0x4, 0xff, 0xf5,
    0x9f, 0xff, 0xf5, 0x0, 0x0, 0x9, 0xff, 0xf1,
    0x2f, 0xff, 0xff, 0xfa, 0x0, 0x1f, 0xff, 0xa0,
    0x8, 0xff, 0xff, 0xfc, 0x0, 0xaf, 0xfe, 0x20,
    0x0, 0xaf, 0xff, 0xff, 0x27, 0xff, 0xf3, 0x0,
    0x0, 0x7, 0xff, 0xff, 0xff, 0xfc, 0x20, 0x0,
    0x0, 0x0, 0x16, 0xab, 0xa8, 0x30, 0x0, 0x0,

    /* U+F57D "" */
    0x0, 0x0, 0x16, 0xab, 0xa8, 0x30, 0x0, 0x0,
    0x0, 0x7, 0xff, 0xfd, 0xff, 0xfc, 0x20, 0x0,
    0x0, 0xaf, 0xa6, 0x60, 0xbf, 0xff, 0xe3, 0x0,
    0x8, 0xf7, 0x0, 0x0, 0xbf, 0xff, 0xfe, 0x10,
    0x2f, 0x90, 0x0, 0x0, 0xff, 0xff, 0xff, 0xa0,
    0x9f, 0x30, 0x0, 0x1f, 0xff, 0xff, 0xca, 0xf1,
    0xdf, 0xb0, 0x2, 0x2c, 0xff, 0xff, 0x23, 0xf5,
    0xff, 0xf8, 0x1d, 0xff, 0xff, 0xff, 0x20, 0xf7,
    0xff, 0xff, 0xb2, 0x4f, 0xff, 0xff, 0xc5, 0xf7,
    0xdf, 0xff, 0xff, 0x60, 0x0, 0xbf, 0xff, 0xf5,
    0x9f, 0xff, 0xff, 0xb0, 0x0, 0x4f, 0xff, 0xf1,
    0x3f, 0xff, 0xff, 0xd0, 0x0, 0xbf, 0xff, 0xb0,
    0x9, 0xff, 0xff, 0xf6, 0x4, 0xff, 0xff, 0x20,
    0x0, 0xbf, 0xff, 0xfb, 0xa, 0xff, 0xf4, 0x0,
    0x0, 0x9, 0xff, 0xfe, 0xbf, 0xfd, 0x30, 0x0,
    0x0, 0x0, 0x28, 0xbd, 0xca, 0x50, 0x0, 0x0,

    /* U+F57E "" */
    0x0, 0x0, 0x4, 0x89, 0x96, 0x20, 0x0, 0x0,
    0x0, 0x5, 0xef, 0xfe, 0xef, 0xfa, 0x10, 0x0,
    0x0, 0x8f, 0xc4, 0x0, 0x1c, 0xff, 0xe2, 0x0,
    0x7, 0xf9, 0x0, 0x0, 0xcf, 0xff, 0xfe, 0x10,
    0x1f, 0xa0, 0x0, 0x0, 0x4f, 0xff, 0xff, 0x90,
    0x8f, 0x10, 0x0, 0x0, 0x3f, 0xff, 0xff, 0xf1,
    0xdb, 0x0, 0x0, 0x0, 0x4f, 0xff, 0xff, 0xf5,
    0xf8, 0x0, 0x0, 0x6, 0xff, 0xff, 0xff, 0xf7,
    0xf8, 0x0, 0x80, 0x6f, 0xff, 0xff, 0xff, 0xf7,
    0xdf, 0xee, 0xf7, 0x4f, 0xfb, 0x27, 0xdf, 0xf5,
    0x9f, 0xff, 0xff, 0xff, 0x20, 0x0, 0x5f, 0xf1,
    0x3f, 0xff, 0xff, 0xff, 0xb8, 0x80, 0x5f, 0xb0,
    0x9, 0xff, 0xff, 0xff, 0xff, 0xfe, 0xff, 0x20,
    0x0, 0xcf, 0xff, 0xff, 0xff, 0xff, 0xf5, 0x0,
    0x0, 0x9, 0xff, 0xff, 0xff, 0xfd, 0x30, 0x0,
    0x0, 0x0, 0x28, 0xbd, 0xca, 0x50, 0x0, 0x0,

    /* U+F57F "" */
    0x0, 0x0, 0x28, 0xbd, 0xca, 0x50, 0x0, 0x0,
    0x0, 0x8, 0xff, 0xff, 0xff, 0xfd, 0x30, 0x0,
    0x0, 0xbf, 0xff, 0xff, 0xff, 0xff, 0xf4, 0x0,
    0x9, 0xff, 0xff, 0xff, 0xff, 0xff, 0xfe, 0x10,
    0x2f, 0xff, 0xff, 0xff, 0xff, 0xff, 0xff, 0xa0,
    0x9f, 0xff, 0xc8, 0xff, 0xfc, 0x8f, 0xff, 0xf1,
    0xdf, 0xff, 0x40, 0xcf, 0xf4, 0xc, 0xff, 0xf5,
    0xff, 0xff, 0xb6, 0xff, 0xfb, 0x6f, 0xff, 0xf6,
    0xff, 0xff, 0xff, 0xff, 0xff, 0xff, 0xff, 0xf7,
    0xdf, 0xfe, 0xdb, 0xdb, 0xdb, 0xdc, 0xff, 0xf5,
    0x9f, 0xfa, 0xb7, 0xb7, 0xb7, 0xb7, 0xef, 0xf1,
    0x3f, 0xf4, 0x80, 0x80, 0x80, 0x80, 0xcf, 0xb0,
    0xa, 0xfb, 0xa4, 0xa4, 0xa4, 0xa6, 0xff, 0x20,
    0x0, 0xcf, 0xff, 0xff, 0xff, 0xff, 0xf5, 0x0,
    0x0, 0xa, 0xff, 0xff, 0xff, 0xfe, 0x40, 0x0,
    0x0, 0x0, 0x39, 0xde, 0xeb, 0x60, 0x0, 0x0,

    /* U+F580 "" */
    0x0, 0x0, 0x28, 0xbd, 0xca, 0x50, 0x0, 0x0,
    0x0, 0x8, 0xff, 0xff, 0xff, 0xfd, 0x30, 0x0,
    0x0, 0xbf, 0xff, 0xff, 0xff, 0xff, 0xf4, 0x0,
    0x9, 0xff, 0xff, 0xff, 0xff, 0xff, 0xfe, 0x20,
    0x2f, 0xff, 0xff, 0xff, 0xff, 0xff, 0xff, 0xa0,
    0x9f, 0xff, 0xc8, 0xff, 0xfc, 0x8f, 0xff, 0xf1,
    0xdf, 0xff, 0x40, 0xcf, 0xf4, 0xc, 0xff, 0xf5,
    0xff, 0xff, 0xb6, 0xff, 0xfb, 0x6f, 0xff, 0xf7,
    0xff, 0xff, 0xff, 0xff, 0xff, 0xff, 0xff, 0xf6,
    0xdf, 0xff, 0xff, 0xff, 0xff, 0xff, 0xff, 0xf5,
    0x9f, 0xf8, 0x69, 0xab, 0xa9, 0x74, 0xef, 0xf1,
    0x3f, 0xf8, 0x0, 0x0, 0x0, 0x1, 0xff, 0xa0,
    0x9, 0xff, 0x70, 0x0, 0x0, 0x2c, 0xfe, 0x20,
    0x0, 0xbf, 0xfe, 0x96, 0x7b, 0xff, 0xf4, 0x0,
    0x0, 0x9, 0xff, 0xff, 0xff, 0xfd, 0x30, 0x0,
    0x0, 0x0, 0x28, 0xbd, 0xca, 0x50, 0x0, 0x0,

    /* U+F581 "" */
    0x0, 0x0, 0x16, 0xab, 0xa8, 0x30, 0x0, 0x0,
    0x0, 0x7, 0xff, 0xff, 0xff, 0xfc, 0x20, 0x0,
    0x0, 0xaf, 0xff, 0xff, 0xff, 0xff, 0xe3, 0x0,
    0x8, 0xff, 0xff, 0xff, 0xff, 0xff, 0xfe, 0x10,
    0x2f, 0xff, 0xa3, 0xff, 0xfa, 0x3f, 0xff, 0xa0,
    0x9f, 0xff, 0x50, 0xdf, 0xf5, 0xd, 0xff, 0xf1,
    0xdf, 0xff, 0x50, 0xdf, 0xf5, 0xd, 0xff, 0xf5,
    0xff, 0xff, 0xa3, 0xff, 0xfa, 0x3f, 0xff, 0xf7,
    0xff, 0xff, 0xff, 0xff, 0xff, 0xff, 0xff, 0xf7,
    0xdf, 0xff, 0xff, 0xff, 0xff, 0xff, 0xff, 0xf5,
    0x9f, 0xf5, 0x25, 0x67, 0x76, 0x41, 0xdf, 0xf1,
    0x3f, 0xf9, 0x0, 0x0, 0x0, 0x2, 0xff, 0xb0,
    0x9, 0xff, 0x80, 0x0, 0x0, 0x3d, 0xff, 0x20,
    0x0, 0xbf, 0xfe, 0x96, 0x8b, 0xff, 0xf4, 0x0,
    0x0, 0x9, 0xff, 0xff, 0xff, 0xfd, 0x30, 0x0,
    0x0, 0x0, 0x28, 0xbd, 0xca, 0x50, 0x0, 0x0,

    /* U+F582 "" */
    0x0, 0x0, 0x4, 0x89, 0x96, 0x20, 0x0, 0x0,
    0x0, 0x5, 0xef, 0xff, 0xff, 0xfa, 0x10, 0x0,
    0x0, 0x8f, 0xff, 0xff, 0xff, 0xff, 0xe2, 0x0,
    0x7, 0xff, 0xff, 0xff, 0xff, 0xff, 0xfd, 0x10,
    0x1f, 0xff, 0xfe, 0xff, 0xff, 0xef, 0xff, 0x90,
    0x8f, 0xff, 0x30, 0xaf, 0xf3, 0xa, 0xff, 0xf0,
    0xdf, 0xf9, 0x9f, 0x4f, 0x99, 0xf4, 0xff, 0xf5,
    0xff, 0xfe, 0xff, 0xef, 0xef, 0xfe, 0xff, 0xf7,
    0xff, 0xff, 0xff, 0xff, 0xff, 0xff, 0xff, 0xf7,
    0xdf, 0xff, 0xff, 0xff, 0xff, 0xff, 0xff, 0xf5,
    0x9f, 0xf5, 0x25, 0x67, 0x76, 0x41, 0xdf, 0xf1,
    0x3f, 0xf9, 0x0, 0x0, 0x0, 0x2, 0xff, 0xb0,
    0x9, 0xff, 0x80, 0x0, 0x0, 0x3d, 0xff, 0x20,
    0x0, 0xcf, 0xfe, 0x96, 0x8b, 0xff, 0xf4, 0x0,
    0x0, 0x9, 0xff, 0xff, 0xff, 0xfd, 0x30, 0x0,
    0x0, 0x0, 0x28, 0xbd, 0xca, 0x50, 0x0, 0x0,

    /* U+F583 "" */
    0x0, 0x0, 0x4, 0x89, 0x96, 0x10, 0x2, 0x90,
    0x0, 0x5, 0xef, 0xff, 0xff, 0xf9, 0xc, 0xf4,
    0x0, 0x8f, 0xff, 0xff, 0xff, 0xfc, 0x3f, 0xfb,
    0x7, 0xff, 0xff, 0xff, 0xff, 0xfe, 0x1d, 0xf6,
    0x1f, 0xff, 0xfe, 0xff, 0xff, 0xef, 0xa1, 0x0,
    0x8f, 0xff, 0x30, 0xaf, 0xf3, 0xa, 0xff, 0xe0,
    0xdf, 0xf9, 0x9f, 0x4f, 0x99, 0xf4, 0xff, 0xf4,
    0xff, 0xfe, 0xff, 0xef, 0xef, 0xfe, 0xff, 0xf7,
    0xff, 0xff, 0xff, 0xff, 0xff, 0xff, 0xff, 0xf7,
    0xdf, 0xff, 0xff, 0xff, 0xff, 0xff, 0xff, 0xf5,
    0x9f, 0xf5, 0x25, 0x67, 0x76, 0x41, 0xdf, 0xf1,
    0x3f, 0xf9, 0x0, 0x0, 0x0, 0x2, 0xff, 0xb0,
    0x9, 0xff, 0x80, 0x0, 0x0, 0x3d, 0xff, 0x20,
    0x0, 0xcf, 0xfe, 0x96, 0x8b, 0xff, 0xf4, 0x0,
    0x0, 0x9, 0xff, 0xff, 0xff, 0xfd, 0x30, 0x0,
    0x0, 0x0, 0x28, 0xbd, 0xca, 0x50, 0x0, 0x0,

    /* U+F584 "" */
    0x0, 0x0, 0x28, 0xbd, 0xca, 0x50, 0x0, 0x0,
    0x0, 0x8, 0xff, 0xff, 0xff, 0xfd, 0x30, 0x0,
    0x0, 0xbf, 0xff, 0xff, 0xff, 0xff, 0xf4, 0x0,
    0x9, 0xff, 0xff, 0xff, 0xff, 0xff, 0xff, 0x20,
    0x2f, 0xff, 0xb0, 0x7f, 0xe0, 0x3f, 0xff, 0xa0,
    0x9f, 0xe1, 0x0, 0x5f, 0xd0, 0x0, 0x7f, 0xf1,
    0xdf, 0xe0, 0x0, 0xaf, 0xf1, 0x0, 0x6f, 0xf5,
    0xff, 0xfe, 0xa6, 0xef, 0xf9, 0x8c, 0xff, 0xf7,
    0xff, 0xff, 0xff, 0xff, 0xff, 0xff, 0xff, 0xf7,
    0xdf, 0xff, 0xff, 0xff, 0xff, 0xff, 0xff, 0xf5,
    0x9f, 0xf5, 0x3, 0x55, 0x54, 0x20, 0xdf, 0xf1,
    0x3f, 0xfa, 0x0, 0x0, 0x0, 0x2, 0xff, 0xa0,
    0x9, 0xff, 0x90, 0x0, 0x0, 0x3e, 0xff, 0x20,
    0x0, 0xbf, 0xfe, 0x97, 0x8c, 0xff, 0xf4, 0x0,
    0x0, 0x9, 0xff, 0xff, 0xff, 0xfd, 0x30, 0x0,
    0x0, 0x0, 0x28, 0xbd, 0xca, 0x50, 0x0, 0x0,

    /* U+F585 "" */
    0x0, 0x0, 0x28, 0xbd, 0xca, 0x50, 0x0, 0x0,
    0x0, 0x8, 0xff, 0xff, 0xff, 0xfd, 0x30, 0x0,
    0x0, 0xbf, 0xff, 0xff, 0xff, 0xff, 0xf4, 0x0,
    0x9, 0xff, 0xff, 0xff, 0xff, 0xff, 0xff, 0x20,
    0x2f, 0xfd, 0xcf, 0xff, 0xff, 0xfa, 0xff, 0xa0,
    0x9f, 0xfe, 0x15, 0xef, 0xfa, 0x18, 0xff, 0xf1,
    0xdf, 0xff, 0x80, 0x5f, 0xc0, 0x1f, 0xff, 0xf5,
    0xff, 0xfd, 0x19, 0xff, 0xfd, 0x45, 0xff, 0xf7,
    0xff, 0xff, 0xef, 0xff, 0xff, 0xfd, 0xff, 0xf7,
    0xdf, 0xff, 0xff, 0xff, 0xff, 0xff, 0xff, 0xf5,
    0x9f, 0xf5, 0x3, 0x55, 0x54, 0x20, 0xdf, 0xf1,
    0x3f, 0xfa, 0x0, 0x0, 0x0, 0x2, 0xff, 0xa0,
    0x9, 0xff, 0x90, 0x0, 0x0, 0x3e, 0xff, 0x20,
    0x0, 0xbf, 0xfe, 0x97, 0x8c, 0xff, 0xf4, 0x0,
    0x0, 0x9, 0xff, 0xff, 0xff, 0xfd, 0x30, 0x0,
    0x0, 0x0, 0x28, 0xbd, 0xca, 0x50, 0x0, 0x0,

    /* U+F586 "" */
    0x0, 0x0, 0x5, 0x9b, 0xb9, 0x50, 0x9, 0xf8,
    0x0, 0x0, 0x4d, 0xff, 0xff, 0xff, 0xc1, 0xff,
    0xf0, 0x0, 0x6f, 0xff, 0xff, 0xff, 0xfa, 0x5f,
    0xfa, 0x0, 0x4f, 0xff, 0xff, 0xf5, 0xff, 0x93,
    0x62, 0x0, 0xd, 0xff, 0xff, 0xfb, 0x2f, 0xff,
    0x99, 0xb0, 0x4, 0xff, 0xff, 0xff, 0x70, 0x6,
    0xff, 0xff, 0x50, 0x8f, 0xff, 0xff, 0xfa, 0x9d,
    0xff, 0x9f, 0xf9, 0xa, 0xff, 0xfb, 0x79, 0xff,
    0xff, 0xa0, 0xaf, 0xb0, 0xaf, 0xf5, 0x20, 0x9f,
    0xff, 0xd1, 0x8, 0xfb, 0x8, 0xff, 0xff, 0x1d,
    0xff, 0xe2, 0x0, 0xbf, 0x90, 0x4f, 0xff, 0xf6,
    0xff, 0xd2, 0x0, 0x2f, 0xf5, 0x0, 0xb9, 0x9f,
    0xff, 0xa1, 0x0, 0xc, 0xfe, 0x0, 0x2, 0x53,
    0x8f, 0x90, 0x0, 0x2c, 0xff, 0x50, 0x9, 0xff,
    0x69, 0xff, 0xa9, 0xbf, 0xff, 0x70, 0x0, 0xef,
    0xf2, 0xbf, 0xff, 0xff, 0xfe, 0x50, 0x0, 0x7,
    0xfa, 0x0, 0x59, 0xbb, 0x95, 0x0, 0x0, 0x0,

    /* U+F587 "" */
    0x0, 0x0, 0x16, 0xab, 0xa8, 0x30, 0x0, 0x0,
    0x0, 0x7, 0xff, 0xff, 0xff, 0xfc, 0x20, 0x0,
    0x0, 0xaf, 0xff, 0xff, 0xff, 0xff, 0xe3, 0x0,
    0x8, 0xff, 0xff, 0xff, 0xff, 0xff, 0xfe, 0x10,
    0x2f, 0xff, 0x6d, 0xff, 0xff, 0x6d, 0xff, 0xa0,
    0x9f, 0xe3, 0x1, 0x8f, 0xe3, 0x1, 0x8f, 0xf1,
    0xdf, 0xf7, 0x0, 0xef, 0xf7, 0x0, 0xef, 0xf5,
    0xff, 0xf9, 0x85, 0xff, 0xf9, 0x85, 0xff, 0xf7,
    0xff, 0xff, 0xff, 0xff, 0xff, 0xff, 0xff, 0xf7,
    0xdf, 0xff, 0xff, 0xff, 0xff, 0xff, 0xff, 0xf5,
    0x9f, 0xf5, 0x25, 0x67, 0x76, 0x41, 0xdf, 0xf1,
    0x3f, 0xf9, 0x0, 0x0, 0x0, 0x2, 0xff, 0xb0,
    0x9, 0xff, 0x80, 0x0, 0x0, 0x3d, 0xff, 0x20,
    0x0, 0xbf, 0xfe, 0x96, 0x8b, 0xff, 0xf4, 0x0,
    0x0, 0x9, 0xff, 0xff, 0xff, 0xfd, 0x30, 0x0,
    0x0, 0x0, 0x28, 0xbd, 0xca, 0x50, 0x0, 0x0,

    /* U+F588 "" */
    0x0, 0x0, 0x0, 0x3, 0x79, 0x97, 0x30, 0x0,
    0x0, 0x0, 0x0, 0x0, 0x0, 0x3c, 0xff, 0xff,
    0xff, 0xc3, 0x0, 0x0, 0x0, 0x0, 0x0, 0x5f,
    0xff, 0xff, 0xff, 0xff, 0xf6, 0x0, 0x0, 0x0,
    0x0, 0x3f, 0xff, 0xff, 0xff, 0xff, 0xff, 0xf4,
    0x0, 0x0, 0x0, 0xd, 0xff, 0xfe, 0xff, 0xff,
    0xef, 0xff, 0xe0, 0x0, 0x0, 0x4, 0xff, 0xf6,
    0x5, 0xff, 0x60, 0x5f, 0xff, 0x50, 0x0, 0x0,
    0x8f, 0xfe, 0x5f, 0x6d, 0xe5, 0xf6, 0xdf, 0xf9,
    0x0, 0x0, 0x0, 0x1c, 0xff, 0xff, 0xff, 0xff,
    0xff, 0xd1, 0x0, 0x0, 0x2a, 0xd7, 0x8f, 0xff,
    0xff, 0xff, 0xff, 0xf9, 0x6d, 0x93, 0xd, 0xff,
    0x4a, 0xff, 0xff, 0xff, 0xff, 0xff, 0xb4, 0xff,
    0xe0, 0xcf, 0xf1, 0xea, 0x14, 0x67, 0x76, 0x51,
    0x9f, 0x1e, 0xfd, 0x1, 0x73, 0x6f, 0xd0, 0x0,
    0x0, 0x0, 0xd, 0xf7, 0x37, 0x20, 0x0, 0x4,
    0xff, 0xb1, 0x0, 0x0, 0x1b, 0xff, 0x40, 0x0,
    0x0, 0x0, 0x7, 0xff, 0xfa, 0x77, 0xaf, 0xff,
    0x80, 0x0, 0x0, 0x0, 0x0, 0x4, 0xef, 0xff,
    0xff, 0xff, 0x50, 0x0, 0x0, 0x0, 0x0, 0x0,
    0x0, 0x6b, 0xdd, 0xb7, 0x10, 0x0, 0x0, 0x0,

    /* U+F589 "" */
    0x0, 0x0, 0x28, 0xbd, 0xca, 0x50, 0x0, 0x0,
    0x0, 0x9, 0xff, 0xff, 0xff, 0xfd, 0x30, 0x0,
    0x0, 0xbf, 0xff, 0xff, 0xff, 0xff, 0xf4, 0x0,
    0x9, 0xff, 0xff, 0xff, 0xff, 0xff, 0xff, 0x20,
    0x3f, 0xff, 0xff, 0xff, 0xff, 0xff, 0xff, 0xa0,
    0x9f, 0xff, 0xc7, 0xff, 0xfd, 0x7f, 0xff, 0xf1,
    0xdf, 0xff, 0x40, 0xaf, 0xf7, 0xc, 0xff, 0xf5,
    0xff, 0xff, 0xb5, 0xef, 0xfc, 0x6f, 0xff, 0xf7,
    0xff, 0xff, 0xff, 0xff, 0xff, 0xff, 0xff, 0xf7,
    0xdf, 0xff, 0xff, 0xff, 0xff, 0xff, 0xff, 0xf5,
    0x9f, 0xf8, 0x58, 0xab, 0xaa, 0x74, 0xdf, 0xf1,
    0x2f, 0xfa, 0x0, 0x20, 0x11, 0x1, 0xef, 0xa0,
    0x8, 0xff, 0x91, 0xfb, 0xde, 0x1d, 0xfe, 0x10,
    0x0, 0xaf, 0xd1, 0xff, 0xfe, 0x3f, 0xf3, 0x0,
    0x0, 0x6, 0xd0, 0xff, 0xfd, 0x4c, 0x20, 0x0,
    0x0, 0x0, 0x0, 0x5e, 0xd3, 0x0, 0x0, 0x0,

    /* U+F58A "" */
    0x0, 0x0, 0x17, 0xbd, 0xca, 0x60, 0x0, 0x0,
    0x0, 0x7, 0xff, 0xff, 0xff, 0xfe, 0x50, 0x0,
    0x0, 0x9f, 0xff, 0xff, 0xff, 0xff, 0xf7, 0x0,
    0x6, 0xff, 0xff, 0xff, 0xff, 0xff, 0xff, 0x40,
    0x1f, 0xfe, 0xbf, 0xff, 0xff, 0xfa, 0xff, 0xd0,
    0x6f, 0xff, 0x34, 0xdf, 0xfc, 0x25, 0xff, 0xf4,
    0xaf, 0xff, 0xb0, 0x2f, 0xe1, 0xd, 0xff, 0xf8,
    0xcf, 0xfe, 0x27, 0xff, 0xfe, 0x63, 0xff, 0xfa,
    0xcf, 0xff, 0xef, 0xff, 0xff, 0xfd, 0xff, 0xfa,
    0xaf, 0xff, 0xff, 0xff, 0xff, 0xff, 0xff, 0xf8,
    0x6f, 0xf8, 0x3, 0x55, 0x54, 0x20, 0xaf, 0xf3,
    0xe, 0xfd, 0x0, 0x41, 0x23, 0x1, 0xef, 0xc0,
    0x5, 0xff, 0xb1, 0xfb, 0xde, 0xd, 0xff, 0x30,
    0x0, 0x8f, 0xe1, 0xff, 0xfe, 0x1f, 0xf5, 0x0,
    0x0, 0x5, 0xd0, 0xff, 0xfc, 0x2d, 0x30, 0x0,
    0x0, 0x0, 0x0, 0x5e, 0xd3, 0x0, 0x0, 0x0,

    /* U+F58B "" */
    0x0, 0x0, 0x28, 0xbd, 0xca, 0x50, 0x0, 0x0,
    0x0, 0x9, 0xff, 0xff, 0xff, 0xfd, 0x30, 0x0,
    0x0, 0xbf, 0xff, 0xff, 0xff, 0xff, 0xf4, 0x0,
    0x9, 0xff, 0xff, 0xff, 0xff, 0xff, 0xff, 0x20,
    0x3f, 0xff, 0xff, 0xff, 0xfd, 0x79, 0xff, 0xb0,
    0x9f, 0xfe, 0x9b, 0xff, 0xf1, 0x30, 0x8f, 0xf1,
    0xdf, 0xf2, 0x53, 0x8f, 0xc0, 0xe6, 0x4f, 0xf5,
    0xff, 0xfd, 0xff, 0xdf, 0xf1, 0x0, 0x7f, 0xf7,
    0xff, 0xff, 0xff, 0xff, 0xfc, 0x57, 0xff, 0xf7,
    0xdf, 0xff, 0xff, 0xff, 0xff, 0xff, 0xff, 0xf5,
    0x9f, 0xf8, 0x69, 0xab, 0xa9, 0x74, 0xef, 0xf1,
    0x2f, 0xf9, 0x0, 0x30, 0x21, 0x1, 0xff, 0xa0,
    0x8, 0xff, 0x83, 0xf9, 0xeb, 0x2e, 0xfe, 0x10,
    0x0, 0xaf, 0xc4, 0xff, 0xfc, 0x4f, 0xf3, 0x0,
    0x0, 0x7, 0xc2, 0xff, 0xfa, 0x5c, 0x20, 0x0,
    0x0, 0x0, 0x0, 0x7f, 0xc2, 0x0, 0x0, 0x0,

    /* U+F58C "" */
    0x0, 0x0, 0x28, 0xbd, 0xca, 0x50, 0x0, 0x0,
    0x0, 0x8, 0xff, 0xff, 0xff, 0xfd, 0x30, 0x0,
    0x0, 0xbf, 0xff, 0xff, 0xff, 0xff, 0xf4, 0x0,
    0x9, 0xff, 0xff, 0xff, 0xff, 0xff, 0xfe, 0x20,
    0x2f, 0xff, 0xff, 0xff, 0xff, 0xff, 0xff, 0xa0,
    0x9f, 0xff, 0xc8, 0xff, 0xfb, 0x9e, 0xff, 0xf1,
    0xdf, 0xff, 0x40, 0xcf, 0xa0, 0x2, 0xff, 0xf5,
    0xff, 0xff, 0xb6, 0xff, 0xad, 0xf9, 0xff, 0xf7,
    0xff, 0xff, 0xff, 0xff, 0xff, 0xff, 0xff, 0xf6,
    0xdf, 0xff, 0xff, 0xff, 0xff, 0xff, 0xff, 0xf5,
    0x9f, 0xf8, 0x69, 0xab, 0xa9, 0x74, 0xef, 0xf1,
    0x3f, 0xf8, 0x0, 0x0, 0x0, 0x1, 0xff, 0xa0,
    0x9, 0xff, 0x70, 0x0, 0x0, 0x2c, 0xfe, 0x20,
    0x0, 0xbf, 0xfe, 0x96, 0x7b, 0xff, 0xf4, 0x0,
    0x0, 0x9, 0xff, 0xff, 0xff, 0xfd, 0x30, 0x0,
    0x0, 0x0, 0x28, 0xbd, 0xca, 0x50, 0x0, 0x0,

    /* U+F58D "" */
    0xcf, 0xfc, 0xc, 0xff, 0xc0, 0xcf, 0xfc, 0xff,
    0xff, 0xf, 0xff, 0xf0, 0xff, 0xff, 0xff, 0xff,
    0xf, 0xff, 0xf0, 0xff, 0xff, 0xcf, 0xfc, 0xc,
    0xff, 0xc0, 0xcf, 0xfc, 0x0, 0x0, 0x0, 0x0,
    0x0, 0x0, 0x0, 0x0, 0x0, 0x0, 0x0, 0x0,
    0x0, 0x0, 0xcf, 0xfc, 0xc, 0xff, 0xc0, 0xcf,
    0xfc, 0xff, 0xff, 0xf, 0xff, 0xf0, 0xff, 0xff,
    0xff, 0xff, 0xf, 0xff, 0xf0, 0xff, 0xff, 0xcf,
    0xfc, 0xc, 0xff, 0xc0, 0xcf, 0xfc,

    /* U+F58E "" */
    0xcf, 0xfc, 0x0, 0xcf, 0xfc, 0xff, 0xff, 0x0,
    0xff, 0xff, 0xff, 0xff, 0x0, 0xff, 0xff, 0xcf,
    0xfc, 0x0, 0xcf, 0xfc, 0x0, 0x0, 0x0, 0x0,
    0x0, 0xcf, 0xfc, 0x0, 0xcf, 0xfc, 0xff, 0xff,
    0x0, 0xff, 0xff, 0xff, 0xff, 0x0, 0xff, 0xff,
    0xcf, 0xfc, 0x0, 0xcf, 0xfc, 0x0, 0x0, 0x0,
    0x0, 0x0, 0xcf, 0xfc, 0x0, 0xcf, 0xfc, 0xff,
    0xff, 0x0, 0xff, 0xff, 0xff, 0xff, 0x0, 0xff,
    0xff, 0xcf, 0xfc, 0x0, 0xcf, 0xfc,

    /* U+F58F "" */
    0x0, 0x0, 0x29, 0xdf, 0xfd, 0x92, 0x0, 0x0,
    0x0, 0x8, 0xff, 0xb8, 0x8b, 0xff, 0x80, 0x0,
    0x0, 0xaf, 0x80, 0x0, 0x0, 0x8, 0xfa, 0x0,
    0x8, 0xf5, 0x0, 0x0, 0x0, 0x0, 0x5f, 0x80,
    0x2f, 0x80, 0x0, 0x0, 0x0, 0x0, 0x8, 0xf2,
    0x8f, 0x0, 0x0, 0x0, 0x0, 0x0, 0x0, 0xf8,
    0xcb, 0x0, 0x0, 0x0, 0x0, 0x0, 0x0, 0xbc,
    0xf8, 0x0, 0x0, 0x0, 0x0, 0x0, 0x0, 0x8f,
    0xf8, 0xa, 0xfc, 0x0, 0x0, 0xcf, 0xa0, 0x8f,
    0xf8, 0x6f, 0xff, 0x0, 0x0, 0xff, 0xf6, 0x8f,
    0xf8, 0x8f, 0xff, 0x0, 0x0, 0xff, 0xf8, 0x8f,
    0xe6, 0x8f, 0xff, 0x0, 0x0, 0xff, 0xf8, 0x6e,
    0x0, 0x6f, 0xff, 0x0, 0x0, 0xff, 0xf6, 0x0,
    0x0, 0xa, 0xfc, 0x0, 0x0, 0xcf, 0xa0, 0x0,

    /* U+F590 "" */
    0x0, 0x0, 0x29, 0xdf, 0xfd, 0x92, 0x0, 0x0,
    0x0, 0x8, 0xff, 0xb8, 0x8b, 0xff, 0x80, 0x0,
    0x0, 0xaf, 0x80, 0x0, 0x0, 0x8, 0xfa, 0x0,
    0x8, 0xf5, 0x0, 0x0, 0x0, 0x0, 0x5f, 0x80,
    0x2f, 0x80, 0x0, 0x0, 0x0, 0x0, 0x8, 0xf2,
    0x8f, 0x3, 0x74, 0x0, 0x0, 0x47, 0x30, 0xf8,
    0xcb, 0x3f, 0xff, 0x0, 0x0, 0xff, 0xf3, 0xbc,
    0xf8, 0x7f, 0xff, 0x0, 0x0, 0xff, 0xf7, 0x8f,
    0xe6, 0x8f, 0xff, 0x0, 0x0, 0xff, 0xf8, 0x8f,
    0x0, 0x6f, 0xff, 0x0, 0x0, 0xff, 0xf6, 0x8f,
    0x0, 0xa, 0xfc, 0x0, 0x0, 0xcf, 0xa0, 0x8f,
    0x0, 0x0, 0x0, 0x0, 0x0, 0x0, 0x0, 0x8f,
    0x0, 0x0, 0x0, 0x0, 0x0, 0x0, 0x0, 0x8f,
    0x0, 0x0, 0x0, 0x8f, 0xf8, 0x0, 0x0, 0x9e,
    0x0, 0x0, 0x0, 0xff, 0xff, 0x88, 0x89, 0xf9,
    0x0, 0x0, 0x0, 0x8f, 0xff, 0xff, 0xfe, 0x90,

    /* U+F591 "" */
    0x0, 0x0, 0x0, 0x0, 0x0, 0x0, 0x0, 0x0,
    0x0, 0x0, 0x0, 0x0, 0x0, 0x0, 0x1, 0xbf,
    0x70, 0x0, 0x0, 0x0, 0x0, 0x0, 0x0, 0x2e,
    0xff, 0xf8, 0x0, 0x0, 0x0, 0x0, 0x0, 0x4,
    0xff, 0xff, 0xff, 0x70, 0x0, 0x0, 0x0, 0x0,
    0x6f, 0xff, 0xff, 0xff, 0xf0, 0x0, 0x0, 0x0,
    0x8, 0xff, 0xff, 0xff, 0xff, 0xb0, 0x0, 0x0,
    0x0, 0xaf, 0xff, 0xff, 0xff, 0xfe, 0x10, 0x0,
    0x0, 0x14, 0x4f, 0xff, 0xff, 0xff, 0xf2, 0x0,
    0x0, 0x2, 0xef, 0x44, 0xff, 0xff, 0xff, 0x40,
    0x0, 0x0, 0x7, 0xff, 0xf4, 0x4f, 0xff, 0xf6,
    0x0, 0x0, 0x0, 0x3, 0xff, 0xff, 0x44, 0xff,
    0x80, 0x0, 0x0, 0x0, 0x8, 0xff, 0xff, 0xf4,
    0x4a, 0x0, 0x0, 0x0, 0x0, 0x5f, 0xff, 0xff,
    0xff, 0x40, 0x0, 0x0, 0x0, 0x0, 0x1b, 0xff,
    0xff, 0xfe, 0x10, 0x0, 0x0, 0x0, 0x8, 0xc1,
    0xbf, 0x83, 0x62, 0x0, 0x0, 0x0, 0x0, 0x8f,
    0xfc, 0x15, 0x0, 0x0, 0x0, 0x0, 0x0, 0x0,
    0x27, 0xc9, 0x0, 0x0, 0x0, 0x0, 0x0, 0x0,
    0x0,

    /* U+F593 "" */
    0x4e, 0xe4, 0x0, 0xe, 0x70, 0x8d, 0x0, 0x0,
    0xef, 0xfe, 0x0, 0xc, 0xd0, 0x6f, 0x30, 0x0,
    0xef, 0xfe, 0x0, 0x5, 0xfa, 0x1e, 0xe1, 0x0,
    0x4e, 0xe4, 0x0, 0x0, 0x9f, 0x63, 0xfc, 0x0,
    0x0, 0x0, 0x0, 0x0, 0xc, 0xd0, 0x6f, 0x30,
    0x4e, 0xff, 0x90, 0x0, 0x6, 0xf0, 0x1f, 0x50,
    0xef, 0xff, 0xfd, 0x20, 0x0, 0x0, 0x0, 0x0,
    0xff, 0xff, 0xff, 0xf5, 0x0, 0x0, 0x0, 0x0,
    0xff, 0xff, 0xff, 0xff, 0xff, 0xff, 0xff, 0xfc,
    0xff, 0xff, 0xff, 0xff, 0xff, 0xff, 0xff, 0xff,
    0xff, 0xf1, 0xff, 0x1f, 0xf1, 0xff, 0x1f, 0xff,
    0xff, 0xf0, 0xff, 0xf, 0xf0, 0xff, 0xf, 0xff,
    0xff, 0xf0, 0xff, 0xf, 0xf0, 0xff, 0xf, 0xff,
    0xff, 0xf0, 0xff, 0xf, 0xf0, 0xff, 0xf, 0xff,
    0xef, 0xff, 0xff, 0xff, 0xff, 0xff, 0xff, 0xfe,
    0x4e, 0xff, 0xff, 0xff, 0xff, 0xff, 0xff, 0xe4,

    /* U+F594 "" */
    0xef, 0xff, 0xff, 0xff, 0xff, 0xff, 0xff, 0xff,
    0xfe, 0xef, 0xff, 0xff, 0xff, 0xff, 0xff, 0xff,
    0xff, 0xfe, 0xf, 0xff, 0xff, 0xff, 0xff, 0xff,
    0xff, 0xff, 0xf0, 0xf, 0xff, 0x0, 0xff, 0x0,
    0xff, 0x0, 0xff, 0xf0, 0xf, 0xff, 0x0, 0xff,
    0x0, 0xff, 0x0, 0xff, 0xf0, 0xf, 0xff, 0xff,
    0xff, 0xff, 0xff, 0xff, 0xff, 0xf0, 0xf, 0xff,
    0x0, 0xff, 0x0, 0xff, 0x0, 0xff, 0xf0, 0xf,
    0xff, 0x0, 0xff, 0x0, 0xff, 0x0, 0xff, 0xf0,
    0xf, 0xff, 0xff, 0xff, 0xff, 0xff, 0xff, 0xff,
    0xf0, 0xf, 0xff, 0xff, 0xf7, 0x11, 0x7f, 0xff,
    0xff, 0xf0, 0xf, 0xff, 0xff, 0x70, 0x0, 0x7,
    0xff, 0xff, 0xf0, 0xf, 0xff, 0xff, 0x10, 0x0,
    0x1, 0xff, 0xff, 0xf0, 0xf, 0xff, 0xff, 0xff,
    0xff, 0xff, 0xff, 0xff, 0xf0, 0xf, 0xff, 0xff,
    0xff, 0x11, 0xff, 0xff, 0xff, 0xf0, 0xef, 0xff,
    0xff, 0xff, 0x0, 0xff, 0xff, 0xff, 0xfe, 0xef,
    0xff, 0xff, 0xff, 0x0, 0xff, 0xff, 0xff, 0xfe,

    /* U+F595 "" */
    0x0, 0x0, 0x0, 0x0, 0x0, 0x0, 0xff, 0xf,
    0xf0, 0x0, 0x0, 0x0, 0x0, 0x0, 0x0, 0x0,
    0xff, 0xf, 0xf0, 0x0, 0x0, 0x0, 0x0, 0x0,
    0x0, 0x0, 0xff, 0xe, 0xf2, 0x0, 0x0, 0x0,
    0x0, 0x0, 0x0, 0x0, 0xcf, 0x67, 0xfe, 0x30,
    0x0, 0x0, 0x0, 0x0, 0x0, 0x0, 0x4f, 0xf5,
    0x7f, 0xe1, 0x0, 0x0, 0x0, 0x0, 0x0, 0x0,
    0x5, 0xff, 0x4a, 0xf8, 0x0, 0x0, 0x0, 0x0,
    0x0, 0x0, 0x0, 0x5f, 0xc3, 0xfd, 0x0, 0x0,
    0x0, 0x0, 0x0, 0x0, 0x0, 0xf, 0xf0, 0xff,
    0x0, 0x0, 0x0, 0x0, 0x0, 0x0, 0x0, 0xf,
    0xf0, 0xff, 0x0, 0x0, 0x0, 0x0, 0x0, 0x0,
    0x0, 0x0, 0x0, 0x0, 0x0, 0x0, 0x0, 0x0,
    0x0, 0x0, 0x0, 0x0, 0x0, 0x0, 0x0, 0x2,
    0x6a, 0xc7, 0x2e, 0xff, 0x82, 0xef, 0xff, 0xfd,
    0x5, 0xcf, 0xff, 0xff, 0x83, 0xff, 0xf8, 0x3f,
    0xff, 0xff, 0x8f, 0xff, 0xff, 0xff, 0xf5, 0x5f,
    0xff, 0x55, 0xff, 0xff, 0x4, 0xcf, 0xff, 0xff,
    0xff, 0x38, 0xff, 0xf3, 0x8f, 0xff, 0x0, 0x2,
    0x7a, 0xde, 0xff, 0xe2, 0x8f, 0xfe, 0x28, 0xfd,

    /* U+F596 "" */
    0x0, 0x0, 0x28, 0xbd, 0xca, 0x50, 0x0, 0x0,
    0x0, 0x8, 0xff, 0xff, 0xff, 0xfd, 0x30, 0x0,
    0x0, 0xbf, 0xff, 0xff, 0xff, 0xff, 0xf4, 0x0,
    0x9, 0xff, 0xff, 0xff, 0xff, 0xff, 0xfe, 0x20,
    0x2f, 0xff, 0xff, 0xff, 0xff, 0xff, 0xff, 0xa0,
    0x9f, 0xff, 0xc8, 0xff, 0xfc, 0x8f, 0xff, 0xf1,
    0xdf, 0xff, 0x40, 0xdf, 0xf4, 0xd, 0xff, 0xf5,
    0xff, 0xff, 0xc8, 0xff, 0xfc, 0x8f, 0xff, 0xf7,
    0xff, 0xff, 0xff, 0xfb, 0xef, 0xff, 0xff, 0xf6,
    0xdf, 0xff, 0xff, 0xfb, 0x2c, 0xff, 0xff, 0xf5,
    0x9f, 0xff, 0xff, 0xfd, 0x2b, 0xff, 0xff, 0xf1,
    0x3f, 0xff, 0xff, 0xf6, 0x3e, 0xff, 0xff, 0xa0,
    0x9, 0xff, 0xff, 0xff, 0x39, 0xff, 0xfe, 0x20,
    0x0, 0xbf, 0xff, 0xf6, 0x7f, 0xff, 0xf4, 0x0,
    0x0, 0x9, 0xff, 0xff, 0xff, 0xfd, 0x30, 0x0,
    0x0, 0x0, 0x28, 0xbd, 0xca, 0x50, 0x0, 0x0,

    /* U+F597 "" */
    0x0, 0x0, 0x4, 0x89, 0x96, 0x20, 0x0, 0x0,
    0x0, 0x5, 0xef, 0xff, 0xff, 0xfa, 0x10, 0x0,
    0x0, 0x8f, 0xff, 0xff, 0xff, 0xff, 0xe2, 0x0,
    0x7, 0xff, 0xff, 0xff, 0xff, 0xff, 0xfd, 0x10,
    0x1f, 0xff, 0xff, 0xff, 0xff, 0xff, 0xff, 0x90,
    0x8f, 0xff, 0x30, 0xaf, 0xf3, 0xa, 0xff, 0xf0,
    0xdf, 0xfa, 0x8d, 0x4f, 0xa8, 0xd4, 0xff, 0xf5,
    0xff, 0xfd, 0xff, 0xdf, 0xdf, 0xfd, 0xff, 0xf7,
    0xff, 0xff, 0xff, 0xfe, 0xff, 0xff, 0xff, 0xf7,
    0xdf, 0xff, 0xff, 0xf8, 0x3d, 0xff, 0xff, 0xf5,
    0x9f, 0xff, 0xff, 0xfe, 0x29, 0xff, 0xff, 0xf1,
    0x3f, 0xff, 0xff, 0xf5, 0x2f, 0xff, 0xff, 0xb0,
    0x9, 0xff, 0xff, 0xff, 0x39, 0xff, 0xff, 0x20,
    0x0, 0xcf, 0xff, 0xf7, 0x7f, 0xff, 0xf4, 0x0,
    0x0, 0x9, 0xff, 0xff, 0xff, 0xfd, 0x30, 0x0,
    0x0, 0x0, 0x28, 0xbd, 0xca, 0x50, 0x0, 0x0,

    /* U+F598 "" */
    0x0, 0x0, 0x16, 0xab, 0xa8, 0x30, 0x0, 0x0,
    0x0, 0x7, 0xff, 0xff, 0xff, 0xfc, 0x20, 0x0,
    0x0, 0xaf, 0xff, 0xff, 0xff, 0xff, 0xe3, 0x0,
    0x8, 0xff, 0xff, 0xff, 0xff, 0xff, 0xfe, 0x10,
    0x2f, 0xff, 0xff, 0xff, 0xff, 0xff, 0xff, 0xa0,
    0x9f, 0xff, 0xd9, 0xff, 0xf9, 0x24, 0xdf, 0xf1,
    0xdf, 0xff, 0x40, 0xdf, 0xf5, 0xca, 0x9f, 0xf5,
    0xff, 0xff, 0xc7, 0xff, 0xff, 0xff, 0xff, 0xf7,
    0xff, 0xff, 0xff, 0xee, 0xff, 0xff, 0xff, 0xf6,
    0xdf, 0xff, 0xff, 0xd4, 0x6f, 0xfa, 0x7c, 0xf4,
    0x9f, 0xff, 0xff, 0xf8, 0x2f, 0x72, 0x60, 0x90,
    0x3f, 0xff, 0xff, 0xc1, 0x9f, 0x1e, 0xfa, 0x30,
    0x9, 0xff, 0xff, 0xfb, 0x1f, 0x2d, 0xff, 0xf8,
    0x0, 0xbf, 0xff, 0xc5, 0xcf, 0x69, 0xff, 0xf9,
    0x0, 0x9, 0xff, 0xff, 0xff, 0xa4, 0xea, 0x60,
    0x0, 0x0, 0x28, 0xbd, 0xc9, 0x40, 0x0, 0x0,

    /* U+F599 "" */
    0x0, 0x0, 0x16, 0xab, 0xa8, 0x30, 0x0, 0x0,
    0x0, 0x7, 0xff, 0xff, 0xff, 0xfb, 0x20, 0x0,
    0x0, 0xaf, 0xff, 0xff, 0xff, 0xff, 0xe3, 0x0,
    0x8, 0xff, 0xff, 0xff, 0xff, 0xff, 0xfe, 0x10,
    0x2f, 0xff, 0xff, 0xff, 0xff, 0xff, 0xff, 0x90,
    0x9f, 0xff, 0x71, 0xef, 0xf7, 0x1e, 0xff, 0xf1,
    0xdf, 0xff, 0x71, 0xef, 0xf7, 0x1e, 0xff, 0xf5,
    0xff, 0xff, 0xff, 0xff, 0xff, 0xff, 0xff, 0xf6,
    0xff, 0xff, 0xff, 0xff, 0xff, 0xff, 0xff, 0xf7,
    0xdf, 0xf2, 0x0, 0x0, 0x0, 0x0, 0xaf, 0xf5,
    0x9f, 0xf4, 0x0, 0x0, 0x0, 0x0, 0xcf, 0xf1,
    0x3f, 0xfb, 0x0, 0x0, 0x0, 0x3, 0xff, 0xa0,
    0x9, 0xff, 0x90, 0x0, 0x0, 0x3e, 0xff, 0x20,
    0x0, 0xbf, 0xfd, 0x86, 0x6a, 0xff, 0xf4, 0x0,
    0x0, 0x9, 0xff, 0xff, 0xff, 0xfd, 0x30, 0x0,
    0x0, 0x0, 0x28, 0xbd, 0xca, 0x50, 0x0, 0x0,

    /* U+F59A "" */
    0x0, 0x0, 0x28, 0xbd, 0xca, 0x50, 0x0, 0x0,
    0x0, 0x8, 0xff, 0xff, 0xff, 0xfd, 0x30, 0x0,
    0x0, 0xbf, 0xff, 0xff, 0xff, 0xff, 0xf4, 0x0,
    0x9, 0xff, 0xff, 0xff, 0xff, 0xff, 0xff, 0x20,
    0x2f, 0xff, 0x73, 0xdf, 0xf7, 0x3d, 0xff, 0xa0,
    0x9f, 0xfc, 0x37, 0x4f, 0xc3, 0x74, 0xff, 0xf1,
    0xdf, 0xfb, 0xef, 0x9f, 0xbe, 0xf9, 0xff, 0xf5,
    0xff, 0xff, 0xff, 0xff, 0xff, 0xff, 0xff, 0xf7,
    0xff, 0xff, 0xff, 0xff, 0xff, 0xff, 0xff, 0xf7,
    0xdf, 0xf2, 0x0, 0x0, 0x0, 0x0, 0xaf, 0xf5,
    0x9f, 0xf4, 0x0, 0x0, 0x0, 0x0, 0xcf, 0xf1,
    0x3f, 0xfb, 0x0, 0x0, 0x0, 0x3, 0xff, 0xa0,
    0x9, 0xff, 0x90, 0x0, 0x0, 0x3e, 0xff, 0x20,
    0x0, 0xbf, 0xfd, 0x86, 0x6a, 0xff, 0xf4, 0x0,
    0x0, 0x9, 0xff, 0xff, 0xff, 0xfd, 0x30, 0x0,
    0x0, 0x0, 0x28, 0xbd, 0xca, 0x50, 0x0, 0x0,

    /* U+F59B "" */
    0x0, 0x0, 0x16, 0xab, 0xa8, 0x30, 0x0, 0x0,
    0x0, 0x7, 0xff, 0xff, 0xff, 0xfc, 0x20, 0x0,
    0x0, 0xaf, 0xff, 0xff, 0xff, 0xff, 0xe3, 0x0,
    0x8, 0xff, 0xef, 0xff, 0xff, 0xfe, 0xfe, 0x10,
    0x2f, 0xfd, 0x19, 0xff, 0xfd, 0x45, 0xff, 0xa0,
    0x9f, 0xff, 0x80, 0x5f, 0xc0, 0x1f, 0xff, 0xf1,
    0xdf, 0xfe, 0x15, 0xef, 0xfa, 0x18, 0xff, 0xf5,
    0xff, 0xfd, 0xcf, 0xff, 0xff, 0xfa, 0xff, 0xf7,
    0xff, 0xff, 0xff, 0xff, 0xff, 0xff, 0xff, 0xf7,
    0xdf, 0xf2, 0x0, 0x0, 0x0, 0x0, 0xaf, 0xf5,
    0x9f, 0xf4, 0x0, 0x0, 0x0, 0x0, 0xcf, 0xf1,
    0x3f, 0xfb, 0x0, 0x0, 0x0, 0x3, 0xff, 0xb0,
    0x9, 0xff, 0x90, 0x0, 0x0, 0x3e, 0xff, 0x20,
    0x0, 0xbf, 0xfd, 0x86, 0x6a, 0xff, 0xf4, 0x0,
    0x0, 0x9, 0xff, 0xff, 0xff, 0xfd, 0x30, 0x0,
    0x0, 0x0, 0x28, 0xbd, 0xca, 0x50, 0x0, 0x0,

    /* U+F59C "" */
    0x0, 0x0, 0x16, 0xab, 0xa8, 0x30, 0x0, 0x0,
    0x0, 0x7, 0xff, 0xff, 0xff, 0xfb, 0x20, 0x0,
    0x0, 0xaf, 0xff, 0xff, 0xff, 0xff, 0xe3, 0x0,
    0x8, 0xff, 0xff, 0xff, 0xff, 0xff, 0xfe, 0x10,
    0x2f, 0xff, 0xff, 0xff, 0xff, 0xff, 0xff, 0x90,
    0x9f, 0xff, 0x71, 0xef, 0xe4, 0x29, 0xff, 0xf1,
    0xdf, 0xff, 0x71, 0xef, 0x89, 0xb4, 0xff, 0xf5,
    0xff, 0xff, 0xff, 0xff, 0xff, 0xff, 0xff, 0xf6,
    0xff, 0xff, 0xff, 0xff, 0xff, 0xff, 0xff, 0xf7,
    0xdf, 0xf2, 0x0, 0x0, 0x0, 0x0, 0xaf, 0xf5,
    0x9f, 0xf4, 0x0, 0x0, 0x0, 0x0, 0xcf, 0xf1,
    0x3f, 0xfb, 0x0, 0x0, 0x0, 0x3, 0xff, 0xa0,
    0x9, 0xff, 0x90, 0x0, 0x0, 0x3e, 0xff, 0x20,
    0x0, 0xbf, 0xfd, 0x86, 0x6a, 0xff, 0xf4, 0x0,
    0x0, 0x9, 0xff, 0xff, 0xff, 0xfd, 0x30, 0x0,
    0x0, 0x0, 0x28, 0xbd, 0xca, 0x50, 0x0, 0x0,

    /* U+F59D "" */
    0xef, 0xfe, 0x0, 0x0, 0x8, 0xff, 0xff, 0x80,
    0x0, 0x0, 0xef, 0xff, 0x0, 0x0, 0xf, 0xc8,
    0x8c, 0xf0, 0x0, 0x0, 0x0, 0xff, 0x0, 0x0,
    0xf, 0x80, 0x8, 0xf0, 0x0, 0x0, 0x0, 0xff,
    0x0, 0xcf, 0xf, 0xff, 0xff, 0xf0, 0xfc, 0x0,
    0x0, 0xff, 0x0, 0xff, 0xf, 0xff, 0xff, 0xf0,
    0xff, 0x0, 0x0, 0xff, 0x0, 0xff, 0xf, 0xff,
    0xff, 0xf0, 0xff, 0x0, 0x0, 0xff, 0x0, 0xff,
    0xf, 0xff, 0xff, 0xf0, 0xff, 0x0, 0x0, 0xff,
    0x0, 0xff, 0xf, 0xff, 0xff, 0xf0, 0xff, 0x0,
    0x0, 0xff, 0x0, 0xff, 0xf, 0xff, 0xff, 0xf0,
    0xff, 0x0, 0x0, 0xff, 0x0, 0xcf, 0xf, 0xff,
    0xff, 0xf0, 0xfc, 0x0, 0x0, 0xff, 0x0, 0x0,
    0x0, 0x0, 0x0, 0x0, 0x0, 0x0, 0x0, 0xff,
    0x0, 0x0, 0x0, 0x0, 0x0, 0x0, 0x0, 0x0,
    0x0, 0xff, 0xff, 0xff, 0xff, 0xff, 0xff, 0xff,
    0xff, 0xfe, 0x0, 0xef, 0xff, 0xff, 0xff, 0xff,
    0xff, 0xff, 0xff, 0xfe, 0x0, 0x0, 0xf, 0xff,
    0x0, 0x0, 0x0, 0xff, 0xf0, 0x0, 0x0, 0x0,
    0x8, 0xf8, 0x0, 0x0, 0x0, 0x8f, 0x80, 0x0,

    /* U+F59F "" */
    0x0, 0x0, 0x0, 0x2a, 0xff, 0xa2, 0x0, 0x0,
    0x0, 0x0, 0x0, 0x2, 0xef, 0xff, 0xfe, 0x20,
    0x0, 0x0, 0x0, 0x0, 0xa, 0xff, 0xff, 0xff,
    0xa0, 0x0, 0x0, 0x0, 0x0, 0xe, 0xff, 0xff,
    0xff, 0xe0, 0x0, 0x0, 0x0, 0x0, 0xd, 0xff,
    0xff, 0xff, 0xd0, 0x0, 0x0, 0x0, 0x6, 0x57,
    0xff, 0xff, 0xff, 0x70, 0x2, 0x9d, 0x29, 0xff,
    0xe1, 0xef, 0xff, 0xfe, 0x13, 0xaf, 0xff, 0xef,
    0xff, 0xf0, 0x5f, 0xff, 0xf5, 0xf, 0xff, 0xff,
    0xff, 0xff, 0xf0, 0x29, 0xff, 0x92, 0xf, 0xff,
    0xff, 0xff, 0xff, 0xf0, 0xd1, 0xcc, 0x1d, 0xf,
    0xff, 0xff, 0xff, 0xff, 0xf0, 0xfa, 0x11, 0xaf,
    0xf, 0xff, 0xff, 0xff, 0xff, 0xf0, 0xff, 0xdd,
    0xff, 0xf, 0xff, 0xff, 0xff, 0xff, 0xf0, 0xff,
    0xff, 0xff, 0xf, 0xff, 0xff, 0xff, 0xff, 0xf0,
    0xff, 0xff, 0xff, 0xf, 0xff, 0xfe, 0xff, 0xfa,
    0x30, 0x28, 0xdf, 0xff, 0xf, 0xff, 0x92, 0xd9,
    0x20, 0x0, 0x0, 0x2, 0x8d, 0xc, 0x60, 0x0,
    0x0, 0x0, 0x0, 0x0, 0x0, 0x0, 0x0, 0x0,
    0x0,

    /* U+F5A0 "" */
    0x0, 0x0, 0x0, 0x2a, 0xff, 0xa2, 0x0, 0x0,
    0x0, 0x0, 0x0, 0x2, 0xef, 0xff, 0xfe, 0x20,
    0x0, 0x0, 0x0, 0x0, 0xa, 0xff, 0xcc, 0xff,
    0xa0, 0x0, 0x0, 0x0, 0x0, 0xe, 0xfc, 0x0,
    0xcf, 0xe0, 0x0, 0x0, 0x0, 0x0, 0xd, 0xfe,
    0x11, 0xef, 0xd0, 0x0, 0x0, 0x0, 0x18, 0x67,
    0xff, 0xff, 0xff, 0x70, 0x3, 0xbf, 0x3b, 0xff,
    0xe0, 0xef, 0xff, 0xfe, 0x5, 0xcf, 0xff, 0xff,
    0xff, 0xf0, 0x4f, 0xff, 0xf4, 0xf, 0xff, 0xff,
    0xff, 0xff, 0xf0, 0x38, 0xff, 0x83, 0xf, 0xff,
    0xff, 0xff, 0xff, 0xf0, 0xe1, 0xbb, 0x1e, 0xf,
    0xff, 0xff, 0xff, 0xff, 0xf0, 0xfc, 0x11, 0xcf,
    0xf, 0xff, 0xff, 0xff, 0xff, 0xf0, 0xff, 0xff,
    0xff, 0xf, 0xff, 0xff, 0xff, 0xff, 0xf0, 0xff,
    0xff, 0xff, 0xf, 0xff, 0xff, 0xff, 0xff, 0xf0,
    0xff, 0xff, 0xff, 0xf, 0xff, 0xfe, 0xff, 0xf9,
    0x20, 0x16, 0xbf, 0xff, 0xf, 0xfe, 0x71, 0xc7,
    0x10, 0x0, 0x0, 0x1, 0x6b, 0xb, 0x40, 0x0,

    /* U+F5A1 "" */
    0x0, 0x0, 0x0, 0x7, 0xf7, 0x5, 0xde, 0xa0,
    0x0, 0x0, 0x0, 0x8, 0xff, 0xfb, 0xff, 0xff,
    0xa0, 0x0, 0x0, 0x8, 0xff, 0x9f, 0xff, 0xff,
    0xff, 0x0, 0x0, 0x7, 0xff, 0x57, 0xff, 0xff,
    0xff, 0xe0, 0x0, 0x0, 0x7f, 0x57, 0xff, 0xff,
    0xff, 0xf6, 0x0, 0x0, 0x0, 0x17, 0xff, 0xff,
    0xff, 0xf8, 0x0, 0x0, 0x0, 0x1, 0x7f, 0xff,
    0xff, 0xf8, 0x0, 0x0, 0x0, 0x7, 0xe2, 0x7f,
    0xff, 0xf8, 0x0, 0x0, 0x0, 0x7, 0xff, 0xe2,
    0x7f, 0xf8, 0x0, 0x0, 0x0, 0x6, 0xff, 0xff,
    0xe2, 0x78, 0x0, 0x0, 0x0, 0x3, 0xff, 0xff,
    0xff, 0xe1, 0x0, 0x0, 0x0, 0x0, 0xcf, 0xff,
    0xff, 0xf8, 0x0, 0x0, 0x0, 0x0, 0x4f, 0xff,
    0xff, 0xf8, 0x0, 0x0, 0x0, 0x0, 0xa, 0xff,
    0xff, 0xf7, 0x0, 0x0, 0x0, 0x0, 0x0, 0xdf,
    0xff, 0xd4, 0x0, 0x0, 0x0, 0x0, 0x0, 0xd,
    0xea, 0x50, 0x0, 0x0, 0x0, 0x0, 0x0, 0x0,
    0x0, 0x0, 0x0, 0x0, 0x0, 0x0, 0x0, 0x0,
    0x0,

    /* U+F5A2 "" */
    0xaf, 0xff, 0xe2, 0x0, 0x0, 0x8, 0xff, 0xff,
    0x22, 0xff, 0xff, 0xb0, 0x0, 0x3, 0xff, 0xff,
    0xa0, 0x7, 0xff, 0xff, 0x40, 0x0, 0xcf, 0xff,
    0xe1, 0x0, 0xc, 0xff, 0xfd, 0x0, 0x6f, 0xff,
    0xf4, 0x0, 0x0, 0x1f, 0xfa, 0x40, 0x2, 0x6d,
    0xf8, 0x0, 0x0, 0x0, 0x53, 0x4b, 0xef, 0xd8,
    0x17, 0x0, 0x0, 0x0, 0x0, 0x7f, 0xff, 0xff,
    0xfd, 0x20, 0x0, 0x0, 0x0, 0x5f, 0xff, 0xea,
    0xff, 0xfd, 0x0, 0x0, 0x0, 0xd, 0xff, 0xf7,
    0xe, 0xff, 0xf5, 0x0, 0x0, 0x2, 0xff, 0x82,
    0x0, 0x13, 0xef, 0xa0, 0x0, 0x0, 0x3f, 0xfd,
    0x10, 0x0, 0x7f, 0xfb, 0x0, 0x0, 0x2, 0xff,
    0xf7, 0x0, 0xf, 0xff, 0xa0, 0x0, 0x0, 0xd,
    0xff, 0x44, 0x81, 0xdf, 0xf5, 0x0, 0x0, 0x0,
    0x5f, 0xff, 0xff, 0xff, 0xfd, 0x0, 0x0, 0x0,
    0x0, 0x7f, 0xff, 0xff, 0xfd, 0x20, 0x0, 0x0,
    0x0, 0x0, 0x4b, 0xef, 0xd8, 0x0, 0x0, 0x0,

    /* U+F5A4 "" */
    0x0, 0x0, 0x28, 0xbd, 0xca, 0x50, 0x0, 0x0,
    0x0, 0x8, 0xff, 0xff, 0xff, 0xfd, 0x30, 0x0,
    0x0, 0xbf, 0xff, 0xff, 0xff, 0xff, 0xf4, 0x0,
    0x9, 0xff, 0xff, 0xff, 0xff, 0xff, 0xfe, 0x20,
    0x2f, 0xff, 0xff, 0xff, 0xff, 0xff, 0xff, 0xa0,
    0x9f, 0xff, 0xc8, 0xff, 0xfc, 0x8f, 0xff, 0xf1,
    0xdf, 0xff, 0x40, 0xdf, 0xf4, 0xd, 0xff, 0xf5,
    0xff, 0xff, 0xc8, 0xff, 0xfc, 0x8f, 0xff, 0xf7,
    0xff, 0xff, 0xff, 0xff, 0xff, 0xff, 0xff, 0xf6,
    0xdf, 0xff, 0xff, 0xff, 0xff, 0xff, 0xff, 0xf5,
    0x9f, 0xff, 0xff, 0xff, 0xff, 0xff, 0xff, 0xf1,
    0x3f, 0xff, 0xff, 0xff, 0xff, 0xff, 0xff, 0xa0,
    0x9, 0xff, 0xff, 0xff, 0xff, 0xff, 0xfe, 0x20,
    0x0, 0xbf, 0xff, 0xff, 0xff, 0xff, 0xf4, 0x0,
    0x0, 0x9, 0xff, 0xff, 0xff, 0xfd, 0x30, 0x0,
    0x0, 0x0, 0x28, 0xbd, 0xca, 0x50, 0x0, 0x0,

    /* U+F5A5 "" */
    0x0, 0x0, 0x28, 0xbd, 0xca, 0x50, 0x0, 0x0,
    0x0, 0x8, 0xff, 0xff, 0xff, 0xfd, 0x30, 0x0,
    0x0, 0xbf, 0xff, 0xff, 0xff, 0xff, 0xf4, 0x0,
    0x9, 0xff, 0xff, 0xff, 0xff, 0xff, 0xff, 0x20,
    0x2f, 0xff, 0xff, 0xff, 0xff, 0xff, 0xff, 0xa0,
    0x9f, 0xf8, 0xfc, 0xcf, 0xf9, 0xfc, 0xcf, 0xf1,
    0xdf, 0xd0, 0x41, 0x4f, 0xd0, 0x41, 0x4f, 0xf5,
    0xff, 0xd0, 0x0, 0x5f, 0xe0, 0x0, 0x5f, 0xf7,
    0xff, 0xf8, 0x3, 0xdf, 0xf8, 0x13, 0xdf, 0xf7,
    0xdf, 0xff, 0xff, 0xff, 0xff, 0xff, 0xff, 0xf5,
    0x9f, 0xff, 0xff, 0xff, 0xff, 0xff, 0xff, 0xf1,
    0x3f, 0xff, 0xfb, 0x88, 0x88, 0xef, 0xff, 0xb0,
    0xa, 0xff, 0xf8, 0x44, 0x44, 0xef, 0xff, 0x20,
    0x0, 0xcf, 0xff, 0xff, 0xff, 0xff, 0xf5, 0x0,
    0x0, 0xa, 0xff, 0xff, 0xff, 0xfe, 0x40, 0x0,
    0x0, 0x0, 0x39, 0xde, 0xeb, 0x70, 0x0, 0x0,

    /* U+F5A6 "" */
    0x0, 0x0, 0x0, 0x0, 0x0, 0x0, 0x0, 0x0,
    0xa, 0xa0, 0x0, 0x0, 0x0, 0x0, 0xaf, 0xfa,
    0x0, 0x0, 0x0, 0xa, 0xff, 0xff, 0xa0, 0x0,
    0x0, 0x1f, 0xff, 0xff, 0xf0, 0x0, 0x0, 0x2f,
    0xff, 0xff, 0xf2, 0x0, 0x0, 0x4f, 0xff, 0xff,
    0xf4, 0x0, 0x0, 0x5f, 0xff, 0xff, 0xf5, 0x0,
    0x0, 0x7f, 0xff, 0xff, 0xf7, 0x0, 0x0, 0x8f,
    0x80, 0x8, 0xf8, 0x0, 0x0, 0xaf, 0x80, 0x8,
    0xfa, 0x0, 0x0, 0xcf, 0xff, 0xff, 0xfc, 0x0,
    0x0, 0xdf, 0xff, 0xff, 0xfd, 0x0, 0x0, 0xff,
    0xff, 0xff, 0xff, 0x0, 0x0, 0x0, 0x0, 0x0,
    0x0, 0x0, 0xef, 0xff, 0xff, 0xff, 0xff, 0xfe,
    0xef, 0xff, 0xff, 0xff, 0xff, 0xfe,

    /* U+F5A7 "" */
    0x0, 0x0, 0x0, 0x0, 0x0, 0x0, 0x4, 0xdb,
    0x0, 0x0, 0x0, 0x0, 0x0, 0x0, 0x7, 0xff,
    0xd0, 0x0, 0x0, 0x0, 0x0, 0x0, 0x1b, 0xff,
    0xe2, 0x0, 0x0, 0x0, 0x0, 0x0, 0x4e, 0xff,
    0xe2, 0x0, 0x0, 0x0, 0x0, 0x0, 0x7f, 0xff,
    0xe2, 0x0, 0x0, 0x0, 0x0, 0x0, 0x0, 0x0,
    0x0, 0x0, 0x0, 0xef, 0xff, 0xff, 0xff, 0xff,
    0xff, 0xff, 0xfe, 0xe, 0xff, 0xff, 0xff, 0xff,
    0xff, 0xff, 0xff, 0xe0, 0xf, 0xff, 0xff, 0xff,
    0xff, 0xff, 0xff, 0xf0, 0x0, 0xcf, 0xff, 0xff,
    0xff, 0xff, 0xff, 0xfc, 0x0, 0x7, 0xff, 0xff,
    0xff, 0xff, 0xff, 0xff, 0x70, 0x0, 0xc, 0xff,
    0xff, 0xff, 0xff, 0xff, 0xc0, 0x0, 0x0, 0x1c,
    0xff, 0xff, 0xff, 0xff, 0xc1, 0x0, 0x0, 0x0,
    0x8, 0xff, 0xff, 0xff, 0x80, 0x0, 0x0, 0x0,
    0x0, 0xbf, 0xff, 0xff, 0xfb, 0x0, 0x0, 0x0,
    0x0, 0xe, 0xff, 0xff, 0xff, 0xe0, 0x0, 0x0,

    /* U+F5AA "" */
    0xcf, 0xff, 0xff, 0xff, 0xff, 0xff, 0xc0, 0x0,
    0xff, 0xff, 0xff, 0xff, 0xff, 0xff, 0xf0, 0x0,
    0xff, 0xff, 0xff, 0xff, 0xff, 0xff, 0xf0, 0xe4,
    0xff, 0xff, 0xff, 0xff, 0xff, 0xff, 0xf0, 0xfe,
    0xcf, 0xff, 0xff, 0xff, 0xff, 0xff, 0xc0, 0xff,
    0x0, 0x0, 0x0, 0x0, 0x0, 0x0, 0x0, 0xff,
    0x0, 0x0, 0x0, 0x0, 0x0, 0x0, 0x3, 0xfe,
    0x0, 0x0, 0x0, 0x4e, 0xff, 0xff, 0xff, 0xf8,
    0x0, 0x0, 0x0, 0xef, 0xff, 0xff, 0xfe, 0x80,
    0x0, 0x0, 0x0, 0xff, 0x0, 0x0, 0x0, 0x0,
    0x0, 0x0, 0xc, 0xff, 0xc0, 0x0, 0x0, 0x0,
    0x0, 0x0, 0xf, 0xff, 0xf0, 0x0, 0x0, 0x0,
    0x0, 0x0, 0xf, 0xff, 0xf0, 0x0, 0x0, 0x0,
    0x0, 0x0, 0xf, 0xff, 0xf0, 0x0, 0x0, 0x0,
    0x0, 0x0, 0xf, 0xff, 0xf0, 0x0, 0x0, 0x0,
    0x0, 0x0, 0xc, 0xff, 0xc0, 0x0, 0x0, 0x0,

    /* U+F5AB "" */
    0x4e, 0xff, 0xff, 0xff, 0xff, 0xff, 0xfc, 0xef,
    0xff, 0xff, 0xff, 0xff, 0xff, 0xff, 0xff, 0xff,
    0xd4, 0x0, 0x4d, 0xff, 0xff, 0xff, 0xfd, 0x14,
    0x43, 0x41, 0xdf, 0xff, 0xff, 0xf4, 0x96, 0xa8,
    0x68, 0x4f, 0xff, 0xff, 0xf0, 0x62, 0x55, 0x26,
    0xf, 0xff, 0xff, 0xf0, 0x62, 0x55, 0x26, 0xf,
    0xff, 0xff, 0xf4, 0x96, 0xa8, 0x68, 0x4f, 0xff,
    0xff, 0xfd, 0x14, 0x43, 0x41, 0xdf, 0xff, 0xff,
    0xff, 0xd4, 0x0, 0x4d, 0xff, 0xff, 0xff, 0xff,
    0xff, 0xff, 0xff, 0xff, 0xff, 0xff, 0xff, 0xff,
    0xff, 0xff, 0xff, 0xff, 0xff, 0xf2, 0x0, 0x0,
    0x0, 0x2f, 0xff, 0xff, 0xff, 0xff, 0xff, 0xff,
    0xff, 0xff, 0xef, 0xff, 0xff, 0xff, 0xff, 0xff,
    0xff, 0x4e, 0xff, 0xff, 0xff, 0xff, 0xff, 0xfc,

    /* U+F5AC "" */
    0x0, 0x0, 0x0, 0x0, 0x0, 0x0, 0x0, 0x0,
    0x0, 0x0, 0x0, 0x0, 0x0, 0x0, 0x2c, 0xfa,
    0x10, 0x0, 0x0, 0x0, 0x0, 0x0, 0x2e, 0xff,
    0xfb, 0x0, 0x0, 0x0, 0x0, 0x0, 0x1d, 0xff,
    0xff, 0xe0, 0x0, 0x0, 0x0, 0x0, 0xc, 0xff,
    0xff, 0xfb, 0x0, 0x0, 0x0, 0x0, 0xc, 0xff,
    0xff, 0xfe, 0x20, 0x0, 0x0, 0x0, 0xb, 0xff,
    0xff, 0xfd, 0x10, 0x0, 0x0, 0x0, 0x9, 0xff,
    0xff, 0xfc, 0x10, 0x0, 0x0, 0x0, 0x1, 0xcf,
    0xff, 0xfb, 0x0, 0x0, 0x0, 0x2, 0x8e, 0xb1,
    0xcf, 0xfa, 0x0, 0x0, 0x0, 0x2, 0xff, 0xff,
    0xb1, 0xc9, 0x0, 0x0, 0x0, 0x0, 0x8f, 0xff,
    0xff, 0xb1, 0x0, 0x0, 0x0, 0x0, 0xd, 0xf3,
    0x3f, 0xfe, 0x0, 0x0, 0x0, 0x0, 0x2, 0xfc,
    0x3, 0xff, 0x80, 0x0, 0x0, 0x0, 0x0, 0x8c,
    0x1c, 0xff, 0xf2, 0x0, 0x0, 0x0, 0x0, 0x9,
    0x1c, 0xfd, 0x82, 0x0, 0x0, 0x0, 0x0, 0x0,
    0x9, 0x82, 0x0, 0x0, 0x0, 0x0, 0x0, 0x0,
    0x0,

    /* U+F5AD "" */
    0x0, 0x0, 0x0, 0x0, 0x0, 0x7, 0xfa, 0x0,
    0x0, 0x0, 0x0, 0x0, 0x0, 0x7f, 0xff, 0xb0,
    0x0, 0x0, 0x0, 0x0, 0x0, 0xdf, 0xff, 0xfa,
    0x0, 0x0, 0x0, 0x49, 0xd8, 0x1d, 0xff, 0xff,
    0x0, 0x3, 0xbf, 0xff, 0xff, 0x81, 0xdf, 0xf7,
    0x0, 0x1e, 0xff, 0xff, 0xff, 0xf8, 0x1d, 0x70,
    0x0, 0x6f, 0xff, 0xff, 0xff, 0xff, 0x80, 0x0,
    0x0, 0xbf, 0xff, 0xff, 0xff, 0xff, 0xd0, 0x0,
    0x1, 0xff, 0xf7, 0x7, 0xff, 0xff, 0x90, 0x0,
    0x6, 0xff, 0xf0, 0x0, 0xff, 0xff, 0x40, 0x0,
    0xb, 0xff, 0xc1, 0x7, 0xff, 0xff, 0x0, 0x0,
    0x1f, 0xfc, 0x1c, 0xff, 0xff, 0xfb, 0x0, 0x0,
    0x6f, 0xc1, 0xcf, 0xff, 0xff, 0xe3, 0x0, 0x0,
    0xbc, 0x1c, 0xff, 0xff, 0xb6, 0x10, 0x0, 0x0,
    0x91, 0xcf, 0xfb, 0x61, 0x0, 0x0, 0x0, 0x0,
    0x9, 0xb6, 0x10, 0x0, 0x0, 0x0, 0x0, 0x0,

    /* U+F5AE "" */
    0x0, 0x2, 0xeb, 0x0, 0x0, 0x0, 0x1c, 0xe4,
    0x0, 0x0, 0x2e, 0xff, 0x50, 0x0, 0x1, 0xef,
    0xff, 0x40, 0x2, 0xef, 0xf7, 0x3a, 0x0, 0x11,
    0xbf, 0xff, 0xe0, 0xd, 0xff, 0xb3, 0xff, 0x61,
    0xec, 0x1b, 0xff, 0xd0, 0xa, 0xff, 0xff, 0xf8,
    0x2e, 0xff, 0xc1, 0xbe, 0x20, 0x0, 0xaf, 0xff,
    0x82, 0xef, 0xff, 0xfc, 0x12, 0x0, 0x0, 0xa,
    0xf8, 0x2e, 0xff, 0xff, 0xfe, 0x20, 0x0, 0x0,
    0x0, 0x52, 0xef, 0xff, 0xff, 0xe2, 0x0, 0x0,
    0x0, 0x0, 0x1e, 0xff, 0xff, 0xfe, 0x25, 0x0,
    0x0, 0x0, 0x1, 0xef, 0xff, 0xff, 0xe2, 0x8f,
    0xa0, 0x0, 0x0, 0x1e, 0xff, 0xff, 0xfe, 0x28,
    0xff, 0x44, 0x0, 0x1, 0xef, 0xff, 0xff, 0xe2,
    0x8f, 0xf4, 0x6f, 0xb0, 0x7, 0xff, 0xff, 0xfe,
    0x25, 0xff, 0xfb, 0xff, 0xe0, 0xa, 0xff, 0xff,
    0xe2, 0x0, 0xaf, 0xff, 0xff, 0x30, 0xd, 0xff,
    0xfe, 0x20, 0x0, 0xa, 0xff, 0xf3, 0x0, 0xd,
    0xeb, 0x82, 0x0, 0x0, 0x0, 0xae, 0x30, 0x0,
    0x0, 0x0, 0x0, 0x0, 0x0, 0x0, 0x0, 0x0,
    0x0,

    /* U+F5AF "" */
    0x0, 0x0, 0x0, 0x0, 0x0, 0x0, 0x0, 0x0,
    0x0, 0x0, 0x0, 0x0, 0x1, 0xeb, 0x50, 0x0,
    0x0, 0x0, 0x0, 0x0, 0x0, 0x0, 0x0, 0xef,
    0xf2, 0x0, 0x0, 0x0, 0x0, 0x0, 0xe, 0xb1,
    0x0, 0xaf, 0xfa, 0x0, 0x0, 0x0, 0x0, 0x0,
    0xf, 0xf8, 0x0, 0x5f, 0xff, 0x20, 0x0, 0x0,
    0x0, 0x0, 0xf, 0xfe, 0x10, 0x1f, 0xff, 0xb0,
    0x0, 0x0, 0x0, 0x0, 0xf, 0xff, 0xfd, 0x8e,
    0xff, 0xf3, 0x0, 0x0, 0x0, 0x0, 0x7, 0xff,
    0xff, 0xff, 0xff, 0xfb, 0x0, 0x0, 0x0, 0x0,
    0x0, 0x6f, 0xff, 0xff, 0xff, 0xff, 0xea, 0x51,
    0x0, 0x0, 0x0, 0x5, 0xff, 0xff, 0xff, 0xff,
    0xff, 0xff, 0x80, 0x0, 0x0, 0x0, 0x28, 0xcf,
    0xff, 0xff, 0xff, 0xff, 0xf9, 0x0, 0x0, 0x0,
    0x0, 0x1, 0x59, 0xdf, 0xff, 0xff, 0xff, 0x0,
    0x0, 0x0, 0x0, 0x0, 0x0, 0x2, 0x6a, 0xef,
    0xd5, 0x0, 0x0, 0x0, 0x0, 0x0, 0x0, 0x0,
    0x0, 0x0, 0x0, 0x0, 0x0, 0x0, 0x0, 0x0,
    0x0, 0x0, 0x0, 0x0, 0x0, 0x0, 0xef, 0xff,
    0xff, 0xff, 0xff, 0xff, 0xff, 0xff, 0xff, 0xfe,
    0xef, 0xff, 0xff, 0xff, 0xff, 0xff, 0xff, 0xff,
    0xff, 0xfe,

    /* U+F5B0 "" */
    0x0, 0x3, 0xbe, 0x82, 0x0, 0x0, 0x0, 0x0,
    0x47, 0x61, 0x0, 0x4, 0xff, 0xff, 0xfc, 0x60,
    0x0, 0x7, 0xef, 0xff, 0xe0, 0x0, 0x8, 0xff,
    0xff, 0xff, 0xfa, 0x7e, 0xff, 0xff, 0xfe, 0x0,
    0x0, 0x2, 0xcf, 0xff, 0xff, 0xff, 0xff, 0xff,
    0xff, 0x50, 0x0, 0x0, 0x0, 0x6e, 0xff, 0xff,
    0xff, 0xff, 0xff, 0x60, 0x0, 0x53, 0x0, 0x6,
    0xef, 0xff, 0xff, 0xff, 0xf9, 0x10, 0x0, 0xcf,
    0xfb, 0x7d, 0xff, 0xff, 0xff, 0xff, 0xa2, 0x0,
    0x0, 0x6, 0xff, 0xff, 0xff, 0xff, 0xff, 0xfa,
    0x20, 0x0, 0x0, 0x0, 0x8, 0xff, 0xff, 0xff,
    0xff, 0xa2, 0x0, 0x0, 0x0, 0x0, 0x0, 0x8,
    0xff, 0xff, 0xfa, 0x20, 0x0, 0x0, 0x0, 0x0,
    0x0, 0x0, 0x0, 0x0, 0x0, 0x0, 0x0, 0x0,
    0x0, 0x0, 0x0, 0x0, 0x0, 0x0, 0x0, 0x0,
    0x0, 0x0, 0x0, 0x0, 0x0, 0x0, 0x0, 0x0,
    0x0, 0x0, 0x0, 0x0, 0x0, 0x0, 0x0, 0x0,
    0xe, 0xff, 0xff, 0xff, 0xff, 0xff, 0xff, 0xff,
    0xff, 0xff, 0xf0, 0xef, 0xff, 0xff, 0xff, 0xff,
    0xff, 0xff, 0xff, 0xff, 0xff, 0x0,

    /* U+F5B1 "" */
    0xef, 0xff, 0xfe, 0x80, 0x0, 0x0, 0xf, 0xff,
    0xff, 0xff, 0x80, 0x0, 0x0, 0xff, 0x0, 0x3,
    0xfe, 0x0, 0x0, 0xf, 0xf0, 0x0, 0x3f, 0xe0,
    0x0, 0x0, 0xff, 0xff, 0xff, 0xf8, 0x0, 0x0,
    0xf, 0xff, 0xff, 0xe8, 0x0, 0x0, 0x0, 0xff,
    0x1d, 0xfd, 0x10, 0x1, 0xc7, 0xf, 0xf0, 0x1d,
    0xfd, 0x11, 0xdf, 0xc0, 0xee, 0x0, 0x1d, 0xfd,
    0xdf, 0xd1, 0x0, 0x0, 0x0, 0x1d, 0xff, 0xd1,
    0x0, 0x0, 0x0, 0x1, 0xdf, 0xfd, 0x10, 0x0,
    0x0, 0x1, 0xdf, 0xdd, 0xfd, 0x10, 0x0, 0x0,
    0xcf, 0xd1, 0x1d, 0xfc, 0x0, 0x0, 0x7, 0xc1,
    0x0, 0x1c, 0x70, 0x0, 0x0, 0x0, 0x0, 0x0,
    0x0, 0x0,

    /* U+F5B3 "" */
    0x0, 0x0, 0x27, 0xbd, 0xca, 0x60, 0x0, 0x0,
    0x0, 0x8, 0xff, 0xff, 0xff, 0xfe, 0x40, 0x0,
    0x0, 0xbf, 0xff, 0xff, 0xff, 0xff, 0xf6, 0x0,
    0x9, 0xff, 0xff, 0xff, 0xff, 0xff, 0xff, 0x40,
    0x3f, 0xff, 0xff, 0xff, 0xff, 0xff, 0xff, 0xd0,
    0x9f, 0xfe, 0x9b, 0xff, 0xfe, 0x9b, 0xff, 0xf4,
    0xdf, 0xf2, 0x10, 0xaf, 0xf2, 0x10, 0xaf, 0xf8,
    0xff, 0xfa, 0xfe, 0xbf, 0xfa, 0xfe, 0xbf, 0xfa,
    0xff, 0xff, 0xcf, 0xff, 0xff, 0xec, 0xff, 0xfa,
    0xdf, 0xfc, 0x1f, 0xd0, 0x6f, 0x91, 0xff, 0xf8,
    0x9f, 0xfc, 0x1f, 0x70, 0xf, 0x91, 0xff, 0xf3,
    0x2f, 0xfc, 0x1f, 0x80, 0xf, 0x91, 0xff, 0xc0,
    0x7, 0xfc, 0x1f, 0xd1, 0x7f, 0x91, 0xff, 0x20,
    0x0, 0x9c, 0x1f, 0xff, 0xff, 0x91, 0xf5, 0x0,
    0x0, 0x3, 0x1f, 0xff, 0xff, 0x90, 0x30, 0x0,
    0x0, 0x0, 0x5, 0x9b, 0xa7, 0x20, 0x0, 0x0,

    /* U+F5B4 "" */
    0x0, 0x0, 0x28, 0xbd, 0xca, 0x50, 0x0, 0x0,
    0x0, 0x9, 0xff, 0xff, 0xff, 0xfd, 0x30, 0x0,
    0x0, 0xbf, 0xff, 0xff, 0xff, 0xff, 0xf4, 0x0,
    0x9, 0xff, 0xff, 0xff, 0xff, 0xff, 0xff, 0x20,
    0x3f, 0xff, 0xff, 0xff, 0xff, 0xff, 0xff, 0xa0,
    0x9f, 0xff, 0xc7, 0xff, 0xfc, 0x7f, 0xff, 0xf1,
    0xdf, 0xff, 0x40, 0xdf, 0xf4, 0xd, 0xff, 0xf5,
    0xff, 0xff, 0xd9, 0xff, 0xfd, 0x9f, 0xff, 0xf7,
    0xff, 0xff, 0xff, 0xff, 0xff, 0xff, 0xff, 0xf6,
    0xdf, 0xff, 0x3b, 0xff, 0xff, 0xff, 0xff, 0xf5,
    0x9f, 0xf9, 0x2, 0xf5, 0x15, 0xdf, 0xff, 0xf1,
    0x2f, 0xf4, 0x0, 0xdf, 0xe8, 0x1d, 0xff, 0x90,
    0x8, 0xfb, 0x14, 0xff, 0xff, 0xbd, 0xfe, 0x10,
    0x0, 0xaf, 0xff, 0xff, 0xff, 0xff, 0xe3, 0x0,
    0x0, 0x7, 0xff, 0xff, 0xff, 0xfc, 0x20, 0x0,
    0x0, 0x0, 0x16, 0xab, 0xa8, 0x30, 0x0, 0x0,

    /* U+F5B6 "" */
    0xcf, 0xff, 0xff, 0xff, 0xff, 0xff, 0xff, 0xf5,
    0x0, 0x0, 0xff, 0xff, 0xff, 0xff, 0xff, 0xff,
    0xff, 0xff, 0x40, 0x0, 0xff, 0x0, 0xf, 0xf0,
    0x0, 0xff, 0x0, 0x8f, 0xe2, 0x0, 0xff, 0x0,
    0xf, 0xf0, 0x0, 0xff, 0x0, 0xa, 0xfd, 0x10,
    0xff, 0x0, 0xf, 0xf0, 0x0, 0xff, 0x0, 0x0,
    0xcf, 0xb0, 0xff, 0xff, 0xff, 0xff, 0xff, 0xff,
    0xff, 0xff, 0xff, 0xf8, 0xff, 0xff, 0xff, 0xff,
    0xff, 0xff, 0xff, 0xff, 0xff, 0xff, 0xff, 0xff,
    0xff, 0xff, 0xff, 0xff, 0xff, 0xff, 0xff, 0xff,
    0xff, 0xff, 0xff, 0xff, 0xff, 0xff, 0xff, 0xff,
    0xff, 0xff, 0xff, 0xff, 0xaa, 0xff, 0xff, 0xff,
    0xff, 0xaa, 0xff, 0xff, 0xcf, 0xfa, 0x0, 0xaf,
    0xff, 0xff, 0xfa, 0x0, 0xaf, 0xfc, 0x0, 0xea,
    0x0, 0xae, 0x0, 0x0, 0xea, 0x0, 0xae, 0x0,
    0x0, 0x8f, 0xaa, 0xf8, 0x0, 0x0, 0x8f, 0xaa,
    0xf8, 0x0, 0x0, 0x8, 0xee, 0x80, 0x0, 0x0,
    0x8, 0xee, 0x80, 0x0,

    /* U+F5B7 "" */
    0x0, 0x0, 0x0, 0x0, 0x0, 0x0, 0x0, 0x0,
    0x0, 0x0, 0x0, 0x0, 0x3c, 0xfc, 0x20, 0x0,
    0x0, 0x0, 0x0, 0x0, 0x0, 0x0, 0x8, 0xff,
    0xff, 0xd0, 0x0, 0x0, 0x0, 0x0, 0x0, 0x0,
    0x0, 0xc, 0xf8, 0x1e, 0xf3, 0x0, 0x0, 0x0,
    0x0, 0x0, 0x0, 0x0, 0x1, 0x30, 0x1f, 0xf1,
    0x4, 0xde, 0x20, 0x0, 0x0, 0x0, 0x0, 0x0,
    0x0, 0x7f, 0xb0, 0x8f, 0xff, 0x60, 0x0, 0x0,
    0x5c, 0xe0, 0x0, 0x0, 0xdf, 0x5a, 0xff, 0xef,
    0x50, 0x0, 0x5d, 0xff, 0xf0, 0x0, 0x4, 0xff,
    0xcf, 0xf4, 0x9f, 0x61, 0x6c, 0xff, 0xd5, 0x0,
    0x0, 0xa, 0xff, 0xfe, 0x30, 0x6f, 0xff, 0xff,
    0xe5, 0x0, 0x0, 0x0, 0x1f, 0xff, 0xe2, 0x0,
    0x9, 0xee, 0xb5, 0x0, 0x0, 0x0, 0x0, 0x7f,
    0xfd, 0x20, 0x0, 0x0, 0x0, 0x0, 0x0, 0x0,
    0x0, 0x0, 0xdf, 0xd1, 0x0, 0x0, 0x0, 0x0,
    0x0, 0x0, 0x0, 0x0, 0x0, 0xbd, 0x10, 0x0,
    0x0, 0x0, 0x0, 0x0, 0x0, 0x0, 0x0,

    /* U+F5B8 "" */
    0x0, 0x0, 0x4, 0x89, 0x96, 0x20, 0x0, 0x0,
    0x0, 0x5, 0xef, 0xff, 0xff, 0xfa, 0x10, 0x0,
    0x0, 0x8f, 0xff, 0xff, 0xff, 0xff, 0xe2, 0x0,
    0x7, 0xff, 0xff, 0xff, 0xff, 0xff, 0xfd, 0x10,
    0x1f, 0xff, 0xff, 0xff, 0xff, 0xff, 0xff, 0x90,
    0x8f, 0xff, 0x30, 0xaf, 0xf3, 0xa, 0xff, 0xf0,
    0xdf, 0xfa, 0x8d, 0x4f, 0xa8, 0xd4, 0xff, 0xf5,
    0xff, 0xfd, 0xff, 0xdf, 0xdf, 0xfd, 0xff, 0xf7,
    0xff, 0xff, 0xff, 0xff, 0xff, 0xff, 0xff, 0xf7,
    0xdf, 0xff, 0xff, 0xff, 0xff, 0xff, 0xff, 0xf5,
    0x9f, 0xff, 0x4c, 0xff, 0xff, 0x6b, 0xff, 0xf1,
    0x3f, 0xff, 0xb1, 0x69, 0x82, 0x5f, 0xff, 0xb0,
    0x9, 0xff, 0xfe, 0x96, 0x7b, 0xff, 0xff, 0x20,
    0x0, 0xcf, 0xff, 0xff, 0xff, 0xff, 0xf4, 0x0,
    0x0, 0x9, 0xff, 0xff, 0xff, 0xfd, 0x30, 0x0,
    0x0, 0x0, 0x28, 0xbd, 0xca, 0x50, 0x0, 0x0,

    /* U+F5BA "" */
    0x1, 0xef, 0xff, 0xff, 0xff, 0xff, 0xff, 0xff,
    0xfe, 0x10, 0x6, 0xff, 0xff, 0xff, 0xff, 0xff,
    0xff, 0xff, 0xff, 0x60, 0x9, 0xf8, 0x0, 0x7f,
    0x10, 0x1, 0xf7, 0x0, 0x8f, 0x80, 0xb, 0xf5,
    0x0, 0x9f, 0x0, 0x0, 0xf8, 0x0, 0x5f, 0xb0,
    0xe, 0xf2, 0x0, 0xad, 0x0, 0x0, 0xda, 0x0,
    0x2f, 0xe0, 0x1f, 0xff, 0xff, 0xff, 0xff, 0xff,
    0xff, 0xff, 0xff, 0xf1, 0x3f, 0xe8, 0x88, 0xfd,
    0x88, 0x88, 0xdf, 0x88, 0x8e, 0xf3, 0x6f, 0xa0,
    0x0, 0xf8, 0x0, 0x0, 0x8f, 0x0, 0xa, 0xf6,
    0x9f, 0x70, 0x1, 0xf7, 0x0, 0x0, 0x7f, 0x10,
    0x7, 0xf9, 0xcf, 0x40, 0x2, 0xf5, 0x0, 0x0,
    0x5f, 0x20, 0x4, 0xfb, 0xef, 0xff, 0xff, 0xff,
    0xff, 0xff, 0xff, 0xff, 0xff, 0xfe, 0xcf, 0xff,
    0xff, 0xff, 0xff, 0xff, 0xff, 0xff, 0xff, 0xfc,
    0x0, 0x0, 0x0, 0x0, 0x0, 0x0, 0x0, 0x0,
    0x0, 0x0, 0x0, 0x0, 0x0, 0x0, 0xff, 0xff,
    0x0, 0x0, 0x0, 0x0, 0x0, 0x0, 0x0, 0xef,
    0xff, 0xff, 0xfe, 0x0, 0x0, 0x0, 0x0, 0x0,
    0x0, 0xef, 0xff, 0xff, 0xfe, 0x0, 0x0, 0x0,

    /* U+F5BB "" */
    0x0, 0x0, 0x0, 0x0, 0x0, 0x0, 0x0, 0x0,
    0x0, 0x0, 0x0, 0x0, 0x0, 0x9, 0xa0, 0x0,
    0x0, 0x0, 0x0, 0x0, 0x0, 0x0, 0x7, 0xff,
    0x80, 0x0, 0x0, 0x0, 0x0, 0x0, 0x0, 0x2,
    0xff, 0xff, 0x20, 0x0, 0x0, 0x0, 0x0, 0x0,
    0x0, 0x9f, 0xff, 0xfa, 0x0, 0x0, 0x0, 0x0,
    0x0, 0x0, 0xe, 0xff, 0xff, 0xf0, 0x0, 0x0,
    0x0, 0xee, 0xb7, 0x11, 0xef, 0xff, 0xfe, 0x21,
    0x6b, 0xef, 0xd, 0xff, 0xff, 0x81, 0xbf, 0xfc,
    0x27, 0xff, 0xff, 0xe0, 0x9f, 0xff, 0xff, 0xc1,
    0xcd, 0x1b, 0xff, 0xff, 0xfa, 0x4, 0xff, 0xff,
    0xff, 0xb1, 0x1b, 0xff, 0xff, 0xff, 0x50, 0xc,
    0xff, 0xff, 0xff, 0x76, 0xff, 0xff, 0xff, 0xd0,
    0x0, 0x2f, 0xff, 0xff, 0xfe, 0xef, 0xff, 0xff,
    0xf3, 0x0, 0x0, 0x3e, 0xff, 0xff, 0xff, 0xff,
    0xff, 0xe4, 0x0, 0x0, 0x0, 0x1b, 0xff, 0xff,
    0xff, 0xff, 0xc2, 0x0, 0x0, 0x0, 0x0, 0x4,
    0x9d, 0xff, 0xda, 0x40, 0x0, 0x0, 0x0,

    /* U+F5BC "" */
    0x0, 0x0, 0x0, 0x0, 0x0, 0x0, 0x0, 0x0,
    0x0, 0x0, 0x0, 0x0, 0x0, 0x4e, 0xe6, 0x0,
    0x0, 0x0, 0x0, 0x0, 0x0, 0x5, 0xff, 0xff,
    0x0, 0x0, 0x0, 0x0, 0x57, 0x54, 0x8f, 0xff,
    0xff, 0x40, 0x0, 0x0, 0xb, 0xff, 0xff, 0xff,
    0xff, 0xff, 0xa0, 0x0, 0x0, 0xe, 0xff, 0xff,
    0xff, 0xff, 0xff, 0xfb, 0x50, 0x0, 0x6, 0xff,
    0xff, 0xff, 0xff, 0xff, 0xff, 0xff, 0x60, 0x0,
    0xaf, 0xff, 0xff, 0xff, 0xff, 0xff, 0xff, 0xf0,
    0x0, 0x3f, 0xff, 0xff, 0xff, 0xff, 0xff, 0xff,
    0xc0, 0x0, 0x6f, 0xff, 0xff, 0xff, 0xff, 0xff,
    0xe7, 0x0, 0x0, 0xef, 0xff, 0xff, 0xff, 0xff,
    0xfb, 0x0, 0x0, 0x4, 0xff, 0xff, 0xff, 0xff,
    0xff, 0xf3, 0x0, 0x0, 0x2, 0xff, 0xff, 0xff,
    0xff, 0xff, 0xf1, 0x0, 0x0, 0x0, 0x27, 0x51,
    0x1, 0xaf, 0xff, 0xf0, 0x0, 0x0, 0x0, 0x0,
    0x0, 0x0, 0x5, 0xee, 0x60, 0x0, 0x0, 0x0,
    0x0, 0x0, 0x0, 0x0, 0x0, 0x0, 0x0, 0x0,

    /* U+F5BD "" */
    0x0, 0xc, 0xff, 0xc0, 0x0, 0x0, 0x0, 0x0,
    0x0, 0xf, 0xff, 0xf0, 0xcc, 0xc, 0xc0, 0xcc,
    0x0, 0xf, 0xff, 0xf0, 0xcc, 0xc, 0xc0, 0xcc,
    0x0, 0xf, 0xff, 0xf0, 0x0, 0x0, 0x0, 0x0,
    0x0, 0x0, 0x0, 0x0, 0x0, 0xc, 0xc0, 0xcc,
    0x8, 0xef, 0xff, 0xfe, 0x80, 0xc, 0xc0, 0xcc,
    0x8f, 0xff, 0xff, 0xff, 0xf8, 0x0, 0x0, 0x0,
    0xef, 0xff, 0xff, 0xff, 0xfe, 0x0, 0x0, 0xcc,
    0xff, 0xf9, 0x11, 0x9f, 0xff, 0x0, 0x0, 0xcc,
    0xff, 0xc0, 0x0, 0xc, 0xff, 0x0, 0x0, 0x0,
    0xff, 0x80, 0x0, 0x8, 0xff, 0x0, 0x0, 0x0,
    0xff, 0xc0, 0x0, 0xc, 0xff, 0x0, 0x0, 0x0,
    0xff, 0xf9, 0x11, 0x9f, 0xff, 0x0, 0x0, 0x0,
    0xff, 0xff, 0xff, 0xff, 0xff, 0x0, 0x0, 0x0,
    0xff, 0xff, 0xff, 0xff, 0xff, 0x0, 0x0, 0x0,
    0xcf, 0xff, 0xff, 0xff, 0xfc, 0x0, 0x0, 0x0,

    /* U+F5BF "" */
    0x0, 0x0, 0x0, 0x0, 0x0, 0x0, 0x0, 0x0,
    0x0, 0x0, 0x0, 0x8e, 0xe8, 0x0, 0x0, 0x0,
    0x0, 0x0, 0x9, 0xff, 0xff, 0x80, 0x0, 0x0,
    0x0, 0x0, 0xe, 0xff, 0xff, 0xe0, 0x0, 0x0,
    0x0, 0x0, 0xe, 0xff, 0xff, 0xe0, 0x0, 0x0,
    0x0, 0x0, 0xa, 0xff, 0xff, 0x90, 0x0, 0x0,
    0x0, 0x0, 0x4, 0xff, 0xff, 0x30, 0x0, 0x0,
    0x0, 0x0, 0x1, 0xff, 0xff, 0x0, 0x0, 0x0,
    0x0, 0x0, 0x3, 0xff, 0xff, 0x30, 0x0, 0x0,
    0x8, 0xef, 0xff, 0xff, 0xff, 0xff, 0xfe, 0x80,
    0x8f, 0xff, 0xff, 0xff, 0xff, 0xff, 0xff, 0xf8,
    0xef, 0xff, 0xff, 0xff, 0xff, 0xff, 0xff, 0xfe,
    0xff, 0xff, 0xff, 0xff, 0xff, 0xff, 0xff, 0xff,
    0xcf, 0xff, 0xff, 0xff, 0xff, 0xff, 0xff, 0xfc,
    0x0, 0x0, 0x0, 0x0, 0x0, 0x0, 0x0, 0x0,
    0xf, 0xff, 0xff, 0xff, 0xff, 0xff, 0xff, 0xf0,
    0xf, 0xff, 0xff, 0xff, 0xff, 0xff, 0xff, 0xf0,

    /* U+F5C0 "" */
    0x0, 0x0, 0x0, 0x0, 0x6e, 0x30, 0x0, 0x0,
    0x0, 0x0, 0x0, 0x0, 0x0, 0xef, 0xc0, 0x0,
    0x0, 0x0, 0x0, 0x0, 0x0, 0x7, 0xfc, 0xf4,
    0x0, 0x0, 0x0, 0x0, 0x0, 0x0, 0xe, 0xf6,
    0xec, 0x0, 0x0, 0x0, 0x0, 0x0, 0x2, 0x8f,
    0xf6, 0x6f, 0x62, 0x0, 0x0, 0x6, 0xbe, 0xff,
    0xff, 0xf6, 0xe, 0xff, 0xfd, 0xb4, 0xe, 0xff,
    0xff, 0xff, 0xf6, 0x1, 0x36, 0x8c, 0xfb, 0x4,
    0xff, 0xff, 0xff, 0xf6, 0x0, 0x0, 0x3e, 0xe2,
    0x0, 0x3f, 0xff, 0xff, 0xf6, 0x0, 0x3, 0xed,
    0x10, 0x0, 0x3, 0xef, 0xff, 0xf6, 0x0, 0x3f,
    0xd1, 0x0, 0x0, 0x0, 0x6f, 0xff, 0xf6, 0x0,
    0x5f, 0x30, 0x0, 0x0, 0x0, 0x8f, 0xff, 0xf6,
    0x0, 0x2f, 0x50, 0x0, 0x0, 0x0, 0xbf, 0xff,
    0xfe, 0x60, 0xf, 0x80, 0x0, 0x0, 0x0, 0xef,
    0xff, 0xfe, 0xfd, 0x5d, 0xb0, 0x0, 0x0, 0x1,
    0xff, 0xfb, 0x30, 0x5d, 0xff, 0xe0, 0x0, 0x0,
    0x0, 0xdc, 0x40, 0x0, 0x0, 0x5d, 0xb0, 0x0,

    /* U+F5C1 "" */
    0x0, 0x8, 0xff, 0xff, 0x80, 0x0, 0x0, 0xf,
    0xc8, 0x8c, 0xf0, 0x0, 0x0, 0xf, 0x80, 0x8,
    0xf0, 0x0, 0x0, 0xf, 0x80, 0x8, 0xf0, 0x0,
    0x0, 0x0, 0x0, 0x0, 0x0, 0x0, 0x8f, 0xff,
    0xff, 0xff, 0xff, 0xf8, 0xff, 0xff, 0xff, 0xff,
    0xff, 0xff, 0xff, 0xff, 0xff, 0xff, 0xff, 0xff,
    0xff, 0x0, 0x0, 0x0, 0x1, 0xff, 0xff, 0xff,
    0xff, 0xff, 0xff, 0xff, 0xff, 0xff, 0xff, 0xff,
    0xff, 0xff, 0xff, 0x0, 0x0, 0x0, 0x1, 0xff,
    0xff, 0xff, 0xff, 0xff, 0xff, 0xff, 0xff, 0xff,
    0xff, 0xff, 0xff, 0xff, 0x8f, 0xff, 0xff, 0xff,
    0xff, 0xf8, 0x0, 0xee, 0x0, 0x0, 0xee, 0x0,

    /* U+F5C2 "" */
    0x0, 0x0, 0x28, 0xbd, 0xca, 0x50, 0x0, 0x0,
    0x0, 0x9, 0xff, 0xff, 0xff, 0xfd, 0x30, 0x0,
    0x0, 0xbf, 0xff, 0xff, 0xff, 0xff, 0xf4, 0x0,
    0x9, 0xff, 0xff, 0xff, 0xff, 0xff, 0xff, 0x20,
    0x3f, 0xff, 0xff, 0xff, 0xff, 0xff, 0xff, 0xa0,
    0x9f, 0xff, 0xc7, 0xff, 0xfc, 0x7f, 0xff, 0xf1,
    0xdf, 0xff, 0x40, 0xdf, 0xf4, 0xd, 0xff, 0xf5,
    0xff, 0xff, 0xd9, 0xff, 0xfd, 0x9f, 0xff, 0xf7,
    0xff, 0xff, 0xff, 0xff, 0xff, 0xff, 0xff, 0xf6,
    0xdf, 0xff, 0xff, 0x60, 0x1d, 0xff, 0xff, 0xf5,
    0x9f, 0xff, 0xfd, 0x0, 0x5, 0xff, 0xff, 0xf1,
    0x2f, 0xff, 0xfd, 0x0, 0x6, 0xff, 0xff, 0x90,
    0x8, 0xff, 0xff, 0x80, 0x3e, 0xff, 0xfe, 0x10,
    0x0, 0xaf, 0xff, 0xff, 0xff, 0xff, 0xe3, 0x0,
    0x0, 0x7, 0xff, 0xff, 0xff, 0xfc, 0x20, 0x0,
    0x0, 0x0, 0x16, 0xab, 0xa8, 0x30, 0x0, 0x0,

    /* U+F5C3 "" */
    0xcf, 0xff, 0xfc, 0x0, 0x0, 0x0, 0x0, 0x0,
    0xff, 0xff, 0xff, 0x0, 0x0, 0x0, 0x0, 0x0,
    0xff, 0x0, 0xff, 0x0, 0xa, 0xb0, 0x0, 0x0,
    0xff, 0x0, 0xff, 0x0, 0xbf, 0xfc, 0x0, 0x0,
    0xff, 0xff, 0xff, 0xb, 0xff, 0xff, 0xc0, 0x0,
    0xff, 0xff, 0xff, 0xf, 0xff, 0xff, 0xfb, 0x0,
    0xff, 0x0, 0xff, 0xf, 0xff, 0xff, 0xfa, 0x0,
    0xff, 0x0, 0xff, 0xf, 0xff, 0xff, 0xb0, 0x0,
    0xff, 0xff, 0xff, 0xf, 0xff, 0xfb, 0x0, 0x0,
    0xff, 0xff, 0xff, 0xf, 0xff, 0xb0, 0x0, 0x0,
    0xff, 0xff, 0xff, 0xf, 0xfb, 0x1c, 0xff, 0xfc,
    0xff, 0xff, 0xff, 0xf, 0xb1, 0xcf, 0xff, 0xff,
    0xff, 0x99, 0xff, 0xb, 0x1c, 0xff, 0xff, 0xff,
    0xef, 0x99, 0xfe, 0x1, 0xcf, 0xff, 0xff, 0xff,
    0x8f, 0xff, 0xf8, 0xc, 0xff, 0xff, 0xff, 0xff,
    0x8, 0xee, 0x81, 0xcf, 0xff, 0xff, 0xff, 0xfc,

    /* U+F5C4 "" */
    0x0, 0x0, 0x0, 0x0, 0x0, 0x0, 0x0, 0x0,
    0x0, 0x0, 0x1, 0xbf, 0xb1, 0x0, 0x0, 0x1a,
    0xff, 0xc8, 0x50, 0x0, 0xb, 0xff, 0xfb, 0x0,
    0x5, 0xef, 0xff, 0xff, 0xfb, 0x0, 0xf, 0xff,
    0xff, 0x0, 0x9f, 0xff, 0xff, 0xff, 0xfe, 0x0,
    0xb, 0xff, 0xfb, 0x9, 0xff, 0xff, 0x71, 0x58,
    0xa4, 0x0, 0x1, 0xbf, 0xb1, 0x4f, 0xff, 0xff,
    0xf8, 0x0, 0x0, 0x0, 0x0, 0x0, 0x1, 0xef,
    0xff, 0xff, 0xff, 0xc2, 0x0, 0x0, 0x0, 0x0,
    0x4, 0xee, 0x60, 0x6, 0xee, 0x60, 0x0, 0x0,
    0x1, 0x6e, 0xe6, 0x11, 0x6e, 0xe6, 0x11, 0x6e,
    0xe6, 0x10, 0xef, 0xff, 0xff, 0xff, 0xff, 0xff,
    0xff, 0xff, 0xff, 0xfe, 0xee, 0xc4, 0x4c, 0xee,
    0xc4, 0x4c, 0xee, 0xc4, 0x4c, 0xee,

    /* U+F5C5 "" */
    0x0, 0x0, 0x0, 0x8e, 0xe8, 0x0, 0x0, 0x8e,
    0xe8, 0x0, 0x0, 0x0, 0x8, 0xff, 0xff, 0x80,
    0x8, 0xff, 0xff, 0x80, 0x0, 0x0, 0xe, 0xf3,
    0x3f, 0xe0, 0xe, 0xf3, 0x3f, 0xe0, 0x0, 0x0,
    0xf, 0xf0, 0xe, 0xe0, 0xf, 0xf0, 0xe, 0xe0,
    0x0, 0x0, 0xf, 0xf0, 0x0, 0x0, 0xf, 0xf0,
    0x0, 0x0, 0x0, 0x0, 0xf, 0xf0, 0x0, 0x0,
    0xf, 0xf0, 0x0, 0x0, 0x0, 0x0, 0xf, 0xff,
    0xff, 0xff, 0xff, 0xf0, 0x0, 0x0, 0x0, 0x0,
    0xf, 0xff, 0xff, 0xff, 0xff, 0xf0, 0x0, 0x0,
    0x0, 0x0, 0xf, 0xf0, 0x0, 0x0, 0xf, 0xf0,
    0x0, 0x0, 0x0, 0x0, 0xf, 0xf0, 0x0, 0x0,
    0xf, 0xf0, 0x0, 0x0, 0x0, 0x0, 0x7, 0xe0,
    0x0, 0x0, 0xe, 0x70, 0x0, 0x0, 0x1, 0x6e,
    0xe6, 0x11, 0x6e, 0xe6, 0x11, 0x6e, 0xe6, 0x10,
    0xef, 0xff, 0xff, 0xff, 0xff, 0xff, 0xff, 0xff,
    0xff, 0xfe, 0xee, 0xc4, 0x4c, 0xee, 0xc4, 0x4c,
    0xee, 0xc4, 0x4c, 0xee,

    /* U+F5C7 "" */
    0x0, 0x0, 0x0, 0x0, 0x0, 0x0, 0x0, 0x0,
    0x0, 0x0, 0x4, 0xe4, 0x0, 0x0, 0x0, 0x7e,
    0x10, 0x0, 0x0, 0x0, 0x0, 0x9f, 0xf7, 0x0,
    0x0, 0xe, 0xf7, 0x0, 0x0, 0x0, 0x0, 0x0,
    0x8f, 0xfb, 0x10, 0x5, 0xff, 0xd0, 0x0, 0x0,
    0x0, 0x0, 0x0, 0x4e, 0xfd, 0x20, 0xdf, 0xff,
    0x50, 0x0, 0x0, 0x0, 0x0, 0x0, 0x2c, 0xff,
    0xaf, 0xff, 0xfe, 0x0, 0x0, 0x0, 0x0, 0x0,
    0x0, 0x9, 0xff, 0xff, 0xff, 0xf9, 0x0, 0x0,
    0x0, 0x0, 0x0, 0x0, 0x5, 0xff, 0xff, 0xff,
    0xf4, 0x0, 0x0, 0x0, 0x0, 0x0, 0x0, 0x2,
    0xdf, 0xff, 0xff, 0xe0, 0x0, 0x0, 0x0, 0x0,
    0x0, 0xa2, 0x0, 0xaf, 0xff, 0xff, 0x50, 0x0,
    0x0, 0x0, 0x0, 0x2f, 0xf5, 0x0, 0x7f, 0xff,
    0xfa, 0x0, 0x0, 0x0, 0x0, 0x3, 0xff, 0xf8,
    0x0, 0x3e, 0xff, 0xb0, 0x0, 0x0, 0x0, 0x0,
    0x2f, 0xff, 0xfc, 0x10, 0x1c, 0xff, 0x60, 0x0,
    0x0, 0x0, 0x0, 0xdf, 0xff, 0xfe, 0x40, 0x8,
    0xff, 0xa0, 0x0, 0x0, 0x0, 0x5, 0xff, 0xff,
    0xff, 0x70, 0x5, 0xff, 0xd2, 0x0, 0x0, 0x0,
    0x7, 0xff, 0xff, 0xff, 0x80, 0x2, 0xdf, 0xf2,
    0x0, 0x0, 0x0, 0x3, 0xbe, 0xfd, 0x70, 0x0,
    0x0, 0xab, 0x0, 0x0, 0x0, 0x0, 0x0, 0x0,
    0x0, 0x0, 0x0, 0x0, 0x0,

    /* U+F5C8 "" */
    0x0, 0x0, 0x16, 0xab, 0xa8, 0x30, 0x0, 0x0,
    0x0, 0x7, 0xff, 0xff, 0xff, 0xfc, 0x20, 0x0,
    0x0, 0xaf, 0xff, 0xff, 0xff, 0xff, 0xe3, 0x0,
    0x8, 0xff, 0xff, 0xff, 0xff, 0xff, 0xfe, 0x10,
    0x2f, 0xfe, 0xdf, 0xff, 0xff, 0xfc, 0xff, 0xa0,
    0x9f, 0xfd, 0x17, 0xff, 0xfc, 0x37, 0xff, 0xf1,
    0xdf, 0xff, 0x80, 0x5f, 0xc0, 0x1f, 0xff, 0xf5,
    0xff, 0xfd, 0x17, 0xff, 0xfc, 0x27, 0xff, 0xf7,
    0xff, 0xfe, 0xdf, 0xff, 0xff, 0xfc, 0xff, 0xf7,
    0xdf, 0xff, 0xfd, 0x41, 0x28, 0xff, 0xff, 0xf5,
    0x9f, 0xff, 0xc0, 0x0, 0x0, 0x4f, 0xff, 0xf1,
    0x3f, 0xff, 0x20, 0x0, 0x0, 0xa, 0xff, 0xb0,
    0x9, 0xff, 0x3, 0x56, 0x64, 0x17, 0xff, 0x20,
    0x0, 0xbf, 0xff, 0xff, 0xff, 0xff, 0xf4, 0x0,
    0x0, 0x9, 0xff, 0xff, 0xff, 0xfd, 0x30, 0x0,
    0x0, 0x0, 0x28, 0xbd, 0xca, 0x50, 0x0, 0x0,

    /* U+F5C9 "" */
    0x0, 0x0, 0x0, 0x0, 0x0, 0x0, 0x0, 0x0,
    0x0, 0x2b, 0xec, 0x50, 0x5, 0xcf, 0xb2, 0x0,
    0x2, 0xff, 0xff, 0xfb, 0x16, 0xff, 0xff, 0x20,
    0xa, 0xff, 0xff, 0xff, 0xf9, 0xff, 0xff, 0xb0,
    0xe, 0xff, 0xff, 0xff, 0xff, 0xff, 0xff, 0xf0,
    0xe, 0xff, 0xff, 0xff, 0xff, 0xff, 0xff, 0xf0,
    0xa, 0xff, 0xff, 0xff, 0xff, 0xff, 0xff, 0xb0,
    0x2, 0xff, 0xff, 0xff, 0xff, 0xff, 0xff, 0x30,
    0x0, 0xaf, 0xff, 0xff, 0xff, 0xff, 0xfb, 0x0,
    0x0, 0x4f, 0xff, 0xff, 0xff, 0xff, 0xf5, 0x0,
    0x0, 0x1f, 0xff, 0xff, 0xff, 0xff, 0xf2, 0x0,
    0x0, 0xf, 0xff, 0xf2, 0x2e, 0xff, 0xf0, 0x0,
    0x0, 0xd, 0xff, 0xa0, 0x9, 0xff, 0xe0, 0x0,
    0x0, 0xa, 0xff, 0x60, 0x5, 0xff, 0xb0, 0x0,
    0x0, 0x8, 0xff, 0x20, 0x1, 0xff, 0x90, 0x0,
    0x0, 0x4, 0xfe, 0x0, 0x0, 0xdf, 0x50, 0x0,
    0x0, 0x0, 0xd8, 0x0, 0x0, 0x7e, 0x10, 0x0,

    /* U+F5CA "" */
    0x0, 0x0, 0x0, 0x0, 0x0, 0x0, 0x0, 0x0,
    0x0, 0x0, 0x0, 0x0, 0x0, 0x0, 0x6b, 0xe7,
    0x17, 0x71, 0x0, 0x0, 0x0, 0x0, 0x0, 0x5,
    0xef, 0xf5, 0x4e, 0xff, 0xe0, 0x0, 0x0, 0x0,
    0x0, 0x9, 0xff, 0xf8, 0x3f, 0xff, 0xff, 0x66,
    0x10, 0x0, 0x0, 0x8, 0xff, 0xfc, 0x1e, 0xff,
    0xff, 0xfa, 0x5d, 0x0, 0x0, 0x0, 0x29, 0xff,
    0x49, 0xff, 0xff, 0xff, 0xb3, 0xf9, 0x0, 0x0,
    0x0, 0x0, 0x41, 0xff, 0xff, 0xff, 0xfb, 0x4f,
    0xf2, 0x0, 0x0, 0x0, 0x0, 0x1, 0x6c, 0xff,
    0xff, 0x95, 0xff, 0x80, 0x0, 0x0, 0x0, 0x0,
    0x0, 0x12, 0x8e, 0xf6, 0x8f, 0xfc, 0x0, 0x0,
    0x0, 0x0, 0x0, 0x1f, 0xb0, 0x4, 0x1c, 0xff,
    0xf0, 0x0, 0x0, 0x0, 0x0, 0x7, 0xfa, 0x0,
    0x0, 0x5, 0xbe, 0x0, 0x0, 0x0, 0x0, 0x0,
    0xdf, 0x40, 0x0, 0x0, 0x0, 0x0, 0x0, 0x0,
    0x0, 0x0, 0x2f, 0xe0, 0x0, 0x0, 0x0, 0x0,
    0x0, 0x0, 0x0, 0x0, 0x8, 0xf9, 0x0, 0x0,
    0x0, 0x0, 0x0, 0x0, 0x0, 0x0, 0x0, 0xef,
    0x30, 0x0, 0x0, 0x0, 0x0, 0xe, 0xff, 0xff,
    0xff, 0xff, 0xff, 0xff, 0xff, 0xff, 0xe0, 0x0,
    0xef, 0xff, 0xff, 0xff, 0xff, 0xff, 0xff, 0xff,
    0xfe, 0x0, 0x0,

    /* U+F5CB "" */
    0xcf, 0xff, 0xc0, 0x0, 0x0, 0xc, 0xff, 0xfc,
    0xff, 0xff, 0xff, 0xff, 0xff, 0xff, 0xff, 0xff,
    0xff, 0xf, 0xff, 0xff, 0xff, 0xff, 0xf0, 0xff,
    0xff, 0xff, 0xf0, 0x0, 0x0, 0xf, 0xff, 0xff,
    0xcf, 0xff, 0xc0, 0x0, 0x0, 0xc, 0xff, 0xfc,
    0xf, 0xf0, 0x0, 0x0, 0x0, 0x0, 0xf, 0xf0,
    0xf, 0xf0, 0x0, 0x0, 0x0, 0x0, 0xf, 0xf0,
    0xf, 0xf0, 0x0, 0x0, 0x0, 0x0, 0xf, 0xf0,
    0xf, 0xf0, 0x0, 0x0, 0x0, 0x0, 0xf, 0xf0,
    0xf, 0xf0, 0x0, 0x0, 0x0, 0x0, 0xf, 0xf0,
    0xf, 0xf0, 0x0, 0x0, 0x0, 0x0, 0xf, 0xf0,
    0xcf, 0xff, 0xc0, 0x0, 0x0, 0xc, 0xff, 0xfc,
    0xff, 0xff, 0xf0, 0x0, 0x0, 0xf, 0xff, 0xff,
    0xff, 0xf, 0xff, 0xff, 0xff, 0xff, 0xf0, 0xff,
    0xff, 0xff, 0xff, 0xff, 0xff, 0xff, 0xff, 0xff,
    0xcf, 0xff, 0xc0, 0x0, 0x0, 0xc, 0xff, 0xfc,

    /* U+F5CD "" */
    0x0, 0x0, 0x0, 0x8, 0xee, 0x80, 0x0, 0x0,
    0x0, 0x0, 0x0, 0x0, 0x8f, 0xff, 0xf9, 0x0,
    0x0, 0x0, 0x0, 0x0, 0x0, 0xef, 0x43, 0xfe,
    0x0, 0x0, 0x0, 0x0, 0x0, 0x0, 0xef, 0x43,
    0xfe, 0x0, 0x0, 0x0, 0x0, 0x6, 0xff, 0xff,
    0xff, 0xff, 0xff, 0x70, 0x0, 0x0, 0xc, 0xff,
    0xff, 0xff, 0xff, 0xff, 0xd0, 0x0, 0x0, 0xf,
    0xff, 0xff, 0xff, 0xff, 0xff, 0xf1, 0x0, 0x0,
    0x4f, 0xff, 0xff, 0xff, 0xff, 0xff, 0xf5, 0x0,
    0x0, 0x8f, 0xff, 0xff, 0xff, 0xff, 0xff, 0xf9,
    0x0, 0x0, 0xcf, 0xff, 0xff, 0xff, 0xff, 0xff,
    0xfd, 0x0, 0x0, 0xff, 0xff, 0xff, 0xff, 0xff,
    0xff, 0xff, 0x10, 0x4, 0xff, 0xff, 0xff, 0xff,
    0xff, 0xff, 0xff, 0x50, 0x8, 0xff, 0xff, 0xff,
    0xff, 0xff, 0xff, 0xff, 0x90, 0xc, 0xff, 0xff,
    0xff, 0xff, 0xff, 0xff, 0xff, 0xd0, 0xe, 0xff,
    0xff, 0xff, 0xff, 0xff, 0xff, 0xff, 0xf0, 0x7,
    0xff, 0xff, 0xff, 0xff, 0xff, 0xff, 0xff, 0x80,

    /* U+F5CE "" */
    0x2f, 0xff, 0xff, 0xff, 0xa0, 0x5f, 0x98, 0x88,
    0x8d, 0xc0, 0x6f, 0x10, 0x0, 0x9, 0xe0, 0x7f,
    0x0, 0x0, 0x8, 0xf0, 0x9f, 0xff, 0xff, 0xff,
    0xf1, 0xaf, 0xff, 0xff, 0xff, 0xf2, 0xbf, 0xff,
    0xff, 0xff, 0xf3, 0x9f, 0xff, 0xff, 0xff, 0xf1,
    0x3f, 0xff, 0xff, 0xff, 0xb0, 0x7, 0xff, 0xff,
    0xfd, 0x10, 0x0, 0x4c, 0xff, 0x81, 0x0, 0x0,
    0x4, 0xfc, 0x0, 0x0, 0x0, 0x4, 0xfc, 0x0,
    0x0, 0x0, 0x4, 0xfc, 0x0, 0x0, 0x1, 0x7a,
    0xfe, 0x85, 0x0, 0xa, 0xff, 0xff, 0xff, 0x20,

    /* U+F5D0 "" */
    0x0, 0xc, 0xff, 0xc0, 0x0, 0x90, 0x0, 0x90,
    0x0, 0xf, 0xff, 0xf0, 0x9, 0xf9, 0x9, 0xf9,
    0x0, 0xf, 0xff, 0xf0, 0x0, 0x90, 0x0, 0x90,
    0x0, 0xf, 0xff, 0xf0, 0x0, 0x0, 0x90, 0x0,
    0x0, 0x0, 0x0, 0x0, 0x0, 0x9, 0xf9, 0x0,
    0x8, 0xef, 0xff, 0xfe, 0x80, 0x0, 0x90, 0x0,
    0x8f, 0xff, 0xff, 0xff, 0xf8, 0x0, 0x0, 0x90,
    0xef, 0xff, 0xff, 0xff, 0xfe, 0x0, 0x9, 0xf9,
    0xff, 0xf9, 0x11, 0x9f, 0xff, 0x0, 0x0, 0x90,
    0xff, 0xc0, 0x0, 0xc, 0xff, 0x0, 0x0, 0x0,
    0xff, 0x80, 0x0, 0x8, 0xff, 0x0, 0x0, 0x0,
    0xff, 0xc0, 0x0, 0xc, 0xff, 0x0, 0x0, 0x0,
    0xff, 0xf9, 0x11, 0x9f, 0xff, 0x0, 0x0, 0x0,
    0xff, 0xff, 0xff, 0xff, 0xff, 0x0, 0x0, 0x0,
    0xff, 0xff, 0xff, 0xff, 0xff, 0x0, 0x0, 0x0,
    0xcf, 0xff, 0xff, 0xff, 0xfc, 0x0, 0x0, 0x0,

    /* U+F5D1 "" */
    0x0, 0x0, 0x0, 0x0, 0x5d, 0xf0, 0x0, 0x0,
    0x0, 0x0, 0x0, 0x2, 0xff, 0xd0, 0x0, 0x0,
    0x0, 0x0, 0x0, 0x6, 0xff, 0x60, 0x0, 0x0,
    0x0, 0x0, 0x0, 0x3, 0x63, 0x0, 0x0, 0x0,
    0x0, 0x2b, 0xfd, 0x93, 0x39, 0xdf, 0xc3, 0x0,
    0x1, 0xef, 0xff, 0xff, 0xff, 0xff, 0xff, 0x10,
    0x8, 0xff, 0xff, 0xff, 0xff, 0xff, 0xff, 0x90,
    0xc, 0xff, 0xff, 0xff, 0xff, 0xff, 0xff, 0xd0,
    0xe, 0xff, 0xff, 0xff, 0xff, 0xff, 0xff, 0xf0,
    0xf, 0xff, 0xff, 0xff, 0xff, 0xff, 0xff, 0xf0,
    0xd, 0xff, 0xff, 0xff, 0xff, 0xff, 0xff, 0xe0,
    0x8, 0xff, 0xff, 0xff, 0xff, 0xff, 0xff, 0x90,
    0x3, 0xff, 0xff, 0xff, 0xff, 0xff, 0xff, 0x40,
    0x0, 0xbf, 0xff, 0xff, 0xff, 0xff, 0xfc, 0x0,
    0x0, 0x2e, 0xff, 0xff, 0xff, 0xff, 0xf2, 0x0,
    0x0, 0x2, 0xaf, 0xe9, 0x9e, 0xfb, 0x20, 0x0,

    /* U+F5D2 "" */
    0x0, 0x0, 0x0, 0x6e, 0xe7, 0x0, 0x0, 0x0,
    0x0, 0x0, 0x5, 0xff, 0xff, 0x60, 0x0, 0x0,
    0x0, 0x14, 0x5e, 0xf6, 0x5f, 0xe5, 0x41, 0x0,
    0x4, 0xff, 0xff, 0xfa, 0x9f, 0xff, 0xff, 0x40,
    0xd, 0xfc, 0xef, 0xff, 0xff, 0xfe, 0xbf, 0xe0,
    0xe, 0xf0, 0xcf, 0xf9, 0x9e, 0xfd, 0xf, 0xf0,
    0xb, 0xfc, 0xff, 0x20, 0x1, 0xef, 0xcf, 0xc0,
    0x3, 0xff, 0xfa, 0xb, 0xc0, 0x9f, 0xff, 0x30,
    0x3, 0xff, 0xfa, 0xb, 0xc0, 0x9f, 0xff, 0x30,
    0xb, 0xfc, 0xff, 0x20, 0x1, 0xef, 0xcf, 0xc0,
    0xe, 0xf0, 0xcf, 0xf9, 0x9e, 0xfd, 0xf, 0xf0,
    0xd, 0xfc, 0xef, 0xff, 0xff, 0xfe, 0xcf, 0xe0,
    0x4, 0xff, 0xff, 0xfa, 0x9f, 0xff, 0xff, 0x40,
    0x0, 0x14, 0x5e, 0xf6, 0x5f, 0xe5, 0x41, 0x0,
    0x0, 0x0, 0x5, 0xff, 0xff, 0x60, 0x0, 0x0,
    0x0, 0x0, 0x0, 0x6e, 0xe7, 0x0, 0x0, 0x0,

    /* U+F5D7 "" */
    0x2c, 0xf9, 0x0, 0x0, 0x0, 0x0, 0x0, 0x0,
    0x9f, 0xc2, 0xcf, 0xff, 0x70, 0x0, 0x0, 0x0,
    0x0, 0x7, 0xff, 0xfc, 0xff, 0xff, 0xd1, 0x0,
    0x0, 0x0, 0x0, 0x1d, 0xff, 0xff, 0xcf, 0xff,
    0xff, 0xff, 0xff, 0xff, 0xff, 0xff, 0xff, 0xfc,
    0x1d, 0xff, 0xff, 0xff, 0xff, 0xff, 0xff, 0xff,
    0xff, 0xd1, 0x1d, 0xff, 0xff, 0xff, 0xff, 0xff,
    0xff, 0xff, 0xff, 0xd1, 0xcf, 0xff, 0xff, 0xff,
    0xff, 0xff, 0xff, 0xff, 0xff, 0xfc, 0xff, 0xff,
    0xd1, 0x0, 0x0, 0x0, 0x0, 0x1d, 0xff, 0xff,
    0xcf, 0xff, 0x70, 0x0, 0x0, 0x0, 0x0, 0x7,
    0xff, 0xfc, 0x2c, 0xf9, 0x0, 0x0, 0x0, 0x0,
    0x0, 0x0, 0x9f, 0xc2,

    /* U+F5DA "" */
    0x0, 0x0, 0x0, 0x8e, 0xe8, 0x0, 0x0, 0x0,
    0x0, 0x0, 0x8, 0xff, 0xff, 0x80, 0x0, 0x0,
    0x0, 0x0, 0xe, 0xff, 0xff, 0xe0, 0x0, 0x0,
    0x0, 0x0, 0xe, 0xff, 0xff, 0xe0, 0x0, 0x0,
    0x0, 0x0, 0x8, 0xff, 0xff, 0x80, 0x0, 0x0,
    0x0, 0x0, 0x0, 0x8e, 0xe8, 0x0, 0x0, 0x0,
    0xdf, 0xdb, 0x83, 0x0, 0x0, 0x38, 0xbd, 0xfd,
    0xff, 0xff, 0xff, 0xd3, 0x3d, 0xff, 0xff, 0xff,
    0xff, 0xff, 0xff, 0xf8, 0x8f, 0xff, 0xff, 0xff,
    0xff, 0xff, 0xff, 0xf8, 0x8f, 0xff, 0xff, 0xff,
    0xff, 0xff, 0xff, 0xf8, 0x8f, 0xff, 0xff, 0xff,
    0xff, 0xff, 0xff, 0xf8, 0x8f, 0xff, 0xff, 0xff,
    0xff, 0xff, 0xff, 0xf8, 0x8f, 0xff, 0xff, 0xff,
    0xff, 0xff, 0xff, 0xf8, 0x8f, 0xff, 0xff, 0xff,
    0x7b, 0xcf, 0xff, 0xf8, 0x8f, 0xff, 0xfd, 0xb7,
    0x0, 0x0, 0x26, 0xc6, 0x6c, 0x62, 0x0, 0x0,
    0x0, 0x0, 0x0, 0x0, 0x0, 0x0, 0x0, 0x0,

    /* U+F5DC "" */
    0x0, 0x0, 0x1, 0xcf, 0x70, 0x3d, 0xe5, 0x0,
    0x0, 0x0, 0x0, 0x4, 0xcf, 0xff, 0x2d, 0xff,
    0xf6, 0x0, 0x0, 0x0, 0x6, 0xff, 0xff, 0xf4,
    0xef, 0xff, 0xfb, 0x0, 0x0, 0x0, 0xaf, 0xff,
    0xff, 0x4e, 0xff, 0xff, 0xf0, 0x0, 0x0, 0x7f,
    0xff, 0xff, 0xf4, 0xef, 0xff, 0xff, 0xc0, 0x0,
    0x1f, 0xff, 0xff, 0xff, 0x4e, 0xff, 0xff, 0xff,
    0x60, 0x2, 0xff, 0xff, 0xff, 0xf4, 0xef, 0xff,
    0xff, 0xf8, 0x0, 0x4f, 0xff, 0xff, 0xff, 0x4e,
    0xff, 0xff, 0xff, 0x90, 0xf, 0xff, 0xff, 0xff,
    0xf4, 0xef, 0xff, 0xff, 0xff, 0x53, 0xff, 0xff,
    0xff, 0xff, 0x4e, 0xff, 0xff, 0xff, 0xf8, 0xe,
    0xff, 0xff, 0xff, 0xf4, 0xef, 0xff, 0xff, 0xff,
    0x50, 0x4e, 0xff, 0xff, 0xff, 0x4e, 0xff, 0xff,
    0xff, 0x80, 0x0, 0xaf, 0xff, 0xff, 0xf4, 0xef,
    0xff, 0xff, 0xf0, 0x0, 0x4, 0xff, 0xff, 0xff,
    0x4e, 0xff, 0xff, 0xfa, 0x0, 0x0, 0x3, 0x7f,
    0xff, 0xf1, 0xbf, 0xff, 0xa5, 0x0, 0x0, 0x0,
    0x0, 0x5e, 0xe6, 0x2, 0xcf, 0x90, 0x0, 0x0,

    /* U+F5DE "" */
    0x0, 0x5, 0xdf, 0xff, 0xff, 0xd5, 0x0, 0x0,
    0x5, 0xff, 0xff, 0xff, 0xff, 0xf5, 0x0, 0x0,
    0xdf, 0x80, 0x0, 0x0, 0x8f, 0xd0, 0x0, 0x3f,
    0xe0, 0x0, 0x0, 0x0, 0xef, 0x30, 0xb, 0xfc,
    0x88, 0x88, 0x88, 0x8c, 0xfb, 0xa, 0xff, 0xff,
    0xff, 0xff, 0xff, 0xff, 0xfa, 0xfb, 0x9, 0xff,
    0xff, 0xff, 0xf9, 0xb, 0xff, 0xb0, 0x1f, 0xff,
    0xff, 0xff, 0x10, 0xbf, 0xef, 0xff, 0xff, 0xff,
    0xff, 0xff, 0xff, 0xe8, 0xff, 0xff, 0xff, 0xff,
    0xff, 0xff, 0xf8, 0x8f, 0xf8, 0x0, 0x0, 0x0,
    0x8, 0xff, 0x84, 0xff, 0x40, 0x0, 0x0, 0x0,
    0x4f, 0xf4,

    /* U+F5DF "" */
    0x0, 0xef, 0xfe, 0x0, 0x0, 0xef, 0xfe, 0x0,
    0x0, 0xff, 0xff, 0x0, 0x0, 0xff, 0xff, 0x0,
    0xcf, 0xff, 0xff, 0xff, 0xff, 0xff, 0xff, 0xfc,
    0xff, 0xff, 0xff, 0xff, 0xff, 0xff, 0xff, 0xff,
    0xff, 0xff, 0xff, 0xff, 0xff, 0xf8, 0x8f, 0xff,
    0xff, 0x88, 0x88, 0xff, 0xff, 0x84, 0x48, 0xff,
    0xff, 0x88, 0x88, 0xff, 0xff, 0x84, 0x48, 0xff,
    0xff, 0xff, 0xff, 0xff, 0xff, 0xf8, 0x8f, 0xff,
    0xff, 0xff, 0xff, 0xff, 0xff, 0xff, 0xff, 0xff,
    0xff, 0xff, 0xff, 0xff, 0xff, 0xff, 0xff, 0xff,
    0xff, 0xff, 0xff, 0xff, 0xff, 0xff, 0xff, 0xff,
    0xcf, 0xff, 0xff, 0xff, 0xff, 0xff, 0xff, 0xfc,

    /* U+F5E1 "" */
    0x0, 0x0, 0x0, 0x0, 0x0, 0x0, 0x0, 0x0,
    0x0, 0x0, 0x0, 0x0, 0x1b, 0x0, 0x3, 0x0,
    0x0, 0x0, 0x0, 0x0, 0x0, 0x0, 0x2, 0xf6,
    0x2d, 0x70, 0x0, 0x0, 0x0, 0x0, 0x0, 0x2,
    0x74, 0x5f, 0xfe, 0xf3, 0x2a, 0xdb, 0x73, 0x0,
    0x0, 0x0, 0xc, 0xff, 0xff, 0xf8, 0x3f, 0xff,
    0xff, 0xfe, 0x92, 0x0, 0x0, 0x1e, 0xff, 0xfb,
    0x1d, 0xfa, 0x35, 0x9e, 0xff, 0xe2, 0x0, 0x5,
    0xff, 0xf6, 0x1b, 0xfc, 0x0, 0x0, 0x2, 0xaf,
    0xa0, 0xa, 0xff, 0xfa, 0x3f, 0xff, 0xe9, 0x51,
    0x0, 0x1, 0xfe, 0x0, 0x2, 0x4f, 0x5a, 0xf6,
    0xbf, 0xff, 0xfd, 0x84, 0xf, 0xf0, 0x0, 0x3,
    0xf1, 0xed, 0x0, 0xff, 0xff, 0xff, 0xff, 0xff,
    0x20, 0x0, 0x6c, 0xe, 0xfc, 0x8f, 0xff, 0xff,
    0xff, 0xfe, 0xfb, 0x0, 0x2, 0x0, 0xef, 0xff,
    0xff, 0xff, 0xff, 0xf3, 0xb, 0xf0, 0x0, 0x0,
    0x2f, 0xfe, 0x8d, 0xff, 0xff, 0xff, 0x63, 0xdd,
    0x0, 0x0, 0x0, 0xcf, 0x90, 0x1, 0x5a, 0xef,
    0xff, 0xff, 0x80, 0x0, 0x0, 0x0, 0x0, 0x0,
    0x0, 0x0, 0x29, 0xff, 0xd1, 0x0, 0x0, 0x0,
    0x0, 0x0, 0x0, 0x0, 0x0, 0x9f, 0xf7, 0x0,
    0x0, 0x0, 0x0, 0x0, 0x0, 0x0, 0x0, 0x3,
    0xce, 0x20, 0x0, 0x0, 0x0, 0x0, 0x0, 0x0,
    0x0, 0x0, 0x0, 0x0, 0x0,

    /* U+F5E4 "" */
    0x0, 0x6, 0xef, 0xff, 0xff, 0xff, 0xa0, 0x0,
    0x0, 0x0, 0x0, 0x1f, 0xff, 0xff, 0xff, 0xff,
    0xfb, 0x0, 0x0, 0x0, 0x0, 0x7f, 0xa0, 0xc,
    0xc0, 0x2, 0xef, 0x70, 0x0, 0x0, 0x0, 0xef,
    0x30, 0xc, 0xc0, 0x0, 0x4f, 0xf4, 0x0, 0x0,
    0x4, 0xfd, 0x0, 0xc, 0xc0, 0x0, 0x7, 0xff,
    0x20, 0x0, 0x4e, 0xff, 0xff, 0xff, 0xff, 0xff,
    0xff, 0xff, 0xfe, 0x80, 0xef, 0xff, 0xff, 0xff,
    0xff, 0xff, 0xff, 0xff, 0xff, 0xf8, 0xff, 0xff,
    0xff, 0xff, 0xff, 0xff, 0xff, 0xff, 0xff, 0xfe,
    0xff, 0xff, 0xff, 0xff, 0xff, 0xff, 0xff, 0xff,
    0xff, 0xff, 0xff, 0xff, 0xaa, 0xff, 0xff, 0xff,
    0xff, 0xaa, 0xff, 0xff, 0xef, 0xfa, 0x0, 0xaf,
    0xff, 0xff, 0xfa, 0x0, 0xaf, 0xfe, 0x0, 0xea,
    0x0, 0xae, 0x0, 0x0, 0xea, 0x0, 0xae, 0x0,
    0x0, 0x8f, 0xaa, 0xf8, 0x0, 0x0, 0x8f, 0xaa,
    0xf8, 0x0, 0x0, 0x8, 0xee, 0x80, 0x0, 0x0,
    0x8, 0xee, 0x80, 0x0,

    /* U+F5E7 "" */
    0x4, 0xef, 0xff, 0xff, 0xe4, 0x0, 0x0, 0x0,
    0x0, 0xe, 0xff, 0xff, 0xff, 0xfe, 0x0, 0x0,
    0x0, 0x0, 0xf, 0xff, 0xff, 0xff, 0xff, 0x0,
    0x0, 0xd0, 0xd0, 0xf, 0xf7, 0x0, 0xbf, 0xff,
    0x0, 0x0, 0xf0, 0xf0, 0xf, 0xf5, 0x0, 0xef,
    0xff, 0x0, 0xe, 0xff, 0xfe, 0xf, 0xf2, 0x0,
    0x0, 0xff, 0x0, 0xf, 0xff, 0xff, 0xf, 0xf1,
    0x0, 0x8, 0xff, 0x0, 0xb, 0xff, 0xfb, 0xf,
    0xff, 0xf1, 0x3f, 0xff, 0x0, 0x1, 0xcf, 0xc1,
    0xf, 0xff, 0xc0, 0xdf, 0xff, 0xfa, 0x0, 0x4f,
    0x40, 0xf, 0xff, 0x99, 0xff, 0xff, 0x9f, 0xa0,
    0x4f, 0x40, 0xf, 0xff, 0xff, 0xff, 0xff, 0x9,
    0xf0, 0x4f, 0x40, 0xf, 0xff, 0xff, 0xff, 0xff,
    0x7, 0xf0, 0x4f, 0x30, 0xf, 0xff, 0xff, 0xff,
    0xff, 0x4, 0xfa, 0xcf, 0x10, 0x0, 0x0, 0x0,
    0x0, 0x0, 0x0, 0x7e, 0xd4, 0x0, 0xef, 0xff,
    0xff, 0xff, 0xff, 0xe0, 0x0, 0x0, 0x0, 0xef,
    0xff, 0xff, 0xff, 0xff, 0xe0, 0x0, 0x0, 0x0,

    /* U+F5EB "" */
    0x0, 0x0, 0x0, 0x2d, 0xb0, 0x0, 0x0, 0x0,
    0x0, 0x0, 0x2, 0xef, 0xfc, 0x0, 0x0, 0x0,
    0x0, 0x0, 0x1e, 0xff, 0xff, 0xb0, 0x0, 0x0,
    0x0, 0x1, 0xdf, 0xff, 0xff, 0xfb, 0x0, 0x0,
    0x0, 0x1d, 0xff, 0xff, 0xff, 0xff, 0xb0, 0x0,
    0x1, 0xdf, 0xff, 0xff, 0xf4, 0x9f, 0xfb, 0x0,
    0x1d, 0xff, 0xfe, 0xcc, 0xc3, 0x8, 0xff, 0xb0,
    0xcf, 0xff, 0xf1, 0x0, 0x0, 0x0, 0xbf, 0xf9,
    0xcf, 0xff, 0xf0, 0x8c, 0xc3, 0x8, 0xff, 0xf9,
    0x1d, 0xff, 0xf0, 0xbf, 0xf4, 0x9f, 0xff, 0xb0,
    0x1, 0xdf, 0xf8, 0xef, 0xff, 0xff, 0xfb, 0x0,
    0x0, 0x1d, 0xff, 0xff, 0xff, 0xff, 0xb0, 0x0,
    0x0, 0x1, 0xdf, 0xff, 0xff, 0xfb, 0x0, 0x0,
    0x0, 0x0, 0x1e, 0xff, 0xff, 0xb0, 0x0, 0x0,
    0x0, 0x0, 0x2, 0xef, 0xfc, 0x0, 0x0, 0x0,
    0x0, 0x0, 0x0, 0x2d, 0xb0, 0x0, 0x0, 0x0,

    /* U+F5EE "" */
    0x4e, 0xd2, 0x0, 0x0, 0x0, 0x6e, 0xd4, 0xed,
    0xef, 0xff, 0xff, 0xff, 0xfb, 0xdd, 0xeb, 0xdf,
    0xff, 0xff, 0xff, 0xf9, 0xbe, 0x6f, 0xf5, 0x33,
    0x33, 0x36, 0xff, 0xf6, 0xf, 0xc0, 0x0, 0x0,
    0xc, 0xfb, 0x10, 0xf, 0xc0, 0x0, 0x4, 0xcf,
    0xe1, 0x0, 0xf, 0xc0, 0x0, 0x1f, 0xdf, 0x90,
    0x0, 0xf, 0xc0, 0x0, 0x2f, 0x9d, 0xb0, 0x0,
    0xf, 0xc0, 0x0, 0xa, 0xff, 0xb0, 0x0, 0xf,
    0xc0, 0x0, 0x0, 0x3e, 0xf6, 0x0, 0x2f, 0xd0,
    0x0, 0x0, 0x6, 0xff, 0xa2, 0xde, 0xfd, 0xcc,
    0xcc, 0xcc, 0xfd, 0xed, 0xec, 0xef, 0xff, 0xff,
    0xff, 0xfb, 0xde, 0x5e, 0xd2, 0x0, 0x0, 0x0,
    0x6e, 0xe4,

    /* U+F5FC "" */
    0x0, 0x8f, 0xff, 0xff, 0xff, 0xff, 0xff, 0xff,
    0xf8, 0x0, 0x0, 0xff, 0xff, 0xff, 0xff, 0xff,
    0xff, 0xff, 0xff, 0x0, 0x0, 0xff, 0x0, 0x0,
    0x0, 0x0, 0x0, 0x0, 0xff, 0x0, 0x0, 0xff,
    0x0, 0x0, 0x30, 0x3, 0x0, 0x0, 0xff, 0x0,
    0x0, 0xff, 0x0, 0xa, 0xf1, 0x1f, 0xa0, 0x0,
    0xff, 0x0, 0x0, 0xff, 0x0, 0xaf, 0x60, 0x6,
    0xfa, 0x0, 0xff, 0x0, 0x0, 0xff, 0x0, 0xaf,
    0x60, 0x6, 0xfa, 0x0, 0xff, 0x0, 0x0, 0xff,
    0x0, 0xb, 0xf1, 0x1f, 0xa0, 0x0, 0xff, 0x0,
    0x0, 0xff, 0x0, 0x0, 0x30, 0x3, 0x0, 0x0,
    0xff, 0x0, 0x0, 0xff, 0x0, 0x0, 0x0, 0x0,
    0x0, 0x0, 0xff, 0x0, 0x0, 0xff, 0xff, 0xff,
    0xff, 0xff, 0xff, 0xff, 0xff, 0x0, 0x0, 0xff,
    0xff, 0xff, 0xff, 0xff, 0xff, 0xff, 0xff, 0x0,
    0x0, 0x0, 0x0, 0x0, 0x0, 0x0, 0x0, 0x0,
    0x0, 0x0, 0xef, 0xff, 0xff, 0xff, 0x30, 0x5,
    0xff, 0xff, 0xff, 0xfe, 0xef, 0xff, 0xff, 0xff,
    0xff, 0xff, 0xff, 0xff, 0xff, 0xfe, 0x4e, 0xff,
    0xff, 0xff, 0xff, 0xff, 0xff, 0xff, 0xff, 0xe4,

    /* U+F5FD "" */
    0x0, 0x0, 0x0, 0x6d, 0xd6, 0x0, 0x0, 0x0,
    0x0, 0x0, 0x17, 0xef, 0xff, 0xfe, 0x81, 0x0,
    0x0, 0x2, 0x9f, 0xff, 0xff, 0xff, 0xff, 0xf9,
    0x20, 0x9, 0xff, 0xff, 0xff, 0xff, 0xff, 0xff,
    0xff, 0xa0, 0x9f, 0xff, 0xff, 0xff, 0xff, 0xff,
    0xff, 0xfa, 0x0, 0x29, 0xff, 0xff, 0xff, 0xff,
    0xff, 0x92, 0x0, 0x1, 0x41, 0x7e, 0xff, 0xff,
    0xe8, 0x14, 0x20, 0x9, 0xff, 0xd6, 0x16, 0xdd,
    0x61, 0x6d, 0xff, 0xa0, 0x9f, 0xff, 0xfe, 0x81,
    0x17, 0xef, 0xff, 0xfa, 0x0, 0x29, 0xff, 0xff,
    0xff, 0xff, 0xff, 0x92, 0x0, 0x2, 0x41, 0x7e,
    0xff, 0xff, 0xe8, 0x14, 0x20, 0x9, 0xff, 0xd6,
    0x16, 0xdd, 0x61, 0x6d, 0xff, 0xa0, 0x9f, 0xff,
    0xfe, 0x81, 0x17, 0xef, 0xff, 0xfa, 0x0, 0x29,
    0xff, 0xff, 0xff, 0xff, 0xff, 0x92, 0x0, 0x0,
    0x1, 0x7e, 0xff, 0xff, 0xe8, 0x10, 0x0, 0x0,
    0x0, 0x0, 0x6, 0xdd, 0x60, 0x0, 0x0, 0x0,
    0x0, 0x0, 0x0, 0x0, 0x0, 0x0, 0x0, 0x0,
    0x0,

    /* U+F604 "" */
    0x0, 0x0, 0x0, 0x0, 0xd, 0x80, 0x0, 0x0,
    0x0, 0x0, 0x0, 0x0, 0x0, 0x0, 0xe, 0x90,
    0x0, 0x0, 0x0, 0x0, 0x0, 0x0, 0x0, 0x0,
    0xe, 0x90, 0x0, 0x0, 0x0, 0x0, 0x0, 0x0,
    0x8f, 0xd3, 0xe, 0x90, 0x3d, 0xf8, 0x0, 0x0,
    0x0, 0x6, 0xff, 0xfd, 0xe, 0x90, 0xdf, 0xff,
    0x60, 0x0, 0x0, 0x1e, 0xff, 0xff, 0xe, 0x90,
    0xff, 0xff, 0xe1, 0x0, 0x0, 0x9f, 0xff, 0xff,
    0x7f, 0xe5, 0xff, 0xff, 0xf9, 0x0, 0x1, 0xff,
    0xff, 0xff, 0xf9, 0xcf, 0xff, 0xff, 0xff, 0x10,
    0x9, 0xff, 0xff, 0xfe, 0x40, 0x6, 0xff, 0xff,
    0xff, 0x80, 0xe, 0xff, 0xff, 0xa1, 0x0, 0x0,
    0x2b, 0xff, 0xff, 0xe0, 0x5f, 0xff, 0xe5, 0x2c,
    0x0, 0x0, 0xc2, 0x5e, 0xff, 0xf5, 0xaf, 0xff,
    0xd7, 0xff, 0x0, 0x0, 0xff, 0x7d, 0xff, 0xfa,
    0xef, 0xff, 0xff, 0xff, 0x0, 0x0, 0xff, 0xff,
    0xff, 0xfe, 0xff, 0xff, 0xff, 0xfc, 0x0, 0x0,
    0xcf, 0xff, 0xff, 0xff, 0x9f, 0xff, 0xff, 0xf3,
    0x0, 0x0, 0x3f, 0xff, 0xff, 0xf9, 0x9, 0xef,
    0xb7, 0x10, 0x0, 0x0, 0x1, 0x7b, 0xfe, 0x90,
    0x0, 0x0, 0x0, 0x0, 0x0, 0x0, 0x0, 0x0,
    0x0, 0x0,

    /* U+F610 "" */
    0x0, 0x0, 0xe, 0xfe, 0x0, 0x0, 0x0, 0x0,
    0x0, 0x0, 0xcf, 0xff, 0xc0, 0x0, 0x0, 0x0,
    0x0, 0x0, 0xff, 0xff, 0xf0, 0x0, 0x0, 0x0,
    0x0, 0x0, 0xff, 0xff, 0xf0, 0x0, 0x0, 0x0,
    0x0, 0x0, 0xff, 0xff, 0xf0, 0xfc, 0x60, 0x0,
    0x0, 0x0, 0xff, 0xff, 0xf0, 0xff, 0xfc, 0x10,
    0x0, 0x0, 0xff, 0xff, 0xf0, 0x4, 0xdf, 0xc0,
    0x0, 0x0, 0xff, 0xff, 0xf0, 0x0, 0x1d, 0xf6,
    0x0, 0x0, 0xff, 0xff, 0xf0, 0x0, 0x4, 0xfc,
    0x0, 0x0, 0xcf, 0xff, 0xc0, 0x0, 0x0, 0xff,
    0x0, 0x0, 0x8, 0xf8, 0x0, 0x0, 0x0, 0xff,
    0x0, 0x0, 0x0, 0x0, 0x0, 0x0, 0x4, 0xfc,
    0x0, 0xf, 0xff, 0xff, 0xfe, 0x0, 0x1d, 0xf6,
    0x0, 0x0, 0x0, 0x0, 0x0, 0x4, 0xdf, 0xc0,
    0x8f, 0xff, 0xff, 0xff, 0xff, 0xff, 0xff, 0xf8,
    0xef, 0xff, 0xff, 0xff, 0xff, 0xff, 0xff, 0xfe,

    /* U+F613 "" */
    0x0, 0x0, 0xe, 0xff, 0xff, 0xe0, 0x0, 0x0,
    0x0, 0x0, 0x0, 0x0, 0x6, 0x8e, 0xe8, 0x60,
    0x0, 0x0, 0x0, 0x0, 0x9b, 0x85, 0x20, 0xc,
    0xc0, 0x0, 0x0, 0x0, 0x15, 0xae, 0xfe, 0xff,
    0xff, 0xff, 0xff, 0xfb, 0x32, 0x7b, 0xff, 0xf7,
    0xf8, 0xf, 0xff, 0xff, 0xff, 0xff, 0xff, 0xff,
    0xff, 0x70, 0xf9, 0x1f, 0xff, 0xff, 0xff, 0xff,
    0xff, 0xff, 0xf7, 0x0, 0xdf, 0xff, 0xff, 0xff,
    0xff, 0xff, 0xff, 0xff, 0x70, 0x90, 0x4, 0x7f,
    0xff, 0xff, 0xff, 0xff, 0xff, 0xf7, 0x6, 0xf6,
    0x0, 0xf, 0xff, 0xff, 0xff, 0xff, 0xff, 0x70,
    0xc, 0xfc, 0x0, 0xc, 0xff, 0xff, 0xff, 0xff,
    0xf7, 0x0, 0x7, 0xf7,

    /* U+F619 "" */
    0x0, 0x0, 0x0, 0x3, 0xe8, 0x0, 0x0, 0x0,
    0x0, 0x0, 0x0, 0x0, 0xff, 0x80, 0x0, 0x0,
    0x0, 0x0, 0x0, 0x4, 0xff, 0xe0, 0x0, 0x0,
    0x0, 0x0, 0x0, 0x4e, 0xff, 0xe0, 0x0, 0x0,
    0x0, 0x4, 0xef, 0xff, 0xff, 0xfe, 0x40, 0x0,
    0x0, 0xe, 0xff, 0xff, 0xff, 0xff, 0xe0, 0x0,
    0x0, 0xe, 0xff, 0xff, 0xff, 0xff, 0xe0, 0x0,
    0x0, 0x5b, 0xff, 0xff, 0xff, 0xff, 0xb5, 0x0,
    0x9, 0xff, 0xff, 0xff, 0xff, 0xff, 0xff, 0x90,
    0xf, 0xff, 0xff, 0xff, 0xff, 0xff, 0xff, 0xf0,
    0xc, 0xff, 0xff, 0xff, 0xff, 0xff, 0xff, 0xc0,
    0x7, 0xff, 0xff, 0xff, 0xff, 0xff, 0xff, 0x70,
    0x8f, 0xff, 0xff, 0xff, 0xff, 0xff, 0xff, 0xf8,
    0xff, 0xff, 0xff, 0xff, 0xff, 0xff, 0xff, 0xff,
    0xdf, 0xff, 0xff, 0xff, 0xff, 0xff, 0xff, 0xfd,
    0x3d, 0xff, 0xff, 0xff, 0xff, 0xff, 0xff, 0xd3,

    /* U+F61F "" */
    0x0, 0x0, 0x0, 0x0, 0x0, 0x6f, 0x60, 0x0,
    0x0, 0x0, 0x0, 0x0, 0x0, 0x1f, 0xff, 0x10,
    0x0, 0x0, 0x0, 0x0, 0x0, 0xa, 0xff, 0xfa,
    0x0, 0x0, 0x0, 0x0, 0x0, 0x3, 0xff, 0xff,
    0xf3, 0x0, 0x0, 0x0, 0x0, 0x0, 0xcf, 0xff,
    0xff, 0xc0, 0x0, 0x0, 0x0, 0x0, 0x6f, 0xff,
    0xff, 0xff, 0x60, 0x0, 0x0, 0x0, 0xe, 0xff,
    0xff, 0xff, 0xfe, 0x0, 0x0, 0x0, 0x0, 0xaf,
    0xff, 0xff, 0xff, 0xa0, 0x2, 0xbf, 0xfb, 0x20,
    0x0, 0x0, 0x0, 0x0, 0x2, 0xef, 0xff, 0xfe,
    0x20, 0xcf, 0xff, 0xff, 0xc0, 0xbf, 0xff, 0xff,
    0xfb, 0xf, 0xff, 0xff, 0xff, 0xf, 0xff, 0xff,
    0xff, 0xf0, 0xff, 0xff, 0xff, 0xf0, 0xff, 0xff,
    0xff, 0xff, 0xf, 0xff, 0xff, 0xff, 0xb, 0xff,
    0xff, 0xff, 0xb0, 0xff, 0xff, 0xff, 0xf0, 0x2e,
    0xff, 0xff, 0xe2, 0xf, 0xff, 0xff, 0xff, 0x0,
    0x2b, 0xff, 0xb2, 0x0, 0xcf, 0xff, 0xff, 0xc0,

    /* U+F621 "" */
    0x0, 0x0, 0x0, 0xef, 0xf0, 0x0, 0x0, 0x0,
    0x0, 0x0, 0x0, 0xff, 0xf0, 0x0, 0x0, 0x0,
    0x0, 0x0, 0x0, 0xff, 0xf0, 0x0, 0x0, 0x0,
    0x2f, 0xa1, 0x0, 0xff, 0xf0, 0x1, 0x9f, 0x30,
    0xbf, 0xff, 0x70, 0xff, 0xf0, 0x7f, 0xff, 0xb0,
    0xaf, 0xff, 0xfd, 0xff, 0xfd, 0xff, 0xff, 0xb0,
    0x4, 0xdf, 0xff, 0xff, 0xff, 0xff, 0xd4, 0x0,
    0x0, 0x6, 0xef, 0xff, 0xff, 0xf7, 0x0, 0x0,
    0x0, 0x6, 0xef, 0xff, 0xff, 0xe7, 0x0, 0x0,
    0x4, 0xdf, 0xff, 0xff, 0xff, 0xff, 0xd4, 0x0,
    0xaf, 0xff, 0xfd, 0xff, 0xfd, 0xff, 0xff, 0xb0,
    0xbf, 0xff, 0x70, 0xff, 0xf0, 0x7f, 0xff, 0xb0,
    0x2f, 0xa1, 0x0, 0xff, 0xf0, 0x1, 0x9f, 0x30,
    0x0, 0x0, 0x0, 0xff, 0xf0, 0x0, 0x0, 0x0,
    0x0, 0x0, 0x0, 0xff, 0xf0, 0x0, 0x0, 0x0,
    0x0, 0x0, 0x0, 0xef, 0xf0, 0x0, 0x0, 0x0,

    /* U+F62E "" */
    0x8, 0xef, 0xff, 0xff, 0xff, 0xff, 0xff, 0xff,
    0xfe, 0x80, 0x8f, 0xff, 0xff, 0xff, 0xff, 0xff,
    0xff, 0xff, 0xff, 0xf8, 0xef, 0xff, 0xff, 0xff,
    0xff, 0xff, 0xff, 0xff, 0xff, 0xfe, 0xff, 0xff,
    0xff, 0x90, 0x5f, 0xd2, 0x1a, 0xff, 0xff, 0xff,
    0xff, 0x70, 0x7f, 0x0, 0xc, 0x50, 0x0, 0xf7,
    0x7, 0xff, 0xff, 0x0, 0xf, 0x0, 0xb, 0x40,
    0x0, 0xf0, 0x0, 0xff, 0xff, 0x0, 0xf, 0x0,
    0xb, 0x40, 0x0, 0xf0, 0x0, 0xff, 0xff, 0x10,
    0x1f, 0x10, 0xc, 0x50, 0x1, 0xf1, 0x1, 0xff,
    0xff, 0xff, 0xff, 0xff, 0xff, 0xff, 0xff, 0xff,
    0xff, 0xff, 0xff, 0x10, 0x1f, 0x10, 0xc, 0x50,
    0x1, 0xf1, 0x1, 0xff, 0xff, 0x0, 0xf, 0x0,
    0xb, 0x40, 0x0, 0xf0, 0x0, 0xff, 0xff, 0x0,
    0xf, 0x0, 0xc, 0x50, 0x0, 0xf0, 0x0, 0xff,
    0xff, 0x70, 0x7f, 0x90, 0x5f, 0xd2, 0x1a, 0xf7,
    0x7, 0xff, 0xef, 0xff, 0xff, 0xff, 0xff, 0xff,
    0xff, 0xff, 0xff, 0xfe, 0x8f, 0xff, 0xff, 0xff,
    0xff, 0xff, 0xff, 0xff, 0xff, 0xf8, 0x8, 0xef,
    0xff, 0xff, 0xff, 0xff, 0xff, 0xff, 0xfe, 0x80,

    /* U+F62F "" */
    0x8, 0xef, 0xff, 0xff, 0xff, 0xff, 0xff, 0xff,
    0xfe, 0x80, 0x8f, 0xff, 0xff, 0xff, 0xff, 0xff,
    0xff, 0xff, 0xff, 0xf8, 0xef, 0xff, 0xff, 0x90,
    0x5f, 0xd2, 0x1a, 0xff, 0xff, 0xfe, 0xff, 0x70,
    0x7f, 0x0, 0xc, 0x50, 0x0, 0xf7, 0x7, 0xff,
    0xff, 0x0, 0xf, 0x0, 0xb, 0x40, 0x0, 0xf0,
    0x0, 0xff, 0xef, 0x10, 0x1f, 0x10, 0xc, 0x50,
    0x1, 0xf1, 0x1, 0xfe, 0x4e, 0xff, 0xff, 0xff,
    0xff, 0xff, 0xff, 0xff, 0xff, 0xe4, 0x0, 0x0,
    0x0, 0x0, 0x0, 0x0, 0x0, 0x0, 0x0, 0x0,
    0x0, 0x0, 0x0, 0x0, 0x0, 0x0, 0x0, 0x0,
    0x0, 0x0, 0x0, 0x0, 0x0, 0x0, 0x0, 0x0,
    0x0, 0x0, 0x0, 0x0, 0x4e, 0xff, 0xff, 0xff,
    0xff, 0xff, 0xff, 0xff, 0xff, 0xe4, 0xef, 0x10,
    0x1f, 0x10, 0xc, 0x50, 0x1, 0xf1, 0x1, 0xfe,
    0xff, 0x0, 0xf, 0x0, 0xc, 0x50, 0x0, 0xf0,
    0x0, 0xff, 0xef, 0x70, 0x7f, 0x90, 0x5f, 0xd2,
    0x1a, 0xf7, 0x7, 0xfe, 0x8f, 0xff, 0xff, 0xff,
    0xff, 0xff, 0xff, 0xff, 0xff, 0xf8, 0x8, 0xef,
    0xff, 0xff, 0xff, 0xff, 0xff, 0xff, 0xfe, 0x80,

    /* U+F630 "" */
    0x0, 0x0, 0x49, 0xce, 0xff, 0xdb, 0x10, 0x0,
    0x0, 0x0, 0x0, 0x0, 0x6e, 0xff, 0xff, 0xfb,
    0x41, 0x0, 0x0, 0x0, 0x0, 0x0, 0x9, 0xff,
    0xd8, 0x41, 0x1, 0xad, 0xff, 0xec, 0x84, 0x0,
    0x0, 0xe, 0xf5, 0x0, 0x0, 0xa, 0xff, 0xff,
    0xff, 0xff, 0xe7, 0x0, 0xd, 0xf3, 0x0, 0x20,
    0xe, 0xff, 0xff, 0xff, 0xff, 0xff, 0xb0, 0xa,
    0xf5, 0x4d, 0xe0, 0x1f, 0xff, 0xdf, 0xff, 0xff,
    0xff, 0xf0, 0x7, 0xf8, 0x4, 0x20, 0x4f, 0xf9,
    0x3, 0xfe, 0x8d, 0xff, 0xe0, 0x4, 0xfb, 0x0,
    0x1, 0x7f, 0xff, 0xfb, 0xf9, 0x43, 0xff, 0xb0,
    0x2, 0xfe, 0x0, 0xb5, 0xaf, 0xff, 0xff, 0xff,
    0xfe, 0xff, 0x80, 0x0, 0xef, 0x22, 0x50, 0xcf,
    0xfe, 0xff, 0xff, 0xff, 0xff, 0x50, 0x0, 0x9f,
    0xd2, 0x0, 0xcf, 0xf2, 0xaf, 0xff, 0xfe, 0xff,
    0x30, 0x0, 0xc, 0xff, 0x81, 0x8f, 0xf7, 0x0,
    0x33, 0x2e, 0xff, 0x0, 0x0, 0x0, 0xaf, 0xfd,
    0x1e, 0xff, 0x71, 0x3, 0xcf, 0xfa, 0x0, 0x0,
    0x0, 0x3, 0x9e, 0x65, 0xff, 0xff, 0xff, 0xff,
    0xd1, 0x0, 0x0, 0x0, 0x0, 0x0, 0x0, 0x6f,
    0xff, 0xff, 0xfa, 0x10, 0x0, 0x0, 0x0, 0x0,
    0x0, 0x0, 0x3, 0xbf, 0xea, 0x30, 0x0, 0x0,
    0x0, 0x0, 0x0, 0x0, 0x0, 0x0, 0x0, 0x0,
    0x0, 0x0, 0x0,

    /* U+F637 "" */
    0x0, 0xcf, 0xff, 0xff, 0xfc, 0x0, 0x0, 0xff,
    0xff, 0xff, 0xff, 0x0, 0xef, 0xff, 0xd2, 0x2d,
    0xff, 0xfe, 0x8f, 0xff, 0x80, 0x8, 0xff, 0xf8,
    0x8, 0xff, 0xd2, 0x2d, 0xff, 0x80, 0x0, 0xff,
    0xff, 0xff, 0xff, 0x0, 0xef, 0xff, 0xd2, 0x2d,
    0xff, 0xfe, 0x8f, 0xff, 0x80, 0x8, 0xff, 0xf8,
    0x8, 0xff, 0xd2, 0x2d, 0xff, 0x80, 0x0, 0xff,
    0xff, 0xff, 0xff, 0x0, 0xef, 0xff, 0xd2, 0x2d,
    0xff, 0xfe, 0x8f, 0xff, 0x80, 0x8, 0xff, 0xf8,
    0x8, 0xff, 0xd2, 0x2d, 0xff, 0x80, 0x0, 0xaf,
    0xff, 0xff, 0xfa, 0x0, 0x0, 0x2e, 0xff, 0xff,
    0xe2, 0x0, 0x0, 0x2, 0xae, 0xea, 0x20, 0x0,

    /* U+F63B "" */
    0x0, 0x0, 0x0, 0xc, 0xff, 0xff, 0xa0, 0x0,
    0x0, 0x0, 0x0, 0x0, 0x0, 0xf, 0xff, 0xff,
    0xfa, 0x0, 0x0, 0x0, 0x0, 0x0, 0x0, 0xf,
    0xf0, 0x2, 0xef, 0x70, 0x0, 0x0, 0x0, 0x0,
    0x0, 0xf, 0xf0, 0x0, 0x4f, 0xf4, 0x0, 0x0,
    0xe, 0xff, 0xff, 0xff, 0xff, 0xff, 0xff, 0xff,
    0xff, 0xc0, 0xf, 0xff, 0xff, 0xff, 0xff, 0xff,
    0xff, 0xff, 0xff, 0xf0, 0xf, 0xff, 0xff, 0xff,
    0xff, 0xff, 0xff, 0xff, 0xff, 0xf0, 0xef, 0xb4,
    0x0, 0x4b, 0xff, 0xff, 0xb4, 0x0, 0x4b, 0xfe,
    0xe8, 0x23, 0xee, 0x32, 0x8f, 0xf8, 0x23, 0xee,
    0x32, 0x8e, 0x2, 0xff, 0xff, 0xff, 0x20, 0x2,
    0xff, 0xff, 0xff, 0x20, 0x3, 0xff, 0xaa, 0xff,
    0x30, 0x3, 0xff, 0xaa, 0xff, 0x30, 0xe, 0xfa,
    0x0, 0xaf, 0xe0, 0xe, 0xfa, 0x0, 0xaf, 0xe0,
    0xe, 0xfa, 0x0, 0xaf, 0xe0, 0xe, 0xfa, 0x0,
    0xaf, 0xe0, 0x3, 0xff, 0xaa, 0xff, 0x30, 0x3,
    0xff, 0xaa, 0xff, 0x30, 0x2, 0xff, 0xff, 0xff,
    0x20, 0x2, 0xff, 0xff, 0xff, 0x20, 0x0, 0x23,
    0xee, 0x32, 0x0, 0x0, 0x23, 0xee, 0x32, 0x0,

    /* U+F63C "" */
    0x0, 0x0, 0x0, 0xc, 0xff, 0xff, 0xa0, 0x0,
    0x0, 0x0, 0x0, 0x0, 0x0, 0xf, 0xff, 0xff,
    0xfb, 0x0, 0x0, 0x0, 0x0, 0x0, 0x0, 0xf,
    0xf0, 0x2, 0xef, 0x70, 0x0, 0x0, 0x0, 0x0,
    0x0, 0xf, 0xf0, 0x0, 0x4f, 0xf4, 0x0, 0x0,
    0x0, 0x0, 0x0, 0xf, 0xf0, 0x0, 0x7, 0xff,
    0x20, 0x0, 0xc, 0xff, 0xff, 0xff, 0xff, 0xff,
    0xff, 0xff, 0xff, 0xc0, 0xf, 0xff, 0xff, 0xff,
    0xff, 0xff, 0xff, 0xff, 0xff, 0xf0, 0xf, 0xff,
    0xff, 0xff, 0xff, 0xff, 0xff, 0xff, 0xff, 0xf0,
    0xef, 0xff, 0xff, 0xff, 0xff, 0xff, 0xff, 0xff,
    0xff, 0xfe, 0xef, 0xff, 0x70, 0x7f, 0xff, 0xff,
    0xf7, 0x7, 0xff, 0xfe, 0x0, 0xff, 0x0, 0xf,
    0xf0, 0xf, 0xf0, 0x0, 0xff, 0x0, 0x0, 0xdf,
    0x70, 0x7f, 0xd0, 0xd, 0xf7, 0x7, 0xfd, 0x0,
    0x0, 0x5f, 0xff, 0xff, 0x50, 0x5, 0xff, 0xff,
    0xf5, 0x0, 0x0, 0x5, 0xdf, 0xd5, 0x0, 0x0,
    0x5d, 0xfd, 0x50, 0x0,

    /* U+F641 "" */
    0x8f, 0xff, 0xff, 0xff, 0xff, 0xff, 0xff, 0xf8,
    0xff, 0xff, 0xff, 0xff, 0xff, 0xff, 0xff, 0xff,
    0xff, 0xff, 0xff, 0xff, 0xff, 0xff, 0xff, 0xff,
    0xff, 0xff, 0x70, 0x7f, 0xff, 0xfc, 0xc, 0xff,
    0xff, 0xff, 0x0, 0xf, 0xff, 0x96, 0xc, 0xff,
    0xff, 0xfa, 0x7, 0xa, 0xf3, 0x0, 0xc, 0xff,
    0xff, 0xf5, 0x7, 0x5, 0xc0, 0x98, 0xc, 0xff,
    0xff, 0xf0, 0x0, 0x0, 0xd0, 0x33, 0xc, 0xff,
    0xff, 0xc0, 0xcf, 0xc0, 0xca, 0x11, 0xc, 0xff,
    0xff, 0xff, 0xff, 0xff, 0xff, 0xff, 0xff, 0xff,
    0xff, 0xff, 0xff, 0xff, 0xff, 0xff, 0xff, 0xff,
    0x8f, 0xff, 0xff, 0xff, 0xff, 0xff, 0xff, 0xf8,

    /* U+F644 "" */
    0x0, 0x2a, 0xff, 0xa2, 0x0, 0x1, 0xef, 0xff,
    0xfe, 0x10, 0x9, 0xff, 0xaa, 0xff, 0x90, 0xe,
    0xfb, 0x0, 0xbf, 0xe0, 0xf, 0xf8, 0x0, 0x8f,
    0xf0, 0xe, 0xfb, 0x0, 0xbf, 0xd0, 0x9, 0xff,
    0x33, 0xff, 0x90, 0x2, 0xff, 0xdd, 0xff, 0x20,
    0xdf, 0xff, 0xff, 0xff, 0xfd, 0xff, 0xff, 0xff,
    0xff, 0xff, 0x58, 0x8a, 0xff, 0xa8, 0x85, 0x0,
    0x4, 0xff, 0x40, 0x0, 0x0, 0x4, 0xff, 0x40,
    0x0, 0x0, 0x4, 0xff, 0x40, 0x0, 0x0, 0x4,
    0xff, 0x40, 0x0, 0x0, 0x2, 0xff, 0x20, 0x0,

    /* U+F647 "" */
    0x8, 0xef, 0xff, 0xff, 0xff, 0xff, 0xfd, 0x9f,
    0xff, 0xff, 0xff, 0xff, 0xff, 0xff, 0xef, 0xff,
    0xff, 0x90, 0x9f, 0xff, 0xff, 0xff, 0xff, 0xff,
    0x80, 0x8f, 0xff, 0xff, 0xff, 0xff, 0x90, 0x0,
    0x0, 0x9f, 0xff, 0xff, 0xff, 0x90, 0x0, 0x0,
    0x9f, 0xff, 0xff, 0xff, 0xff, 0x80, 0x8f, 0xff,
    0xff, 0xff, 0xff, 0xff, 0x80, 0x8f, 0xff, 0xff,
    0xff, 0xff, 0xff, 0x80, 0x8f, 0xff, 0xff, 0xff,
    0xff, 0xff, 0x90, 0x9f, 0xff, 0xff, 0xff, 0xff,
    0xff, 0xff, 0xff, 0xff, 0xff, 0xff, 0xff, 0xff,
    0xff, 0xff, 0xff, 0xfe, 0xff, 0x30, 0x0, 0x0,
    0x0, 0x1, 0xfa, 0xef, 0x30, 0x0, 0x0, 0x0,
    0x1, 0xfa, 0x9f, 0xff, 0xff, 0xff, 0xff, 0xff,
    0xfe, 0x9, 0xef, 0xff, 0xff, 0xff, 0xff, 0xfd,

    /* U+F64A "" */
    0x0, 0x0, 0x8f, 0xff, 0xff, 0xf8, 0x0, 0x0,
    0x0, 0x0, 0x0, 0x0, 0xff, 0xff, 0xff, 0xff,
    0x0, 0x0, 0x0, 0x0, 0x0, 0x0, 0xff, 0x0,
    0x0, 0xff, 0x0, 0x0, 0x0, 0x0, 0x8f, 0xff,
    0xff, 0xff, 0xff, 0xff, 0xff, 0xf8, 0x0, 0x0,
    0xff, 0xff, 0xff, 0xff, 0xff, 0xff, 0xff, 0xff,
    0x0, 0x0, 0xff, 0xff, 0xff, 0xff, 0xff, 0xff,
    0xff, 0xff, 0x0, 0x0, 0xff, 0xff, 0xff, 0xff,
    0xff, 0xff, 0xe6, 0x20, 0x0, 0x0, 0x0, 0x0,
    0x0, 0x0, 0x0, 0x0, 0x8, 0xdf, 0xd8, 0x0,
    0xff, 0xff, 0xff, 0x0, 0x0, 0x0, 0xcf, 0xff,
    0xff, 0xc0, 0xff, 0xff, 0xff, 0x10, 0x0, 0x8,
    0xff, 0xf0, 0xff, 0xf8, 0xff, 0xff, 0xff, 0xff,
    0xff, 0x2d, 0xff, 0xf0, 0xff, 0xfd, 0xff, 0xff,
    0xff, 0xff, 0xff, 0xf, 0xff, 0xf0, 0x8, 0xff,
    0xff, 0xff, 0xff, 0xff, 0xff, 0x1d, 0xff, 0xff,
    0xff, 0xfd, 0x8f, 0xff, 0xff, 0xff, 0xff, 0x68,
    0xff, 0xff, 0xff, 0xf8, 0x0, 0x0, 0x0, 0x0,
    0x0, 0x0, 0xcf, 0xff, 0xff, 0xc0, 0x0, 0x0,
    0x0, 0x0, 0x0, 0x0, 0x8, 0xdf, 0xd8, 0x0,

    /* U+F64F "" */
    0x0, 0xe6, 0x6, 0xe0, 0xd, 0xff, 0xff, 0xd0,
    0x0, 0x0, 0x0, 0xf8, 0x8, 0xf0, 0xf, 0xff,
    0xff, 0xf0, 0x0, 0x0, 0x0, 0xf8, 0x8, 0xf0,
    0xf, 0xf0, 0xf, 0xf0, 0x0, 0x0, 0xdf, 0xff,
    0xff, 0xff, 0xff, 0xf0, 0xf, 0xf0, 0x0, 0x0,
    0xff, 0xff, 0xff, 0xff, 0xff, 0xff, 0xff, 0xf0,
    0x0, 0x0, 0xff, 0x0, 0xff, 0x0, 0xff, 0xf0,
    0xf, 0xf0, 0x0, 0x0, 0xff, 0x0, 0xff, 0x0,
    0xff, 0xf0, 0xf, 0xff, 0xff, 0xfd, 0xff, 0xff,
    0xff, 0xff, 0xff, 0xff, 0xff, 0xff, 0xff, 0xff,
    0xff, 0x0, 0xff, 0x0, 0xff, 0xf0, 0xf, 0xff,
    0x0, 0xff, 0xff, 0x0, 0xff, 0x0, 0xff, 0xf0,
    0xf, 0xff, 0x0, 0xff, 0xff, 0xff, 0xff, 0xff,
    0xff, 0xff, 0xff, 0xff, 0xff, 0xff, 0xff, 0x0,
    0xff, 0x0, 0xff, 0xff, 0xff, 0xff, 0x0, 0xff,
    0xff, 0x0, 0xff, 0x0, 0xff, 0xff, 0xff, 0xff,
    0x0, 0xff, 0xff, 0xff, 0xff, 0xff, 0xff, 0xff,
    0xff, 0xff, 0xff, 0xff, 0xff, 0xff, 0xff, 0xff,
    0xff, 0xff, 0xff, 0xff, 0xff, 0xff, 0xcf, 0xff,
    0xff, 0xff, 0xff, 0xff, 0xff, 0xff, 0xff, 0xfc,

    /* U+F651 "" */
    0x0, 0x0, 0x5a, 0xdf, 0xfd, 0xa5, 0x0, 0x0,
    0x0, 0x3d, 0xff, 0xff, 0xff, 0xff, 0xd3, 0x0,
    0x4, 0xff, 0xff, 0xfb, 0xbf, 0xff, 0xff, 0x40,
    0x2f, 0xff, 0xff, 0xd2, 0x2d, 0xff, 0xff, 0xf1,
    0x9f, 0xff, 0xfe, 0x0, 0x5, 0xff, 0xff, 0xf9,
    0xef, 0xff, 0xfc, 0x6, 0xdf, 0xff, 0xff, 0xfe,
    0xff, 0xff, 0xff, 0x50, 0x5, 0xff, 0xff, 0xff,
    0xef, 0xff, 0xff, 0xfc, 0x60, 0xcf, 0xff, 0xfe,
    0x9f, 0xff, 0xff, 0x50, 0x0, 0xef, 0xff, 0xf9,
    0x2f, 0xff, 0xff, 0xd2, 0x2d, 0xff, 0xff, 0xf2,
    0x6, 0xff, 0xff, 0xfb, 0xbf, 0xff, 0xff, 0x40,
    0x9, 0xff, 0xff, 0xff, 0xff, 0xff, 0xd3, 0x0,
    0x2f, 0xff, 0x9a, 0xdf, 0xfe, 0xa5, 0x0, 0x0,
    0xcd, 0x92, 0x0, 0x0, 0x0, 0x0, 0x0, 0x0,

    /* U+F653 "" */
    0x0, 0x6, 0xbe, 0xfe, 0xb6, 0x0, 0x0, 0x0,
    0x0, 0x0, 0x3d, 0xff, 0xfd, 0xff, 0xfd, 0x30,
    0x0, 0x0, 0x0, 0x2f, 0xff, 0xfb, 0xa, 0xff,
    0xff, 0x20, 0x0, 0x0, 0xa, 0xff, 0xfc, 0x4,
    0x4f, 0xff, 0xfa, 0x0, 0x0, 0x0, 0xff, 0xff,
    0xc2, 0xae, 0xff, 0xff, 0xf0, 0x20, 0x0, 0xf,
    0xff, 0xff, 0xb4, 0x1d, 0xff, 0xfe, 0xf, 0xb1,
    0x0, 0xaf, 0xff, 0xfa, 0xb3, 0xcf, 0xff, 0xa3,
    0xff, 0xd1, 0x2, 0xff, 0xff, 0xa0, 0xaf, 0xff,
    0xf2, 0xaf, 0xff, 0x90, 0x3f, 0xff, 0xff, 0xcf,
    0xff, 0xd3, 0x6f, 0xff, 0xfe, 0xc, 0xc7, 0x6b,
    0xef, 0xeb, 0x61, 0x8f, 0xff, 0xff, 0xf0, 0x0,
    0x0, 0x0, 0x1, 0x37, 0xef, 0xff, 0xff, 0xfb,
    0x0, 0x0, 0x0, 0x2e, 0xff, 0xff, 0xff, 0xff,
    0xff, 0x20, 0x0, 0x0, 0x0, 0x3d, 0xff, 0xff,
    0xff, 0xff, 0xf3, 0x0, 0x0, 0x0, 0x0, 0x6,
    0xbe, 0xfe, 0xb6, 0x7c, 0xc0,

    /* U+F654 "" */
    0x0, 0x0, 0xcf, 0xfc, 0x0, 0x0, 0x0, 0x0,
    0xff, 0xff, 0x0, 0x0, 0x0, 0x0, 0xff, 0xff,
    0x0, 0x0, 0x0, 0x0, 0xff, 0xff, 0x0, 0x0,
    0xcf, 0xff, 0xff, 0xff, 0xff, 0xfc, 0xff, 0xff,
    0xff, 0xff, 0xff, 0xff, 0xff, 0xff, 0xff, 0xff,
    0xff, 0xff, 0xcf, 0xff, 0xff, 0xff, 0xff, 0xfc,
    0x0, 0x0, 0xff, 0xff, 0x0, 0x0, 0x0, 0x0,
    0xff, 0xff, 0x0, 0x0, 0x0, 0x0, 0xff, 0xff,
    0x0, 0x0, 0x0, 0x0, 0xff, 0xff, 0x0, 0x0,
    0x0, 0x0, 0xff, 0xff, 0x0, 0x0, 0x0, 0x0,
    0xff, 0xff, 0x0, 0x0, 0x0, 0x0, 0xff, 0xff,
    0x0, 0x0, 0x0, 0x0, 0xcf, 0xfc, 0x0, 0x0,

    /* U+F655 "" */
    0x0, 0x0, 0x0, 0xe, 0xe0, 0x0, 0x0, 0x0,
    0x0, 0x0, 0x18, 0xcf, 0xfc, 0x81, 0x0, 0x0,
    0x0, 0xcd, 0xef, 0xff, 0xff, 0xfe, 0xdc, 0x0,
    0x0, 0xdf, 0xfb, 0x4c, 0xc4, 0xbf, 0xfd, 0x0,
    0x1, 0xef, 0xf9, 0xb, 0xb0, 0x9f, 0xfe, 0x10,
    0x8, 0xfb, 0x9f, 0xbf, 0xfb, 0xf9, 0xbf, 0x80,
    0xc, 0xf4, 0xb, 0xff, 0xff, 0xb0, 0x4f, 0xc0,
    0xef, 0xfc, 0xbf, 0xf3, 0x3f, 0xfb, 0xcf, 0xfe,
    0xef, 0xfc, 0xbf, 0xf3, 0x3f, 0xfb, 0xcf, 0xfe,
    0xc, 0xf4, 0xb, 0xff, 0xff, 0xb0, 0x4f, 0xc0,
    0x8, 0xfb, 0x9f, 0xbf, 0xfb, 0xf9, 0xbf, 0x80,
    0x1, 0xef, 0xf9, 0xb, 0xb0, 0x9f, 0xfe, 0x10,
    0x0, 0xdf, 0xfb, 0x4c, 0xc4, 0xbf, 0xfd, 0x0,
    0x0, 0xcd, 0xef, 0xff, 0xff, 0xfe, 0xdc, 0x0,
    0x0, 0x0, 0x18, 0xcf, 0xfc, 0x81, 0x0, 0x0,
    0x0, 0x0, 0x0, 0xe, 0xe0, 0x0, 0x0, 0x0,

    /* U+F658 "" */
    0x0, 0x0, 0x0, 0x4d, 0xd4, 0x0, 0x0, 0x0,
    0x0, 0x58, 0x89, 0xff, 0xff, 0x98, 0x85, 0x0,
    0x5, 0xff, 0xff, 0xff, 0xff, 0xff, 0xff, 0x50,
    0x7, 0xf0, 0x0, 0x0, 0x0, 0x0, 0xf, 0x70,
    0xa, 0xf0, 0x0, 0x0, 0x0, 0x0, 0xf, 0xa0,
    0x9f, 0xf0, 0x7, 0x88, 0x88, 0x70, 0xf, 0xf9,
    0xff, 0xf0, 0xe, 0xff, 0xff, 0xe0, 0xf, 0xff,
    0x3d, 0xf0, 0x0, 0x0, 0x0, 0x0, 0xf, 0xd3,
    0x91, 0x90, 0x7, 0x88, 0x88, 0x70, 0x9, 0x19,
    0xfd, 0x30, 0xe, 0xff, 0xff, 0xe0, 0x3, 0xdf,
    0xff, 0xf8, 0x0, 0x0, 0x0, 0x0, 0x8f, 0xff,
    0xff, 0xff, 0xc2, 0x0, 0x0, 0x2c, 0xff, 0xff,
    0xff, 0xff, 0xff, 0x70, 0x7, 0xff, 0xff, 0xff,
    0xff, 0xff, 0xff, 0xff, 0xff, 0xff, 0xff, 0xff,
    0xff, 0xff, 0xff, 0xff, 0xff, 0xff, 0xff, 0xff,
    0x8f, 0xff, 0xff, 0xff, 0xff, 0xff, 0xff, 0xf8,

    /* U+F65D "" */
    0x8f, 0xff, 0xff, 0xd1, 0x0, 0x0, 0x0, 0x0,
    0xff, 0xff, 0xff, 0xfd, 0x10, 0x0, 0x0, 0x0,
    0xff, 0xff, 0xff, 0xff, 0xff, 0xff, 0xff, 0xf8,
    0xff, 0xff, 0xff, 0xff, 0xff, 0xff, 0xff, 0xff,
    0xff, 0xff, 0xff, 0xff, 0xff, 0xff, 0xff, 0xff,
    0xff, 0xff, 0xff, 0xff, 0xff, 0xff, 0xff, 0xff,
    0xff, 0xff, 0xb4, 0x44, 0x44, 0x4b, 0xff, 0xff,
    0xff, 0xff, 0xb4, 0x44, 0x44, 0x4b, 0xff, 0xff,
    0xff, 0xff, 0xff, 0xff, 0xff, 0xff, 0xff, 0xff,
    0xff, 0xff, 0xff, 0xff, 0xff, 0xff, 0xff, 0xff,
    0xff, 0xff, 0xff, 0xff, 0xff, 0xff, 0xff, 0xff,
    0x8f, 0xff, 0xff, 0xff, 0xff, 0xff, 0xff, 0xf8,

    /* U+F65E "" */
    0x8f, 0xff, 0xff, 0xd1, 0x0, 0x0, 0x0, 0x0,
    0xff, 0xff, 0xff, 0xfd, 0x10, 0x0, 0x0, 0x0,
    0xff, 0xff, 0xff, 0xff, 0xff, 0xff, 0xff, 0xf8,
    0xff, 0xff, 0xff, 0xfd, 0xdf, 0xff, 0xff, 0xff,
    0xff, 0xff, 0xff, 0xf4, 0x4f, 0xff, 0xff, 0xff,
    0xff, 0xff, 0xff, 0xf4, 0x4f, 0xff, 0xff, 0xff,
    0xff, 0xff, 0xd4, 0x41, 0x14, 0x4d, 0xff, 0xff,
    0xff, 0xff, 0xd4, 0x41, 0x14, 0x4d, 0xff, 0xff,
    0xff, 0xff, 0xff, 0xf4, 0x4f, 0xff, 0xff, 0xff,
    0xff, 0xff, 0xff, 0xf4, 0x4f, 0xff, 0xff, 0xff,
    0xff, 0xff, 0xff, 0xfd, 0xdf, 0xff, 0xff, 0xff,
    0x8f, 0xff, 0xff, 0xff, 0xff, 0xff, 0xff, 0xf8,

    /* U+F662 "" */
    0xb, 0xff, 0xff, 0xff, 0xff, 0xff, 0xff, 0xff,
    0xfc, 0x0, 0x0, 0xc, 0xff, 0xff, 0xff, 0xff,
    0xff, 0xff, 0xff, 0xfd, 0x0, 0x0, 0x1, 0xdf,
    0xff, 0xff, 0xff, 0xff, 0xff, 0xff, 0xe1, 0x0,
    0x0, 0x0, 0x2e, 0xff, 0xff, 0xff, 0xff, 0xff,
    0xfe, 0x20, 0x0, 0x0, 0x0, 0x3, 0xff, 0xff,
    0xff, 0xff, 0xff, 0xf3, 0x0, 0x0, 0x0, 0x0,
    0x0, 0x4f, 0xff, 0xff, 0xff, 0xf9, 0x20, 0x0,
    0x0, 0x0, 0x0, 0x0, 0x5, 0xff, 0xff, 0xfe,
    0x34, 0xbf, 0xfc, 0x50, 0x0, 0x0, 0x0, 0x0,
    0x6f, 0xff, 0xf3, 0x7f, 0xfe, 0xef, 0xf8, 0x0,
    0x0, 0x0, 0x0, 0xf, 0xff, 0x94, 0xff, 0xe4,
    0x4e, 0xff, 0x50, 0x0, 0x0, 0x0, 0xf, 0xff,
    0x3b, 0xff, 0x52, 0x39, 0xff, 0xc0, 0x0, 0x0,
    0x0, 0xf, 0xff, 0x1e, 0xff, 0x56, 0xcf, 0xff,
    0xf0, 0x0, 0x0, 0x0, 0xf, 0xff, 0x1e, 0xff,
    0xf7, 0x26, 0xff, 0xf0, 0x0, 0x0, 0x0, 0xf,
    0xff, 0x3b, 0xff, 0xda, 0x93, 0xff, 0xc0, 0x0,
    0x0, 0x0, 0xb, 0xff, 0x94, 0xff, 0xd4, 0x4d,
    0xff, 0x50, 0x0, 0x0, 0x0, 0x0, 0x9f, 0xf3,
    0x7f, 0xfe, 0xef, 0xf8, 0x0, 0x0, 0x0, 0x0,
    0x0, 0x5, 0xe9, 0x4, 0xbf, 0xfc, 0x50, 0x0,
    0x0, 0x0, 0x0, 0x0, 0x0, 0x0, 0x0, 0x0,
    0x0, 0x0, 0x0,

    /* U+F664 "" */
    0x0, 0xd, 0x0, 0xd0, 0xd, 0x0, 0xd0, 0x0,
    0x0, 0xf, 0xff, 0xff, 0xff, 0xff, 0xf0, 0x0,
    0x0, 0xf, 0xff, 0xff, 0xff, 0xff, 0xf0, 0x0,
    0x0, 0xf, 0xff, 0xff, 0xff, 0xff, 0xf0, 0x0,
    0x0, 0xef, 0xf0, 0xff, 0xff, 0xf, 0xfe, 0x0,
    0x0, 0xff, 0xf0, 0xf5, 0x5f, 0xf, 0xff, 0x0,
    0x0, 0xff, 0xf0, 0xf4, 0x4f, 0xf, 0xff, 0x0,
    0xe, 0xff, 0xf, 0xff, 0xff, 0xf0, 0xff, 0xe0,
    0xf, 0xff, 0xf, 0xf9, 0x9f, 0xf0, 0xff, 0xf0,
    0xf, 0xff, 0xf, 0xf0, 0xf, 0xf0, 0xff, 0xf0,
    0xf, 0xff, 0xf, 0xf0, 0xf, 0xf0, 0xff, 0xf0,
    0xef, 0xf0, 0xff, 0xff, 0xff, 0xff, 0xf, 0xfe,
    0xff, 0xf0, 0xff, 0xff, 0xff, 0xff, 0xf, 0xff,
    0xff, 0xf0, 0xff, 0x90, 0x9, 0xff, 0xf, 0xff,
    0xff, 0xf0, 0xff, 0x80, 0x8, 0xff, 0xf, 0xff,
    0xef, 0xf0, 0xff, 0x80, 0x8, 0xff, 0xf, 0xfe,

    /* U+F665 "" */
    0x0, 0x0, 0x0, 0xd, 0xd0, 0x0, 0x0, 0x0,
    0x0, 0x6, 0xa1, 0x3f, 0xf3, 0x1a, 0x60, 0x0,
    0x0, 0xf, 0xf7, 0x4f, 0xf4, 0x7f, 0xf0, 0x0,
    0x0, 0xf, 0xf8, 0x4f, 0xf4, 0x8f, 0xf0, 0x0,
    0x0, 0xf, 0xf8, 0x4f, 0xf4, 0x8f, 0xf0, 0x0,
    0x0, 0xf, 0xf8, 0x4f, 0xf4, 0x8f, 0xf0, 0x0,
    0x0, 0xf, 0xf8, 0x4f, 0xf4, 0x8f, 0xf0, 0x0,
    0x0, 0xf, 0xff, 0xff, 0xff, 0xff, 0xf0, 0x0,
    0x0, 0xf, 0xff, 0xff, 0xff, 0xff, 0xf0, 0x0,
    0xcf, 0xff, 0xff, 0x81, 0x19, 0xff, 0xff, 0xfc,
    0xcf, 0xff, 0xf6, 0xc, 0xc0, 0x6f, 0xff, 0xfc,
    0x1d, 0xff, 0xf6, 0xc, 0xc0, 0x6f, 0xff, 0xd1,
    0x2, 0xef, 0xff, 0x91, 0x18, 0xff, 0xfe, 0x20,
    0x0, 0x2e, 0xff, 0xff, 0xff, 0xff, 0xe2, 0x0,
    0x0, 0x3, 0xef, 0xff, 0xff, 0xfe, 0x30, 0x0,
    0x0, 0x0, 0x18, 0xdf, 0xfd, 0x81, 0x0, 0x0,

    /* U+F666 "" */
    0x0, 0x0, 0x0, 0x0, 0x78, 0x0, 0x0, 0x0,
    0x0, 0x0, 0x0, 0x10, 0x0, 0xde, 0x0, 0x1,
    0x0, 0x0, 0x0, 0x4, 0xf7, 0x2, 0xff, 0x30,
    0x7f, 0x50, 0x0, 0x0, 0x0, 0xff, 0xda, 0xff,
    0xac, 0xff, 0x10, 0x0, 0x0, 0x0, 0x9f, 0xff,
    0xff, 0xff, 0xfa, 0x0, 0x0, 0x0, 0x0, 0x4f,
    0xff, 0xee, 0xff, 0xf5, 0x0, 0x0, 0x9, 0xcf,
    0xff, 0xf8, 0x76, 0x8f, 0xff, 0xfc, 0x90, 0x7,
    0xff, 0xff, 0xc5, 0x0, 0x5b, 0xff, 0xff, 0x80,
    0x0, 0x19, 0xff, 0xf4, 0x0, 0x3f, 0xff, 0x91,
    0x0, 0x0, 0x1, 0xef, 0xd8, 0x0, 0x8d, 0xfe,
    0x20, 0x0, 0x0, 0x1d, 0xff, 0xff, 0x99, 0xff,
    0xff, 0xd1, 0x0, 0x0, 0xcf, 0xff, 0xff, 0xff,
    0xff, 0xff, 0xfc, 0x0, 0x0, 0x96, 0x30, 0xff,
    0xff, 0xff, 0x13, 0x69, 0x0, 0x0, 0x0, 0x0,
    0xff, 0xa9, 0xff, 0x10, 0x0, 0x0, 0x0, 0x0,
    0x1, 0xfd, 0x0, 0xcf, 0x20, 0x0, 0x0, 0x0,
    0x0, 0x1, 0xe2, 0x0, 0x2d, 0x10, 0x0, 0x0,

    /* U+F669 "" */
    0x0, 0x0, 0x40, 0x0, 0x60, 0x0, 0x5, 0x0,
    0x0, 0x0, 0x1c, 0xc0, 0x0, 0x81, 0x0, 0xf,
    0xa0, 0x0, 0x0, 0xcf, 0x90, 0x0, 0x91, 0x0,
    0xc, 0xf9, 0x0, 0x7, 0xff, 0x90, 0x0, 0x92,
    0x0, 0xd, 0xff, 0x30, 0xe, 0xff, 0xd0, 0x0,
    0xa3, 0x0, 0x1f, 0xff, 0xa0, 0x2f, 0xff, 0xf6,
    0x0, 0xb3, 0x0, 0xaf, 0xff, 0xe0, 0x8, 0xff,
    0xff, 0x40, 0xb4, 0x8, 0xff, 0xff, 0x40, 0x7f,
    0xff, 0xfe, 0x10, 0xc4, 0x5, 0xff, 0xff, 0xf4,
    0x6f, 0xff, 0xf6, 0x3, 0xd5, 0x30, 0xaf, 0xff,
    0xf2, 0x1e, 0xff, 0xf2, 0xc, 0xff, 0x50, 0x6f,
    0xff, 0xb0, 0x2, 0xef, 0xf2, 0x7f, 0xff, 0xd4,
    0x5f, 0xfb, 0x0, 0x7, 0xff, 0xf6, 0xc, 0xff,
    0x50, 0x9f, 0xff, 0x40, 0x0, 0xdf, 0xfe, 0x23,
    0xf8, 0x33, 0xff, 0xfa, 0x0, 0x0, 0x1d, 0xff,
    0xd5, 0xfa, 0x7f, 0xff, 0xc0, 0x0, 0x0, 0x1,
    0xbf, 0xff, 0xff, 0xff, 0xf9, 0x0, 0x0, 0x0,
    0x0, 0x4, 0xae, 0xff, 0xd9, 0x20, 0x0, 0x0,

    /* U+F66A "" */
    0x8, 0xef, 0xff, 0xff, 0xff, 0xff, 0xfd, 0x9,
    0xff, 0xff, 0xff, 0xff, 0xff, 0xff, 0xf0, 0xef,
    0xff, 0xfd, 0xfe, 0xfe, 0xff, 0xff, 0xf, 0xff,
    0xfb, 0x4f, 0xcf, 0x7a, 0xff, 0xf0, 0xff, 0xff,
    0xa2, 0xeb, 0xf3, 0xaf, 0xff, 0xf, 0xff, 0xf2,
    0xc, 0x6c, 0x12, 0xff, 0xf0, 0xff, 0xff, 0xb1,
    0xa0, 0x94, 0xbf, 0xff, 0xf, 0xff, 0xfb, 0x7,
    0x49, 0xa, 0xff, 0xf0, 0xff, 0xff, 0xfb, 0x30,
    0x2a, 0xff, 0xff, 0xf, 0xff, 0xff, 0xff, 0xff,
    0xff, 0xff, 0xf0, 0xff, 0xff, 0xff, 0xff, 0xff,
    0xff, 0xff, 0xf, 0xff, 0xff, 0xff, 0xff, 0xff,
    0xff, 0xe0, 0xff, 0x30, 0x0, 0x0, 0x0, 0x1,
    0xfa, 0xe, 0xf3, 0x0, 0x0, 0x0, 0x0, 0x1f,
    0xa0, 0x9f, 0xff, 0xff, 0xff, 0xff, 0xff, 0xfe,
    0x0, 0x9e, 0xff, 0xff, 0xff, 0xff, 0xff, 0xd0,

    /* U+F66B "" */
    0x0, 0x0, 0x0, 0x5a, 0xee, 0xa5, 0x0, 0x0,
    0x0, 0x0, 0x5, 0xaf, 0xff, 0xff, 0xff, 0xfa,
    0x50, 0x0, 0x3a, 0xff, 0xff, 0xfd, 0x99, 0xdf,
    0xff, 0xff, 0xa3, 0xff, 0xff, 0xb6, 0x21, 0x66,
    0x12, 0x6b, 0xff, 0xff, 0xea, 0x51, 0x38, 0xdf,
    0xff, 0xfd, 0x83, 0x15, 0xae, 0x15, 0x9e, 0xfe,
    0xa6, 0xaa, 0x6a, 0xef, 0xe9, 0x51, 0xff, 0xc8,
    0xf1, 0x48, 0xee, 0x84, 0x1f, 0x8c, 0xff, 0xf1,
    0x37, 0xff, 0xff, 0xff, 0xff, 0xff, 0x73, 0x1f,
    0xff, 0xff, 0xff, 0xff, 0xff, 0xff, 0xff, 0xff,
    0xff, 0xff, 0xff, 0xff, 0xff, 0xff, 0xff, 0xff,
    0xff, 0xff, 0xff, 0xff, 0xff, 0xff, 0xff, 0xff,
    0xff, 0xff, 0xff, 0xff, 0xff, 0xff, 0xff, 0xff,
    0xff, 0xff, 0xff, 0xff, 0xff, 0xff, 0xff, 0xff,
    0xff, 0xff, 0xff, 0xff, 0xff, 0xef, 0xff, 0xff,
    0xff, 0xff, 0xff, 0xff, 0xff, 0xfe, 0x16, 0xad,
    0xff, 0xff, 0xff, 0xff, 0xff, 0xda, 0x61, 0x0,
    0x0, 0x14, 0x8c, 0xff, 0xc8, 0x41, 0x0, 0x0,

    /* U+F66D "" */
    0x0, 0x0, 0x0, 0x0, 0x67, 0x0, 0x0, 0x0,
    0x0, 0x0, 0x0, 0x0, 0x8, 0xff, 0x90, 0x0,
    0x0, 0x0, 0x0, 0x7, 0x90, 0xe, 0xff, 0xf0,
    0x8, 0x70, 0x0, 0x0, 0x9f, 0x60, 0xbf, 0xff,
    0xfc, 0x5, 0xf9, 0x0, 0x4, 0xff, 0x14, 0xf7,
    0xef, 0x6f, 0x50, 0xff, 0x40, 0xa, 0xff, 0x6,
    0xf1, 0xbc, 0xf, 0x70, 0xef, 0xc0, 0xe, 0xff,
    0x5, 0xf5, 0xdd, 0x4f, 0x60, 0xff, 0xf0, 0xe,
    0xff, 0x50, 0xdf, 0xff, 0xfd, 0x4, 0xff, 0xf0,
    0xc, 0xff, 0xd0, 0x1e, 0xff, 0xe2, 0xc, 0xff,
    0xd0, 0x7, 0xff, 0xfc, 0x1d, 0xff, 0xe1, 0xbf,
    0xff, 0x80, 0x0, 0xdf, 0xff, 0xe6, 0xcd, 0x6e,
    0xff, 0xfd, 0x0, 0x0, 0x2e, 0xff, 0xfe, 0xde,
    0xef, 0xff, 0xf3, 0x0, 0x0, 0x3, 0xfa, 0x23,
    0xff, 0x41, 0x9f, 0x40, 0x0, 0x0, 0x0, 0x0,
    0x9e, 0xbc, 0xea, 0x10, 0x0, 0x0, 0x0, 0x0,
    0x1, 0xc2, 0xbc, 0x1c, 0x10, 0x0, 0x0, 0x0,
    0x0, 0x0, 0x0, 0xcd, 0x0, 0x0, 0x0, 0x0,
    0x0, 0x0, 0x0, 0x0, 0x0, 0x0, 0x0, 0x0,
    0x0,

    /* U+F66F "" */
    0x0, 0x0, 0x1, 0x7d, 0xd7, 0x10, 0x0, 0x0,
    0x0, 0x5, 0xbf, 0xff, 0xff, 0xfb, 0x50, 0x0,
    0x29, 0xef, 0xff, 0xff, 0xff, 0xff, 0xfe, 0x92,
    0xff, 0xff, 0xff, 0xff, 0xff, 0xff, 0xff, 0xff,
    0xef, 0xff, 0xff, 0xff, 0xff, 0xff, 0xff, 0xfe,
    0x0, 0x0, 0x0, 0x0, 0x0, 0x0, 0x0, 0x0,
    0x0, 0xff, 0x0, 0xf, 0xf0, 0x0, 0xff, 0x0,
    0x0, 0xff, 0x0, 0xf, 0xf0, 0x0, 0xff, 0x0,
    0x0, 0xff, 0x0, 0xf, 0xf0, 0x0, 0xff, 0x0,
    0x0, 0xff, 0x0, 0xf, 0xf0, 0x0, 0xff, 0x0,
    0x0, 0xff, 0x0, 0xf, 0xf0, 0x0, 0xff, 0x0,
    0xe, 0xff, 0xff, 0xff, 0xff, 0xff, 0xff, 0xe0,
    0xf, 0xff, 0xff, 0xff, 0xff, 0xff, 0xff, 0xf0,
    0x0, 0x0, 0x0, 0x0, 0x0, 0x0, 0x0, 0x0,
    0xef, 0xff, 0xff, 0xff, 0xff, 0xff, 0xff, 0xfe,
    0xef, 0xff, 0xff, 0xff, 0xff, 0xff, 0xff, 0xfe,

    /* U+F674 "" */
    0x0, 0xcf, 0xff, 0xff, 0xff, 0xff, 0xfc, 0x0,
    0x0, 0x0, 0xff, 0xff, 0xff, 0xff, 0xff, 0xff,
    0x0, 0x0, 0x0, 0xff, 0xff, 0xff, 0xff, 0xff,
    0xff, 0x0, 0x0, 0x0, 0xff, 0xff, 0xff, 0xff,
    0xff, 0xff, 0x0, 0x0, 0x0, 0xff, 0xfb, 0x10,
    0x0, 0x0, 0x0, 0x0, 0x0, 0x0, 0xff, 0xf1,
    0xcf, 0xff, 0xff, 0xff, 0xff, 0xfc, 0x0, 0xff,
    0xf0, 0xff, 0xff, 0xff, 0xff, 0xff, 0xff, 0x0,
    0x0, 0x0, 0x0, 0x1, 0xbf, 0xff, 0x0, 0xff,
    0xcf, 0xff, 0xff, 0xff, 0xfc, 0x1f, 0xff, 0x0,
    0xff, 0xdf, 0xff, 0xff, 0xff, 0xfe, 0xf, 0xff,
    0xff, 0xff, 0x1a, 0xff, 0xff, 0xff, 0xc1, 0xf,
    0xff, 0xff, 0xff, 0xc2, 0x6f, 0xff, 0xf8, 0x2c,
    0xf, 0xff, 0xff, 0xff, 0xff, 0x52, 0xcc, 0x35,
    0xff, 0xf, 0xff, 0xff, 0xfc, 0xff, 0xfa, 0x22,
    0xaf, 0xff, 0x0, 0x0, 0x0, 0x0, 0xff, 0xff,
    0xff, 0xff, 0xff, 0x0, 0x0, 0x0, 0x0, 0xcf,
    0xff, 0xff, 0xff, 0xfc, 0x0, 0x0, 0x0, 0x0,

    /* U+F676 "" */
    0x54, 0x5, 0x40, 0x54, 0x5, 0x40, 0x54, 0x5,
    0x40, 0x54, 0xdd, 0xd, 0xd0, 0xdd, 0xd, 0xd0,
    0xdd, 0xd, 0xd0, 0xdd, 0xcc, 0xc, 0xc0, 0xcc,
    0xc, 0xc0, 0xcc, 0xc, 0xc0, 0xcc, 0x0, 0x0,
    0x0, 0x0, 0x0, 0x0, 0x0, 0x0, 0x0, 0x0,
    0xee, 0xe, 0xe0, 0xee, 0xe, 0xe0, 0xee, 0xe,
    0xe0, 0xee, 0xff, 0xf, 0xf0, 0xff, 0xf, 0xf0,
    0xff, 0xf, 0xf0, 0xff, 0xff, 0xf, 0xf0, 0xff,
    0xf, 0xf0, 0xff, 0xf, 0xf0, 0xff, 0xff, 0xf,
    0xf0, 0xff, 0xf, 0xf0, 0xff, 0xf, 0xf0, 0xff,
    0xff, 0xf, 0xf0, 0xff, 0xf, 0xf0, 0xff, 0xf,
    0xf0, 0xff, 0xef, 0x30, 0x0, 0x0, 0xf, 0xf0,
    0x0, 0x0, 0x3, 0xfe, 0x8f, 0xff, 0xff, 0xff,
    0xff, 0xff, 0xff, 0xff, 0xff, 0xf8, 0x8, 0xef,
    0xff, 0xff, 0xff, 0xff, 0xff, 0xff, 0xfe, 0x80,
    0x0, 0x0, 0x0, 0x0, 0xf, 0xf0, 0x0, 0x0,
    0x0, 0x0, 0x0, 0x0, 0x0, 0x0, 0xf, 0xf0,
    0x0, 0x0, 0x0, 0x0, 0x0, 0xe, 0xff, 0xff,
    0xff, 0xff, 0xff, 0xff, 0xe0, 0x0, 0x0, 0xe,
    0xff, 0xff, 0xff, 0xff, 0xff, 0xff, 0xe0, 0x0,

    /* U+F678 "" */
    0xa, 0xa0, 0x0, 0x0, 0x0, 0x1, 0xb1, 0x0,
    0x0, 0x0, 0x8f, 0xf8, 0x0, 0x0, 0x0, 0x1d,
    0xfd, 0x10, 0x0, 0x0, 0xef, 0xfe, 0x0, 0x0,
    0x3, 0xef, 0xff, 0xe3, 0x0, 0x0, 0xff, 0xff,
    0x0, 0x0, 0x7f, 0xff, 0xff, 0xff, 0x70, 0x0,
    0x0, 0x0, 0x0, 0xb, 0xff, 0xff, 0xff, 0xff,
    0xfb, 0x0, 0xff, 0xff, 0x0, 0x7f, 0xff, 0xff,
    0xff, 0xff, 0xff, 0x70, 0xff, 0xff, 0x0, 0xef,
    0xff, 0xff, 0xff, 0xff, 0xff, 0xe0, 0xff, 0xff,
    0x0, 0xef, 0xff, 0xff, 0xff, 0xff, 0xff, 0xe0,
    0xff, 0xff, 0x0, 0x7f, 0xff, 0xff, 0xff, 0xff,
    0xff, 0x70, 0xff, 0xff, 0x0, 0x0, 0x0, 0x0,
    0x0, 0x0, 0x0, 0x0, 0xff, 0xff, 0xc, 0xff,
    0xff, 0xff, 0xff, 0xff, 0xff, 0xfc, 0xff, 0xff,
    0xf, 0xff, 0xff, 0xff, 0xaf, 0xff, 0xff, 0xff,
    0xff, 0xff, 0xf, 0xff, 0xff, 0xf7, 0x6, 0xff,
    0xff, 0xff, 0xff, 0xff, 0xf, 0xf3, 0x3f, 0xf0,
    0x0, 0xff, 0x33, 0xff, 0xff, 0xff, 0xf, 0xf0,
    0xf, 0xf0, 0x0, 0xff, 0x0, 0xff, 0xcf, 0xfc,
    0xc, 0xf0, 0xf, 0xf0, 0x0, 0xff, 0x0, 0xfc,

    /* U+F679 "" */
    0x0, 0x0, 0x0, 0x0, 0x0, 0x0, 0x0, 0x0,
    0x0, 0x0, 0x0, 0x0, 0x0, 0x0, 0xc5, 0x0,
    0x0, 0x0, 0x0, 0x0, 0x0, 0x0, 0xc, 0x50,
    0x0, 0x0, 0x0, 0x0, 0x0, 0xd, 0x82, 0x1,
    0x7e, 0x0, 0x0, 0x5d, 0xfd, 0x50, 0x5f, 0xff,
    0xff, 0xf0, 0x0, 0xd, 0xff, 0xff, 0x50, 0x3b,
    0xff, 0xc5, 0x0, 0x0, 0x15, 0x7, 0xfd, 0x0,
    0x0, 0x0, 0x0, 0x0, 0x0, 0x0, 0xf, 0xf0,
    0x1, 0x9e, 0xe7, 0x0, 0x0, 0x0, 0x7, 0xfd,
    0x1, 0xdf, 0xff, 0xf8, 0x0, 0x0, 0xdf, 0xff,
    0xff, 0xff, 0xd2, 0x4f, 0xe0, 0x0, 0x7, 0xff,
    0xff, 0xfe, 0xa1, 0x0, 0xff, 0x0, 0x0, 0x0,
    0x1b, 0xfa, 0x0, 0x0, 0xf, 0xf0, 0xa0, 0x0,
    0x0, 0x1f, 0xf0, 0x30, 0x0, 0xff, 0xc, 0x60,
    0x0, 0x1, 0xff, 0xf, 0x71, 0x3f, 0xf0, 0x5f,
    0x93, 0x11, 0xbf, 0xb0, 0xdf, 0xff, 0xf9, 0x0,
    0xaf, 0xff, 0xff, 0xf2, 0x2, 0xbe, 0xe9, 0x0,
    0x0, 0x6c, 0xff, 0xb2, 0x0, 0x0, 0x0, 0x0,
    0x0,

    /* U+F67B "" */
    0x0, 0x0, 0x4, 0xee, 0x50, 0x0, 0x4, 0xee,
    0x50, 0x0, 0x0, 0x0, 0x0, 0xd, 0xdc, 0xe0,
    0x0, 0xd, 0xdc, 0xe0, 0x0, 0x0, 0x0, 0x0,
    0xd, 0xdc, 0xe0, 0x0, 0xd, 0xdc, 0xe0, 0x0,
    0x0, 0x0, 0x0, 0x4, 0xef, 0xe0, 0x0, 0xd,
    0xfe, 0x40, 0x0, 0x0, 0x0, 0x0, 0x0, 0xd,
    0xfd, 0xee, 0xdf, 0xe0, 0x0, 0x0, 0x0, 0x0,
    0x0, 0x0, 0x3e, 0xff, 0xff, 0xff, 0xe3, 0x0,
    0x0, 0x0, 0x8, 0x80, 0x2, 0xef, 0xff, 0xff,
    0xff, 0xff, 0x20, 0x7, 0x90, 0x9, 0xfa, 0xc,
    0xff, 0xff, 0xff, 0xff, 0xff, 0xd0, 0x9f, 0xa0,
    0x0, 0x7f, 0xef, 0xff, 0xff, 0xff, 0xff, 0xff,
    0xfe, 0xf8, 0x0, 0x0, 0x6, 0xb8, 0xff, 0xff,
    0xff, 0xff, 0xff, 0x9b, 0x70, 0x0, 0x1, 0x30,
    0x8, 0xfe, 0xff, 0xff, 0xff, 0xef, 0x90, 0x3,
    0x10, 0xd, 0xfd, 0x5e, 0xb0, 0x8f, 0xff, 0xf9,
    0x1a, 0xe5, 0xcf, 0xe0, 0x2, 0x6d, 0xfe, 0x30,
    0x6f, 0x32, 0xf7, 0x2, 0xef, 0xe6, 0x20, 0x0,
    0x0, 0x31, 0x0, 0xdd, 0x0, 0xce, 0x0, 0x3,
    0x0, 0x0, 0x0, 0x0, 0x0, 0x3b, 0xf5, 0x0,
    0x4f, 0xc3, 0x0, 0x0, 0x0, 0x0, 0x0, 0x0,
    0x8e, 0x60, 0x0, 0x6, 0xe9, 0x0, 0x0, 0x0,

    /* U+F67C "" */
    0x0, 0x0, 0x4, 0x79, 0x97, 0x30, 0x0, 0x0,
    0x0, 0x4, 0xdf, 0xff, 0xff, 0xfc, 0x30, 0x0,
    0x0, 0x8f, 0xfd, 0x9f, 0xf9, 0xef, 0xf5, 0x0,
    0x6, 0xff, 0x70, 0x1f, 0xe0, 0x9, 0xff, 0x40,
    0x1f, 0xf5, 0x0, 0x1f, 0xe0, 0x0, 0x8f, 0xe0,
    0x8f, 0xa0, 0x0, 0x1f, 0xe0, 0x0, 0xd, 0xf5,
    0xdf, 0x40, 0x0, 0x1f, 0xe0, 0x0, 0x6, 0xfa,
    0xff, 0x0, 0x0, 0x2f, 0xf0, 0x0, 0x3, 0xfc,
    0xff, 0x0, 0x4, 0xef, 0xfd, 0x20, 0x3, 0xfc,
    0xdf, 0x30, 0x7f, 0xff, 0xff, 0xf5, 0x5, 0xfb,
    0x9f, 0xab, 0xff, 0x9f, 0xfa, 0xff, 0x9c, 0xf7,
    0x3f, 0xff, 0xe4, 0x1f, 0xe0, 0x6f, 0xff, 0xf1,
    0x9, 0xff, 0x60, 0x1f, 0xe0, 0x9, 0xff, 0x60,
    0x0, 0xbf, 0xfb, 0x6f, 0xf6, 0xcf, 0xf9, 0x0,
    0x0, 0x8, 0xff, 0xff, 0xff, 0xff, 0x60, 0x0,
    0x0, 0x0, 0x17, 0xbd, 0xcb, 0x61, 0x0, 0x0,

    /* U+F67F "" */
    0x0, 0x0, 0x0, 0x0, 0x0, 0x0, 0x0, 0x0,
    0x0, 0x0, 0x0, 0x0, 0x0, 0x0, 0xa, 0xa0,
    0x0, 0x0, 0x0, 0x0, 0x0, 0x0, 0x0, 0x0,
    0xaf, 0xfa, 0x0, 0x0, 0x0, 0x0, 0x0, 0x0,
    0x0, 0xa, 0xff, 0xff, 0xa0, 0x0, 0x0, 0x0,
    0x0, 0x0, 0x0, 0xf, 0xff, 0xff, 0xf0, 0x0,
    0x0, 0x0, 0x0, 0x0, 0x0, 0xf, 0xff, 0xff,
    0xf0, 0x0, 0x0, 0x0, 0x0, 0x0, 0x0, 0xf,
    0xff, 0xff, 0xf0, 0x0, 0x0, 0x0, 0x0, 0x0,
    0x0, 0xf, 0xff, 0xff, 0xf0, 0x0, 0x0, 0x0,
    0x0, 0x0, 0x4, 0xdf, 0xff, 0xff, 0xfd, 0x40,
    0x0, 0x0, 0x0, 0x0, 0xf, 0xff, 0xff, 0xff,
    0xff, 0xf0, 0x0, 0x0, 0x0, 0x0, 0xf, 0xff,
    0xff, 0xff, 0xff, 0xf0, 0x0, 0x0, 0x0, 0x5c,
    0xf, 0xff, 0xff, 0xff, 0xff, 0xf0, 0xc5, 0x0,
    0x6e, 0xff, 0xf, 0xff, 0xb1, 0x1b, 0xff, 0xf0,
    0xff, 0xe6, 0xff, 0xff, 0xf, 0xff, 0x10, 0x1,
    0xff, 0xf0, 0xff, 0xff, 0xff, 0xff, 0xf, 0xff,
    0x0, 0x0, 0xff, 0xf0, 0xff, 0xff, 0xff, 0xff,
    0xf, 0xff, 0x0, 0x0, 0xff, 0xf0, 0xff, 0xff,
    0xef, 0xff, 0xf, 0xff, 0x0, 0x0, 0xff, 0xf0,
    0xff, 0xfe,

    /* U+F681 "" */
    0x8f, 0xff, 0xff, 0xff, 0xff, 0xff, 0xf8, 0xff,
    0xff, 0xff, 0xff, 0xff, 0xff, 0xff, 0xff, 0xff,
    0xff, 0xff, 0xff, 0xff, 0xff, 0xff, 0xff, 0xff,
    0x11, 0xff, 0xff, 0xff, 0xff, 0xff, 0xff, 0x0,
    0xff, 0xff, 0xff, 0xff, 0xff, 0xff, 0x0, 0xff,
    0xff, 0xff, 0xff, 0xf1, 0x1f, 0x0, 0xff, 0xff,
    0xff, 0xff, 0xf0, 0xf, 0x0, 0xff, 0xff, 0xff,
    0xff, 0xf0, 0xf, 0x0, 0xf1, 0x1f, 0xff, 0xff,
    0xf0, 0xf, 0x0, 0xf0, 0xf, 0xff, 0xff, 0xf1,
    0x1f, 0x11, 0xf1, 0x1f, 0xff, 0xff, 0xff, 0xff,
    0xff, 0xff, 0xff, 0xff, 0xff, 0xff, 0xff, 0xff,
    0xff, 0xff, 0xff, 0x8f, 0xff, 0xff, 0xff, 0xff,
    0xff, 0xf8,

    /* U+F682 "" */
    0x8f, 0xff, 0xff, 0xff, 0xff, 0xff, 0xf8, 0xff,
    0xff, 0xff, 0xff, 0xff, 0xff, 0xff, 0xff, 0xff,
    0xff, 0xff, 0xff, 0xff, 0xff, 0xff, 0xf1, 0x0,
    0x1, 0xff, 0xff, 0xff, 0xff, 0xf1, 0x0, 0x1,
    0xff, 0xff, 0xff, 0xff, 0xff, 0xff, 0xff, 0xff,
    0xff, 0xff, 0xff, 0xf1, 0x0, 0x0, 0x0, 0x1f,
    0xff, 0xff, 0xf1, 0x0, 0x0, 0x0, 0x1f, 0xff,
    0xff, 0xff, 0xff, 0xff, 0xff, 0xff, 0xff, 0xff,
    0xf1, 0x1, 0xff, 0xff, 0xff, 0xff, 0xff, 0xf1,
    0x1, 0xff, 0xff, 0xff, 0xff, 0xff, 0xff, 0xff,
    0xff, 0xff, 0xff, 0xff, 0xff, 0xff, 0xff, 0xff,
    0xff, 0xff, 0xff, 0x8f, 0xff, 0xff, 0xff, 0xff,
    0xff, 0xf8,

    /* U+F683 "" */
    0x0, 0x0, 0x0, 0x4e, 0xe4, 0x0, 0x0, 0x0,
    0x0, 0xe, 0xff, 0xe0, 0x0, 0x0, 0x0, 0x0,
    0xef, 0xfe, 0x0, 0x0, 0x0, 0x0, 0x4, 0xee,
    0x40, 0x0, 0x0, 0x0, 0x57, 0x20, 0x0, 0x0,
    0x0, 0x0, 0xaf, 0xfe, 0x20, 0x5e, 0xa0, 0x0,
    0x4f, 0xff, 0xfd, 0x8f, 0xfe, 0x0, 0xc, 0xff,
    0xff, 0xff, 0xfe, 0x40, 0x4, 0xff, 0xff, 0xcf,
    0xfd, 0x20, 0x0, 0xaf, 0xff, 0xb0, 0x99, 0x0,
    0x0, 0x9, 0xff, 0xf6, 0x0, 0x0, 0x0, 0x0,
    0x2f, 0xff, 0xf4, 0x0, 0x0, 0x0, 0x0, 0x3e,
    0xff, 0xf4, 0x0, 0x0, 0x3, 0x78, 0x9f, 0xff,
    0xf4, 0x0, 0x0, 0xef, 0xff, 0xff, 0xff, 0xe0,
    0x0, 0xa, 0xff, 0xff, 0xff, 0xf9, 0x0, 0x0,

    /* U+F684 "" */
    0x0, 0x0, 0x0, 0x0, 0x0, 0x0, 0x0, 0x0,
    0x0, 0x0, 0x0, 0x0, 0x0, 0x0, 0x2e, 0x80,
    0xdb, 0x0, 0x0, 0x0, 0x0, 0x0, 0x0, 0x0,
    0xc, 0xf9, 0xe, 0xf7, 0x0, 0x0, 0x0, 0x0,
    0x0, 0x0, 0x7, 0xfe, 0x10, 0x5f, 0xf2, 0x0,
    0x0, 0x0, 0x0, 0x0, 0x2, 0xff, 0x60, 0x0,
    0xbf, 0xc0, 0x0, 0x0, 0x0, 0x0, 0x0, 0xcf,
    0xc0, 0x0, 0x2, 0xff, 0x70, 0x0, 0x0, 0x0,
    0x0, 0x7f, 0xf3, 0x0, 0x0, 0x9, 0xff, 0x20,
    0x0, 0x0, 0x0, 0xf, 0xfd, 0x1e, 0xa0, 0xda,
    0x2f, 0xfa, 0x0, 0x0, 0x0, 0x3, 0xff, 0xc3,
    0xfe, 0x1f, 0xe1, 0xff, 0xe0, 0x0, 0x0, 0x0,
    0x4f, 0xfc, 0x3f, 0xe1, 0xfe, 0x1f, 0xfe, 0x0,
    0x0, 0x0, 0x4, 0xff, 0xc4, 0xfe, 0x1f, 0xf2,
    0xff, 0xe0, 0x0, 0x0, 0x27, 0xdf, 0xff, 0xff,
    0xe1, 0xff, 0xff, 0xff, 0xa5, 0x0, 0xbf, 0xff,
    0xff, 0xff, 0xfc, 0xf, 0xff, 0xff, 0xff, 0xff,
    0x3f, 0xff, 0xff, 0xff, 0xff, 0x70, 0xbf, 0xff,
    0xff, 0xff, 0xf6, 0xff, 0xff, 0xff, 0xff, 0xb0,
    0x2, 0xef, 0xff, 0xff, 0xff, 0x6f, 0xff, 0xff,
    0xea, 0x50, 0x0, 0x1, 0x7b, 0xff, 0xff, 0xf6,
    0xbe, 0xa6, 0x20, 0x0, 0x0, 0x0, 0x0, 0x0,
    0x48, 0xcf, 0x30,

    /* U+F687 "" */
    0x8, 0xef, 0xff, 0xff, 0xff, 0xff, 0xfd, 0x9,
    0xff, 0xff, 0xff, 0xff, 0xff, 0xff, 0xf0, 0xef,
    0xff, 0xff, 0x97, 0x9f, 0xff, 0xff, 0xf, 0xff,
    0xfe, 0x21, 0xae, 0xff, 0xff, 0xf0, 0xff, 0xff,
    0x50, 0xcf, 0xfd, 0xff, 0xff, 0xf, 0xff, 0xf0,
    0x3f, 0xf9, 0x18, 0xff, 0xf0, 0xff, 0xff, 0x3,
    0xff, 0xb3, 0xbf, 0xff, 0xf, 0xff, 0xf5, 0xc,
    0xff, 0xff, 0xff, 0xf0, 0xff, 0xff, 0xe2, 0x1a,
    0xef, 0xff, 0xff, 0xf, 0xff, 0xff, 0xf9, 0x69,
    0xff, 0xff, 0xf0, 0xff, 0xff, 0xff, 0xff, 0xff,
    0xff, 0xff, 0xf, 0xff, 0xff, 0xff, 0xff, 0xff,
    0xff, 0xe0, 0xff, 0x30, 0x0, 0x0, 0x0, 0x1,
    0xfa, 0xe, 0xf3, 0x0, 0x0, 0x0, 0x0, 0x1f,
    0xa0, 0x9f, 0xff, 0xff, 0xff, 0xff, 0xff, 0xfe,
    0x0, 0x9e, 0xff, 0xff, 0xff, 0xff, 0xff, 0xd0,

    /* U+F688 "" */
    0x0, 0x3, 0xae, 0xfe, 0xa3, 0x0, 0x0, 0x0,
    0x0, 0x9f, 0xff, 0xff, 0xff, 0x90, 0x0, 0x0,
    0x9, 0xff, 0x72, 0x2, 0x7f, 0xf9, 0x0, 0x0,
    0x3f, 0xf3, 0x0, 0x90, 0x3, 0xff, 0x30, 0x0,
    0xaf, 0x70, 0xc, 0xfc, 0x0, 0x7f, 0xa0, 0x0,
    0xef, 0x20, 0x2e, 0x10, 0x0, 0x2f, 0xe0, 0x0,
    0xff, 0x0, 0x9, 0xf9, 0x0, 0xf, 0xf0, 0x0,
    0xef, 0x20, 0x0, 0x1e, 0x30, 0x2f, 0xe0, 0x0,
    0xaf, 0x70, 0xc, 0xfc, 0x0, 0x7f, 0xa0, 0x0,
    0x4f, 0xf3, 0x0, 0x90, 0x3, 0xff, 0x40, 0x0,
    0x9, 0xff, 0x72, 0x2, 0x7f, 0xfe, 0x40, 0x0,
    0x0, 0x9f, 0xff, 0xff, 0xff, 0xef, 0xf6, 0x0,
    0x0, 0x4, 0xae, 0xfe, 0xa3, 0x5f, 0xff, 0x60,
    0x0, 0x0, 0x0, 0x0, 0x0, 0x7, 0xff, 0xf6,
    0x0, 0x0, 0x0, 0x0, 0x0, 0x0, 0x7f, 0xfe,
    0x0, 0x0, 0x0, 0x0, 0x0, 0x0, 0x6, 0xe3,

    /* U+F689 "" */
    0x0, 0x3, 0xae, 0xfe, 0xa3, 0x0, 0x0, 0x0,
    0x0, 0x9f, 0xff, 0xff, 0xff, 0x90, 0x0, 0x0,
    0x9, 0xff, 0x72, 0x2, 0x7f, 0xf9, 0x0, 0x0,
    0x3f, 0xf3, 0x3, 0x73, 0x3, 0xff, 0x30, 0x0,
    0xaf, 0x70, 0x5f, 0xff, 0x50, 0x7f, 0xa0, 0x0,
    0xef, 0x20, 0xbe, 0x1e, 0xb0, 0x2f, 0xe0, 0x0,
    0xff, 0x0, 0xaf, 0x6f, 0xa0, 0xf, 0xf0, 0x0,
    0xef, 0x20, 0x3f, 0xff, 0x30, 0x2f, 0xe0, 0x0,
    0xaf, 0x70, 0x9, 0xf9, 0x0, 0x7f, 0xb0, 0x0,
    0x4f, 0xf3, 0x0, 0x80, 0x3, 0xff, 0x40, 0x0,
    0x9, 0xff, 0x72, 0x2, 0x7f, 0xfe, 0x30, 0x0,
    0x0, 0x9f, 0xff, 0xff, 0xff, 0xef, 0xf6, 0x0,
    0x0, 0x4, 0xae, 0xfe, 0xa4, 0x4f, 0xff, 0x60,
    0x0, 0x0, 0x0, 0x0, 0x0, 0x7, 0xff, 0xf6,
    0x0, 0x0, 0x0, 0x0, 0x0, 0x0, 0x7f, 0xfe,
    0x0, 0x0, 0x0, 0x0, 0x0, 0x0, 0x6, 0xe3,

    /* U+F696 "" */
    0x0, 0x0, 0xb, 0xff, 0xff, 0x2b, 0xff, 0xff,
    0xc0, 0x0, 0x0, 0xf, 0xff, 0xff, 0xf, 0xff,
    0xff, 0xf0, 0x0, 0x0, 0x0, 0x0, 0x0, 0x0,
    0x0, 0x0, 0x0, 0x0, 0x0, 0xf, 0xff, 0xff,
    0xf, 0xff, 0xff, 0xf0, 0x0, 0x0, 0xf, 0xff,
    0xff, 0xf, 0xff, 0xff, 0xf0, 0x0, 0x0, 0xf,
    0xff, 0xff, 0xf, 0xff, 0xff, 0xf0, 0x0, 0x0,
    0xf, 0xff, 0xff, 0xf, 0xff, 0xff, 0xf0, 0x0,
    0x0, 0xf, 0xff, 0xff, 0xf, 0xff, 0xff, 0xf0,
    0x0, 0x0, 0x2f, 0xff, 0xf6, 0x2f, 0xff, 0xff,
    0xf0, 0x0, 0x5, 0xff, 0xfd, 0x25, 0xff, 0xff,
    0xff, 0xf0, 0x0, 0x9f, 0xff, 0xe2, 0x9f, 0xff,
    0xff, 0xff, 0xe0, 0x8, 0xff, 0xff, 0x67, 0xff,
    0xff, 0xff, 0xff, 0x70, 0xe, 0xff, 0xff, 0x1d,
    0xff, 0xff, 0xff, 0xf9, 0x0, 0xe, 0xff, 0xff,
    0x1d, 0xff, 0xff, 0xff, 0x60, 0x0, 0x8, 0xff,
    0xff, 0x58, 0xff, 0xff, 0xd2, 0x0, 0x0, 0x0,
    0x8e, 0xe9, 0x0, 0x8e, 0xe9, 0x0, 0x0, 0x0,

    /* U+F698 "" */
    0x0, 0x0, 0x0, 0x0, 0x3e, 0xff, 0xff, 0xff,
    0xfd, 0x0, 0x0, 0x0, 0x0, 0x8, 0xff, 0xff,
    0xff, 0xff, 0xf0, 0x0, 0x0, 0x0, 0x0, 0xcf,
    0xff, 0xff, 0xff, 0xfd, 0x0, 0x0, 0x0, 0x0,
    0x1f, 0xff, 0x0, 0x0, 0x0, 0x0, 0x0, 0x0,
    0x0, 0x5, 0xff, 0xc0, 0x0, 0x0, 0x0, 0x0,
    0x0, 0x0, 0x0, 0x9f, 0xf8, 0x0, 0x0, 0x0,
    0x0, 0x0, 0x0, 0x0, 0xd, 0xff, 0x30, 0x0,
    0x0, 0x0, 0xd, 0xff, 0xe2, 0x1, 0xff, 0xf0,
    0x7, 0xc1, 0x1c, 0x70, 0xff, 0xff, 0xb0, 0x6f,
    0xfb, 0x0, 0xcf, 0xdd, 0xfc, 0xd, 0xff, 0xff,
    0x4a, 0xff, 0x70, 0x1, 0xdf, 0xfd, 0x10, 0x0,
    0x9f, 0xfc, 0xef, 0xf3, 0x0, 0x1d, 0xff, 0xd1,
    0x0, 0x1, 0xff, 0xff, 0xfe, 0x0, 0xc, 0xfd,
    0xdf, 0xc0, 0x0, 0x8, 0xff, 0xff, 0xa0, 0x0,
    0x7c, 0x11, 0xc7, 0x0, 0x0, 0x1e, 0xff, 0xf6,
    0x0, 0x0, 0x0, 0x0, 0x0, 0x0, 0x0, 0x7f,
    0xff, 0x20, 0x0, 0x0, 0x0, 0x0, 0x0, 0x0,
    0x0, 0xaf, 0x80, 0x0, 0x0, 0x0, 0x0, 0x0,

    /* U+F699 "" */
    0x0, 0x0, 0x39, 0xdf, 0xfd, 0x90, 0x0, 0x0,
    0x0, 0x0, 0x9f, 0xff, 0xfb, 0x76, 0x0, 0x0,
    0x0, 0x0, 0xbf, 0xff, 0xa1, 0x0, 0x0, 0x0,
    0x0, 0x0, 0x9f, 0xff, 0x90, 0x0, 0x0, 0x0,
    0x0, 0x0, 0x3f, 0xff, 0xc0, 0x0, 0x0, 0x6,
    0x60, 0x0, 0x9, 0xff, 0xf4, 0x0, 0x0, 0x0,
    0xee, 0x0, 0x0, 0xdf, 0xfe, 0x0, 0x0, 0x57,
    0xbf, 0xfb, 0x75, 0xf, 0xff, 0xc0, 0x0, 0x9,
    0xff, 0xff, 0xff, 0x90, 0xff, 0xfc, 0x0, 0x0,
    0x9, 0xff, 0xff, 0x90, 0xd, 0xff, 0xe0, 0x0,
    0x0, 0x4f, 0xff, 0xf4, 0x0, 0x9f, 0xff, 0x40,
    0x0, 0x7, 0xfb, 0xbf, 0x70, 0x3, 0xff, 0xfc,
    0x0, 0x0, 0x54, 0x0, 0x45, 0x0, 0x9, 0xff,
    0xf9, 0x0, 0x0, 0x0, 0x0, 0x0, 0x0, 0xb,
    0xff, 0xfa, 0x10, 0x0, 0x0, 0x0, 0x0, 0x0,
    0x9, 0xff, 0xff, 0xa7, 0x60, 0x0, 0x0, 0x0,
    0x0, 0x3, 0x9d, 0xff, 0xd9, 0x0, 0x0, 0x0,

    /* U+F69A "" */
    0x0, 0x0, 0x0, 0x0, 0x20, 0x0, 0x0, 0x0,
    0x0, 0x0, 0x0, 0xc, 0xf5, 0x0, 0x0, 0x0,
    0x0, 0x0, 0x0, 0x6f, 0xfe, 0x0, 0x0, 0x0,
    0x0, 0x0, 0x1, 0xef, 0x9f, 0x80, 0x0, 0x0,
    0x6, 0xbb, 0xbd, 0xfe, 0xbf, 0xfb, 0xbb, 0xa1,
    0xe, 0xff, 0xff, 0xff, 0xff, 0xff, 0xff, 0xf7,
    0x9, 0xf8, 0xcf, 0x40, 0x0, 0xbf, 0x6e, 0xf2,
    0x1, 0xef, 0xfb, 0x0, 0x0, 0x2f, 0xff, 0x90,
    0x0, 0x7f, 0xf2, 0x0, 0x0, 0x9, 0xfe, 0x10,
    0x0, 0x7f, 0xf2, 0x0, 0x0, 0x9, 0xfe, 0x10,
    0x1, 0xef, 0xfb, 0x0, 0x0, 0x2f, 0xff, 0x90,
    0x9, 0xf8, 0xcf, 0x40, 0x0, 0xbf, 0x6e, 0xf2,
    0xe, 0xff, 0xff, 0xff, 0xff, 0xff, 0xff, 0xf7,
    0x6, 0xbb, 0xbd, 0xfe, 0xbf, 0xfb, 0xbb, 0xa1,
    0x0, 0x0, 0x1, 0xef, 0x9f, 0x80, 0x0, 0x0,
    0x0, 0x0, 0x0, 0x6f, 0xfe, 0x0, 0x0, 0x0,
    0x0, 0x0, 0x0, 0xc, 0xf5, 0x0, 0x0, 0x0,
    0x0, 0x0, 0x0, 0x0, 0x20, 0x0, 0x0, 0x0,

    /* U+F69B "" */
    0x0, 0x0, 0x0, 0x0, 0x0, 0x0, 0x0, 0x0,
    0x0, 0x0, 0x0, 0x0, 0x0, 0x0, 0x2c, 0xc2,
    0x0, 0x0, 0x0, 0x0, 0x0, 0x0, 0x0, 0x4,
    0xff, 0xfe, 0x40, 0x0, 0x0, 0x0, 0x0, 0x0,
    0x0, 0x7f, 0xff, 0xff, 0xf7, 0x0, 0x0, 0x0,
    0x0, 0x0, 0xa, 0xff, 0xfe, 0xef, 0xff, 0xa0,
    0x0, 0x0, 0x0, 0x0, 0xf, 0xff, 0xd4, 0x4d,
    0xff, 0xf0, 0x0, 0x0, 0x0, 0x0, 0xf, 0xff,
    0x10, 0x1, 0xff, 0xf0, 0x0, 0x0, 0x2, 0xd2,
    0xf, 0xff, 0x10, 0x1, 0xff, 0xf0, 0x2d, 0x20,
    0x1e, 0xfe, 0xf, 0xff, 0xd4, 0x4d, 0xff, 0xf0,
    0xef, 0xe1, 0xcf, 0xff, 0xf, 0xff, 0xfe, 0xef,
    0xff, 0xf0, 0xff, 0xfc, 0xff, 0xff, 0xf, 0xff,
    0xff, 0xff, 0xff, 0xf0, 0xff, 0xff, 0xff, 0xff,
    0xf, 0xff, 0xff, 0xff, 0xff, 0xf0, 0xff, 0xff,
    0xff, 0xff, 0xf, 0xff, 0xb1, 0x1b, 0xff, 0xf0,
    0xff, 0xff, 0xff, 0xff, 0xf, 0xff, 0x20, 0x1,
    0xff, 0xf0, 0xff, 0xff, 0xff, 0xff, 0xf, 0xff,
    0x0, 0x0, 0xff, 0xf0, 0xff, 0xff, 0xff, 0xff,
    0xf, 0xff, 0x0, 0x0, 0xff, 0xf0, 0xff, 0xff,
    0xff, 0xff, 0xf, 0xff, 0x0, 0x0, 0xff, 0xf0,
    0xff, 0xff,

    /* U+F6A0 "" */
    0xaf, 0xa0, 0x0, 0x0, 0x0, 0x0, 0x0, 0x0,
    0xa, 0xfa, 0xff, 0xf0, 0x88, 0x88, 0x88, 0x88,
    0x88, 0x88, 0xf, 0xff, 0xff, 0xf0, 0xff, 0xff,
    0xff, 0xff, 0xff, 0xff, 0xf, 0xff, 0xff, 0xf0,
    0xff, 0xff, 0xfd, 0xdf, 0xff, 0xff, 0xf, 0xff,
    0xff, 0xf0, 0xff, 0xff, 0xf3, 0x3f, 0xff, 0xff,
    0xf, 0xff, 0xff, 0xf0, 0xff, 0x97, 0x53, 0x35,
    0x79, 0xff, 0xf, 0xff, 0xff, 0xf0, 0xff, 0x28,
    0x3c, 0xc3, 0x82, 0xff, 0xf, 0xff, 0xff, 0xf0,
    0xff, 0xb0, 0xcf, 0xfc, 0xb, 0xff, 0xf, 0xff,
    0xff, 0xf0, 0xff, 0xb0, 0xcf, 0xfc, 0xb, 0xff,
    0xf, 0xff, 0xff, 0xf0, 0xff, 0x28, 0x3c, 0xc3,
    0x82, 0xff, 0xf, 0xff, 0xff, 0xf0, 0xff, 0x97,
    0x53, 0x35, 0x79, 0xff, 0xf, 0xff, 0xff, 0xf0,
    0xff, 0xff, 0xf3, 0x3f, 0xff, 0xff, 0xf, 0xff,
    0xff, 0xf0, 0xff, 0xff, 0xfd, 0xdf, 0xff, 0xff,
    0xf, 0xff, 0xff, 0xf0, 0xff, 0xff, 0xff, 0xff,
    0xff, 0xff, 0xf, 0xff, 0xff, 0xf0, 0x88, 0x88,
    0x88, 0x88, 0x88, 0x88, 0xf, 0xff, 0xaf, 0xa0,
    0x0, 0x0, 0x0, 0x0, 0x0, 0x0, 0xa, 0xfa,

    /* U+F6A1 "" */
    0xd7, 0x31, 0x0, 0x0, 0x0, 0x0, 0x13, 0x7d,
    0xff, 0xff, 0xff, 0xff, 0xff, 0xff, 0xff, 0xff,
    0xff, 0xff, 0xff, 0xff, 0xff, 0xff, 0xff, 0xff,
    0xcf, 0xff, 0xff, 0xff, 0xff, 0xff, 0xff, 0xfc,
    0x0, 0xff, 0x0, 0xf, 0xf0, 0x0, 0xff, 0x0,
    0x0, 0xff, 0x0, 0xf, 0xf0, 0x0, 0xff, 0x0,
    0xef, 0xff, 0xff, 0xff, 0xff, 0xff, 0xff, 0xfe,
    0xef, 0xff, 0xff, 0xff, 0xff, 0xff, 0xff, 0xfe,
    0x0, 0xff, 0x0, 0x0, 0x0, 0x0, 0xff, 0x0,
    0x0, 0xff, 0x0, 0x0, 0x0, 0x0, 0xff, 0x0,
    0x0, 0xff, 0x0, 0x0, 0x0, 0x0, 0xff, 0x0,
    0x0, 0xff, 0x0, 0x0, 0x0, 0x0, 0xff, 0x0,
    0x0, 0xff, 0x0, 0x0, 0x0, 0x0, 0xff, 0x0,
    0x0, 0xff, 0x0, 0x0, 0x0, 0x0, 0xff, 0x0,
    0x0, 0xff, 0x0, 0x0, 0x0, 0x0, 0xff, 0x0,
    0x0, 0xee, 0x0, 0x0, 0x0, 0x0, 0xee, 0x0,

    /* U+F6A7 "" */
    0x0, 0x0, 0x0, 0x0, 0x4b, 0xc4, 0x0, 0x0,
    0x0, 0x0, 0x0, 0x0, 0x0, 0x5, 0xcf, 0xff,
    0xfd, 0x50, 0x0, 0x0, 0x0, 0x0, 0x0, 0x5d,
    0xff, 0xff, 0xff, 0xff, 0xe6, 0x0, 0x0, 0x0,
    0x0, 0xa, 0xff, 0xff, 0xff, 0xff, 0xff, 0xb0,
    0x0, 0x0, 0x0, 0x0, 0xf, 0xf0, 0x0, 0x0,
    0xf, 0xf0, 0x0, 0x0, 0x0, 0x0, 0x0, 0xff,
    0x0, 0x0, 0x0, 0xff, 0x0, 0x0, 0x0, 0x0,
    0x5, 0xcf, 0xff, 0xff, 0xff, 0xff, 0xfc, 0x60,
    0x0, 0x0, 0x7e, 0xff, 0xff, 0xff, 0xff, 0xff,
    0xff, 0xff, 0xe8, 0x0, 0x7, 0xdf, 0xff, 0xff,
    0xff, 0xff, 0xff, 0xff, 0xfd, 0x80, 0x0, 0x0,
    0xff, 0x0, 0x0, 0x0, 0x0, 0x0, 0xff, 0x0,
    0x0, 0x0, 0xf, 0xf0, 0x0, 0x0, 0x0, 0x0,
    0xf, 0xf0, 0x0, 0x0, 0x2b, 0xff, 0xff, 0xff,
    0xff, 0xff, 0xff, 0xff, 0xb3, 0x0, 0x9f, 0xff,
    0xff, 0xff, 0xff, 0xff, 0xff, 0xff, 0xff, 0xfa,
    0x6, 0xcf, 0xff, 0xff, 0xff, 0xff, 0xff, 0xff,
    0xff, 0xfd, 0x60, 0x0, 0xff, 0x0, 0x0, 0xf,
    0xf0, 0x0, 0x0, 0xff, 0x0, 0x0, 0xe, 0xf0,
    0x0, 0x0, 0xef, 0x0, 0x0, 0xe, 0xf0, 0x0,

    /* U+F6A9 "" */
    0x0, 0x0, 0x0, 0x0, 0x0, 0x0, 0x0, 0x0,
    0x0, 0x0, 0x0, 0x8, 0xd0, 0x0, 0x0, 0x0,
    0x0, 0x0, 0x0, 0x8, 0xff, 0x0, 0x0, 0x0,
    0x0, 0x0, 0x0, 0x8, 0xff, 0xf0, 0x0, 0x0,
    0x0, 0x0, 0xdf, 0xff, 0xff, 0xff, 0x0, 0x7c,
    0x11, 0xc7, 0xf, 0xff, 0xff, 0xff, 0xf0, 0xc,
    0xfd, 0xdf, 0xc0, 0xff, 0xff, 0xff, 0xff, 0x0,
    0x1d, 0xff, 0xd1, 0xf, 0xff, 0xff, 0xff, 0xf0,
    0x1, 0xdf, 0xfd, 0x10, 0xff, 0xff, 0xff, 0xff,
    0x0, 0xcf, 0xdd, 0xfc, 0xd, 0xff, 0xff, 0xff,
    0xf0, 0x7, 0xc1, 0x1c, 0x70, 0x0, 0x0, 0x9f,
    0xff, 0x0, 0x0, 0x0, 0x0, 0x0, 0x0, 0x0,
    0x9f, 0xf0, 0x0, 0x0, 0x0, 0x0, 0x0, 0x0,
    0x0, 0x8d, 0x0, 0x0, 0x0, 0x0, 0x0, 0x0,
    0x0, 0x0, 0x0, 0x0, 0x0, 0x0, 0x0,

    /* U+F6AD "" */
    0x0, 0x0, 0x16, 0xab, 0xa8, 0x30, 0x0, 0x0,
    0x0, 0x7, 0xff, 0xff, 0xff, 0xfc, 0x20, 0x0,
    0x0, 0xaf, 0xe7, 0x20, 0x29, 0xff, 0xf3, 0x0,
    0x8, 0xfb, 0x10, 0x0, 0x0, 0xbf, 0xfe, 0x20,
    0x2f, 0xd0, 0x0, 0x1e, 0x80, 0x5f, 0xff, 0xa0,
    0x9f, 0x40, 0x0, 0x1e, 0x80, 0x5f, 0xff, 0xf1,
    0xde, 0x0, 0x0, 0x0, 0x0, 0xbf, 0xff, 0xf5,
    0xfc, 0x0, 0x0, 0x0, 0x29, 0xff, 0xff, 0xf7,
    0xfc, 0x0, 0x1, 0xaf, 0xff, 0xff, 0xff, 0xf7,
    0xde, 0x0, 0xc, 0xff, 0xff, 0xff, 0xff, 0xf5,
    0x9f, 0x40, 0x2f, 0xe1, 0x7f, 0xff, 0xff, 0xf1,
    0x2f, 0xd0, 0x2f, 0xe1, 0x7f, 0xff, 0xff, 0xa0,
    0x8, 0xfb, 0x1c, 0xff, 0xff, 0xff, 0xfe, 0x20,
    0x0, 0xaf, 0xe8, 0xdf, 0xff, 0xff, 0xf3, 0x0,
    0x0, 0x7, 0xff, 0xff, 0xff, 0xfc, 0x20, 0x0,
    0x0, 0x0, 0x16, 0xab, 0xa8, 0x30, 0x0, 0x0,

    /* U+F6B6 "" */
    0x0, 0x0, 0x0, 0x0, 0x0, 0x0, 0x0, 0x0,
    0x0, 0x0, 0xc, 0xd4, 0xf, 0xff, 0xff, 0xff,
    0xff, 0xff, 0xe0, 0xa, 0xff, 0xf0, 0xff, 0xff,
    0xff, 0xff, 0xff, 0xfa, 0x3, 0xff, 0xf9, 0xf,
    0xff, 0xff, 0xf1, 0x0, 0x0, 0x0, 0x9f, 0xcc,
    0x20, 0xff, 0xff, 0xff, 0xff, 0xff, 0xf1, 0xd,
    0xf0, 0x0, 0xf, 0xff, 0xff, 0xff, 0xff, 0xfc,
    0x0, 0xed, 0x0, 0x0, 0xff, 0xff, 0xff, 0x10,
    0x0, 0x0, 0xe, 0xd0, 0x0, 0xf, 0xff, 0xff,
    0xff, 0xff, 0xf4, 0x0, 0xdf, 0x0, 0x0, 0xff,
    0xff, 0xff, 0xff, 0xff, 0x0, 0x9, 0xfc, 0xc2,
    0xf, 0xff, 0xff, 0xf1, 0x0, 0x0, 0x0, 0x3f,
    0xff, 0x90, 0xff, 0xff, 0xff, 0xff, 0xf6, 0x0,
    0x0, 0xaf, 0xff, 0xf, 0xff, 0xff, 0xff, 0xff,
    0x20, 0x0, 0x0, 0xcd, 0x40, 0x0, 0x0, 0x0,
    0x0, 0x0, 0x0, 0x0, 0x0, 0x4, 0xef, 0xff,
    0xff, 0xff, 0xff, 0xe5, 0x0, 0x0, 0x0, 0xdf,
    0xff, 0xfb, 0xa, 0xff, 0xff, 0xe0, 0x0, 0x0,
    0xf, 0xff, 0xff, 0xb0, 0xaf, 0xff, 0xff, 0x0,
    0x0, 0x0, 0xbf, 0xff, 0xff, 0xff, 0xff, 0xff,
    0xc0, 0x0,

    /* U+F6B7 "" */
    0x8, 0xef, 0xff, 0xff, 0xff, 0xff, 0xfd, 0x9f,
    0xff, 0xff, 0xec, 0xef, 0xff, 0xff, 0xef, 0xff,
    0xf9, 0x0, 0x9, 0xff, 0xff, 0xff, 0xff, 0xf1,
    0xa0, 0xa1, 0xff, 0xff, 0xff, 0xff, 0xf4, 0x0,
    0x4, 0xff, 0xff, 0xff, 0xff, 0xff, 0x0, 0xf,
    0xff, 0xff, 0xff, 0xff, 0x7d, 0xcc, 0xcd, 0x7f,
    0xff, 0xff, 0xff, 0x71, 0x49, 0x41, 0x7f, 0xff,
    0xff, 0xff, 0xf8, 0x1, 0x8, 0xff, 0xff, 0xff,
    0xff, 0x15, 0xcf, 0xc5, 0x1f, 0xff, 0xff, 0xff,
    0xff, 0xff, 0xff, 0xff, 0xff, 0xff, 0xff, 0xff,
    0xff, 0xff, 0xff, 0xfe, 0xff, 0x30, 0x0, 0x0,
    0x0, 0x1, 0xfa, 0xef, 0x30, 0x0, 0x0, 0x0,
    0x1, 0xfa, 0x9f, 0xff, 0xff, 0xff, 0xff, 0xff,
    0xfe, 0x9, 0xef, 0xff, 0xff, 0xff, 0xff, 0xfd,

    /* U+F6BB "" */
    0x0, 0x0, 0x0, 0x0, 0x0, 0x0, 0x0, 0x0,
    0x0, 0x0, 0x0, 0x0, 0x0, 0x8, 0xd0, 0xd,
    0x80, 0x0, 0x0, 0x0, 0x0, 0x0, 0x0, 0xc,
    0xfa, 0xaf, 0xc0, 0x0, 0x0, 0x0, 0x0, 0x0,
    0x0, 0x2, 0xff, 0xff, 0x20, 0x0, 0x0, 0x0,
    0x0, 0x0, 0x0, 0x0, 0x7f, 0xf7, 0x0, 0x0,
    0x0, 0x0, 0x0, 0x0, 0x0, 0x0, 0xcf, 0xfc,
    0x0, 0x0, 0x0, 0x0, 0x0, 0x0, 0x0, 0x9,
    0xff, 0xff, 0x80, 0x0, 0x0, 0x0, 0x0, 0x0,
    0x0, 0x4f, 0xff, 0xff, 0xf4, 0x0, 0x0, 0x0,
    0x0, 0x0, 0x1, 0xef, 0xff, 0xff, 0xfe, 0x10,
    0x0, 0x0, 0x0, 0x0, 0xb, 0xff, 0xff, 0xff,
    0xff, 0xb0, 0x0, 0x0, 0x0, 0x0, 0x7f, 0xff,
    0xfa, 0xaf, 0xff, 0xf7, 0x0, 0x0, 0x0, 0x3,
    0xff, 0xff, 0xd0, 0xd, 0xff, 0xff, 0x30, 0x0,
    0x0, 0xd, 0xff, 0xff, 0x30, 0x3, 0xff, 0xff,
    0xd0, 0x0, 0x0, 0xaf, 0xff, 0xf7, 0x0, 0x0,
    0x7f, 0xff, 0xfa, 0x0, 0x5, 0xff, 0xff, 0xb0,
    0x0, 0x0, 0xb, 0xff, 0xff, 0x50, 0xef, 0xff,
    0xff, 0xff, 0xff, 0xff, 0xff, 0xff, 0xff, 0xfe,
    0xef, 0xff, 0xff, 0xff, 0xff, 0xff, 0xff, 0xff,
    0xff, 0xfe,

    /* U+F6BE "" */
    0x0, 0x0, 0x0, 0x0, 0x0, 0x0, 0x0, 0x0,
    0x0, 0x0, 0x0, 0x0, 0x0, 0x80, 0x0, 0x8,
    0x0, 0x0, 0x0, 0x0, 0x0, 0xf8, 0x0, 0x8f,
    0xcf, 0x90, 0x0, 0x0, 0x0, 0xff, 0xff, 0xff,
    0xbf, 0xf9, 0x0, 0x0, 0x0, 0xfa, 0xee, 0xaf,
    0x3, 0xfe, 0x0, 0x0, 0x0, 0xeb, 0xff, 0xbe,
    0x0, 0xff, 0x0, 0x8d, 0xf4, 0x9f, 0xff, 0xf9,
    0x0, 0xff, 0x2d, 0xff, 0xfc, 0x1a, 0xff, 0xa0,
    0x0, 0xff, 0xdf, 0xff, 0xff, 0xb2, 0x0, 0x0,
    0x0, 0xff, 0xff, 0xff, 0xff, 0xff, 0xed, 0x0,
    0x0, 0xff, 0xff, 0xff, 0xff, 0xff, 0xff, 0x0,
    0x0, 0xff, 0xff, 0xff, 0xff, 0xf6, 0xff, 0x0,
    0x0, 0xff, 0xff, 0xff, 0xfd, 0x20, 0xff, 0x0,
    0x0, 0xff, 0xff, 0xff, 0xa0, 0x0, 0xff, 0x0,
    0x0, 0xef, 0xff, 0xff, 0xfc, 0x0, 0xff, 0x0,
    0x0, 0x4e, 0xff, 0xff, 0xfe, 0x0, 0xee, 0x0,

    /* U+F6C0 "" */
    0x0, 0x0, 0x2a, 0xff, 0xff, 0xb2, 0x0, 0x0,
    0x0, 0x2, 0xef, 0xfb, 0x8f, 0xff, 0x20, 0x0,
    0x0, 0xa, 0xf4, 0xf6, 0x1f, 0x7e, 0xb0, 0x0,
    0x0, 0xe, 0xa1, 0xf6, 0x1f, 0x68, 0xf0, 0x0,
    0x0, 0xf, 0x91, 0xf6, 0x1f, 0x67, 0xf0, 0x0,
    0x0, 0xf, 0x91, 0xf6, 0x1f, 0x67, 0xf0, 0x0,
    0x0, 0xf, 0x91, 0xf6, 0x1f, 0x67, 0xf0, 0x0,
    0x0, 0xf, 0x91, 0xf6, 0x1f, 0x67, 0xf0, 0x0,
    0x0, 0x0, 0x0, 0x0, 0x0, 0x0, 0x0, 0x0,
    0x6, 0xff, 0xff, 0xff, 0xff, 0xff, 0xff, 0x70,
    0xd, 0xff, 0xff, 0xff, 0xff, 0xff, 0xff, 0xe0,
    0xb, 0xff, 0xff, 0xff, 0xff, 0xff, 0xff, 0xc0,
    0x0, 0xff, 0x0, 0x0, 0x0, 0x0, 0xff, 0x0,
    0x0, 0xff, 0x0, 0x0, 0x0, 0x0, 0xff, 0x0,
    0x0, 0xff, 0x0, 0x0, 0x0, 0x0, 0xff, 0x0,
    0x0, 0xef, 0x0, 0x0, 0x0, 0x0, 0xef, 0x0,

    /* U+F6C3 "" */
    0x0, 0x0, 0x0, 0x0, 0x0, 0x4b, 0xef, 0x50,
    0x0, 0x0, 0x0, 0x0, 0x0, 0x0, 0x9f, 0xff,
    0x60, 0x0, 0x0, 0x0, 0x0, 0x0, 0x0, 0x9f,
    0xff, 0xb0, 0x0, 0x0, 0x0, 0x0, 0x0, 0x0,
    0x2f, 0xff, 0xf4, 0x0, 0x0, 0x0, 0x0, 0x0,
    0x0, 0x8, 0xff, 0xff, 0x20, 0x0, 0x0, 0x0,
    0x0, 0x0, 0x0, 0xaf, 0xff, 0xf2, 0x0, 0x0,
    0x0, 0x0, 0x0, 0x0, 0xa, 0xff, 0xff, 0x70,
    0x0, 0x0, 0x0, 0x0, 0x8e, 0xe8, 0x11, 0x17,
    0xfe, 0x10, 0x0, 0x0, 0x0, 0x8f, 0xff, 0xfb,
    0xee, 0x47, 0xfd, 0x30, 0x0, 0x0, 0xe, 0xff,
    0xff, 0xff, 0xfe, 0x1f, 0xff, 0xc9, 0x90, 0x8,
    0xff, 0xff, 0xff, 0xff, 0xe0, 0xbf, 0xff, 0xe4,
    0x8, 0xff, 0xff, 0xff, 0xff, 0xff, 0xb1, 0xad,
    0x81, 0x0, 0xef, 0xff, 0xff, 0xff, 0xff, 0xff,
    0xb0, 0x0, 0x0, 0xe, 0xff, 0xff, 0xff, 0xff,
    0xff, 0xff, 0x0, 0x0, 0x0, 0x8f, 0xff, 0xff,
    0xff, 0xff, 0xff, 0xb0, 0x0, 0x0, 0x0, 0x8e,
    0xff, 0xff, 0xff, 0xff, 0xb1, 0x0, 0x0, 0x0,

    /* U+F6C4 "" */
    0x0, 0x0, 0x0, 0x88, 0x0, 0x0, 0x0, 0x0,
    0x0, 0x0, 0x0, 0x0, 0x1, 0xff, 0x10, 0x0,
    0x0, 0x0, 0x0, 0x0, 0x0, 0xfb, 0x69, 0xff,
    0x96, 0xbf, 0x0, 0x0, 0x0, 0x0, 0x0, 0xbf,
    0xfd, 0x88, 0xdf, 0xfb, 0x0, 0x0, 0x0, 0x0,
    0x0, 0x6f, 0x92, 0x88, 0x29, 0xf6, 0x0, 0x0,
    0x0, 0x0, 0x1, 0x9d, 0x2f, 0xff, 0xf2, 0x70,
    0x0, 0x0, 0x0, 0x0, 0x8f, 0xf8, 0x8f, 0xff,
    0xa1, 0x7b, 0xa3, 0x0, 0x0, 0x0, 0x8f, 0xf8,
    0x8f, 0xfd, 0x1d, 0xff, 0xff, 0x50, 0x0, 0x0,
    0x1, 0x9d, 0x2f, 0xf7, 0x7f, 0xff, 0xff, 0xfe,
    0xe4, 0x0, 0x0, 0x6f, 0x92, 0x71, 0xbf, 0xff,
    0xff, 0xff, 0xfe, 0x0, 0x0, 0xbf, 0xf6, 0x3c,
    0xff, 0xff, 0xff, 0xff, 0xff, 0x80, 0x0, 0xfb,
    0x61, 0xef, 0xff, 0xff, 0xff, 0xff, 0xff, 0xf8,
    0x0, 0x0, 0x6, 0xff, 0xff, 0xff, 0xff, 0xff,
    0xff, 0xfe, 0x0, 0x0, 0x6, 0xff, 0xff, 0xff,
    0xff, 0xff, 0xff, 0xfe, 0x0, 0x0, 0x1, 0xff,
    0xff, 0xff, 0xff, 0xff, 0xff, 0xf8, 0x0, 0x0,
    0x0, 0x3c, 0xff, 0xff, 0xff, 0xff, 0xfe, 0x80,

    /* U+F6CF "" */
    0x0, 0x0, 0x25, 0x1d, 0x24, 0x20, 0x0, 0x0,
    0x0, 0x7, 0xf3, 0x9f, 0xa2, 0xf7, 0x0, 0x0,
    0x2, 0xcf, 0xa3, 0xff, 0xf3, 0x9f, 0xd3, 0x0,
    0x3f, 0xff, 0x1b, 0xff, 0xfc, 0x1e, 0xff, 0x30,
    0x33, 0xc8, 0x4f, 0xff, 0xff, 0x57, 0xd3, 0x30,
    0xfa, 0x10, 0x58, 0x88, 0x88, 0x60, 0x19, 0xf0,
    0xff, 0x50, 0x38, 0x88, 0x88, 0x40, 0x4f, 0xf0,
    0xfb, 0x2c, 0x1f, 0xff, 0xff, 0x1b, 0x3a, 0xf0,
    0xe2, 0xcf, 0x67, 0xff, 0xf8, 0x5f, 0xd2, 0xe0,
    0x68, 0xff, 0xe1, 0xdf, 0xe1, 0xdf, 0xf9, 0x60,
    0x3f, 0xff, 0xf8, 0x5f, 0x67, 0xff, 0xff, 0x40,
    0xcf, 0xff, 0xff, 0x28, 0x1f, 0xff, 0xff, 0xd0,
    0x1, 0x35, 0x68, 0x50, 0x48, 0x65, 0x31, 0x0,
    0x29, 0xcb, 0x97, 0x50, 0x57, 0x9a, 0xc9, 0x20,
    0x0, 0x18, 0xff, 0xf0, 0xff, 0xf9, 0x20, 0x0,
    0x0, 0x0, 0x7, 0xd0, 0xd7, 0x10, 0x0, 0x0,
    0x0, 0x0, 0x0, 0x0, 0x0, 0x0, 0x0, 0x0,

    /* U+F6D1 "" */
    0x0, 0x0, 0x0, 0x0, 0x0, 0x0, 0x0, 0x0,
    0x0, 0x6, 0xee, 0x60, 0x0, 0x0, 0x0, 0x3,
    0xcf, 0xff, 0xfc, 0x30, 0x0, 0x1, 0x9f, 0xff,
    0xff, 0xff, 0xf9, 0x10, 0x2e, 0xff, 0xff, 0xff,
    0xff, 0xff, 0xe2, 0x14, 0xdf, 0xff, 0xff, 0xff,
    0xfd, 0x41, 0xf7, 0x7, 0xff, 0xff, 0xff, 0x70,
    0x7f, 0xff, 0xd4, 0x2b, 0xff, 0xb2, 0x4d, 0xff,
    0xff, 0xff, 0xb2, 0x44, 0x2b, 0xff, 0xff, 0xff,
    0xff, 0xff, 0x55, 0xff, 0xff, 0xff, 0xff, 0xff,
    0xff, 0x88, 0xff, 0xff, 0xff, 0xff, 0xff, 0xff,
    0x88, 0xff, 0xff, 0xff, 0xef, 0xff, 0xff, 0x88,
    0xff, 0xff, 0xfe, 0x8f, 0xff, 0xff, 0x88, 0xff,
    0xff, 0xf8, 0x5, 0xef, 0xff, 0x88, 0xff, 0xfe,
    0x50, 0x0, 0x9, 0xff, 0x88, 0xff, 0x90, 0x0,
    0x0, 0x0, 0x3c, 0x66, 0xc3, 0x0, 0x0, 0x0,
    0x0, 0x0, 0x0, 0x0, 0x0, 0x0,

    /* U+F6D3 "" */
    0x0, 0x0, 0x0, 0x0, 0x0, 0x0, 0x0, 0x0,
    0x0, 0x0, 0x0, 0x0, 0xe, 0x30, 0x0, 0x0,
    0x0, 0x0, 0x0, 0x0, 0xf, 0xff, 0xe3, 0x0,
    0x0, 0x0, 0x0, 0x0, 0xf, 0xfa, 0xaf, 0xfe,
    0x0, 0x0, 0x0, 0x0, 0xf, 0xff, 0xff, 0xff,
    0xcc, 0x0, 0x0, 0x0, 0xf, 0xff, 0xff, 0xfa,
    0xef, 0x30, 0x0, 0x0, 0x5, 0xbf, 0xf8, 0x60,
    0x8f, 0xff, 0xff, 0xff, 0xe9, 0x31, 0x70, 0x0,
    0x8, 0xff, 0xff, 0xff, 0xff, 0xfd, 0x70, 0x0,
    0x0, 0xff, 0xff, 0xff, 0xff, 0xff, 0xf0, 0x0,
    0x0, 0xff, 0xff, 0xff, 0xff, 0xff, 0xf0, 0x0,
    0x0, 0xff, 0xff, 0xff, 0xff, 0xff, 0xf0, 0x0,
    0x0, 0xff, 0xf0, 0x0, 0x0, 0xff, 0xf0, 0x0,
    0x0, 0xff, 0xf0, 0x0, 0x0, 0xff, 0xf0, 0x0,
    0x0, 0xff, 0xf0, 0x0, 0x0, 0xff, 0xf0, 0x0,
    0x0, 0xef, 0xe0, 0x0, 0x0, 0xef, 0xe0, 0x0,

    /* U+F6D5 "" */
    0x0, 0x0, 0x0, 0x0, 0x0, 0xbf, 0xff, 0xff,
    0xff, 0x80, 0x0, 0x0, 0x0, 0x0, 0x0, 0x0,
    0x9, 0xff, 0xff, 0xff, 0xf5, 0x0, 0x0, 0x0,
    0x0, 0x0, 0x0, 0x5c, 0xff, 0xff, 0x8a, 0xff,
    0x20, 0x0, 0x0, 0x3d, 0xe7, 0x0, 0x5c, 0xff,
    0xff, 0xff, 0xff, 0xc0, 0x0, 0x3, 0xff, 0xff,
    0xc1, 0x0, 0xff, 0xff, 0xff, 0xff, 0xe0, 0x0,
    0x3f, 0xff, 0xff, 0xfe, 0x50, 0xff, 0xf0, 0x6,
    0xff, 0x60, 0x3, 0xff, 0xff, 0xff, 0xff, 0xf0,
    0xff, 0xf2, 0x0, 0x0, 0x0, 0xd, 0xda, 0x75,
    0xbf, 0xff, 0xf0, 0xff, 0xfc, 0x30, 0x0, 0x0,
    0x0, 0x0, 0x2c, 0xff, 0xff, 0xf2, 0xdf, 0xff,
    0xfa, 0x30, 0x0, 0x0, 0x0, 0xdf, 0xff, 0xff,
    0xf5, 0x9f, 0xff, 0xff, 0xf9, 0x0, 0x0, 0x0,
    0x0, 0x0, 0x0, 0x0, 0x2f, 0xff, 0xff, 0xff,
    0x70, 0x0, 0x0, 0x0, 0x0, 0x0, 0x0, 0x8,
    0xff, 0xff, 0xff, 0xe0, 0x0, 0x0, 0x0, 0x0,
    0x0, 0x0, 0x0, 0x8f, 0xff, 0xff, 0xf0, 0x0,
    0x0, 0x0, 0x14, 0x68, 0xac, 0xde, 0xff, 0xff,
    0xff, 0xd0, 0x1, 0x58, 0xcf, 0xff, 0xff, 0xff,
    0xff, 0xff, 0xff, 0xff, 0x40, 0xd, 0xff, 0xff,
    0xff, 0xff, 0xff, 0xff, 0xff, 0xff, 0xb3, 0x0,

    /* U+F6D7 "" */
    0x0, 0x0, 0x0, 0x0, 0x7d, 0xfe, 0xa3, 0x0,
    0x0, 0x0, 0x0, 0x1, 0xdf, 0xff, 0xff, 0xf5,
    0x0, 0x0, 0x0, 0x0, 0xcf, 0xff, 0xff, 0xff,
    0xf3, 0x0, 0x0, 0x0, 0x6f, 0xff, 0xff, 0xff,
    0xff, 0xa0, 0x0, 0x0, 0xc, 0xff, 0xff, 0xff,
    0xff, 0xfe, 0x0, 0x0, 0x0, 0xff, 0xff, 0xff,
    0xf9, 0x21, 0x40, 0x0, 0x0, 0xf, 0xff, 0xff,
    0xf9, 0x0, 0x0, 0x0, 0x0, 0x0, 0xff, 0xff,
    0xff, 0x20, 0x0, 0x0, 0x0, 0x0, 0xf, 0xff,
    0xff, 0xf1, 0x0, 0x0, 0x0, 0x0, 0xc, 0xff,
    0xff, 0xff, 0x40, 0x0, 0x0, 0x5e, 0xee, 0xff,
    0xff, 0xff, 0xf9, 0x0, 0x0, 0xe, 0xff, 0xff,
    0xfc, 0x0, 0x0, 0x0, 0x0, 0x0, 0xdf, 0xff,
    0xfe, 0x0, 0x0, 0x0, 0x0, 0x0, 0x2, 0xae,
    0xff, 0xe0, 0x0, 0x0, 0x0, 0x0, 0x0, 0x0,
    0xaf, 0xfe, 0x0, 0x0, 0x0, 0x0, 0x0, 0x0,
    0x2, 0xde, 0x50, 0x0, 0x0, 0x0, 0x0, 0x0,

    /* U+F6D9 "" */
    0x0, 0x0, 0x0, 0x2c, 0xee, 0xc2, 0x0, 0x0,
    0x0, 0x0, 0x8, 0xc1, 0xff, 0xff, 0x1c, 0x80,
    0x0, 0x0, 0xb, 0xff, 0x4b, 0xff, 0xb4, 0xff,
    0xb0, 0x0, 0x1, 0xef, 0xfa, 0x5f, 0xf5, 0xaf,
    0xfe, 0x10, 0x4, 0x51, 0x9f, 0xc0, 0x77, 0xc,
    0xf9, 0x27, 0x0, 0xcf, 0xb2, 0x21, 0x5, 0x20,
    0x12, 0x5e, 0xf5, 0xf, 0xff, 0xf0, 0x54, 0xb4,
    0x81, 0x6f, 0xff, 0x91, 0xff, 0xfc, 0xb, 0x4b,
    0x4b, 0x43, 0xff, 0xfa, 0x0, 0x0, 0x0, 0xb4,
    0xb4, 0xb4, 0x0, 0x0, 0x0, 0xef, 0xfe, 0xb,
    0x4b, 0x4b, 0x40, 0xef, 0xfe, 0xf, 0xff, 0xf0,
    0xb4, 0xb4, 0xb4, 0xf, 0xff, 0xf0, 0xef, 0xfe,
    0xb, 0x4b, 0x4b, 0x40, 0xef, 0xfe, 0x0, 0x0,
    0x0, 0xb4, 0xb4, 0xb4, 0x0, 0x0, 0x0, 0xef,
    0xfe, 0xb, 0x4b, 0x4b, 0x40, 0xef, 0xfe, 0xf,
    0xff, 0xf0, 0xb4, 0xb4, 0xb4, 0xf, 0xff, 0xf0,
    0xef, 0xfe, 0x0, 0x0, 0x0, 0x0, 0xef, 0xfe,

    /* U+F6DD "" */
    0xdf, 0xff, 0xff, 0xf0, 0xd1, 0x0, 0xff, 0xff,
    0xff, 0xf0, 0xfd, 0x10, 0xff, 0xff, 0xff, 0xf0,
    0xff, 0xd1, 0xff, 0xff, 0xff, 0xf0, 0xff, 0xfd,
    0xff, 0xff, 0xff, 0xf2, 0x0, 0x0, 0xff, 0xff,
    0xff, 0xff, 0xff, 0xff, 0xff, 0xff, 0xff, 0xff,
    0xff, 0xff, 0xff, 0xff, 0xff, 0xff, 0xff, 0xff,
    0xff, 0x71, 0xc1, 0x91, 0xf1, 0xff, 0xff, 0xe,
    0xa3, 0xe0, 0xd0, 0xff, 0xff, 0xe, 0xf6, 0x64,
    0x34, 0xff, 0xff, 0x71, 0xc0, 0x9d, 0x1d, 0xff,
    0xff, 0xff, 0xff, 0xff, 0xff, 0xff, 0xff, 0xff,
    0xff, 0xff, 0xff, 0xff, 0xff, 0xff, 0xff, 0xff,
    0xff, 0xff, 0xdf, 0xff, 0xff, 0xff, 0xff, 0xfd,

    /* U+F6DE "" */
    0x0, 0x0, 0x0, 0xee, 0x0, 0x0, 0x0, 0xe,
    0xe0, 0xff, 0xe, 0xe0, 0xee, 0xf, 0xf0, 0xff,
    0xf, 0xf0, 0xff, 0xf, 0xf0, 0xff, 0xf, 0xf0,
    0xff, 0xf, 0xf0, 0xff, 0xf, 0xf0, 0xff, 0xf,
    0xf0, 0x0, 0x0, 0x10, 0xee, 0xe, 0xe0, 0xef,
    0xff, 0xe4, 0x0, 0x30, 0x0, 0x8f, 0xff, 0xfe,
    0xff, 0xff, 0xfb, 0x10, 0xf, 0xff, 0xff, 0xff,
    0xfc, 0x19, 0xff, 0xff, 0xff, 0xff, 0xf2, 0xaf,
    0xff, 0xff, 0xdf, 0xff, 0xe8, 0xff, 0xff, 0xfd,
    0x5f, 0xff, 0xff, 0xff, 0xff, 0xf6, 0x7, 0xff,
    0xff, 0xff, 0xff, 0x70, 0x0, 0xff, 0xff, 0xff,
    0xff, 0x0, 0x0, 0xff, 0xff, 0xff, 0xff, 0x0,

    /* U+F6E2 "" */
    0x0, 0x0, 0x0, 0x0, 0x0, 0x0, 0x0, 0x6,
    0xcf, 0xfc, 0x70, 0x0, 0x1, 0xcf, 0xff, 0xff,
    0xfc, 0x10, 0xc, 0xff, 0xff, 0xff, 0xff, 0xd0,
    0x5f, 0xff, 0xff, 0xff, 0xff, 0xf7, 0xbf, 0xff,
    0xff, 0xff, 0xff, 0xfc, 0xef, 0xf3, 0x3f, 0xf3,
    0x3f, 0xff, 0xff, 0xf3, 0x3f, 0xf3, 0x3f, 0xff,
    0xff, 0xff, 0xff, 0xff, 0xff, 0xff, 0xff, 0xff,
    0xff, 0xff, 0xff, 0xff, 0xff, 0xff, 0xff, 0xff,
    0xff, 0xff, 0xff, 0xff, 0xff, 0xff, 0xff, 0xff,
    0xff, 0xff, 0xff, 0xff, 0xff, 0xff, 0xff, 0xff,
    0xff, 0xff, 0xff, 0xff, 0xff, 0xff, 0xff, 0xff,
    0xff, 0xff, 0xe6, 0x9f, 0xf9, 0x9f, 0xf9, 0x6e,
    0x0, 0xa, 0xa0, 0xa, 0xa0, 0x0, 0x0, 0x0,
    0x0, 0x0, 0x0, 0x0,

    /* U+F6E3 "" */
    0x0, 0x0, 0x0, 0x7, 0xdf, 0xea, 0x20, 0x0,
    0x0, 0x0, 0x0, 0x0, 0x6, 0xff, 0xff, 0xff,
    0x50, 0x0, 0x0, 0x0, 0x0, 0x0, 0x2, 0x9f,
    0xff, 0xff, 0x50, 0x0, 0x0, 0x0, 0x0, 0x0,
    0x0, 0xff, 0xff, 0xff, 0x10, 0x0, 0x0, 0x0,
    0x0, 0x0, 0x9, 0xff, 0xff, 0xf4, 0x0, 0x0,
    0x0, 0x0, 0x0, 0x8, 0x1b, 0xff, 0xff, 0xd9,
    0x50, 0x0, 0x0, 0x0, 0xb, 0xfc, 0x1a, 0xff,
    0xff, 0xfe, 0x0, 0x0, 0x0, 0xc, 0xff, 0xf8,
    0x0, 0x5f, 0xff, 0x30, 0x0, 0x0, 0x1c, 0xff,
    0xfc, 0x0, 0x6, 0xff, 0x30, 0x0, 0x0, 0x1d,
    0xff, 0xfc, 0x0, 0x0, 0x9, 0x30, 0x0, 0x0,
    0x2e, 0xff, 0xfd, 0x10, 0x0, 0x0, 0x0, 0x0,
    0x0, 0x3e, 0xff, 0xfe, 0x10, 0x0, 0x0, 0x0,
    0x0, 0x0, 0x3f, 0xff, 0xfe, 0x20, 0x0, 0x0,
    0x0, 0x0, 0x0, 0xd, 0xff, 0xff, 0x30, 0x0,
    0x0, 0x0, 0x0, 0x0, 0x0, 0xdf, 0xff, 0x30,
    0x0, 0x0, 0x0, 0x0, 0x0, 0x0, 0x4, 0xee,
    0x40, 0x0, 0x0, 0x0, 0x0, 0x0, 0x0, 0x0,

    /* U+F6E6 "" */
    0x0, 0x0, 0x0, 0x0, 0x4, 0x40, 0x0, 0x0,
    0x0, 0x0, 0x11, 0x2, 0x2, 0x2, 0xa, 0xa0,
    0x20, 0x20, 0x20, 0x11, 0x88, 0x1e, 0x2e, 0x2e,
    0x13, 0x31, 0xe2, 0xe2, 0xe1, 0x88, 0x88, 0x1e,
    0x3e, 0x3e, 0x16, 0x61, 0xe3, 0xe3, 0xe1, 0x88,
    0x0, 0x0, 0x0, 0x0, 0xf, 0xf0, 0x0, 0x0,
    0x0, 0x0, 0xee, 0xe, 0xe, 0xe, 0xf, 0xf0,
    0xe0, 0xe0, 0xe0, 0xee, 0xff, 0xf, 0xf, 0xf,
    0xf, 0xf0, 0xf0, 0xf0, 0xf0, 0xff, 0xff, 0xf,
    0xf, 0xf, 0xf, 0xf0, 0xf0, 0xf0, 0xf0, 0xff,
    0xff, 0xf, 0xf, 0xf, 0xf, 0xf0, 0xf0, 0xf0,
    0xf0, 0xff, 0xef, 0x30, 0x0, 0x0, 0xf, 0xf0,
    0x0, 0x0, 0x3, 0xfe, 0x8f, 0xff, 0xff, 0xff,
    0xff, 0xff, 0xff, 0xff, 0xff, 0xf8, 0x8, 0xef,
    0xff, 0xff, 0xff, 0xff, 0xff, 0xff, 0xfe, 0x80,
    0x0, 0x0, 0x0, 0x0, 0xf, 0xf0, 0x0, 0x0,
    0x0, 0x0, 0x0, 0x0, 0x0, 0x0, 0xf, 0xf0,
    0x0, 0x0, 0x0, 0x0, 0x0, 0xe, 0xff, 0xff,
    0xff, 0xff, 0xff, 0xff, 0xe0, 0x0, 0x0, 0xe,
    0xff, 0xff, 0xff, 0xff, 0xff, 0xff, 0xe0, 0x0,

    /* U+F6E8 "" */
    0x0, 0x0, 0x0, 0x0, 0x0, 0x2, 0x80, 0x0,
    0x0, 0x0, 0x0, 0x0, 0x1, 0x9f, 0x80, 0x0,
    0x0, 0x0, 0x0, 0x0, 0x7e, 0xff, 0x20, 0x0,
    0x0, 0x0, 0x0, 0x3d, 0xff, 0xfd, 0x0, 0x0,
    0x0, 0x0, 0x2, 0xff, 0x8f, 0xf8, 0x0, 0x0,
    0x0, 0x0, 0xa, 0xf7, 0x8, 0xf3, 0x0, 0x0,
    0x0, 0x0, 0x2f, 0xff, 0x7f, 0xf4, 0x0, 0x0,
    0x0, 0x0, 0x8f, 0xff, 0xff, 0xfa, 0x0, 0x0,
    0x0, 0x0, 0xff, 0xbc, 0xff, 0xff, 0x10, 0x0,
    0x0, 0x7, 0xff, 0x34, 0xff, 0xff, 0x80, 0x0,
    0x0, 0xe, 0xc4, 0x0, 0x4c, 0xff, 0xe0, 0x0,
    0x0, 0x5f, 0xb3, 0x0, 0x3b, 0xff, 0xf5, 0x0,
    0x0, 0xcf, 0xff, 0x43, 0xff, 0xff, 0xfc, 0x0,
    0x0, 0x0, 0x0, 0x0, 0x0, 0x0, 0x0, 0x0,
    0xef, 0xff, 0xff, 0xff, 0xff, 0xff, 0xff, 0xfe,
    0xef, 0xff, 0xff, 0xff, 0xff, 0xff, 0xff, 0xfe,

    /* U+F6EC "" */
    0x0, 0x0, 0x0, 0x7f, 0x80, 0x0, 0x0, 0x0,
    0x0, 0xe, 0xff, 0x0, 0x0, 0x0, 0x0, 0x0,
    0x7f, 0x80, 0x0, 0x0, 0x3d, 0xf3, 0x0, 0x0,
    0x0, 0x0, 0xe, 0xff, 0x17, 0xfc, 0x10, 0x0,
    0x5, 0xff, 0xd1, 0xff, 0xfd, 0x16, 0xf0, 0x9f,
    0xf9, 0x5f, 0xff, 0xff, 0xff, 0xd, 0xff, 0x59,
    0xff, 0x9c, 0xff, 0xf0, 0x7c, 0xe1, 0xdf, 0xf3,
    0x0, 0x7f, 0x0, 0x0, 0xc, 0xff, 0x10, 0x7,
    0xf0, 0x0, 0x2, 0x1d, 0xfd, 0x10, 0x7f, 0x0,
    0x0, 0x9a, 0x1c, 0xfb, 0x7, 0xf0, 0x0, 0xd,
    0xf2, 0x1f, 0xf0, 0x7f, 0x0, 0x1, 0xfe, 0x0,
    0xff, 0x7, 0xf0, 0x0, 0x5f, 0xa0, 0xf, 0xf0,
    0x7f, 0x0, 0x4, 0xe4, 0x0, 0xbc, 0x6, 0xf0,

    /* U+F6ED "" */
    0x0, 0x0, 0x0, 0x0, 0x0, 0xdd, 0x0, 0x0,
    0x0, 0x0, 0x0, 0x18, 0xdf, 0xfd, 0x81, 0xff,
    0xee, 0x80, 0x0, 0x0, 0x4, 0xef, 0xff, 0xff,
    0xfe, 0xff, 0xff, 0xf9, 0x7d, 0xe4, 0x3f, 0xff,
    0xff, 0xff, 0xff, 0xff, 0xfd, 0xdf, 0xff, 0xfd,
    0xbf, 0xff, 0xff, 0xff, 0xff, 0xff, 0xfd, 0xdf,
    0xff, 0xff, 0xff, 0xff, 0xff, 0xff, 0xff, 0xff,
    0xff, 0xff, 0xff, 0xff, 0xff, 0xff, 0xff, 0xff,
    0xff, 0xff, 0xff, 0xff, 0xff, 0xff, 0xff, 0xff,
    0xff, 0xff, 0xff, 0xff, 0xff, 0xff, 0xff, 0xfc,
    0xff, 0xff, 0xff, 0xff, 0xff, 0xff, 0xf0, 0x0,
    0xf, 0xf0, 0xff, 0xff, 0xff, 0xff, 0xff, 0xff,
    0xf0, 0x0, 0x6, 0x60, 0xff, 0xff, 0xff, 0xff,
    0xff, 0xff, 0xf0, 0x0, 0x0, 0x0, 0xff, 0xf7,
    0xce, 0xfe, 0xc7, 0xff, 0xf0, 0x0, 0x0, 0x0,
    0xff, 0xf0, 0x0, 0x0, 0x0, 0xff, 0xf0, 0x0,
    0x0, 0x0, 0xef, 0xe0, 0x0, 0x0, 0x0, 0xef,
    0xe0, 0x0, 0x0, 0x0,

    /* U+F6F0 "" */
    0x0, 0x0, 0x0, 0x0, 0x0, 0x2, 0xbf, 0xff,
    0xfd, 0x0, 0x0, 0x0, 0x0, 0x0, 0x2, 0xef,
    0xff, 0xff, 0x90, 0x0, 0x0, 0x0, 0x0, 0x0,
    0xbf, 0xff, 0xfa, 0xaf, 0x0, 0x0, 0x0, 0x0,
    0x0, 0xf, 0xff, 0xff, 0xff, 0xf0, 0x0, 0x9,
    0xef, 0xff, 0xff, 0xff, 0xff, 0xaf, 0xff, 0x0,
    0xaf, 0xff, 0xff, 0xff, 0xff, 0xff, 0xf1, 0xef,
    0x90, 0xaf, 0xff, 0xff, 0xff, 0xff, 0xff, 0xff,
    0x1, 0x10, 0xf, 0x9e, 0xff, 0xff, 0xff, 0xff,
    0xff, 0xf0, 0x0, 0x0, 0xf8, 0x8f, 0xff, 0xff,
    0xff, 0xff, 0xfc, 0x0, 0x0, 0xe, 0x62, 0xff,
    0xff, 0xff, 0xff, 0xff, 0x40, 0x0, 0x0, 0x0,
    0x8f, 0xfa, 0x36, 0x8b, 0xff, 0xf0, 0x0, 0x0,
    0x0, 0xd, 0xff, 0x40, 0x0, 0xf, 0xff, 0x0,
    0x0, 0x0, 0x0, 0xef, 0xf2, 0x0, 0x0, 0xff,
    0xf0, 0x0, 0x0, 0x0, 0xa, 0xff, 0x60, 0x0,
    0xf, 0xff, 0x0, 0x0, 0x0, 0x0, 0x6f, 0xfa,
    0x0, 0x0, 0xff, 0xf0, 0x0, 0x0, 0x0, 0x2,
    0xff, 0xc0, 0x0, 0xe, 0xfe, 0x0, 0x0, 0x0,

    /* U+F6F1 "" */
    0x0, 0x0, 0x0, 0x0, 0x2d, 0xd2, 0x0, 0x0,
    0x0, 0x0, 0x0, 0x0, 0x0, 0x3, 0xef, 0xff,
    0x40, 0xef, 0xf0, 0x0, 0x0, 0x0, 0x0, 0x5f,
    0xfb, 0xbf, 0xf5, 0xff, 0xf0, 0x0, 0x0, 0x0,
    0x6, 0xff, 0x91, 0x18, 0xff, 0xff, 0xf0, 0x0,
    0x0, 0x0, 0x8f, 0xf7, 0x2d, 0xe2, 0x7f, 0xff,
    0xf0, 0x0, 0x0, 0xa, 0xff, 0x63, 0xef, 0xff,
    0x45, 0xff, 0xf1, 0x0, 0x1, 0xcf, 0xf4, 0x4f,
    0xff, 0xff, 0xf5, 0x3e, 0xfc, 0x10, 0xc, 0xfe,
    0x36, 0xff, 0xff, 0xff, 0xff, 0x72, 0xdf, 0xd0,
    0x7, 0xd2, 0x8f, 0xff, 0xde, 0xff, 0xff, 0xf9,
    0x1c, 0x80, 0x0, 0xa, 0xff, 0xff, 0xf4, 0xdf,
    0xff, 0xff, 0xb0, 0x0, 0x0, 0xf, 0xff, 0xff,
    0xfa, 0x1c, 0xff, 0xff, 0xf0, 0x0, 0x0, 0xf,
    0xff, 0xff, 0xff, 0x10, 0xcf, 0xff, 0xf0, 0x0,
    0x0, 0xf, 0xff, 0xff, 0xc3, 0x0, 0x6f, 0xff,
    0xf0, 0x0, 0x0, 0xf, 0xff, 0xf7, 0x0, 0x2c,
    0xff, 0xff, 0xf0, 0x0, 0x0, 0xf, 0xff, 0xf6,
    0x0, 0xef, 0xff, 0xff, 0xf0, 0x0, 0x0, 0xe,
    0xff, 0xfe, 0x0, 0x5f, 0xff, 0xff, 0xf0, 0x0,

    /* U+F6F2 "" */
    0x0, 0x2b, 0xff, 0xff, 0xb2, 0x0, 0x0, 0xef,
    0xff, 0xff, 0xfe, 0x0, 0x0, 0x7f, 0x98, 0x8a,
    0xff, 0x60, 0x0, 0x0, 0x0, 0x2, 0xff, 0x70,
    0x34, 0x44, 0x44, 0x4d, 0xff, 0x83, 0xff, 0xff,
    0xff, 0xff, 0xff, 0xff, 0xab, 0xbb, 0xdf, 0xff,
    0xcb, 0xba, 0x34, 0x45, 0xef, 0xfc, 0x44, 0x43,
    0xff, 0xff, 0xff, 0xff, 0xff, 0xff, 0xac, 0xff,
    0xfb, 0xbb, 0xbb, 0xba, 0x6, 0xff, 0x40, 0x0,
    0x0, 0x0, 0x7, 0xff, 0x98, 0x89, 0xf7, 0x0,
    0x1, 0xef, 0xff, 0xff, 0xfe, 0x0, 0x0, 0x3b,
    0xff, 0xff, 0xb2, 0x0,

    /* U+F6FA "" */
    0x0, 0x0, 0x1, 0x6a, 0xde, 0xff, 0xfd, 0xb7,
    0x30, 0x0, 0x0, 0x0, 0x1, 0xaf, 0xff, 0xff,
    0xff, 0xff, 0xff, 0xfc, 0x30, 0x0, 0x0, 0x3e,
    0xff, 0xff, 0xff, 0xff, 0xff, 0xff, 0xff, 0xf5,
    0x0, 0x1, 0xef, 0xff, 0xff, 0xff, 0xff, 0xff,
    0xff, 0xff, 0xff, 0x20, 0x8, 0xff, 0xfb, 0x67,
    0xef, 0xff, 0xfe, 0x86, 0xaf, 0xff, 0xa0, 0xd,
    0xff, 0x70, 0x0, 0x1d, 0xff, 0xe1, 0x0, 0x6,
    0xff, 0xe0, 0xf, 0xff, 0x70, 0x0, 0x1d, 0xff,
    0xd1, 0x0, 0x6, 0xff, 0xf0, 0xe, 0xff, 0xfb,
    0x67, 0xef, 0xff, 0xfe, 0x86, 0xaf, 0xff, 0xe0,
    0x9, 0xff, 0xff, 0xff, 0xff, 0xbb, 0xff, 0xff,
    0xff, 0xff, 0x90, 0x2, 0xff, 0xff, 0xff, 0xfc,
    0x0, 0xaf, 0xff, 0xff, 0xff, 0x20, 0x0, 0x5f,
    0xff, 0xff, 0xe2, 0x0, 0x1d, 0xff, 0xff, 0xf5,
    0x0, 0x0, 0x3, 0xbe, 0xfb, 0x20, 0x0, 0x1,
    0xaf, 0xfb, 0x30, 0x0,

    /* U+F6FC "" */
    0x0, 0x0, 0x0, 0x0, 0xc, 0xc0, 0x0, 0x0,
    0x0, 0x0, 0x0, 0x0, 0x0, 0x0, 0x8f, 0xf8,
    0x0, 0x0, 0x0, 0x0, 0x0, 0x0, 0x0, 0x2,
    0xff, 0xff, 0x20, 0x0, 0x0, 0x0, 0x0, 0x0,
    0x0, 0xc, 0xf9, 0x9f, 0xc0, 0x0, 0x0, 0x0,
    0x0, 0x0, 0x0, 0x7f, 0xe0, 0xe, 0xf6, 0x0,
    0x0, 0x0, 0x0, 0x0, 0x1, 0xff, 0x40, 0x4,
    0xff, 0x10, 0x0, 0x0, 0x0, 0x0, 0xb, 0xfa,
    0x0, 0x0, 0xaf, 0xb0, 0x0, 0x0, 0x0, 0x0,
    0x5f, 0xf1, 0x7, 0xff, 0xff, 0xf5, 0x0, 0x0,
    0x0, 0x1, 0xef, 0xf8, 0x7f, 0xff, 0xff, 0xfe,
    0x10, 0x0, 0x0, 0xa, 0xff, 0xff, 0xff, 0xff,
    0xff, 0xff, 0xa0, 0x0, 0x0, 0x4f, 0xff, 0xff,
    0xff, 0xff, 0xff, 0xff, 0xf4, 0x0, 0x0, 0xef,
    0xff, 0xff, 0xff, 0xff, 0xff, 0xff, 0xfe, 0x0,
    0x9, 0xff, 0xff, 0xff, 0xff, 0xff, 0xff, 0xff,
    0xff, 0x90, 0x3f, 0xff, 0xff, 0xff, 0xff, 0xff,
    0xff, 0xff, 0xff, 0xf3, 0xdf, 0xff, 0xff, 0xff,
    0xff, 0xff, 0xff, 0xff, 0xff, 0xfd, 0xcf, 0xff,
    0xff, 0xff, 0xff, 0xff, 0xff, 0xff, 0xff, 0xfb,

    /* U+F6FF "" */
    0x0, 0x0, 0x0, 0xcf, 0xff, 0xff, 0xfc, 0x0,
    0x0, 0x0, 0x0, 0x0, 0x0, 0xff, 0xff, 0xff,
    0xff, 0x0, 0x0, 0x0, 0x0, 0x0, 0x0, 0xff,
    0x0, 0x0, 0xff, 0x0, 0x0, 0x0, 0x0, 0x0,
    0x0, 0xff, 0x0, 0x0, 0xff, 0x0, 0x0, 0x0,
    0x0, 0x0, 0x0, 0xff, 0xff, 0xff, 0xff, 0x0,
    0x0, 0x0, 0x0, 0x0, 0x0, 0xcf, 0xff, 0xff,
    0xfc, 0x0, 0x0, 0x0, 0x0, 0x0, 0x0, 0x0,
    0xc, 0xc0, 0x0, 0x0, 0x0, 0x0, 0x78, 0x88,
    0x88, 0x88, 0x8e, 0xe8, 0x88, 0x88, 0x88, 0x87,
    0xef, 0xff, 0xff, 0xff, 0xff, 0xff, 0xff, 0xff,
    0xff, 0xfe, 0x0, 0x4, 0xf4, 0x0, 0x0, 0x0,
    0x0, 0x4f, 0x40, 0x0, 0xc, 0xff, 0xff, 0xfc,
    0x0, 0x0, 0xcf, 0xff, 0xff, 0xc0, 0xf, 0xff,
    0xff, 0xff, 0x0, 0x0, 0xff, 0xff, 0xff, 0xf0,
    0xf, 0xf0, 0x0, 0xff, 0x0, 0x0, 0xff, 0x0,
    0xf, 0xf0, 0xf, 0xf0, 0x0, 0xff, 0x0, 0x0,
    0xff, 0x0, 0xf, 0xf0, 0xf, 0xff, 0xff, 0xff,
    0x0, 0x0, 0xff, 0xff, 0xff, 0xf0, 0xc, 0xff,
    0xff, 0xfc, 0x0, 0x0, 0xcf, 0xff, 0xff, 0xc0,

    /* U+F700 "" */
    0x0, 0x0, 0x0, 0x0, 0x0, 0x0, 0x0, 0x2a,
    0xfe, 0x50, 0x0, 0x0, 0x0, 0x0, 0x0, 0x0,
    0x0, 0x18, 0xff, 0xdd, 0xfc, 0x90, 0x0, 0x0,
    0x0, 0x0, 0x0, 0x6, 0xef, 0xff, 0xbb, 0xff,
    0xf0, 0x0, 0x0, 0x0, 0x6c, 0xff, 0xff, 0xff,
    0xff, 0xeb, 0xbe, 0xf0, 0x0, 0x0, 0x1c, 0xff,
    0xff, 0xff, 0xff, 0xd6, 0x48, 0x9f, 0x90, 0x0,
    0x0, 0xcf, 0xff, 0xff, 0xff, 0xf8, 0x3b, 0xff,
    0xe9, 0x0, 0x0, 0x6, 0xff, 0xff, 0xff, 0xff,
    0xff, 0xfe, 0x70, 0x0, 0x0, 0x0, 0xc, 0xff,
    0xff, 0xff, 0xff, 0xff, 0xb0, 0x0, 0x0, 0x0,
    0x0, 0xe, 0xff, 0xff, 0xff, 0xff, 0xbf, 0xe0,
    0x0, 0x0, 0x0, 0x0, 0xf, 0xff, 0xff, 0xff,
    0xa2, 0xc, 0xf6, 0x0, 0x0, 0x0, 0x0, 0x5f,
    0xff, 0xff, 0xb3, 0x0, 0x4, 0xfe, 0x0, 0x0,
    0x0, 0x2, 0xef, 0xff, 0xff, 0xff, 0xc0, 0x0,
    0xcf, 0xfc, 0x0, 0x0, 0xb, 0xff, 0xff, 0xff,
    0xff, 0xf0, 0x0, 0x3f, 0xff, 0x0, 0x0, 0xf,
    0xf2, 0x0, 0x0, 0x0, 0x0, 0x0, 0x0, 0x0,
    0x0, 0x0, 0xb, 0xff, 0xff, 0xfc, 0x0, 0x0,
    0x0, 0x0, 0x0, 0x0, 0x0, 0x1, 0xbf, 0xff,
    0xfc, 0x0, 0x0, 0x0, 0x0, 0x0, 0x0, 0x0,

    /* U+F70B "" */
    0x0, 0x4, 0x9c, 0xef, 0xfe, 0xc9, 0x30, 0x0,
    0x3, 0xcf, 0xff, 0xff, 0xff, 0xff, 0xfc, 0x30,
    0x3f, 0xfd, 0x83, 0x10, 0x1, 0x38, 0xdf, 0xf3,
    0xcf, 0x80, 0x0, 0x0, 0x0, 0x0, 0x8, 0xfc,
    0xff, 0x3, 0x8c, 0xef, 0xfe, 0xc8, 0x30, 0xff,
    0xff, 0xdf, 0xfc, 0xa8, 0x8a, 0xcf, 0xfd, 0xff,
    0xff, 0xff, 0x93, 0x10, 0x1, 0x39, 0xff, 0xff,
    0xff, 0xff, 0xff, 0xff, 0xff, 0xff, 0xff, 0xff,
    0xcf, 0xff, 0xff, 0xff, 0xff, 0xff, 0xff, 0xfc,
    0x3f, 0xff, 0xff, 0xff, 0xff, 0xff, 0xff, 0xf3,
    0x2, 0xcf, 0xff, 0xff, 0xff, 0xff, 0xfc, 0x20,
    0x0, 0x3, 0x8c, 0xef, 0xfe, 0xc8, 0x30, 0x0,

    /* U+F70C "" */
    0x0, 0x0, 0x0, 0x8, 0xf8, 0x0, 0x0, 0x0,
    0x0, 0x0, 0xff, 0xf0, 0x0, 0x0, 0x0, 0x0,
    0x8, 0xf8, 0x0, 0x0, 0x0, 0x9f, 0xea, 0x50,
    0x0, 0x0, 0x2, 0xdf, 0xff, 0xff, 0xe3, 0x0,
    0x0, 0x6f, 0xd2, 0x9f, 0xff, 0xd0, 0x0, 0x0,
    0x40, 0xe, 0xff, 0xff, 0x60, 0x0, 0x0, 0x6,
    0xff, 0xf7, 0xff, 0xfc, 0x0, 0x0, 0xaf, 0xfa,
    0xa, 0xff, 0xc0, 0x0, 0x8, 0xff, 0xb1, 0x0,
    0x0, 0x0, 0x9, 0x18, 0xff, 0xe4, 0x0, 0xc,
    0xff, 0xfd, 0x2, 0xbf, 0xf0, 0x0, 0xcf, 0xff,
    0x70, 0x4, 0xfd, 0x0, 0x0, 0x0, 0x0, 0x0,
    0x9f, 0x80, 0x0, 0x0, 0x0, 0x0, 0xe, 0xf3,
    0x0, 0x0, 0x0, 0x0, 0x0, 0xcc, 0x0, 0x0,

    /* U+F70E "" */
    0x8f, 0x84, 0xff, 0xff, 0xff, 0xff, 0xff, 0xe8,
    0x0, 0x0, 0xff, 0xf0, 0xff, 0xff, 0xff, 0xff,
    0xff, 0xff, 0x80, 0x0, 0xff, 0xf0, 0xff, 0xff,
    0xff, 0xff, 0xff, 0xff, 0xe0, 0x0, 0xef, 0xf0,
    0xff, 0xff, 0xff, 0xff, 0xff, 0xff, 0xf0, 0x0,
    0x0, 0x0, 0xff, 0xff, 0xff, 0xff, 0xff, 0xff,
    0xf0, 0x0, 0x0, 0x0, 0xff, 0xff, 0xff, 0xff,
    0xff, 0xff, 0xf0, 0x0, 0x0, 0x0, 0xff, 0xff,
    0xff, 0xff, 0xff, 0xff, 0xf0, 0x0, 0x0, 0x0,
    0xff, 0xff, 0xff, 0xff, 0xff, 0xff, 0xf0, 0x0,
    0x0, 0x0, 0xff, 0xff, 0xff, 0xff, 0xff, 0xff,
    0xf0, 0x0, 0x0, 0x0, 0xff, 0xff, 0xff, 0xff,
    0xff, 0xff, 0xf0, 0x0, 0x0, 0x0, 0xff, 0xff,
    0xff, 0xff, 0xff, 0xff, 0xf0, 0x0, 0x0, 0x0,
    0xff, 0xff, 0x0, 0x0, 0x0, 0x0, 0x0, 0x0,
    0x0, 0x0, 0xff, 0xff, 0xf, 0xff, 0xff, 0xff,
    0xff, 0xfe, 0x0, 0x0, 0xef, 0xfd, 0x1f, 0xff,
    0xff, 0xff, 0xff, 0xfd, 0x0, 0x0, 0x4e, 0xe4,
    0x7f, 0xff, 0xff, 0xff, 0xff, 0xf5, 0x0, 0x0,
    0x0, 0x17, 0xff, 0xff, 0xff, 0xff, 0xfd, 0x50,

    /* U+F714 "" */
    0x0, 0x0, 0x5, 0xcf, 0xfc, 0x40, 0x0, 0x0,
    0x0, 0x0, 0x7f, 0xff, 0xff, 0xf7, 0x0, 0x0,
    0x0, 0x2, 0xff, 0xff, 0xff, 0xff, 0x20, 0x0,
    0x0, 0x7, 0xfd, 0x9f, 0xf9, 0xdf, 0x70, 0x0,
    0x0, 0x7, 0xf4, 0xd, 0xc0, 0x4f, 0x70, 0x0,
    0x0, 0x2, 0xfd, 0x9f, 0xf9, 0xdf, 0x20, 0x0,
    0x0, 0x0, 0x7f, 0xff, 0xff, 0xf7, 0x0, 0x0,
    0x0, 0x0, 0x7, 0xff, 0xff, 0x70, 0x0, 0x0,
    0x9, 0xc4, 0x6, 0xff, 0xff, 0x60, 0x4c, 0x90,
    0xd, 0xff, 0xc5, 0x0, 0x0, 0x5c, 0xff, 0xd0,
    0x0, 0x7e, 0xff, 0xd5, 0x5d, 0xff, 0xe7, 0x0,
    0x0, 0x0, 0x6e, 0xff, 0xff, 0xe6, 0x0, 0x0,
    0x0, 0x0, 0x6e, 0xff, 0xff, 0xe6, 0x0, 0x0,
    0x0, 0x7e, 0xff, 0xd5, 0x5d, 0xff, 0xe7, 0x0,
    0xd, 0xff, 0xc5, 0x0, 0x0, 0x5c, 0xff, 0xd0,
    0x9, 0xc4, 0x0, 0x0, 0x0, 0x0, 0x4c, 0x90,
    0x0, 0x0, 0x0, 0x0, 0x0, 0x0, 0x0, 0x0,

    /* U+F715 "" */
    0x0, 0x0, 0x0, 0x0, 0x0, 0x0, 0x0, 0x0,
    0x0, 0x0, 0x0, 0x7, 0xc2, 0x0, 0x0, 0x0,
    0x0, 0x0, 0x0, 0x0, 0x0, 0x0, 0xc, 0xff,
    0x50, 0x0, 0x0, 0x0, 0x0, 0x0, 0x0, 0x0,
    0x0, 0x0, 0xaf, 0xf8, 0x0, 0x0, 0x0, 0x0,
    0x0, 0x0, 0x0, 0x0, 0x0, 0x7, 0xff, 0xc1,
    0x0, 0x0, 0x0, 0x0, 0x0, 0x0, 0x0, 0x0,
    0x0, 0x3e, 0xfe, 0x30, 0x0, 0x0, 0x0, 0x0,
    0x0, 0x0, 0x0, 0x0, 0x1, 0xcf, 0xf7, 0x0,
    0x0, 0x0, 0x0, 0x0, 0x0, 0x0, 0x0, 0x0,
    0x8, 0xff, 0xa0, 0x0, 0x0, 0x0, 0x0, 0x0,
    0x0, 0x0, 0x0, 0x0, 0x5f, 0xfd, 0x20, 0x0,
    0x0, 0x0, 0x0, 0x0, 0x0, 0x0, 0x0, 0x2,
    0xdf, 0xf5, 0x0, 0x0, 0x0, 0x0, 0x0, 0x0,
    0x0, 0x0, 0x0, 0xa, 0xff, 0x90, 0x0, 0x0,
    0x0, 0x0, 0x0, 0x0, 0x0, 0x0, 0x0, 0x6f,
    0xfc, 0x10, 0x0, 0x0, 0x0, 0x0, 0x0, 0x0,
    0x0, 0x0, 0x3, 0xef, 0xe4, 0x0, 0x0, 0x0,
    0x0, 0x0, 0x0, 0x0, 0x0, 0x0, 0x1b, 0xff,
    0x70, 0x0, 0x0, 0x0, 0x0, 0x0, 0x0, 0x0,
    0x0, 0x0, 0x7f, 0xfb, 0x10, 0x0, 0x0, 0x0,
    0x0, 0x0, 0x0, 0x0, 0x0, 0x4, 0xef, 0xd0,
    0x0, 0x0, 0x0, 0x0, 0x0, 0x0, 0x0, 0x0,
    0x0, 0x1c, 0x80, 0x0, 0x0, 0x0, 0x0, 0x0,
    0x0, 0x0, 0x0, 0x0, 0x0, 0x0,

    /* U+F717 "" */
    0x0, 0x0, 0x0, 0x0, 0x0, 0x0, 0x0, 0x0,
    0x0, 0x0, 0x0, 0x0, 0x4, 0xe1, 0x0, 0x0,
    0xc, 0x80, 0x0, 0x0, 0x0, 0x0, 0x9, 0xe0,
    0x0, 0x0, 0xb, 0xe0, 0x0, 0x0, 0x0, 0x0,
    0xe, 0x90, 0x0, 0x0, 0x6, 0xf4, 0x0, 0x0,
    0x1, 0x91, 0xe, 0xa0, 0x3d, 0xe6, 0x6, 0xf4,
    0x9, 0x30, 0x1, 0xfb, 0x7, 0xf0, 0xef, 0xff,
    0x2b, 0xc0, 0x6f, 0x50, 0x0, 0x7f, 0x60, 0x53,
    0xff, 0xff, 0x64, 0x22, 0xfb, 0x0, 0x0, 0xc,
    0xfd, 0x8a, 0xff, 0xff, 0xc8, 0xbf, 0xe1, 0x0,
    0x0, 0x0, 0x6c, 0xff, 0xff, 0xff, 0xff, 0xd8,
    0x20, 0x0, 0x0, 0x2e, 0xff, 0xff, 0xff, 0xff,
    0xff, 0xff, 0xf7, 0x0, 0x0, 0xce, 0x8d, 0xff,
    0xff, 0xff, 0xfe, 0xf8, 0xcf, 0x20, 0x7, 0xf5,
    0x2f, 0x9e, 0xff, 0xff, 0xf6, 0xf7, 0x1e, 0xc0,
    0x9, 0xa0, 0xce, 0xc, 0xff, 0xff, 0xf0, 0xaf,
    0x25, 0xd1, 0x0, 0x5, 0xf5, 0x6, 0xff, 0xff,
    0x90, 0x1f, 0xb0, 0x0, 0x0, 0x9, 0xe0, 0x0,
    0x7e, 0xe9, 0x0, 0x9, 0xe0, 0x0, 0x0, 0x9,
    0xe0, 0x0, 0x0, 0x0, 0x0, 0x9, 0xe0, 0x0,
    0x0, 0x8, 0xd0, 0x0, 0x0, 0x0, 0x0, 0x8,
    0xd0, 0x0,

    /* U+F71E "" */
    0x0, 0x3, 0xdf, 0xff, 0xff, 0xff, 0xf8, 0x3d,
    0xe4, 0x0, 0x0, 0xe, 0xff, 0xff, 0xff, 0xff,
    0xf1, 0xef, 0xfe, 0x10, 0x0, 0x5f, 0xff, 0xff,
    0xff, 0xff, 0x95, 0xff, 0xff, 0x60, 0x0, 0xaf,
    0xff, 0xff, 0xff, 0xff, 0x5a, 0xff, 0xff, 0xb0,
    0x0, 0xdf, 0xff, 0xff, 0xff, 0xff, 0x3d, 0xf7,
    0x6f, 0xe0, 0x0, 0xef, 0xff, 0xff, 0xff, 0xff,
    0x2e, 0xf1, 0xf, 0xf0, 0x0, 0xfb, 0x6d, 0x6d,
    0x6d, 0x7f, 0x1e, 0xf1, 0xf, 0xf0, 0x0, 0xff,
    0xff, 0xff, 0xff, 0xff, 0x1d, 0xf7, 0x6f, 0xe0,
    0x0, 0xff, 0xff, 0xff, 0xff, 0xff, 0x1a, 0xff,
    0xff, 0xb0, 0x0, 0xff, 0xff, 0xff, 0xff, 0xff,
    0x15, 0xff, 0xff, 0x60, 0x0, 0xff, 0xff, 0xff,
    0xff, 0xff, 0x10, 0xef, 0xfe, 0x10, 0x0, 0xff,
    0xff, 0xff, 0xff, 0xff, 0x10, 0x3d, 0xe4, 0x0,
    0x1, 0xff, 0xff, 0xff, 0xff, 0xff, 0x0, 0x0,
    0x0, 0x0, 0x5, 0xff, 0xff, 0xff, 0xff, 0xfd,
    0x0, 0x0, 0x0, 0x0, 0xa, 0xff, 0xff, 0xff,
    0xff, 0xf9, 0x0, 0x0, 0x0, 0x0, 0xd, 0xff,
    0xff, 0xff, 0xff, 0xf2, 0x0, 0x0, 0x0, 0x0,

    /* U+F722 "" */
    0x0, 0x8, 0xff, 0xff, 0xfa, 0x0, 0x0, 0x0,
    0x0, 0x0, 0x0, 0xf, 0xff, 0xff, 0xff, 0x50,
    0x0, 0x3, 0xd1, 0x0, 0x0, 0xf, 0xf0, 0x0,
    0x7f, 0xb0, 0x0, 0xb, 0xf5, 0x0, 0x0, 0xf,
    0xf0, 0x0, 0xf, 0xf2, 0x0, 0xf, 0xf0, 0x0,
    0x0, 0xf, 0xf0, 0x0, 0x9, 0xf9, 0x0, 0xf,
    0xf0, 0x0, 0x0, 0xf, 0xff, 0xff, 0xff, 0xff,
    0xff, 0xff, 0xff, 0xfb, 0x4, 0xff, 0xff, 0xff,
    0xff, 0xff, 0xff, 0xff, 0xff, 0xff, 0xf, 0xff,
    0xff, 0xff, 0xff, 0xff, 0xff, 0xff, 0xff, 0xff,
    0xd, 0xfe, 0x40, 0x4e, 0xff, 0xff, 0xff, 0xff,
    0xff, 0xf7, 0xbf, 0xf4, 0x0, 0x4, 0xff, 0xff,
    0xff, 0xfa, 0x8a, 0x70, 0xff, 0xf0, 0x0, 0x0,
    0xff, 0xff, 0xfe, 0x24, 0x74, 0x0, 0xbf, 0xf4,
    0x0, 0x4, 0xff, 0xb0, 0x0, 0x8f, 0xff, 0x80,
    0xd, 0xfe, 0x40, 0x4e, 0xfd, 0x0, 0x1, 0xff,
    0x9f, 0xf1, 0xf, 0xff, 0xff, 0xff, 0xff, 0x0,
    0x2, 0xfe, 0x1e, 0xf2, 0x4, 0xfd, 0xff, 0xfd,
    0xf4, 0x0, 0x0, 0xdf, 0xff, 0xd0, 0x0, 0x0,
    0xbf, 0xb0, 0x0, 0x0, 0x0, 0x2c, 0xfc, 0x20,

    /* U+F728 "" */
    0x0, 0x0, 0x4c, 0xfd, 0x10, 0x0, 0x0, 0x0,
    0x4, 0xff, 0xc2, 0x6d, 0x10, 0x0, 0x0, 0x6,
    0x87, 0x3, 0x88, 0x40, 0x0, 0x0, 0x18, 0x88,
    0x88, 0x88, 0x70, 0x0, 0x0, 0x2f, 0xff, 0xff,
    0xff, 0xf0, 0x0, 0x0, 0xe, 0xff, 0xff, 0xff,
    0xa0, 0x0, 0x0, 0x4, 0xff, 0xff, 0xfe, 0x20,
    0x0, 0x0, 0x0, 0x3c, 0xff, 0xa2, 0x0, 0x0,
    0x0, 0x0, 0x0, 0x0, 0x0, 0x0, 0x0, 0x0,
    0x86, 0x7a, 0x89, 0xcf, 0xe9, 0x10, 0x15, 0xbd,
    0x1f, 0xff, 0xff, 0xff, 0xd1, 0x98, 0xbf, 0x4a,
    0xff, 0xff, 0xff, 0xf9, 0xe8, 0xbf, 0xb0, 0x0,
    0x19, 0xff, 0xfe, 0xf8, 0xbf, 0xf2, 0xbf, 0xc0,
    0xcf, 0xff, 0xf8, 0xbf, 0xf9, 0x4f, 0xf3, 0x8f,
    0xff, 0x87, 0xbf, 0xff, 0x1d, 0xc0, 0xcf, 0xf8,

    /* U+F729 "" */
    0xcf, 0xff, 0xff, 0xff, 0xff, 0xff, 0xff, 0xff,
    0xff, 0xfc, 0xff, 0xff, 0xff, 0xff, 0xff, 0xff,
    0xff, 0xff, 0xff, 0xff, 0xff, 0xff, 0xff, 0xff,
    0xff, 0xff, 0xff, 0xff, 0xff, 0xff, 0xff, 0xff,
    0x99, 0xff, 0xff, 0xff, 0xff, 0x99, 0xff, 0xff,
    0xff, 0xf5, 0x0, 0x5f, 0xff, 0xff, 0xf5, 0x0,
    0x5f, 0xff, 0xff, 0xf0, 0x0, 0xf, 0xff, 0xff,
    0xf0, 0x0, 0xf, 0xff, 0xff, 0xf5, 0x0, 0x5f,
    0xff, 0xff, 0xf5, 0x0, 0x5f, 0xff, 0xff, 0xff,
    0x99, 0xff, 0xff, 0xff, 0xff, 0x99, 0xff, 0xff,
    0xff, 0xff, 0xff, 0xff, 0xe2, 0x2e, 0xff, 0xff,
    0xff, 0xff, 0xff, 0xff, 0xff, 0xff, 0x60, 0x6,
    0xff, 0xff, 0xff, 0xff, 0xff, 0xff, 0xff, 0xfe,
    0x0, 0x0, 0xef, 0xff, 0xff, 0xff, 0xcf, 0xff,
    0xff, 0xe4, 0x0, 0x0, 0x4e, 0xff, 0xff, 0xfc,

    /* U+F72E "" */
    0x0, 0x0, 0x0, 0x0, 0x0, 0x0, 0x0, 0x0,
    0x0, 0x0, 0x0, 0x0, 0x0, 0x8e, 0xe8, 0x0,
    0x0, 0x0, 0x0, 0x0, 0x0, 0x8f, 0xff, 0xf8,
    0x0, 0x0, 0x0, 0x0, 0x0, 0xd, 0xf3, 0x3f,
    0xe0, 0x0, 0x0, 0x0, 0x0, 0x0, 0x0, 0x4,
    0xfe, 0x0, 0xe, 0xff, 0xff, 0xff, 0xff, 0xff,
    0xff, 0x80, 0x0, 0xef, 0xff, 0xff, 0xff, 0xff,
    0xfe, 0x90, 0x0, 0x0, 0x0, 0x0, 0x0, 0x0,
    0x0, 0x0, 0x0, 0x0, 0xef, 0xff, 0xfe, 0x81,
    0xdf, 0xff, 0xfd, 0x50, 0xe, 0xff, 0xff, 0xff,
    0x85, 0xff, 0xff, 0xff, 0x50, 0x0, 0x0, 0x4,
    0xfe, 0x0, 0x0, 0x7, 0xfd, 0x0, 0xd, 0xf3,
    0x3f, 0xf0, 0x0, 0x0, 0xf, 0xf0, 0x0, 0x8f,
    0xff, 0xf9, 0xa, 0xf7, 0x7, 0xfd, 0x0, 0x0,
    0x8e, 0xf9, 0x0, 0x4f, 0xff, 0xff, 0x50, 0x0,
    0x0, 0x0, 0x0, 0x0, 0x4c, 0xfc, 0x50, 0x0,
    0x0, 0x0, 0x0, 0x0, 0x0, 0x0, 0x0, 0x0,

    /* U+F72F "" */
    0x0, 0x0, 0x0, 0x0, 0x0, 0x0, 0x0, 0x0,
    0x0, 0x0, 0x0, 0x0, 0x0, 0x0, 0x5, 0xd2,
    0x0, 0x0, 0x0, 0x0, 0x0, 0x0, 0x0, 0xdf,
    0xe2, 0x0, 0x0, 0x0, 0x0, 0x0, 0x0, 0x9f,
    0xff, 0xd0, 0x0, 0x0, 0x0, 0x3, 0x52, 0x9f,
    0xff, 0xd5, 0x0, 0x0, 0x0, 0x2d, 0xff, 0xff,
    0xff, 0x90, 0x0, 0x0, 0x0, 0x3f, 0xff, 0xff,
    0xff, 0x90, 0x0, 0x0, 0x0, 0x3f, 0xfd, 0xff,
    0xff, 0xf2, 0x0, 0x0, 0x0, 0x3f, 0xfa, 0x8,
    0xff, 0xff, 0x50, 0x0, 0x0, 0x3f, 0xfa, 0x0,
    0x8, 0xff, 0xf3, 0x0, 0x0, 0x3f, 0xfa, 0x0,
    0x0, 0xd, 0xfd, 0x0, 0x0, 0xd, 0xff, 0x10,
    0x0, 0xa, 0xff, 0x20, 0x0, 0x0, 0xef, 0xfc,
    0x10, 0xa, 0xff, 0x30, 0x0, 0x0, 0x7, 0xff,
    0xfc, 0x1a, 0xff, 0x30, 0x0, 0x0, 0x0, 0x8,
    0xff, 0xff, 0xff, 0x30, 0x0, 0x0, 0x0, 0x0,
    0x8, 0xff, 0xff, 0x30, 0x0, 0x0, 0x0, 0x0,
    0x0, 0x7, 0xed, 0x30, 0x0, 0x0, 0x0, 0x0,
    0x0,

    /* U+F73B "" */
    0x0, 0x5, 0xdf, 0xc3, 0x0, 0x0, 0x0, 0x0,
    0x0, 0x4f, 0xff, 0xff, 0x5c, 0xfb, 0x10, 0x0,
    0x0, 0xcf, 0xff, 0xff, 0xff, 0xff, 0xb0, 0x0,
    0x0, 0xff, 0xff, 0xff, 0xff, 0xff, 0xf0, 0x0,
    0x8, 0xff, 0xff, 0xff, 0xff, 0xff, 0xfe, 0x80,
    0x8f, 0xff, 0xff, 0xff, 0xff, 0xff, 0xff, 0xf8,
    0xef, 0xff, 0xff, 0xff, 0xff, 0xff, 0xff, 0xfe,
    0xef, 0xff, 0xff, 0xff, 0xff, 0xff, 0xff, 0xfe,
    0x9f, 0xff, 0xfd, 0x70, 0x2a, 0xef, 0xff, 0xf8,
    0x9, 0xef, 0x81, 0x5e, 0xa4, 0x1d, 0xfe, 0x80,
    0x0, 0x0, 0xe, 0xff, 0xff, 0x70, 0x0, 0x0,
    0x8f, 0x80, 0x3f, 0xff, 0xff, 0xc0, 0x8, 0xf8,
    0xff, 0xf0, 0xaf, 0xff, 0xff, 0xf3, 0xf, 0xff,
    0x8f, 0x80, 0x3f, 0xff, 0xff, 0xc0, 0x8, 0xf8,
    0x0, 0x0, 0xe, 0xff, 0xff, 0x70, 0x0, 0x0,
    0x0, 0x0, 0x2, 0x6e, 0xa4, 0x0, 0x0, 0x0,

    /* U+F73C "" */
    0x0, 0x0, 0x0, 0x0, 0x0, 0x0, 0x8e, 0xe2,
    0x0, 0x0, 0x0, 0x0, 0x0, 0x0, 0x1, 0xdf,
    0xf3, 0x0, 0x0, 0x0, 0x0, 0x0, 0x0, 0x0,
    0x9f, 0xfb, 0x0, 0x0, 0x0, 0x0, 0x0, 0x0,
    0x0, 0xf, 0xff, 0x80, 0x0, 0x0, 0x0, 0x8,
    0xee, 0x90, 0x0, 0xbf, 0xfa, 0x0, 0x0, 0x0,
    0x8, 0xff, 0xff, 0xdf, 0xb1, 0xbf, 0xf2, 0x0,
    0x0, 0x0, 0xef, 0xff, 0xff, 0xff, 0xb1, 0xaf,
    0xe5, 0x0, 0x1, 0xbf, 0xff, 0xff, 0xff, 0xff,
    0xb1, 0xaf, 0xff, 0xb0, 0xbf, 0xff, 0xff, 0xff,
    0xff, 0xff, 0xb2, 0xfd, 0x70, 0xf, 0xff, 0xff,
    0xff, 0xff, 0xff, 0xff, 0x0, 0x0, 0x0, 0xbf,
    0xff, 0xff, 0xff, 0xff, 0xff, 0xb0, 0x0, 0x0,
    0x1, 0xbf, 0xff, 0xff, 0xff, 0xff, 0xb1, 0x0,
    0x0, 0x0, 0x0, 0x0, 0x0, 0x0, 0x0, 0x0,
    0x0, 0x0, 0x0, 0x0, 0x68, 0x6, 0x80, 0x68,
    0x6, 0x80, 0x0, 0x0, 0x0, 0x1e, 0x21, 0xe2,
    0x1e, 0x21, 0xe2, 0x0, 0x0, 0x0, 0x6, 0x80,
    0x68, 0x6, 0x80, 0x68, 0x0, 0x0, 0x0, 0x0,

    /* U+F73D "" */
    0x0, 0x5, 0xdf, 0xd5, 0x0, 0x0, 0x0, 0x0,
    0x0, 0x5f, 0xff, 0xff, 0x6b, 0xfb, 0x10, 0x0,
    0x0, 0xdf, 0xff, 0xff, 0xff, 0xff, 0xb0, 0x0,
    0x0, 0xff, 0xff, 0xff, 0xff, 0xff, 0xf0, 0x0,
    0x8, 0xff, 0xff, 0xff, 0xff, 0xff, 0xfe, 0x80,
    0x8f, 0xff, 0xff, 0xff, 0xff, 0xff, 0xff, 0xf8,
    0xef, 0xff, 0xff, 0xff, 0xff, 0xff, 0xff, 0xfe,
    0xef, 0xff, 0xff, 0xff, 0xff, 0xff, 0xff, 0xfe,
    0x8f, 0xff, 0xff, 0xff, 0xff, 0xff, 0xff, 0xf8,
    0x8, 0xef, 0xff, 0xff, 0xff, 0xff, 0xfe, 0x80,
    0x0, 0x0, 0x0, 0x0, 0x0, 0x0, 0x0, 0x0,
    0x0, 0x11, 0x0, 0x1, 0x10, 0x0, 0x11, 0x0,
    0x0, 0x99, 0x0, 0x9, 0x90, 0x0, 0x99, 0x0,
    0x2, 0xff, 0x20, 0x2f, 0xf2, 0x2, 0xff, 0x20,
    0x7, 0xff, 0x70, 0x7f, 0xf7, 0x7, 0xff, 0x70,
    0x2, 0xdd, 0x20, 0x2d, 0xd2, 0x2, 0xdd, 0x20,

    /* U+F740 "" */
    0x0, 0x5, 0xdf, 0xd5, 0x0, 0x0, 0x0, 0x0,
    0x0, 0x4, 0xff, 0xff, 0xf6, 0xbf, 0xb2, 0x0,
    0x0, 0x0, 0xcf, 0xff, 0xff, 0xff, 0xff, 0xc0,
    0x0, 0x0, 0xf, 0xff, 0xff, 0xff, 0xff, 0xff,
    0x0, 0x0, 0x8, 0xff, 0xff, 0xff, 0xff, 0xff,
    0xfe, 0x80, 0x8, 0xff, 0xff, 0xff, 0xff, 0xff,
    0xff, 0xff, 0x90, 0xef, 0xff, 0xff, 0xff, 0xff,
    0xff, 0xff, 0xfe, 0xe, 0xff, 0xff, 0xff, 0xff,
    0xff, 0xff, 0xff, 0xe0, 0x8f, 0xff, 0xff, 0xff,
    0xff, 0xff, 0xff, 0xf9, 0x0, 0x8e, 0xff, 0xff,
    0xff, 0xff, 0xff, 0xe9, 0x0, 0x0, 0x0, 0x0,
    0x0, 0x0, 0x0, 0x0, 0x0, 0x0, 0x5, 0x0,
    0x50, 0x5, 0x0, 0x50, 0x5, 0x0, 0x5, 0xc0,
    0x5c, 0x5, 0xc0, 0x5c, 0x5, 0xc0, 0x0, 0xd4,
    0xd, 0x40, 0xd4, 0xd, 0x40, 0xd4, 0x0, 0x7a,
    0x7, 0xa0, 0x7a, 0x7, 0xa0, 0x7a, 0x0, 0xc,
    0x20, 0xc2, 0xc, 0x20, 0xc2, 0xc, 0x20, 0x0,

    /* U+F743 "" */
    0x0, 0x0, 0x7, 0x80, 0x0, 0x0, 0x0, 0x0,
    0x0, 0x0, 0x3, 0x0, 0xef, 0x10, 0x31, 0x0,
    0x0, 0x0, 0x0, 0x3, 0xfe, 0xcf, 0xfc, 0xef,
    0x40, 0x0, 0x0, 0x0, 0x0, 0xd, 0xf7, 0x11,
    0x75, 0x10, 0x0, 0x0, 0x0, 0x0, 0x0, 0xb7,
    0x4e, 0xc0, 0x8e, 0xf9, 0x0, 0x0, 0x0, 0x7,
    0xef, 0x2d, 0xf5, 0x8f, 0xff, 0xfd, 0xfc, 0x20,
    0x0, 0x7e, 0xf1, 0xdb, 0xe, 0xff, 0xff, 0xff,
    0xfc, 0x0, 0x0, 0xb, 0x72, 0x1b, 0xff, 0xff,
    0xff, 0xff, 0xfb, 0x20, 0x0, 0xdf, 0x1b, 0xff,
    0xff, 0xff, 0xff, 0xff, 0xfc, 0x0, 0x3f, 0xe0,
    0xef, 0xff, 0xff, 0xff, 0xff, 0xff, 0xf0, 0x0,
    0x30, 0xb, 0xff, 0xff, 0xff, 0xff, 0xff, 0xfc,
    0x0, 0x0, 0x0, 0x1b, 0xff, 0xff, 0xff, 0xff,
    0xfc, 0x20, 0x0, 0x0, 0x0, 0x0, 0x0, 0x0,
    0x0, 0x0, 0x0, 0x0, 0x0, 0x0, 0x6, 0x80,
    0x68, 0x6, 0x80, 0x68, 0x0, 0x0, 0x0, 0x0,
    0xe2, 0xe, 0x20, 0xe2, 0xe, 0x20, 0x0, 0x0,
    0x0, 0x59, 0x5, 0x90, 0x59, 0x5, 0x90, 0x0,

    /* U+F747 "" */
    0x0, 0x0, 0x0, 0x0, 0x0, 0x0, 0x0, 0x0,
    0x0, 0x0, 0x0, 0x0, 0xc, 0x23, 0xc0, 0x0,
    0x0, 0x0, 0x0, 0x0, 0x0, 0x0, 0x0, 0xd,
    0xef, 0xf0, 0x0, 0x0, 0x0, 0x0, 0x0, 0x0,
    0x0, 0x0, 0x8, 0xff, 0xb0, 0x0, 0x0, 0x0,
    0x0, 0x0, 0x0, 0x0, 0x0, 0x4f, 0xff, 0xf8,
    0x0, 0x0, 0x0, 0x0, 0x0, 0x0, 0x0, 0x1,
    0xef, 0xff, 0xff, 0x80, 0x0, 0x0, 0x0, 0x0,
    0x0, 0x0, 0xb, 0xff, 0xff, 0xff, 0xff, 0xff,
    0xff, 0xff, 0xfd, 0x70, 0x0, 0xd, 0xff, 0xfe,
    0xff, 0xee, 0xff, 0xcf, 0xfe, 0xef, 0xfc, 0x0,
    0x5, 0xff, 0x63, 0xfe, 0x32, 0xe9, 0x8, 0xe3,
    0x2e, 0xef, 0x90, 0x0, 0x0, 0x0, 0xbf, 0x54,
    0xfb, 0x3a, 0xf5, 0x4f, 0x3f, 0xd0, 0x0, 0x0,
    0x0, 0x3f, 0xff, 0xff, 0xff, 0xff, 0xff, 0x3,
    0x0, 0x0, 0x0, 0x0, 0x0, 0x0, 0x0, 0x0,
    0x0, 0x0, 0x0, 0x0, 0x0, 0x0, 0x0, 0xf,
    0xff, 0xff, 0xff, 0xff, 0xff, 0x0, 0x0, 0x0,
    0x0, 0x0, 0xf, 0xff, 0xff, 0xff, 0xff, 0xff,
    0x0, 0x0, 0x0, 0x0, 0x0, 0xf, 0xff, 0x0,
    0x0, 0xf, 0xff, 0x0, 0x0, 0x0, 0x0, 0x0,
    0xf, 0xff, 0x0, 0x0, 0xf, 0xff, 0x0, 0x0,
    0x0, 0x0, 0x0, 0xe, 0xff, 0x0, 0x0, 0xe,
    0xff, 0x0, 0x0,

    /* U+F74D "" */
    0x0, 0x0, 0x0, 0x0, 0x0, 0x0, 0x0, 0x0,
    0xcc, 0x3, 0x8c, 0xff, 0xb6, 0x10, 0x27, 0xdc,
    0xff, 0xf, 0xbb, 0xaa, 0xff, 0xff, 0xff, 0xff,
    0xff, 0xf, 0xee, 0xee, 0xf8, 0xcf, 0xfd, 0x82,
    0xff, 0xf, 0xaa, 0xbb, 0xf7, 0x30, 0x3, 0x7c,
    0xff, 0xf, 0xff, 0xff, 0xff, 0xff, 0xff, 0xff,
    0xff, 0x9, 0x42, 0x1, 0x47, 0xbe, 0xfd, 0xa5,
    0xff, 0x5, 0xad, 0xfe, 0xb7, 0x41, 0x1, 0x49,
    0xff, 0xf, 0xff, 0xff, 0xff, 0xff, 0xff, 0xff,
    0xff, 0x9, 0x42, 0x1, 0x47, 0xbe, 0xfd, 0xa5,
    0xff, 0x5, 0xad, 0xfe, 0xb7, 0x41, 0x1, 0x49,
    0xff, 0xf, 0xff, 0xff, 0xff, 0xff, 0xff, 0xff,
    0xff, 0xc, 0x62, 0x0, 0x38, 0xcf, 0xfd, 0x93,
    0xff, 0x0, 0x0, 0x0, 0x0, 0x0, 0x0, 0x0,
    0xff, 0x0, 0x0, 0x0, 0x0, 0x0, 0x0, 0x0,
    0xff, 0x0, 0x0, 0x0, 0x0, 0x0, 0x0, 0x0,
    0xee, 0x0, 0x0, 0x0, 0x0, 0x0, 0x0, 0x0,

    /* U+F753 "" */
    0x0, 0x0, 0x0, 0x0, 0x0, 0x0, 0x15, 0xbd,
    0x0, 0x0, 0x0, 0x5, 0xd6, 0x6b, 0xff, 0xfb,
    0x0, 0x0, 0x3, 0xcf, 0xff, 0xff, 0xff, 0xf5,
    0x0, 0x0, 0x8f, 0xff, 0xff, 0xff, 0xff, 0xf1,
    0x0, 0x1c, 0xff, 0xff, 0xff, 0xff, 0xff, 0xb0,
    0x2, 0xef, 0xff, 0xff, 0xff, 0xff, 0xff, 0x60,
    0xe, 0xfd, 0x40, 0x4, 0xdf, 0xff, 0xff, 0x60,
    0x7f, 0xd1, 0x0, 0x0, 0x1d, 0xff, 0xff, 0xd0,
    0xdf, 0x40, 0xcc, 0x0, 0x4, 0xff, 0xff, 0x50,
    0xff, 0x0, 0xcc, 0x0, 0x0, 0xff, 0xfc, 0x0,
    0xff, 0x0, 0x0, 0x0, 0x0, 0xff, 0xf3, 0x0,
    0xcf, 0x40, 0x0, 0xb0, 0x4, 0xff, 0x80, 0x0,
    0x6f, 0xd1, 0x0, 0x0, 0x1d, 0xfc, 0x0, 0x0,
    0xc, 0xfd, 0x40, 0x4, 0xdf, 0xe1, 0x0, 0x0,
    0x1, 0xcf, 0xff, 0xff, 0xfe, 0x20, 0x0, 0x0,
    0x0, 0x6, 0xcf, 0xfd, 0x70, 0x0, 0x0, 0x0,

    /* U+F756 "" */
    0x0, 0x0, 0x0, 0xcf, 0xf, 0xff, 0xff, 0xf0,
    0xfc, 0x2d, 0xd2, 0x0, 0xff, 0xe, 0xff, 0xff,
    0xf0, 0xff, 0x7f, 0xf7, 0x0, 0xff, 0xc, 0xff,
    0xff, 0xf0, 0xff, 0x2d, 0xd2, 0x0, 0xff, 0xa,
    0xff, 0xff, 0xf0, 0xff, 0x0, 0x0, 0x0, 0xff,
    0x8, 0xff, 0xff, 0xf0, 0xff, 0x4e, 0xfb, 0x10,
    0xff, 0x5, 0xff, 0xff, 0xf0, 0xff, 0xef, 0xff,
    0xd1, 0x0, 0x3, 0xff, 0xff, 0xf0, 0xff, 0xff,
    0xff, 0xff, 0xfc, 0x1, 0xff, 0xff, 0xf0, 0xff,
    0xff, 0xf9, 0xcf, 0xfc, 0x1, 0xff, 0xff, 0xf0,
    0xff, 0xff, 0xf8, 0x0, 0x0, 0x4, 0xff, 0xff,
    0xf0, 0xff, 0xff, 0xf9, 0x0, 0xff, 0x8, 0xff,
    0xff, 0xf0, 0xff, 0xff, 0xff, 0x30, 0xff, 0xb,
    0xff, 0xff, 0xf0, 0xff, 0xff, 0x8f, 0xc0, 0xff,
    0xe, 0xff, 0xff, 0xf0, 0xff, 0xff, 0xf, 0xf0,
    0xff, 0xc, 0xbb, 0xcc, 0xc0, 0xff, 0xff, 0xf,
    0xf0, 0xff, 0x0, 0x0, 0x0, 0x0, 0xff, 0xcc,
    0xc, 0xc0, 0xee, 0x0, 0x0, 0x0, 0x0, 0xee,

    /* U+F75A "" */
    0x0, 0x0, 0x0, 0x3e, 0x80, 0x0, 0x0, 0x0,
    0x0, 0x0, 0xf, 0xf8, 0x0, 0x0, 0x0, 0x0,
    0x0, 0x4f, 0xfe, 0x0, 0x0, 0x0, 0x0, 0x4,
    0xef, 0xfe, 0x0, 0x0, 0x0, 0x4e, 0xff, 0xff,
    0xff, 0xe4, 0x0, 0x0, 0xef, 0xff, 0xff, 0xff,
    0xfe, 0x0, 0x0, 0xef, 0xff, 0xff, 0xff, 0xfe,
    0x0, 0x1b, 0xff, 0xd1, 0x0, 0x2e, 0xff, 0xb1,
    0xbf, 0xff, 0x77, 0xff, 0x4a, 0xff, 0xfb, 0xff,
    0xff, 0x5a, 0xff, 0x16, 0xdf, 0xff, 0xbf, 0xff,
    0x3c, 0xff, 0x87, 0x1f, 0xfb, 0x1b, 0xff, 0xe,
    0xff, 0xfa, 0x3f, 0xb1, 0x0, 0x0, 0x7, 0x8e,
    0xf2, 0x0, 0x0, 0x0, 0x0, 0x0, 0xf, 0x80,
    0x0, 0x0, 0x0, 0x0, 0x0, 0x4e, 0x0, 0x0,
    0x0, 0x0, 0x0, 0x0, 0x65, 0x0, 0x0, 0x0,

    /* U+F75B "" */
    0x0, 0x0, 0x0, 0x0, 0x0, 0x0, 0x0, 0x0,
    0x0, 0x0, 0x0, 0x4, 0x9d, 0xff, 0xda, 0x40,
    0x0, 0x0, 0x0, 0x2, 0xbf, 0xff, 0xff, 0xff,
    0xfc, 0x10, 0x0, 0x0, 0x2e, 0xfe, 0x72, 0x0,
    0x37, 0xef, 0xe3, 0x0, 0x1, 0xef, 0xa1, 0x6c,
    0xff, 0xc7, 0x1b, 0xfe, 0x10, 0xa, 0xfa, 0x1c,
    0xff, 0xff, 0xff, 0xc1, 0xbf, 0xc0, 0x3f, 0xe1,
    0xcf, 0xd4, 0x1, 0x5d, 0xfd, 0x2f, 0xf4, 0x8f,
    0x76, 0xfd, 0x18, 0xef, 0x91, 0xef, 0x78, 0xfa,
    0xdf, 0x2c, 0xf4, 0x8f, 0xff, 0xf9, 0x5f, 0xc3,
    0xfd, 0xef, 0xf, 0xf0, 0xef, 0x33, 0xfe, 0x1f,
    0xf1, 0xff, 0xff, 0xf, 0xf0, 0xff, 0x0, 0xff,
    0xf, 0xf0, 0xff, 0xff, 0xf, 0xf0, 0xff, 0x0,
    0xff, 0xf, 0xf0, 0xff, 0xff, 0xf, 0xf0, 0xff,
    0x0, 0xff, 0xf, 0xf0, 0xff, 0xff, 0xf, 0xf0,
    0xff, 0x0, 0xff, 0xf, 0xf0, 0xff, 0xee, 0xe,
    0xe0, 0xee, 0x0, 0xee, 0xe, 0xe0, 0xee,

    /* U+F75E "" */
    0x0, 0x4c, 0xff, 0xff, 0xff, 0xff, 0xfc, 0x40,
    0x0, 0x0, 0x8, 0xff, 0xff, 0xff, 0xff, 0xff,
    0xff, 0xf8, 0x0, 0x0, 0x4f, 0xff, 0xff, 0xff,
    0xff, 0xff, 0xff, 0xff, 0x40, 0x0, 0xcf, 0xf9,
    0x9f, 0xfe, 0x4e, 0xff, 0x99, 0xff, 0xc0, 0x0,
    0xff, 0xb0, 0xb, 0xf3, 0x3, 0xfb, 0x0, 0xbf,
    0xf0, 0x0, 0xff, 0xf3, 0x3f, 0xf9, 0x49, 0xff,
    0x33, 0xff, 0xf0, 0x0, 0xff, 0xff, 0xff, 0xff,
    0xff, 0xff, 0xff, 0xff, 0xf0, 0x0, 0x0, 0x0,
    0x0, 0x0, 0x0, 0x0, 0x0, 0x0, 0x0, 0x0,
    0xff, 0xff, 0xff, 0xff, 0xff, 0xff, 0xff, 0xff,
    0xf0, 0x0, 0xff, 0xff, 0xff, 0xff, 0xff, 0xff,
    0xff, 0xff, 0xf0, 0xee, 0xff, 0xff, 0xff, 0xff,
    0xff, 0xff, 0xff, 0xf, 0xf0, 0xff, 0xff, 0xff,
    0x0, 0x0, 0x0, 0xff, 0xff, 0xf, 0xf2, 0xff,
    0xff, 0xff, 0x0, 0x0, 0x0, 0xff, 0xff, 0xb,
    0xff, 0xfb, 0xef, 0xfe, 0x0, 0x0, 0x0, 0xef,
    0xfe, 0x1, 0xbf, 0xb1, 0x0, 0x0, 0x0, 0x0,
    0x0, 0x0, 0x0, 0x0, 0x0, 0x0,

    /* U+F75F "" */
    0x0, 0x8d, 0xfd, 0x80, 0x3b, 0xfe, 0xb3, 0x0,
    0x0, 0x0, 0xc, 0xff, 0xff, 0xfd, 0xff, 0xff,
    0xff, 0x40, 0x0, 0x0, 0x8f, 0xff, 0xff, 0xff,
    0xff, 0xff, 0xff, 0xed, 0xfd, 0x50, 0xdf, 0xff,
    0xff, 0xff, 0xff, 0xff, 0xff, 0xff, 0xff, 0xf5,
    0xff, 0xff, 0xff, 0xff, 0xff, 0xff, 0xff, 0xff,
    0xff, 0xfd, 0xdf, 0xff, 0xff, 0xff, 0xff, 0xff,
    0xff, 0xff, 0xff, 0xff, 0x8f, 0xff, 0xff, 0xff,
    0xff, 0xff, 0xff, 0xff, 0xff, 0xfd, 0xc, 0xff,
    0xff, 0xff, 0xff, 0xff, 0xff, 0xff, 0xff, 0xf5,
    0x0, 0x8d, 0xff, 0xff, 0xff, 0xff, 0xff, 0xff,
    0xfd, 0x50, 0x0, 0x0, 0x0, 0x0, 0x1, 0xae,
    0xea, 0x10, 0x0, 0x0, 0x0, 0x0, 0x0, 0x0,
    0x0, 0x0, 0x0, 0x0, 0x0, 0x0, 0x0, 0x68,
    0x88, 0x88, 0x88, 0x88, 0x88, 0x88, 0x88, 0x86,
    0x0, 0xef, 0xff, 0xff, 0xff, 0xff, 0xff, 0xff,
    0xff, 0xfe, 0x0, 0x0, 0x0, 0x0, 0x0, 0x0,
    0x0, 0x0, 0x0, 0x0, 0x68, 0x88, 0x60, 0x28,
    0x88, 0x88, 0x88, 0x88, 0x86, 0x0, 0xef, 0xff,
    0xe0, 0x6f, 0xff, 0xff, 0xff, 0xff, 0xfe, 0x0,

    /* U+F769 "" */
    0x0, 0x5d, 0xfd, 0x50, 0x0, 0x8, 0xee, 0x80,
    0x5, 0xff, 0xff, 0xf5, 0x0, 0x8f, 0xff, 0xf8,
    0xd, 0xf7, 0x7, 0xfd, 0x0, 0xef, 0x33, 0xfe,
    0xf, 0xf0, 0xd0, 0xff, 0x0, 0xef, 0x33, 0xfe,
    0xf, 0xf0, 0xf0, 0xff, 0x0, 0x8f, 0xff, 0xf8,
    0xf, 0xf0, 0xf0, 0xff, 0x0, 0x8, 0xee, 0x80,
    0xf, 0xf0, 0xf0, 0xff, 0x0, 0x0, 0x0, 0x0,
    0xf, 0xf0, 0xf0, 0xff, 0x0, 0x0, 0x0, 0x0,
    0xf, 0xf0, 0xf0, 0xff, 0x0, 0x0, 0x0, 0x0,
    0x7f, 0xe0, 0xf0, 0xef, 0x70, 0x0, 0x0, 0x0,
    0xdf, 0x47, 0xf7, 0x4f, 0xd0, 0x0, 0x0, 0x0,
    0xff, 0xf, 0xff, 0xf, 0xf0, 0x0, 0x0, 0x0,
    0xdf, 0x48, 0xf8, 0x4f, 0xd0, 0x0, 0x0, 0x0,
    0x8f, 0xe4, 0x4, 0xef, 0x80, 0x0, 0x0, 0x0,
    0xc, 0xff, 0xff, 0xfc, 0x0, 0x0, 0x0, 0x0,
    0x0, 0x8d, 0xfd, 0x80, 0x0, 0x0, 0x0, 0x0,

    /* U+F76B "" */
    0x0, 0x5d, 0xfd, 0x50, 0x0, 0x8, 0xee, 0x80,
    0x5, 0xff, 0xff, 0xf5, 0x0, 0x8f, 0xff, 0xf8,
    0xd, 0xf7, 0x7, 0xfd, 0x0, 0xef, 0x33, 0xfe,
    0xf, 0xf0, 0x0, 0xff, 0x0, 0xef, 0x33, 0xfe,
    0xf, 0xf0, 0x0, 0xff, 0x0, 0x8f, 0xff, 0xf8,
    0xf, 0xf0, 0x0, 0xff, 0x0, 0x8, 0xee, 0x80,
    0xf, 0xf0, 0x0, 0xff, 0x0, 0x0, 0x0, 0x0,
    0xf, 0xf0, 0x0, 0xff, 0x0, 0x0, 0x0, 0x0,
    0xf, 0xf0, 0x0, 0xff, 0x0, 0x0, 0x0, 0x0,
    0x7f, 0xe0, 0xd0, 0xef, 0x70, 0x0, 0x0, 0x0,
    0xdf, 0x47, 0xf7, 0x4f, 0xd0, 0x0, 0x0, 0x0,
    0xff, 0xf, 0xff, 0xf, 0xf0, 0x0, 0x0, 0x0,
    0xdf, 0x48, 0xf8, 0x4f, 0xd0, 0x0, 0x0, 0x0,
    0x8f, 0xe4, 0x4, 0xef, 0x80, 0x0, 0x0, 0x0,
    0xc, 0xff, 0xff, 0xfc, 0x0, 0x0, 0x0, 0x0,
    0x0, 0x8d, 0xfd, 0x80, 0x0, 0x0, 0x0, 0x0,

    /* U+F772 "" */
    0x0, 0x0, 0xcf, 0xff, 0xff, 0xff, 0xff, 0xfc,
    0x0, 0x0, 0x0, 0x0, 0xff, 0xff, 0xff, 0xff,
    0xff, 0xff, 0x0, 0x0, 0x0, 0x0, 0xff, 0xff,
    0xff, 0xff, 0xef, 0xff, 0x0, 0x0, 0x0, 0x0,
    0xff, 0xff, 0xff, 0xf7, 0xc, 0xff, 0x0, 0x0,
    0x0, 0x0, 0xff, 0xf9, 0xff, 0x70, 0x1d, 0xff,
    0x0, 0x0, 0x0, 0x0, 0xff, 0xa0, 0x37, 0x1,
    0xdf, 0xff, 0x0, 0x0, 0x0, 0x0, 0xff, 0xf5,
    0x0, 0x1d, 0xff, 0xff, 0x0, 0x0, 0x0, 0x0,
    0xff, 0xff, 0x41, 0xdf, 0xff, 0xff, 0x0, 0x0,
    0x0, 0x0, 0xff, 0xff, 0xfe, 0xff, 0xff, 0xff,
    0x0, 0x0, 0xcf, 0xf0, 0xff, 0xff, 0xff, 0xff,
    0xff, 0xff, 0xf, 0xfc, 0xff, 0xf0, 0xff, 0xff,
    0xff, 0xff, 0xff, 0xff, 0xf, 0xff, 0xff, 0x0,
    0x0, 0x0, 0x0, 0x0, 0x0, 0x0, 0x0, 0xff,
    0xff, 0xff, 0xff, 0xff, 0xff, 0xff, 0xff, 0xff,
    0xff, 0xff, 0xcf, 0xff, 0xff, 0xff, 0xff, 0xff,
    0xff, 0xff, 0xff, 0xfc,

    /* U+F773 "" */
    0x0, 0x0, 0x0, 0x0, 0x0, 0x0, 0x0, 0x0,
    0x0, 0x5, 0xcd, 0x51, 0x15, 0xcd, 0x51, 0x15,
    0xcc, 0x50, 0xef, 0xff, 0xff, 0xff, 0xff, 0xff,
    0xff, 0xff, 0xfe, 0xec, 0x66, 0xce, 0xfc, 0x66,
    0xce, 0xfc, 0x66, 0xce, 0x0, 0x0, 0x0, 0x0,
    0x0, 0x0, 0x0, 0x0, 0x0, 0x0, 0x12, 0x0,
    0x0, 0x12, 0x0, 0x0, 0x22, 0x0, 0x49, 0xff,
    0x95, 0x59, 0xff, 0x95, 0x5a, 0xff, 0xa4, 0xff,
    0xff, 0xff, 0xff, 0xff, 0xff, 0xff, 0xff, 0xff,
    0x98, 0x22, 0x7a, 0xa8, 0x22, 0x7a, 0xa8, 0x22,
    0x89, 0x0, 0x0, 0x0, 0x0, 0x0, 0x0, 0x0,
    0x0, 0x0, 0x5, 0xcd, 0x51, 0x15, 0xcd, 0x51,
    0x14, 0xbb, 0x40, 0xef, 0xff, 0xff, 0xff, 0xff,
    0xff, 0xff, 0xff, 0xfe, 0xec, 0x66, 0xce, 0xfc,
    0x66, 0xce, 0xfc, 0x66, 0xce,

    /* U+F77C "" */
    0x0, 0x0, 0x4d, 0xf9, 0x0, 0x0, 0x0, 0x0,
    0xe, 0xff, 0xf7, 0x0, 0x0, 0x0, 0x3, 0xff,
    0xff, 0xb0, 0x0, 0x0, 0x0, 0xe, 0xff, 0xf7,
    0x0, 0x0, 0x6f, 0x90, 0x4d, 0xf9, 0x3, 0xdd,
    0xa, 0xff, 0xd6, 0x21, 0x3a, 0xff, 0xf2, 0x1c,
    0xff, 0xff, 0xff, 0xff, 0xf6, 0x0, 0x6, 0xef,
    0xff, 0xff, 0xa2, 0x0, 0x0, 0x4, 0xff, 0xff,
    0xc0, 0x0, 0x0, 0x0, 0x0, 0x0, 0x0, 0x0,
    0x0, 0x0, 0x8, 0x10, 0x0, 0x54, 0x0, 0x0,
    0x9, 0xfd, 0x10, 0x7f, 0xf2, 0x0, 0x2, 0xff,
    0xd0, 0x5, 0xff, 0xa0, 0x0, 0xe, 0xff, 0x20,
    0xaf, 0xf7, 0x0, 0x0, 0x4f, 0xfa, 0x2f, 0xfb,
    0x0, 0x0, 0x0, 0x7e, 0x60, 0xcd, 0x10, 0x0,

    /* U+F77D "" */
    0x0, 0x0, 0x0, 0x0, 0x0, 0x0, 0x0, 0x0,
    0x0, 0x6e, 0x70, 0x0, 0x0, 0x0, 0x0, 0x0,
    0x5, 0xff, 0xf2, 0x0, 0x0, 0x0, 0x0, 0x0,
    0x1f, 0xff, 0xfc, 0x0, 0x0, 0x0, 0x0, 0x0,
    0x8f, 0xff, 0xff, 0x60, 0x0, 0x0, 0x4e, 0xfe,
    0xdf, 0xff, 0xff, 0xf1, 0x0, 0x0, 0xef, 0xfe,
    0xff, 0xff, 0xff, 0xfa, 0x0, 0x0, 0xff, 0x0,
    0x0, 0x0, 0x0, 0x0, 0x0, 0x0, 0xff, 0x0,
    0xff, 0xff, 0xff, 0xff, 0xff, 0xff, 0xff, 0x0,
    0xcf, 0xff, 0xff, 0xff, 0xff, 0xff, 0xfc, 0x0,
    0x5f, 0xff, 0xff, 0xff, 0xff, 0xff, 0xf5, 0x0,
    0xa, 0xff, 0xff, 0xff, 0xff, 0xff, 0xa0, 0x0,
    0x1c, 0xff, 0xff, 0xff, 0xff, 0xff, 0xc1, 0x0,
    0xce, 0x8e, 0xfd, 0xff, 0xdf, 0xe8, 0xeb, 0x0,
    0xf8, 0x8, 0xf0, 0x0, 0xf, 0x80, 0x8f, 0x0,
    0xbe, 0x8e, 0xb0, 0x0, 0xb, 0xe8, 0xeb, 0x0,
    0x1b, 0xfb, 0x10, 0x0, 0x1, 0xbf, 0xb1, 0x0,

    /* U+F780 "" */
    0x0, 0x0, 0x0, 0x0, 0x0, 0x0, 0x0, 0x0,
    0x0, 0x0, 0x0, 0x0, 0x3, 0x60, 0x0, 0x0,
    0x5, 0x40, 0x0, 0x0, 0x0, 0x0, 0xc, 0x50,
    0x0, 0x0, 0x4, 0xd0, 0x0, 0x0, 0x0, 0x0,
    0x1f, 0x63, 0xcf, 0xfc, 0x45, 0xf2, 0x0, 0x0,
    0x0, 0x0, 0x3f, 0xc1, 0xa8, 0x8b, 0x1c, 0xf4,
    0x0, 0x0, 0x0, 0x0, 0x1f, 0xfa, 0x0, 0x0,
    0x9f, 0xf2, 0x0, 0x0, 0x0, 0x1, 0x7f, 0xff,
    0xea, 0xae, 0xff, 0xf7, 0x10, 0x0, 0x0, 0x5f,
    0xff, 0xff, 0xff, 0xff, 0xff, 0xff, 0xf6, 0x0,
    0x4, 0xfe, 0xdf, 0xff, 0xe2, 0x2d, 0xff, 0xfd,
    0xef, 0x40, 0xb, 0x40, 0x21, 0xaf, 0x90, 0x8,
    0xfb, 0x21, 0x14, 0xc0, 0x1, 0x5, 0xf2, 0xb,
    0xe2, 0x2d, 0xc0, 0x2f, 0x60, 0x10, 0x0, 0x2,
    0xf7, 0x3, 0xff, 0xff, 0x40, 0x6f, 0x20, 0x0,
    0x0, 0x0, 0xbe, 0x20, 0xff, 0xff, 0x11, 0xec,
    0x0, 0x0, 0x0, 0x0, 0x2e, 0xc1, 0xff, 0xff,
    0x2b, 0xf2, 0x0, 0x0, 0x0, 0x0, 0x2, 0x48,
    0xff, 0xff, 0x94, 0x30, 0x0, 0x0, 0x0, 0x0,
    0x0, 0x5f, 0xf9, 0x8f, 0xf6, 0x0, 0x0, 0x0,
    0x0, 0x0, 0xb, 0xfc, 0x50, 0x4, 0xbf, 0xc1,
    0x0, 0x0, 0x0, 0x0, 0x0, 0x0, 0x0, 0x0,
    0x0, 0x0, 0x0, 0x0,

    /* U+F781 "" */
    0x0, 0x0, 0x0, 0xed, 0xa5, 0x0, 0x0, 0x0,
    0x0, 0x0, 0x0, 0xef, 0xff, 0xe5, 0x0, 0x0,
    0x0, 0x0, 0x0, 0x2, 0x6c, 0xff, 0x80, 0x0,
    0xdf, 0xd0, 0x0, 0xed, 0x81, 0x6f, 0xf8, 0x0,
    0xff, 0xf0, 0x0, 0xef, 0xff, 0x53, 0xff, 0x50,
    0xff, 0xf0, 0x0, 0x3, 0xaf, 0xf5, 0x6f, 0xe0,
    0xff, 0xf0, 0x0, 0x0, 0x6, 0xff, 0x1c, 0xf5,
    0xff, 0xf0, 0x5d, 0x80, 0x0, 0xaf, 0x86, 0xfa,
    0xff, 0xf0, 0x8f, 0xfc, 0x0, 0x3f, 0xd2, 0xfd,
    0xff, 0xf0, 0x6f, 0xff, 0x80, 0xe, 0xe0, 0xee,
    0xff, 0xf0, 0x7, 0xff, 0xe0, 0x0, 0x0, 0x0,
    0xff, 0xf0, 0x0, 0xff, 0xf0, 0x0, 0x0, 0x0,
    0xdf, 0xf7, 0x7, 0xff, 0xd0, 0x0, 0x0, 0x0,
    0x8f, 0xff, 0xff, 0xff, 0x80, 0x0, 0x0, 0x0,
    0xc, 0xff, 0xff, 0xfc, 0x0, 0x0, 0x0, 0x0,
    0x0, 0x8e, 0xfd, 0x80, 0x0, 0x0, 0x0, 0x0,
    0x0, 0x0, 0x0, 0x0, 0x0, 0x0, 0x0, 0x0,

    /* U+F783 "" */
    0x0, 0xe, 0xe0, 0x0, 0xe, 0xe0, 0x0, 0x0,
    0xf, 0xf0, 0x0, 0xf, 0xf0, 0x0, 0x8f, 0xff,
    0xff, 0xff, 0xff, 0xff, 0xf8, 0xff, 0xff, 0xff,
    0xff, 0xff, 0xff, 0xff, 0xff, 0xff, 0xff, 0xff,
    0xff, 0xff, 0xff, 0x0, 0x0, 0x0, 0x0, 0x0,
    0x0, 0x0, 0xff, 0xff, 0xff, 0xff, 0xff, 0xff,
    0xff, 0xff, 0xff, 0xff, 0xff, 0xff, 0xff, 0xff,
    0xff, 0x10, 0x1, 0xff, 0xff, 0xff, 0xff, 0xff,
    0x0, 0x0, 0xff, 0xff, 0xff, 0xff, 0xff, 0x0,
    0x0, 0xff, 0xff, 0xff, 0xff, 0xff, 0x10, 0x1,
    0xff, 0xff, 0xff, 0xff, 0xff, 0xff, 0xff, 0xff,
    0xff, 0xff, 0xff, 0xff, 0xff, 0xff, 0xff, 0xff,
    0xff, 0xff, 0xff, 0xff, 0xff, 0xff, 0xff, 0xff,
    0xff, 0x8f, 0xff, 0xff, 0xff, 0xff, 0xff, 0xf8,

    /* U+F784 "" */
    0x0, 0xe, 0xe0, 0x0, 0xe, 0xe0, 0x0, 0x0,
    0xf, 0xf0, 0x0, 0xf, 0xf0, 0x0, 0x8f, 0xff,
    0xff, 0xff, 0xff, 0xff, 0xf8, 0xff, 0xff, 0xff,
    0xff, 0xff, 0xff, 0xff, 0xff, 0xff, 0xff, 0xff,
    0xff, 0xff, 0xff, 0x0, 0x0, 0x0, 0x0, 0x0,
    0x0, 0x0, 0xff, 0xff, 0xff, 0xff, 0xff, 0xff,
    0xff, 0xff, 0xff, 0xff, 0xff, 0xff, 0xff, 0xff,
    0xff, 0x10, 0x0, 0x0, 0x0, 0x1, 0xff, 0xff,
    0x0, 0x0, 0x0, 0x0, 0x0, 0xff, 0xff, 0x10,
    0x0, 0x0, 0x0, 0x1, 0xff, 0xff, 0xff, 0xff,
    0xff, 0xff, 0xff, 0xff, 0xff, 0xff, 0xff, 0xff,
    0xff, 0xff, 0xff, 0xff, 0xff, 0xff, 0xff, 0xff,
    0xff, 0xff, 0xff, 0xff, 0xff, 0xff, 0xff, 0xff,
    0xff, 0x8f, 0xff, 0xff, 0xff, 0xff, 0xff, 0xf8,

    /* U+F786 "" */
    0x0, 0x0, 0x0, 0x0, 0x4, 0xbe, 0xeb, 0x40,
    0x0, 0x0, 0x0, 0x0, 0x0, 0x8f, 0x9a, 0xff,
    0xf8, 0x0, 0x0, 0x0, 0x0, 0x0, 0xbf, 0xa4,
    0xfc, 0x2f, 0x50, 0x0, 0x0, 0x0, 0x0, 0x3f,
    0xfd, 0xf6, 0xbf, 0xc0, 0x0, 0x0, 0x0, 0x0,
    0x7, 0xa3, 0x3f, 0xff, 0xf0, 0x0, 0x0, 0x0,
    0x0, 0x0, 0x0, 0x2e, 0x39, 0xf0, 0x0, 0x0,
    0x0, 0x0, 0x0, 0x7, 0xff, 0xb9, 0xb0, 0x0,
    0x0, 0x0, 0x0, 0x4, 0xdd, 0xff, 0xff, 0x40,
    0x0, 0x0, 0x0, 0x2, 0xbf, 0xd2, 0x4e, 0xf8,
    0x0, 0x0, 0x0, 0x0, 0x8e, 0xef, 0xff, 0xbe,
    0x50, 0x0, 0x0, 0x0, 0x5e, 0xf8, 0x1a, 0xff,
    0x80, 0x0, 0x0, 0x0, 0x2b, 0xdf, 0xff, 0xcd,
    0xb2, 0x0, 0x0, 0x0, 0x7, 0xff, 0x34, 0xdf,
    0xe5, 0x0, 0x0, 0x0, 0x0, 0xe, 0xff, 0xfa,
    0xe8, 0x0, 0x0, 0x0, 0x0, 0x0, 0x6, 0xff,
    0xfb, 0x20, 0x0, 0x0, 0x0, 0x0, 0x0, 0x0,
    0xbd, 0x50, 0x0, 0x0, 0x0, 0x0, 0x0, 0x0,

    /* U+F787 "" */
    0x0, 0x0, 0x0, 0x0, 0x0, 0x3, 0xa0, 0x0,
    0x0, 0x0, 0x0, 0x0, 0x0, 0x0, 0xc, 0xf4,
    0x0, 0x0, 0x0, 0x0, 0x0, 0x0, 0x0, 0xf,
    0xf7, 0x0, 0x0, 0x0, 0x0, 0x0, 0x0, 0x0,
    0xc, 0xf8, 0x74, 0x0, 0x0, 0x0, 0x0, 0x4,
    0x65, 0x3, 0xff, 0xff, 0xa0, 0x0, 0x0, 0x1,
    0xcf, 0xff, 0xe3, 0x3c, 0xfd, 0x40, 0x0, 0x0,
    0x1, 0xbf, 0xff, 0xfe, 0x0, 0x0, 0x0, 0x0,
    0x0, 0x4c, 0x1c, 0xff, 0xff, 0x60, 0x0, 0x0,
    0x0, 0x0, 0xbf, 0xcc, 0xff, 0xff, 0x80, 0x0,
    0x0, 0x0, 0x3, 0xff, 0xff, 0xff, 0xff, 0x50,
    0x0, 0x0, 0x0, 0xb, 0xff, 0xff, 0xff, 0xfd,
    0x0, 0x0, 0x0, 0x0, 0x3f, 0xdc, 0xff, 0xff,
    0xc1, 0x0, 0x0, 0x0, 0x0, 0xbf, 0xd1, 0xbf,
    0xc4, 0x0, 0x0, 0x0, 0x0, 0x2, 0xff, 0xfc,
    0x14, 0x0, 0x0, 0x0, 0x0, 0x0, 0xa, 0xff,
    0xb3, 0x0, 0x0, 0x0, 0x0, 0x0, 0x0, 0xc,
    0xb3, 0x0, 0x0, 0x0, 0x0, 0x0, 0x0, 0x0,
    0x0, 0x0, 0x0, 0x0, 0x0, 0x0, 0x0, 0x0,
    0x0,

    /* U+F788 "" */
    0xe, 0xff, 0xff, 0xff, 0xff, 0x0, 0x0, 0x0,
    0x0, 0xfc, 0x88, 0x88, 0x8b, 0xf0, 0x0, 0x0,
    0x0, 0xf, 0xc8, 0x88, 0x88, 0xbf, 0x0, 0x0,
    0x0, 0x0, 0xef, 0xff, 0xff, 0xff, 0xf0, 0x0,
    0x0, 0x0, 0x0, 0x0, 0x7f, 0x80, 0x0, 0x0,
    0x0, 0x0, 0x0, 0x0, 0x7, 0xf8, 0x0, 0x0,
    0x0, 0x0, 0x0, 0xd, 0xff, 0xff, 0xff, 0xff,
    0xff, 0xff, 0xd0, 0x3, 0xfe, 0x4d, 0xe4, 0xde,
    0x4d, 0xe4, 0xdf, 0x40, 0x6f, 0xe7, 0xee, 0x7e,
    0xe7, 0xee, 0x7e, 0xf6, 0x8, 0xff, 0xfd, 0xdf,
    0xdd, 0xfd, 0xdf, 0xff, 0x90, 0xbf, 0xff, 0x54,
    0xf5, 0x4f, 0x54, 0xff, 0xfc, 0xe, 0xff, 0xff,
    0xff, 0xff, 0xff, 0xff, 0xff, 0xf0, 0xff, 0xff,
    0xff, 0xff, 0xff, 0xff, 0xff, 0xff, 0xf, 0xff,
    0xff, 0x54, 0x44, 0x44, 0xff, 0xff, 0xf0, 0xff,
    0xff, 0xf8, 0x88, 0x88, 0x8f, 0xff, 0xff, 0xb,
    0xff, 0xff, 0xff, 0xff, 0xff, 0xff, 0xff, 0xc0,

    /* U+F78C "" */
    0x6d, 0x10, 0x0, 0x0, 0x0, 0x0, 0x1, 0xd6,
    0xdf, 0xd1, 0x0, 0x0, 0x0, 0x0, 0x1e, 0xfd,
    0x2e, 0xfd, 0x18, 0xd0, 0xd, 0x82, 0xef, 0xe1,
    0x2, 0xef, 0xff, 0xf0, 0xf, 0xff, 0xfe, 0x10,
    0x0, 0x2f, 0xff, 0xf0, 0xf, 0xff, 0xf2, 0x0,
    0x0, 0x8f, 0xff, 0xf0, 0xf, 0xff, 0xf8, 0x0,
    0x0, 0xdf, 0xff, 0xd0, 0xd, 0xff, 0xfd, 0x0,
    0x0, 0x0, 0x0, 0x0, 0x0, 0x0, 0x0, 0x0,
    0x0, 0x0, 0x0, 0x0, 0x0, 0x0, 0x0, 0x0,
    0x0, 0xdf, 0xff, 0xd0, 0xd, 0xff, 0xfd, 0x0,
    0x0, 0x8f, 0xff, 0xf0, 0xf, 0xff, 0xf8, 0x0,
    0x0, 0x2f, 0xff, 0xf0, 0xf, 0xff, 0xf1, 0x0,
    0x1, 0xef, 0xff, 0xf0, 0xf, 0xff, 0xfd, 0x10,
    0x1e, 0xfe, 0x28, 0xd0, 0xd, 0x82, 0xef, 0xd1,
    0xdf, 0xe1, 0x0, 0x0, 0x0, 0x0, 0x2e, 0xfd,
    0x6d, 0x10, 0x0, 0x0, 0x0, 0x0, 0x2, 0xd6,
    0x0, 0x0, 0x0, 0x0, 0x0, 0x0, 0x0, 0x0,

    /* U+F793 "" */
    0x3f, 0xff, 0x4b, 0xff, 0x87, 0xff, 0xc3, 0xff,
    0xf4, 0x8, 0xff, 0xf1, 0xef, 0xf8, 0x7f, 0xff,
    0xf, 0xff, 0x80, 0xcf, 0xfd, 0x1f, 0xff, 0x87,
    0xff, 0xf2, 0xcf, 0xfc, 0xd, 0xff, 0xa4, 0xff,
    0xf8, 0x7f, 0xff, 0x59, 0xff, 0xe0, 0x0, 0x0,
    0x0, 0x0, 0x0, 0x0, 0x0, 0x0, 0x0, 0x0,
    0xef, 0xff, 0xff, 0xff, 0xff, 0xff, 0xff, 0xff,
    0x0, 0xef, 0xff, 0xff, 0xff, 0xff, 0xff, 0xff,
    0xff, 0xff, 0xe, 0xff, 0xff, 0xff, 0xff, 0xff,
    0xff, 0xff, 0xff, 0xf0, 0x8, 0xff, 0xff, 0xff,
    0xff, 0xff, 0xff, 0xff, 0x90, 0x0, 0x6f, 0xff,
    0xff, 0xff, 0xff, 0xff, 0xff, 0xf7, 0x0, 0x4,
    0xff, 0xff, 0xff, 0xff, 0xff, 0xff, 0xff, 0x50,
    0x0, 0x2f, 0xff, 0xff, 0xff, 0xff, 0xff, 0xff,
    0xf3, 0x0, 0x0, 0xff, 0xff, 0xff, 0xff, 0xff,
    0xff, 0xff, 0x10, 0x0, 0xe, 0xf0, 0x0, 0x0,
    0x0, 0x0, 0xe, 0xf0, 0x0,

    /* U+F794 "" */
    0x3f, 0xff, 0x4b, 0xff, 0x87, 0xff, 0xc3, 0xff,
    0xf4, 0x0, 0x8, 0xff, 0xf1, 0xef, 0xf8, 0x7f,
    0xff, 0xf, 0xff, 0x80, 0x0, 0xcf, 0xfd, 0x1f,
    0xff, 0x87, 0xff, 0xd0, 0x5f, 0xfb, 0x0, 0xd,
    0xff, 0xa4, 0xff, 0xf8, 0x7f, 0xd1, 0xa5, 0x56,
    0x10, 0x0, 0x0, 0x0, 0x0, 0x0, 0x0, 0x0,
    0xaf, 0xf4, 0x39, 0x0, 0x0, 0xef, 0xff, 0xff,
    0xff, 0xf5, 0x6f, 0xff, 0xfe, 0xf7, 0x0, 0xef,
    0xff, 0xff, 0xff, 0xfc, 0x2f, 0xf9, 0xef, 0xff,
    0xf2, 0xe, 0xff, 0xff, 0xff, 0xff, 0x59, 0xfc,
    0x3, 0xff, 0xdf, 0x90, 0x8, 0xff, 0xff, 0xff,
    0xf1, 0xef, 0x50, 0x6, 0x47, 0xfe, 0x0, 0x6f,
    0xff, 0xff, 0xff, 0x1e, 0xf5, 0x0, 0x0, 0x6f,
    0xf0, 0x4, 0xff, 0xff, 0xff, 0xf3, 0xbf, 0xa0,
    0x0, 0xb, 0xfc, 0x0, 0x2f, 0xff, 0xff, 0xff,
    0x94, 0xff, 0xa4, 0x4a, 0xff, 0x50, 0x0, 0xff,
    0xff, 0xff, 0xff, 0x38, 0xff, 0xff, 0xff, 0x90,
    0x0, 0xe, 0xf0, 0x0, 0x0, 0x0, 0x4, 0xcf,
    0xfc, 0x50, 0x0,

    /* U+F796 "" */
    0x0, 0x0, 0xef, 0xff, 0xff, 0xfe, 0x0, 0x0,
    0x0, 0x0, 0xff, 0xff, 0xff, 0xff, 0x0, 0x0,
    0x0, 0xef, 0xff, 0xff, 0xff, 0xff, 0xfe, 0x0,
    0x0, 0xff, 0xff, 0xff, 0xff, 0xff, 0xff, 0x0,
    0xef, 0xff, 0xff, 0xff, 0xff, 0xff, 0xff, 0xfe,
    0xff, 0xff, 0xff, 0xff, 0xff, 0xff, 0xff, 0xff,
    0xff, 0xff, 0xff, 0xff, 0xff, 0xff, 0xff, 0xff,
    0xff, 0xff, 0xff, 0xff, 0xff, 0xff, 0xff, 0xff,
    0xff, 0xf0, 0xff, 0xf, 0xf0, 0xff, 0xf, 0xff,
    0xff, 0xf0, 0xff, 0xf, 0xf0, 0xff, 0xf, 0xff,
    0xff, 0xf0, 0xff, 0xf, 0xf0, 0xff, 0xf, 0xff,
    0xef, 0xf0, 0xff, 0xf, 0xf0, 0xff, 0xf, 0xfe,

    /* U+F79C "" */
    0x0, 0x0, 0x0, 0x0, 0x0, 0x0, 0x0, 0x0,
    0x0, 0x0, 0x0, 0x6d, 0xd, 0x60, 0x0, 0x0,
    0x0, 0x0, 0x0, 0x0, 0x1e, 0xbf, 0xaf, 0xbe,
    0x10, 0x0, 0x0, 0x0, 0x0, 0x0, 0xb, 0xff,
    0xff, 0xfb, 0x0, 0x0, 0x0, 0x0, 0x0, 0x0,
    0xcf, 0xff, 0xff, 0xff, 0xa0, 0x0, 0x0, 0x0,
    0x0, 0x0, 0xff, 0xff, 0xff, 0xff, 0x19, 0xfd,
    0x30, 0x3d, 0xf9, 0x0, 0xff, 0xff, 0xff, 0xfa,
    0x5f, 0xad, 0xe2, 0xed, 0xaf, 0x50, 0xff, 0xff,
    0xff, 0xb1, 0x7f, 0x22, 0xfe, 0xf2, 0x2f, 0x70,
    0xff, 0xff, 0xff, 0x1c, 0xff, 0xff, 0xf0, 0xff,
    0xff, 0xfc, 0xff, 0xff, 0xff, 0xf, 0xff, 0xff,
    0xf0, 0xff, 0xff, 0xff, 0xff, 0xff, 0xff, 0xf,
    0xff, 0xff, 0xf0, 0xff, 0xff, 0xff, 0xff, 0xff,
    0xff, 0xf, 0xff, 0xff, 0xf0, 0xff, 0xff, 0xff,
    0xff, 0xff, 0xff, 0x0, 0x0, 0x0, 0x0, 0x0,
    0x0, 0x0, 0xff, 0xff, 0xff, 0xf, 0xff, 0xff,
    0xf0, 0xff, 0xff, 0xff, 0xff, 0xff, 0xff, 0xf,
    0xff, 0xff, 0xf0, 0xff, 0xff, 0xff, 0xff, 0xff,
    0xff, 0xf, 0xff, 0xff, 0xf0, 0xff, 0xff, 0xff,
    0xcf, 0xff, 0xff, 0x1c, 0xff, 0xff, 0xf0, 0xff,
    0xff, 0xfc,

    /* U+F79F "" */
    0x0, 0x0, 0x0, 0x0, 0x0, 0x0, 0x0, 0x0,
    0x0, 0x0, 0x0, 0x0, 0x0, 0x0, 0xae, 0x81,
    0x0, 0x17, 0xdb, 0x0, 0x0, 0x0, 0x0, 0x0,
    0x5, 0xfc, 0xff, 0xaa, 0xff, 0xcf, 0x60, 0x0,
    0x0, 0x0, 0x0, 0xe, 0xc0, 0x28, 0xff, 0x92,
    0xb, 0xe1, 0x0, 0x0, 0x0, 0x0, 0x8f, 0x60,
    0x0, 0xef, 0x0, 0x5, 0xf9, 0x0, 0x0, 0x0,
    0x2, 0xff, 0xfd, 0x63, 0xff, 0x46, 0xcf, 0xff,
    0x20, 0x0, 0x0, 0x9, 0xff, 0xff, 0xff, 0xff,
    0xff, 0xff, 0xff, 0xa0, 0x0, 0x0, 0xe, 0xff,
    0xff, 0xff, 0xdc, 0xff, 0xff, 0xff, 0xf0, 0x0,
    0x0, 0xe, 0xff, 0xff, 0xff, 0x87, 0xff, 0xff,
    0xff, 0xf0, 0x0, 0x0, 0x9, 0xff, 0xff, 0xff,
    0x32, 0xff, 0xff, 0xff, 0xa0, 0x0, 0x0, 0x1,
    0xcf, 0xff, 0xf8, 0x0, 0x7f, 0xff, 0xfd, 0x10,
    0x0, 0x0, 0x0, 0x9f, 0xd9, 0x40, 0x0, 0x4,
    0x9c, 0xfa, 0x0, 0x0, 0x0, 0x0, 0xff, 0x20,
    0x0, 0x0, 0x0, 0x1, 0xff, 0x10, 0x0, 0x0,
    0x26, 0xfc, 0x0, 0x0, 0x0, 0x0, 0x0, 0xbf,
    0x62, 0x10, 0xc, 0xff, 0xf6, 0x0, 0x0, 0x0,
    0x0, 0x0, 0x5f, 0xff, 0xd0, 0x0, 0x6d, 0xfe,
    0x40, 0x0, 0x0, 0x0, 0x3, 0xef, 0xd7, 0x10,
    0x0, 0x0, 0x3a, 0x90, 0x0, 0x0, 0x0, 0x8,
    0xb4, 0x0, 0x0, 0x0, 0x0, 0x0, 0x0, 0x0,
    0x0, 0x0, 0x0, 0x0, 0x0, 0x0,

    /* U+F7A0 "" */
    0xb, 0xff, 0xff, 0xff, 0xff, 0xff, 0xff, 0xff,
    0xc0, 0xe, 0xff, 0xff, 0xff, 0xff, 0xff, 0xff,
    0xff, 0xf0, 0xc, 0xf4, 0x0, 0x0, 0x0, 0x0,
    0x0, 0x3f, 0xd0, 0x9, 0xf6, 0x0, 0x0, 0x0,
    0x0, 0x0, 0x5f, 0xa0, 0x7, 0xf9, 0x0, 0x0,
    0x0, 0x0, 0x0, 0x8f, 0x80, 0x4, 0xfc, 0x0,
    0x0, 0x0, 0x0, 0x0, 0xaf, 0x50, 0x2, 0xfe,
    0x0, 0x0, 0x0, 0x0, 0x0, 0xdf, 0x30, 0x0,
    0xff, 0x10, 0x0, 0x0, 0x0, 0x0, 0xff, 0x0,
    0x0, 0xdf, 0xff, 0xff, 0xff, 0xff, 0xff, 0xfd,
    0x0, 0x0, 0xaf, 0xff, 0xff, 0xff, 0xff, 0xff,
    0xfb, 0x0, 0x0, 0x8f, 0xff, 0xff, 0xff, 0xff,
    0xff, 0xf8, 0x0, 0x0, 0x5f, 0xff, 0xff, 0xff,
    0xff, 0xff, 0xf6, 0x0, 0x0, 0x2f, 0xff, 0xff,
    0xff, 0xff, 0xff, 0xf3, 0x0, 0x0, 0x7, 0xff,
    0xff, 0xff, 0xff, 0xff, 0x80, 0x0,

    /* U+F7A2 "" */
    0x0, 0x0, 0x4, 0x89, 0x96, 0x20, 0x0, 0x0,
    0x0, 0x6, 0xef, 0xfe, 0xef, 0xfa, 0x10, 0x0,
    0x0, 0x9f, 0xff, 0xc1, 0x52, 0x8f, 0xe2, 0x0,
    0x7, 0xff, 0xfd, 0xca, 0xa0, 0x2, 0xee, 0x10,
    0x2f, 0xff, 0x48, 0xc4, 0x0, 0x0, 0x2f, 0x90,
    0x9f, 0xff, 0xfe, 0x20, 0x0, 0x6f, 0x78, 0xf1,
    0xdf, 0xff, 0xf9, 0x3, 0x19, 0xa0, 0x3, 0xf5,
    0xff, 0xff, 0xfd, 0x8e, 0xff, 0xfe, 0x0, 0xf7,
    0xff, 0xff, 0xff, 0xc8, 0x8e, 0xfb, 0x0, 0xf7,
    0xdf, 0xff, 0xf6, 0x0, 0x2, 0xdf, 0x53, 0xf5,
    0x9f, 0xff, 0xa0, 0x0, 0x0, 0x2, 0xdf, 0xf1,
    0x2f, 0xff, 0x90, 0x0, 0x0, 0x0, 0x2f, 0xa0,
    0x8, 0xff, 0xe3, 0x0, 0x0, 0x2, 0xde, 0x10,
    0x0, 0x9f, 0xff, 0xa8, 0x1, 0x7f, 0xe3, 0x0,
    0x0, 0x6, 0xef, 0xff, 0xef, 0xfb, 0x10, 0x0,
    0x0, 0x0, 0x5, 0x8a, 0x97, 0x20, 0x0, 0x0,

    /* U+F7A4 "" */
    0xef, 0xff, 0xff, 0xff, 0xff, 0xff, 0xff, 0xfe,
    0xef, 0xff, 0xff, 0xff, 0xff, 0xff, 0xff, 0xfe,
    0x0, 0x0, 0x0, 0x0, 0x0, 0x0, 0x0, 0x0,
    0x0, 0x0, 0x0, 0x0, 0x0, 0x0, 0x0, 0x0,
    0xef, 0xff, 0xff, 0xff, 0xff, 0xff, 0xff, 0xfe,
    0xef, 0xff, 0xff, 0xff, 0xff, 0xff, 0xff, 0xfe,

    /* U+F7A5 "" */
    0xee, 0x0, 0xee, 0xff, 0x0, 0xff, 0xff, 0x0,
    0xff, 0xff, 0x0, 0xff, 0xff, 0x0, 0xff, 0xff,
    0x0, 0xff, 0xff, 0x0, 0xff, 0xff, 0x0, 0xff,
    0xff, 0x0, 0xff, 0xff, 0x0, 0xff, 0xff, 0x0,
    0xff, 0xff, 0x0, 0xff, 0xff, 0x0, 0xff, 0xff,
    0x0, 0xff, 0xff, 0x0, 0xff, 0xee, 0x0, 0xee,

    /* U+F7A6 "" */
    0x0, 0x0, 0x0, 0x0, 0x0, 0x0, 0x0, 0xbd,
    0x20, 0x0, 0x0, 0x0, 0x0, 0x0, 0x0, 0xc,
    0xff, 0xd0, 0x0, 0x0, 0x0, 0x0, 0x0, 0x0,
    0x6f, 0xff, 0xc0, 0x0, 0x0, 0x0, 0x0, 0x0,
    0x1, 0xdf, 0xfc, 0x10, 0x0, 0x0, 0x0, 0x0,
    0x0, 0x1c, 0xfd, 0x70, 0x0, 0x0, 0x0, 0x0,
    0xaf, 0xe8, 0xcf, 0xd1, 0x0, 0x0, 0x0, 0x0,
    0x9, 0xff, 0xff, 0xfd, 0x10, 0x0, 0x0, 0x0,
    0x0, 0x5f, 0xff, 0xff, 0xf9, 0x0, 0x0, 0x0,
    0x0, 0x9f, 0xff, 0x80, 0x7f, 0xfe, 0x0, 0x0,
    0x0, 0x8, 0xff, 0xff, 0x10, 0xf, 0xff, 0x0,
    0x0, 0x0, 0xe, 0xff, 0xff, 0x80, 0x7f, 0xfb,
    0x0, 0x0, 0x0, 0xe, 0xff, 0xff, 0xff, 0xff,
    0xa1, 0x0, 0x0, 0x0, 0xb, 0xff, 0xff, 0xff,
    0xf6, 0x0, 0x0, 0x0, 0x0, 0x4, 0xff, 0xff,
    0xff, 0xf0, 0x0, 0x0, 0x0, 0x0, 0x0, 0x7f,
    0xff, 0xff, 0xa0, 0x0, 0x0, 0x0, 0x0, 0x0,
    0x4, 0xcf, 0xf9, 0x0, 0x0, 0x0, 0x0, 0x0,
    0x0, 0x0, 0x0, 0x0, 0x0, 0x0, 0x0, 0x0,
    0x0,

    /* U+F7A9 "" */
    0x0, 0x0, 0x0, 0x0, 0x0, 0x0, 0x0, 0x0,
    0x0, 0x0, 0x9, 0xee, 0xb3, 0x0, 0x3b, 0xee,
    0x91, 0x0, 0x1, 0xdf, 0xff, 0xfd, 0x0, 0x4f,
    0xff, 0xfe, 0x10, 0x9, 0xff, 0xff, 0xff, 0x30,
    0xe, 0xff, 0xff, 0xa0, 0xe, 0xff, 0xff, 0xff,
    0x50, 0xa, 0xff, 0xff, 0xf0, 0xf, 0xff, 0xff,
    0xd3, 0x0, 0x5e, 0xff, 0xff, 0xf0, 0xc, 0xff,
    0xfd, 0x0, 0x1a, 0xff, 0xff, 0xff, 0xd0, 0x5,
    0xff, 0xff, 0x80, 0x4f, 0xff, 0xff, 0xff, 0x60,
    0x0, 0x8f, 0xff, 0xf8, 0xe, 0xff, 0xff, 0xf9,
    0x0, 0x0, 0x8, 0xff, 0xff, 0x88, 0xff, 0xff,
    0x90, 0x0, 0x0, 0x0, 0x9f, 0xff, 0xfa, 0xff,
    0xfa, 0x0, 0x0, 0x0, 0x0, 0x9, 0xff, 0xff,
    0xff, 0xa0, 0x0, 0x0, 0x0, 0x0, 0x0, 0xaf,
    0xff, 0xfa, 0x0, 0x0, 0x0, 0x0, 0x0, 0x0,
    0xa, 0xff, 0xb0, 0x0, 0x0, 0x0, 0x0, 0x0,
    0x0, 0x0, 0xab, 0x0, 0x0, 0x0, 0x0,

    /* U+F7AA "" */
    0x0, 0x0, 0x0, 0x1d, 0xd2, 0x0, 0x0, 0x0,
    0x0, 0x0, 0x0, 0x6f, 0xf7, 0x0, 0x0, 0x0,
    0x0, 0x0, 0x0, 0x1d, 0xd2, 0x0, 0x0, 0x0,
    0x0, 0x0, 0x7f, 0x80, 0x7, 0xf8, 0x0, 0x0,
    0x0, 0x0, 0xef, 0xf0, 0xe, 0xff, 0x0, 0x0,
    0x0, 0x0, 0x7f, 0x80, 0x7, 0xf8, 0x0, 0x0,
    0x0, 0x0, 0x0, 0x0, 0x0, 0x0, 0x0, 0x0,
    0x0, 0x0, 0x27, 0xe8, 0x6f, 0x83, 0x0, 0x0,
    0x0, 0xe, 0xff, 0xfa, 0x5f, 0xff, 0xf0, 0x0,
    0x0, 0xb, 0xff, 0xfc, 0x2f, 0xff, 0xc0, 0x0,
    0x0, 0x9, 0xff, 0xff, 0x2d, 0xff, 0xa0, 0x0,
    0x8, 0xcf, 0xff, 0xd9, 0x1a, 0xff, 0xfd, 0x80,
    0xc, 0xff, 0xfe, 0x0, 0x0, 0xdf, 0xff, 0xd0,
    0x7, 0xff, 0xff, 0x10, 0x0, 0xff, 0xff, 0x80,
    0x5, 0xff, 0xff, 0x30, 0x2, 0xff, 0xff, 0x50,
    0x2, 0xe8, 0x20, 0x0, 0x0, 0x2, 0x8e, 0x30,
    0x0, 0x0, 0x0, 0x0, 0x0, 0x0, 0x0, 0x0,

    /* U+F7AB "" */
    0x0, 0x0, 0x0, 0x0, 0x0, 0x0, 0x0, 0x0,
    0x0, 0x0, 0x0, 0x0, 0x0, 0x39, 0xd0, 0x0,
    0x0, 0x0, 0x0, 0x0, 0x17, 0xdf, 0xfe, 0x0,
    0x0, 0x0, 0x0, 0x4, 0xbf, 0xff, 0xff, 0x40,
    0x0, 0x0, 0x0, 0x1b, 0xff, 0xff, 0xff, 0xff,
    0x60, 0x0, 0x0, 0xd, 0xff, 0xff, 0xff, 0xff,
    0xff, 0x50, 0x0, 0x9, 0xff, 0xff, 0xff, 0xfe,
    0xaf, 0xfd, 0x0, 0x1, 0xff, 0xff, 0xff, 0xff,
    0xa3, 0xff, 0xf4, 0x0, 0x6f, 0xff, 0xff, 0xff,
    0xff, 0xff, 0xff, 0xb0, 0xa, 0xff, 0xff, 0xff,
    0xff, 0xff, 0xff, 0xff, 0x20, 0xdf, 0xff, 0xd5,
    0xff, 0xff, 0xff, 0xff, 0xf9, 0xe, 0xff, 0xff,
    0x45, 0xdf, 0xcf, 0xff, 0xff, 0xe0, 0xff, 0xff,
    0xff, 0x72, 0x0, 0x9f, 0xff, 0xf9, 0xf, 0xff,
    0xff, 0xff, 0xf3, 0x0, 0xcf, 0xf8, 0x0, 0xff,
    0xff, 0xff, 0xff, 0xb0, 0x0, 0x0, 0x0, 0xf,
    0xff, 0xff, 0xff, 0xff, 0x30, 0x0, 0x0, 0x0,
    0xcf, 0xff, 0xff, 0xff, 0xf3, 0x0, 0x0, 0x0,
    0x0,

    /* U+F7AD "" */
    0xb, 0xff, 0xff, 0xff, 0xff, 0xff, 0xff, 0xff,
    0xc0, 0xd, 0xff, 0xff, 0xff, 0xff, 0xff, 0xff,
    0xff, 0xf0, 0x8, 0xff, 0xff, 0xff, 0xff, 0xff,
    0xff, 0xff, 0xc0, 0x3, 0xff, 0xff, 0xff, 0xff,
    0xff, 0xff, 0xff, 0x90, 0x0, 0xef, 0xff, 0xff,
    0xff, 0xfe, 0xff, 0xff, 0x60, 0x0, 0x9f, 0xff,
    0xff, 0xff, 0xf8, 0xff, 0xff, 0x30, 0x0, 0x4f,
    0xfb, 0xff, 0x9f, 0xf2, 0xef, 0xff, 0x0, 0x0,
    0xf, 0xf3, 0xff, 0x4d, 0xe0, 0xbf, 0xfd, 0x0,
    0x0, 0xa, 0xa0, 0xff, 0x8, 0xa0, 0x8f, 0xfa,
    0x0, 0x0, 0x5, 0x50, 0xcd, 0x4, 0x50, 0x5f,
    0xf7, 0x0, 0x0, 0x0, 0x0, 0x89, 0x0, 0x0,
    0x2f, 0xf4, 0x0, 0x0, 0x0, 0x0, 0x45, 0x0,
    0x0, 0xf, 0xf1, 0x0, 0x0, 0x0, 0x0, 0x0,
    0x0, 0x0, 0xd, 0xe0, 0x0, 0x0, 0x0, 0x0,
    0x0, 0x0, 0x0, 0xa, 0xb0, 0x0, 0x0, 0x0,
    0x0, 0x0, 0x0, 0x0, 0x7, 0x80, 0x0, 0x0,
    0x0, 0x0, 0x0, 0x0, 0x0, 0x4, 0x50, 0x0,

    /* U+F7AE "" */
    0x0, 0x0, 0x4, 0xad, 0xff, 0x9, 0x40, 0x0,
    0x0, 0x0, 0x1, 0xcf, 0xff, 0xff, 0xf, 0xfc,
    0x20, 0x0, 0x0, 0x3e, 0xff, 0xff, 0xff, 0xf,
    0xff, 0xf3, 0x0, 0x2, 0xef, 0xff, 0xff, 0xff,
    0xf, 0xff, 0xfe, 0x20, 0x0, 0x0, 0x0, 0x0,
    0x0, 0x0, 0x0, 0x0, 0x0, 0x3f, 0xf0, 0xff,
    0xff, 0xff, 0xff, 0xff, 0xf, 0xf3, 0x9f, 0xf0,
    0xff, 0xff, 0xff, 0xff, 0xff, 0xf, 0xf9, 0xdf,
    0xf0, 0xff, 0xd5, 0x11, 0x5d, 0xff, 0xf, 0xfd,
    0xff, 0xf0, 0xfe, 0x18, 0xee, 0x81, 0xef, 0xf,
    0xff, 0x0, 0x0, 0x0, 0x8f, 0xff, 0xf8, 0x0,
    0x0, 0x0, 0xff, 0xff, 0xf0, 0xef, 0xff, 0xfe,
    0x1f, 0xff, 0xff, 0xff, 0xff, 0xf0, 0xff, 0xff,
    0xff, 0xf, 0xff, 0xff, 0xff, 0xff, 0xf0, 0xff,
    0xff, 0xff, 0xf, 0xff, 0xff, 0xcf, 0xff, 0xf0,
    0xff, 0xff, 0xff, 0xf, 0xff, 0xfc,

    /* U+F7B5 "" */
    0x0, 0x0, 0x0, 0x0, 0x0, 0x0, 0x0, 0x0,
    0x0, 0x7, 0xdf, 0xe8, 0x0, 0x0, 0x0, 0x0,
    0x0, 0xcf, 0xff, 0xff, 0xc0, 0x0, 0x0, 0x0,
    0x7, 0xff, 0xff, 0xff, 0xf8, 0x0, 0x0, 0x0,
    0xd, 0xff, 0xff, 0xff, 0xfe, 0x0, 0x0, 0x0,
    0xf, 0xff, 0xff, 0xff, 0xff, 0x20, 0x0, 0x0,
    0xd, 0xff, 0xff, 0xff, 0xff, 0x50, 0x0, 0x0,
    0x9, 0xff, 0xff, 0xff, 0xff, 0x94, 0xee, 0x40,
    0x6, 0xff, 0xff, 0xff, 0xff, 0xef, 0xff, 0xe0,
    0x2, 0xff, 0xff, 0xff, 0xff, 0xff, 0xff, 0xe0,
    0x0, 0xef, 0xff, 0xff, 0xff, 0xff, 0xff, 0x50,
    0x0, 0xbf, 0xff, 0xff, 0xff, 0xff, 0xf8, 0x0,
    0x0, 0x7f, 0xff, 0xff, 0xff, 0xff, 0xb0, 0x0,
    0x0, 0x0, 0x0, 0x0, 0x0, 0x0, 0x0, 0x0,
    0x0, 0xef, 0xff, 0xff, 0xff, 0xff, 0xf0, 0x0,
    0x0, 0xff, 0xff, 0xff, 0xff, 0xff, 0xf0, 0x0,
    0x0, 0xef, 0xff, 0xff, 0xff, 0xff, 0xf0, 0x0,

    /* U+F7B6 "" */
    0x0, 0xe8, 0x6, 0xf1, 0x0, 0x0, 0x0, 0x0,
    0x0, 0xbe, 0x3, 0xf7, 0x0, 0x0, 0x0, 0x0,
    0x0, 0x3f, 0xa0, 0xbf, 0x20, 0x0, 0x0, 0x0,
    0x0, 0x8, 0xf3, 0x1e, 0xb0, 0x0, 0x0, 0x0,
    0x0, 0x1, 0xf6, 0x8, 0xe0, 0x0, 0x0, 0x0,
    0x0, 0x0, 0x0, 0x0, 0x0, 0x0, 0x0, 0x0,
    0xcf, 0xff, 0xff, 0xff, 0xff, 0xff, 0xfd, 0x50,
    0xff, 0xff, 0xff, 0xff, 0xff, 0xff, 0xff, 0xf5,
    0xff, 0xff, 0xff, 0xff, 0xff, 0xff, 0x7, 0xfd,
    0xff, 0xff, 0xff, 0xff, 0xff, 0xff, 0x0, 0xff,
    0xff, 0xff, 0xff, 0xff, 0xff, 0xff, 0x7, 0xfd,
    0xff, 0xff, 0xff, 0xff, 0xff, 0xff, 0xff, 0xf5,
    0xff, 0xff, 0xff, 0xff, 0xff, 0xff, 0xfd, 0x50,
    0xef, 0xff, 0xff, 0xff, 0xff, 0xfe, 0x0, 0x0,
    0x8f, 0xff, 0xff, 0xff, 0xff, 0xf8, 0x0, 0x0,
    0x8, 0xef, 0xff, 0xff, 0xfe, 0x80, 0x0, 0x0,

    /* U+F7B9 "" */
    0x0, 0x0, 0x0, 0x0, 0x0, 0x0, 0x0, 0x0,
    0x0, 0x6f, 0x20, 0x0, 0x0, 0xa, 0xd1, 0x0,
    0x5, 0xff, 0xc0, 0x0, 0x0, 0x4f, 0xfd, 0x0,
    0x1f, 0xff, 0xf6, 0x0, 0x0, 0xef, 0xff, 0x80,
    0x7f, 0xff, 0xff, 0x10, 0x9, 0xff, 0xff, 0xe0,
    0xcf, 0xff, 0xfd, 0x13, 0x17, 0xff, 0xff, 0xf4,
    0xef, 0xff, 0xf6, 0x8f, 0xe1, 0xef, 0xff, 0xf6,
    0x23, 0x33, 0x31, 0xbf, 0xf2, 0x23, 0x33, 0x30,
    0x0, 0x0, 0x0, 0x2a, 0x70, 0x0, 0x0, 0x0,
    0x0, 0x0, 0x0, 0x86, 0x83, 0x0, 0x0, 0x0,
    0x0, 0x0, 0x5, 0xff, 0xfd, 0x0, 0x0, 0x0,
    0x0, 0x0, 0x1e, 0xff, 0xff, 0x70, 0x0, 0x0,
    0x0, 0x0, 0xaf, 0xff, 0xff, 0xf2, 0x0, 0x0,
    0x0, 0x1, 0xff, 0xff, 0xff, 0xf8, 0x0, 0x0,
    0x0, 0x0, 0x17, 0xbd, 0xc9, 0x40, 0x0, 0x0,

    /* U+F7BA "" */
    0x0, 0x0, 0x28, 0xbd, 0xc9, 0x40, 0x0, 0x0,
    0x0, 0x9, 0xff, 0xff, 0xff, 0xfc, 0x10, 0x0,
    0x0, 0xcf, 0xf9, 0x42, 0x37, 0xef, 0xe2, 0x0,
    0x9, 0xfe, 0x20, 0x0, 0x0, 0x1b, 0xfd, 0x0,
    0x3f, 0xf3, 0xb8, 0x0, 0x3, 0xe3, 0xdf, 0x70,
    0x9f, 0x89, 0xff, 0x30, 0xc, 0xfd, 0x4f, 0xd0,
    0xdf, 0x3f, 0xff, 0x60, 0xe, 0xff, 0x4e, 0xf2,
    0xff, 0x2e, 0xec, 0x1e, 0x87, 0xee, 0x5c, 0xf3,
    0xff, 0x0, 0x0, 0x1e, 0x80, 0x0, 0xc, 0xf3,
    0xdf, 0x30, 0x0, 0x10, 0x20, 0x0, 0xe, 0xf2,
    0x9f, 0x80, 0x0, 0xcf, 0xf4, 0x0, 0x4f, 0xd0,
    0x3f, 0xf2, 0x6, 0xff, 0xfd, 0x0, 0xdf, 0x70,
    0x9, 0xfe, 0x26, 0xef, 0xfb, 0x1b, 0xfd, 0x0,
    0x0, 0xcf, 0xf9, 0x43, 0x37, 0xef, 0xe2, 0x0,
    0x0, 0x9, 0xff, 0xff, 0xff, 0xfc, 0x10, 0x0,
    0x0, 0x0, 0x28, 0xcd, 0xc9, 0x40, 0x0, 0x0,

    /* U+F7BD "" */
    0x4, 0xee, 0x40, 0x0, 0xee, 0x0, 0x4, 0xee,
    0x40, 0x0, 0xe, 0xff, 0xe0, 0x0, 0xff, 0x0,
    0xe, 0xff, 0xe0, 0x0, 0xe, 0xff, 0xe0, 0x0,
    0xff, 0x0, 0xe, 0xff, 0xe0, 0x0, 0x4, 0xee,
    0x40, 0x0, 0xff, 0x0, 0x4, 0xee, 0x40, 0x0,
    0x26, 0x11, 0x62, 0x0, 0xff, 0x0, 0x16, 0x11,
    0x61, 0x0, 0xdf, 0xff, 0xfd, 0x0, 0xff, 0x0,
    0x9f, 0xff, 0xf9, 0x0, 0xff, 0xff, 0xff, 0x0,
    0xff, 0x0, 0xdf, 0xff, 0xfd, 0x0, 0xff, 0xff,
    0xff, 0x0, 0xff, 0x1, 0xff, 0xff, 0xff, 0x10,
    0xff, 0xff, 0xff, 0x0, 0xff, 0x5, 0xff, 0xff,
    0xff, 0x50, 0xff, 0xff, 0xff, 0x0, 0xff, 0x9,
    0xff, 0xff, 0xff, 0x90, 0xdf, 0xff, 0xfd, 0x0,
    0xff, 0xd, 0xff, 0xff, 0xff, 0xd0, 0xf, 0xff,
    0xf0, 0x0, 0xff, 0xd, 0xff, 0xff, 0xff, 0xd0,
    0xf, 0xff, 0xf0, 0x0, 0xff, 0x0, 0x8, 0xff,
    0x80, 0x0, 0xf, 0xff, 0xf0, 0x0, 0xff, 0x0,
    0x8, 0xff, 0x80, 0x0, 0xf, 0xff, 0xf0, 0x0,
    0xff, 0x0, 0x8, 0xff, 0x80, 0x0, 0xd, 0xff,
    0xd0, 0x0, 0xee, 0x0, 0x5, 0xff, 0x50, 0x0,

    /* U+F7BF "" */
    0x0, 0x0, 0x0, 0x1, 0x0, 0x0, 0x0, 0x0,
    0x0, 0x0, 0x0, 0x1d, 0xf3, 0x0, 0x1, 0x0,
    0x0, 0x0, 0x0, 0x1e, 0xed, 0xf3, 0x8, 0xfa,
    0x0, 0x0, 0x0, 0x1e, 0xe3, 0x1d, 0xfa, 0xff,
    0xfa, 0x0, 0x0, 0xc, 0xf3, 0x0, 0x1f, 0xff,
    0xff, 0xf0, 0x0, 0x0, 0xaf, 0x70, 0x8, 0xff,
    0xff, 0xf6, 0x0, 0x0, 0x0, 0xaf, 0x78, 0xff,
    0xff, 0xf8, 0x0, 0x0, 0x1, 0x20, 0xaf, 0xff,
    0xff, 0xfe, 0xf3, 0x0, 0x7e, 0xff, 0xfc, 0xff,
    0xff, 0xf6, 0x1d, 0xf3, 0x8, 0xff, 0xff, 0xff,
    0xff, 0xf6, 0x0, 0x1e, 0xf0, 0x8, 0xff, 0xff,
    0xff, 0xff, 0x70, 0x5, 0xfc, 0x0, 0x8, 0xff,
    0xff, 0xfa, 0xaf, 0x75, 0xfc, 0x0, 0x0, 0xa,
    0xff, 0xff, 0xe0, 0xaf, 0xfc, 0x0, 0x0, 0x1c,
    0xe9, 0xff, 0xff, 0x0, 0x9a, 0x0, 0x0, 0x1,
    0xfa, 0x8, 0xff, 0xf0, 0x0, 0x0, 0x0, 0x0,
    0x1, 0x0, 0x8, 0xfc, 0x0, 0x0, 0x0, 0x0,
    0x0, 0x0, 0x0, 0x8, 0x50, 0x0, 0x0, 0x0,
    0x0,

    /* U+F7C0 "" */
    0x0, 0x0, 0x0, 0xe, 0xdb, 0x60, 0x0, 0x0,
    0x0, 0x0, 0x0, 0x0, 0xe, 0xff, 0xfe, 0x50,
    0x0, 0x0, 0x0, 0x0, 0x0, 0x0, 0x26, 0xcf,
    0xf9, 0x0, 0x0, 0x0, 0x0, 0x0, 0xe, 0xd8,
    0x25, 0xff, 0x90, 0x0, 0x0, 0x0, 0x0, 0xe,
    0xff, 0xf6, 0x3f, 0xf6, 0x0, 0x0, 0x0, 0x0,
    0x0, 0x3a, 0xff, 0x65, 0xfe, 0x0, 0x2, 0x70,
    0x0, 0x0, 0x0, 0x6f, 0xf2, 0xcf, 0x60, 0x9,
    0xf9, 0x0, 0x0, 0x0, 0x9, 0xf9, 0x6f, 0xb0,
    0xd, 0xff, 0x90, 0xb, 0xc0, 0x3, 0xfd, 0x1f,
    0xe0, 0xf, 0xff, 0xf9, 0x3f, 0xc0, 0x0, 0xef,
    0xe, 0xf0, 0xe, 0xff, 0xff, 0xf4, 0x0, 0x0,
    0x0, 0x0, 0x0, 0xa, 0xff, 0xff, 0xf9, 0x0,
    0x0, 0x0, 0x0, 0x0, 0x4, 0xff, 0xff, 0xff,
    0x90, 0x0, 0x0, 0x0, 0x0, 0x0, 0x9f, 0xff,
    0xff, 0xf9, 0x0, 0x0, 0x0, 0x0, 0x0, 0xa,
    0xff, 0xff, 0xff, 0x70, 0x0, 0x0, 0x0, 0x0,
    0x0, 0x4b, 0xef, 0xea, 0x30, 0x0, 0x0, 0x0,
    0x0, 0x0, 0x0, 0x0, 0x0, 0x0, 0x0, 0x0,
    0x0,

    /* U+F7C2 "" */
    0x0, 0x7, 0xff, 0xff, 0xff, 0xe4, 0x0, 0x7f,
    0xff, 0xff, 0xff, 0xfe, 0x7, 0xf8, 0xf, 0xb,
    0x40, 0xff, 0x7f, 0xf8, 0xf, 0xb, 0x40, 0xff,
    0xff, 0xf8, 0xf, 0xb, 0x40, 0xff, 0xff, 0xff,
    0xff, 0xff, 0xff, 0xff, 0xff, 0xff, 0xff, 0xff,
    0xff, 0xff, 0xff, 0xff, 0xff, 0xff, 0xff, 0xff,
    0xff, 0xff, 0xff, 0xff, 0xff, 0xff, 0xff, 0xff,
    0xff, 0xff, 0xff, 0xff, 0xff, 0xff, 0xff, 0xff,
    0xff, 0xff, 0xff, 0xff, 0xff, 0xff, 0xff, 0xff,
    0xff, 0xff, 0xff, 0xff, 0xff, 0xff, 0xff, 0xff,
    0xff, 0xff, 0xff, 0xff, 0xef, 0xff, 0xff, 0xff,
    0xff, 0xfe, 0x4e, 0xff, 0xff, 0xff, 0xff, 0xe4,

    /* U+F7C4 "" */
    0x4e, 0xff, 0xff, 0xff, 0x80, 0x0, 0xef, 0xff,
    0xff, 0xff, 0xf8, 0x0, 0xff, 0xff, 0xff, 0xff,
    0xff, 0x80, 0xff, 0xff, 0xff, 0xff, 0xff, 0xf8,
    0xff, 0xff, 0xff, 0xff, 0xff, 0xff, 0xff, 0xff,
    0xff, 0xff, 0xff, 0xff, 0xff, 0x30, 0xf0, 0xf,
    0x3, 0xff, 0xff, 0x0, 0xf0, 0xf, 0x0, 0xff,
    0xff, 0xff, 0xff, 0xff, 0xff, 0xff, 0xff, 0x0,
    0x0, 0x0, 0x0, 0xff, 0xff, 0x0, 0x0, 0x0,
    0x0, 0xff, 0xff, 0xff, 0xff, 0xff, 0xff, 0xff,
    0xff, 0x0, 0xf0, 0xf, 0x0, 0xff, 0xff, 0x30,
    0xf0, 0xf, 0x3, 0xff, 0xef, 0xff, 0xff, 0xff,
    0xff, 0xfe, 0x4e, 0xff, 0xff, 0xff, 0xff, 0xe4,

    /* U+F7C5 "" */
    0x0, 0x0, 0x0, 0x0, 0x0, 0x0, 0x7f, 0x80,
    0x0, 0x0, 0x0, 0x0, 0x0, 0x0, 0xef, 0xf0,
    0x0, 0x0, 0x0, 0x0, 0x0, 0x0, 0x7f, 0x80,
    0x0, 0x0, 0xbf, 0xff, 0xff, 0xff, 0x50, 0x0,
    0x0, 0x0, 0xbf, 0xff, 0xff, 0xff, 0x90, 0x0,
    0x0, 0x0, 0x0, 0x4, 0xff, 0xfd, 0x10, 0x0,
    0x0, 0x0, 0x0, 0xe, 0xff, 0xd1, 0x0, 0x0,
    0x0, 0x0, 0x0, 0xe, 0xfe, 0x10, 0x0, 0x0,
    0x0, 0x0, 0x0, 0x15, 0xff, 0x60, 0x0, 0x0,
    0x0, 0x0, 0x6, 0xf3, 0x6f, 0xf6, 0x0, 0x0,
    0x0, 0x0, 0x6f, 0xf6, 0x6, 0xff, 0x0, 0x0,
    0x0, 0x5, 0xff, 0x70, 0x0, 0xff, 0x0, 0x0,
    0xc, 0x4a, 0xf7, 0x0, 0x0, 0xff, 0x0, 0x0,
    0x3, 0xe5, 0x30, 0x0, 0x0, 0xff, 0x0, 0x0,
    0x0, 0x3e, 0xb6, 0x0, 0x0, 0x44, 0xd, 0x0,
    0x0, 0x2, 0x50, 0x0, 0xd, 0xff, 0xf8, 0x0,

    /* U+F7C9 "" */
    0x0, 0x0, 0x0, 0x0, 0x0, 0x0, 0x7, 0xf8,
    0x0, 0x0, 0x0, 0x4, 0x0, 0x0, 0x0, 0xe,
    0xff, 0x0, 0x0, 0x0, 0xaf, 0x60, 0x1, 0x7a,
    0x47, 0xf8, 0x0, 0x0, 0x0, 0x48, 0xcd, 0xaf,
    0xff, 0xf3, 0x0, 0x0, 0x0, 0x0, 0x0, 0x4,
    0xcf, 0xff, 0xf9, 0x0, 0x0, 0x0, 0x0, 0x0,
    0x19, 0x14, 0xcb, 0xfe, 0x60, 0x0, 0x0, 0x0,
    0x0, 0xc, 0xf9, 0x10, 0xbf, 0xfc, 0x0, 0x0,
    0x0, 0x0, 0x1, 0xcf, 0xd1, 0x5, 0xdc, 0x0,
    0xc, 0xb3, 0x0, 0x0, 0x1c, 0xfb, 0x0, 0x0,
    0x0, 0x6, 0xef, 0xa2, 0x0, 0x8, 0xfc, 0x0,
    0x0, 0x0, 0x0, 0x7, 0xef, 0xa2, 0x3f, 0xf3,
    0x0, 0x0, 0x0, 0x0, 0x0, 0x8, 0xff, 0xef,
    0x90, 0x0, 0x0, 0x0, 0x0, 0x0, 0x0, 0x18,
    0xff, 0x91, 0x0, 0x0, 0x0, 0x0, 0x0, 0x0,
    0x0, 0x19, 0xff, 0x81, 0x0, 0x0, 0x0, 0x0,
    0x0, 0x0, 0x0, 0x19, 0xff, 0x9b, 0xe0, 0x0,
    0x0, 0x0, 0x0, 0x0, 0x0, 0x2a, 0xed, 0x60,

    /* U+F7CA "" */
    0x0, 0x0, 0x0, 0x0, 0x8, 0xf8, 0x0, 0x0,
    0x0, 0x0, 0x0, 0x0, 0x0, 0xf, 0xff, 0x0,
    0x0, 0x0, 0x0, 0x0, 0x0, 0x0, 0x8, 0xf8,
    0x0, 0x0, 0x0, 0x0, 0x0, 0x9, 0xfe, 0xa5,
    0x0, 0x0, 0x0, 0x0, 0x0, 0x2, 0xdf, 0xff,
    0xff, 0xe3, 0x0, 0x0, 0x0, 0x0, 0x6, 0xfd,
    0x29, 0xff, 0xfd, 0x0, 0x0, 0x0, 0x0, 0x5,
    0xc0, 0xe, 0xff, 0xff, 0x60, 0x0, 0x0, 0x0,
    0x8, 0x80, 0x6f, 0xff, 0x7f, 0xff, 0xc0, 0x0,
    0x0, 0xb, 0x50, 0xaf, 0xfa, 0xa, 0xff, 0xc0,
    0x0, 0x0, 0xe, 0x10, 0x8f, 0xfa, 0x10, 0xb,
    0x40, 0x0, 0x0, 0x1e, 0x3, 0x28, 0xff, 0xe5,
    0xd, 0x20, 0x0, 0x0, 0x4b, 0xb, 0xe2, 0x2b,
    0xff, 0xf, 0x0, 0x0, 0x0, 0x88, 0x3f, 0xf1,
    0x4, 0xfd, 0x2d, 0x0, 0x0, 0x0, 0xb5, 0xaf,
    0x90, 0x9, 0xf8, 0x4b, 0x0, 0x5d, 0x58, 0xe9,
    0xff, 0x98, 0x8e, 0xfa, 0xbc, 0x88, 0xed, 0xdf,
    0xff, 0xff, 0xff, 0xff, 0xff, 0xff, 0xff, 0xd3,

    /* U+F7CC "" */
    0xcf, 0xea, 0x20, 0x0, 0x0, 0x0, 0x0, 0x0,
    0x0, 0x0, 0xc, 0xff, 0xff, 0x50, 0x0, 0x0,
    0x0, 0x0, 0x0, 0x0, 0x0, 0xf, 0xff, 0xff,
    0x20, 0x0, 0x0, 0x0, 0xff, 0xfc, 0x0, 0x0,
    0xff, 0xff, 0xfd, 0x0, 0x0, 0x0, 0xf, 0xff,
    0xc0, 0x0, 0xf, 0xff, 0xff, 0xfa, 0x0, 0x0,
    0x1, 0xff, 0xf0, 0x0, 0x0, 0xff, 0xff, 0xff,
    0xfd, 0x51, 0x1, 0xbf, 0xff, 0x0, 0x0, 0xe,
    0xff, 0xff, 0xff, 0xff, 0xff, 0xff, 0xff, 0xf0,
    0x0, 0x0, 0xaf, 0xff, 0xff, 0xff, 0xff, 0xff,
    0xff, 0xfe, 0x0, 0x0, 0x2, 0xef, 0xff, 0xff,
    0xff, 0xff, 0xff, 0xff, 0x80, 0x0, 0x0, 0x2,
    0xaf, 0xff, 0xff, 0xff, 0xff, 0xfe, 0x80, 0x4,
    0x0, 0x0, 0x0, 0xff, 0x0, 0x0, 0x0, 0xff,
    0x0, 0x2, 0xf9, 0x0, 0x0, 0x8, 0x80, 0x0,
    0x0, 0x8, 0x80, 0x0, 0x9, 0xe0, 0x6, 0x88,
    0x88, 0x88, 0x88, 0x88, 0x88, 0x88, 0x88, 0xec,
    0x0, 0xef, 0xff, 0xff, 0xff, 0xff, 0xff, 0xff,
    0xff, 0xfc, 0x20,

    /* U+F7CD "" */
    0x0, 0x0, 0x5a, 0xdf, 0xfe, 0xa5, 0x0, 0x0,
    0x0, 0x3, 0xdf, 0xff, 0xff, 0xff, 0xfd, 0x30,
    0x0, 0x4, 0xff, 0xff, 0xff, 0xff, 0xff, 0xff,
    0x50, 0x1, 0xff, 0xff, 0xff, 0xff, 0xff, 0xff,
    0xff, 0x20, 0x9f, 0xfe, 0x8f, 0x9d, 0xd8, 0xfa,
    0xbf, 0xf9, 0xd, 0xff, 0x43, 0xe0, 0x34, 0xb,
    0x18, 0xff, 0xe0, 0xff, 0xf7, 0x4f, 0x1, 0x10,
    0xd1, 0xaf, 0xff, 0xd, 0xff, 0xd2, 0xb0, 0x98,
    0xf, 0x83, 0xff, 0xe0, 0x9f, 0xfb, 0x9f, 0x8f,
    0xf9, 0xf8, 0xdf, 0xf9, 0x1, 0xff, 0xff, 0xff,
    0xff, 0xff, 0xff, 0xff, 0x20, 0x5, 0xff, 0xff,
    0xff, 0xff, 0xff, 0xff, 0x50, 0x0, 0x9f, 0xff,
    0xff, 0xff, 0xff, 0xfd, 0x30, 0x0, 0x2f, 0xff,
    0x9a, 0xdf, 0xfe, 0xa5, 0x0, 0x0, 0xb, 0xd9,
    0x20, 0x0, 0x0, 0x0, 0x0, 0x0, 0x0,

    /* U+F7CE "" */
    0x0, 0x0, 0x0, 0x0, 0x0, 0x0, 0x0, 0x0,
    0x0, 0x0, 0x0, 0x0, 0xb, 0xc0, 0x0, 0x7,
    0xf8, 0x0, 0x0, 0x0, 0x0, 0xd, 0xf6, 0x0,
    0xe, 0xff, 0x0, 0x0, 0x0, 0x0, 0x5, 0xfe,
    0x83, 0x7, 0xf8, 0x0, 0x0, 0x0, 0x0, 0x0,
    0xbf, 0xff, 0xb2, 0x0, 0x0, 0x0, 0x0, 0x0,
    0x0, 0x5e, 0xff, 0xff, 0x60, 0x0, 0x0, 0x0,
    0x0, 0x9, 0xff, 0xff, 0xff, 0xfa, 0x0, 0x0,
    0x0, 0x0, 0xf, 0xff, 0xf7, 0x5, 0xff, 0xd0,
    0x0, 0x0, 0x0, 0xf, 0xff, 0xfa, 0x0, 0x2c,
    0xc0, 0x0, 0x0, 0x3, 0x8f, 0xf6, 0xff, 0xb0,
    0x0, 0x0, 0x9, 0x40, 0xbf, 0xff, 0xa0, 0x3f,
    0xe0, 0x0, 0x0, 0xb, 0xf9, 0xee, 0x83, 0x0,
    0x5f, 0xb0, 0x0, 0x0, 0x1, 0x9f, 0xfd, 0x72,
    0x0, 0x8f, 0x80, 0x0, 0x0, 0x0, 0x0, 0x5b,
    0xff, 0xc6, 0xbf, 0x50, 0x0, 0x0, 0x0, 0x0,
    0x0, 0x17, 0xdf, 0xff, 0x50, 0x0, 0x0, 0x0,
    0x0, 0x0, 0x0, 0x3, 0x8e, 0xfe, 0x99, 0x30,
    0x0, 0x0, 0x0, 0x0, 0x0, 0x0, 0x4a, 0xee,
    0x40,

    /* U+F7D0 "" */
    0x0, 0x0, 0x0, 0x6d, 0xea, 0x10, 0x0, 0x0,
    0x0, 0x0, 0x0, 0x4f, 0xff, 0xfc, 0x0, 0x0,
    0x0, 0x0, 0x0, 0xa, 0xc8, 0xa8, 0xf2, 0x0,
    0x0, 0x0, 0xf, 0x50, 0xaf, 0xca, 0xff, 0x20,
    0xf5, 0x0, 0xac, 0xf6, 0x5, 0xfe, 0xcf, 0xb0,
    0x1f, 0xde, 0x6, 0xef, 0xe9, 0xaf, 0xff, 0xfe,
    0x6d, 0xfe, 0x80, 0x0, 0x5c, 0xff, 0xfd, 0xdf,
    0xff, 0xc6, 0x0, 0x0, 0x0, 0x5, 0xff, 0xcb,
    0xff, 0xc0, 0x0, 0x0, 0x0, 0x0, 0x3f, 0xff,
    0xef, 0xfc, 0x0, 0x0, 0x0, 0x0, 0xd, 0xff,
    0xcb, 0xff, 0xf6, 0x0, 0x0, 0x0, 0x5, 0xff,
    0xfe, 0xef, 0xff, 0xc0, 0x0, 0x0, 0x0, 0x8f,
    0xff, 0xdc, 0xff, 0xff, 0x0, 0x0, 0x0, 0x7,
    0xff, 0xff, 0xff, 0xff, 0xe0, 0x0, 0x0, 0x0,
    0x3f, 0xff, 0xff, 0xff, 0xfa, 0x0, 0x0, 0x0,
    0x0, 0xaf, 0xff, 0xff, 0xff, 0x20, 0x0, 0x0,
    0x0, 0x0, 0x9f, 0xff, 0xfd, 0x20, 0x0, 0x0,

    /* U+F7D2 "" */
    0x0, 0x0, 0x8f, 0xff, 0xff, 0xd2, 0x0, 0x0,
    0x0, 0x0, 0x0, 0x0, 0xff, 0xff, 0xff, 0xfa,
    0x0, 0x0, 0x0, 0x0, 0x0, 0x0, 0xff, 0x0,
    0x1, 0xff, 0x10, 0x0, 0x0, 0x0, 0x0, 0x0,
    0xff, 0x0, 0x0, 0xaf, 0x70, 0x0, 0x0, 0x0,
    0x0, 0x0, 0xff, 0x0, 0x0, 0x4f, 0xe0, 0x0,
    0x1, 0xc7, 0x0, 0x8f, 0xff, 0x80, 0x0, 0xd,
    0xf5, 0x0, 0xd, 0xfc, 0x0, 0xff, 0xff, 0xf8,
    0x0, 0x6, 0xfc, 0x0, 0x8f, 0xd1, 0x0, 0xff,
    0xff, 0xff, 0xff, 0xff, 0xff, 0x0, 0xef, 0x30,
    0x0, 0xff, 0xff, 0xff, 0xff, 0xff, 0xff, 0x0,
    0xff, 0x0, 0x5, 0xff, 0xff, 0xff, 0xff, 0xff,
    0xff, 0xff, 0xff, 0x0, 0x5f, 0xff, 0xff, 0xff,
    0xff, 0xff, 0xff, 0xff, 0xff, 0x0, 0xdf, 0x72,
    0x0, 0x10, 0x10, 0x2, 0x7f, 0xd0, 0xff, 0x0,
    0xff, 0xe, 0x66, 0xe0, 0xe6, 0x6e, 0xf, 0xf0,
    0xef, 0x30, 0xdf, 0x72, 0x0, 0x10, 0x10, 0x2,
    0x7f, 0xd0, 0x8f, 0xd1, 0x5f, 0xff, 0xff, 0xff,
    0xff, 0xff, 0xff, 0x50, 0xd, 0xfc, 0x5, 0xdf,
    0xff, 0xff, 0xff, 0xff, 0xd5, 0x0, 0x1, 0xc7,

    /* U+F7D7 "" */
    0xff, 0xff, 0xff, 0xff, 0xff, 0xff, 0xff, 0xff,
    0xff, 0xff, 0xff, 0xff, 0x78, 0x88, 0x88, 0x88,
    0x88, 0x87, 0x0, 0x0, 0x0, 0x0, 0x0, 0x0,
    0xff, 0xff, 0xff, 0xff, 0xff, 0xff, 0xff, 0xff,
    0xff, 0xff, 0xff, 0xff, 0x78, 0x88, 0xaf, 0xfa,
    0x88, 0x87, 0x0, 0x0, 0x4f, 0xf4, 0x0, 0x0,
    0x0, 0x0, 0x4f, 0xf4, 0x0, 0x0, 0x0, 0x0,
    0x4f, 0xf4, 0x0, 0x0, 0x0, 0x0, 0x4f, 0xf4,
    0x0, 0x0, 0x0, 0x0, 0x4f, 0xf4, 0x0, 0x0,
    0x0, 0x0, 0x4f, 0xf4, 0x0, 0x0, 0x0, 0x0,
    0x3f, 0xf3, 0x0, 0x0,

    /* U+F7D8 "" */
    0xef, 0xff, 0xff, 0xff, 0xff, 0xfe, 0x6f, 0xff,
    0xff, 0xff, 0xff, 0xf6, 0xf, 0x80, 0x9f, 0xff,
    0xff, 0xf0, 0xf, 0xff, 0xff, 0xff, 0xff, 0xf0,
    0xf, 0xff, 0xff, 0xff, 0xff, 0xf0, 0xf, 0xff,
    0xff, 0xff, 0xff, 0xf0, 0x3f, 0xeb, 0x98, 0x89,
    0xbe, 0xf3, 0xec, 0x0, 0x0, 0x0, 0x0, 0xce,
    0xef, 0xeb, 0x98, 0x89, 0xbe, 0xfe, 0x9f, 0xff,
    0xff, 0xff, 0xff, 0xf9, 0x2f, 0xff, 0xff, 0xff,
    0xff, 0xf2, 0x6, 0xff, 0xff, 0xff, 0xff, 0x60,
    0x0, 0x7f, 0xff, 0xff, 0xf7, 0x0, 0x0, 0x9f,
    0xff, 0xff, 0xf9, 0x0, 0x0, 0xef, 0xff, 0xff,
    0xfe, 0x0, 0x0, 0xcf, 0xff, 0xff, 0xfc, 0x0,

    /* U+F7D9 "" */
    0x0, 0x0, 0x0, 0x0, 0x0, 0x0, 0x0, 0x0,
    0x0, 0x7a, 0x0, 0x0, 0x0, 0x7d, 0xfa, 0x0,
    0x0, 0x7f, 0xfd, 0x20, 0x0, 0xcf, 0xfe, 0x20,
    0x0, 0x9, 0xff, 0xff, 0x60, 0x7f, 0xfe, 0x20,
    0x0, 0x0, 0xd, 0xff, 0xff, 0xd, 0xff, 0x80,
    0x0, 0x1a, 0x0, 0x2f, 0xff, 0xf0, 0xdf, 0xfb,
    0x0, 0x1d, 0xf0, 0x0, 0x5f, 0xff, 0x92, 0xef,
    0xfa, 0x8d, 0xfe, 0x0, 0x0, 0x0, 0x8f, 0x92,
    0xef, 0xff, 0xff, 0x80, 0x0, 0x0, 0x0, 0x8f,
    0x90, 0x14, 0xcf, 0xc0, 0x0, 0x0, 0x5, 0xe2,
    0x8f, 0xde, 0xa1, 0x60, 0x0, 0x0, 0x5, 0xff,
    0xe1, 0xdf, 0xff, 0xc0, 0x0, 0x0, 0x5, 0xff,
    0xff, 0x1e, 0xff, 0xff, 0xc0, 0x0, 0x4, 0xff,
    0xff, 0xf3, 0x9f, 0xff, 0xff, 0xc0, 0x4, 0xff,
    0xff, 0xf6, 0x0, 0xbf, 0xff, 0xff, 0xb0, 0xda,
    0x9f, 0xf5, 0x0, 0x0, 0xbf, 0xff, 0xfe, 0xd,
    0x99, 0xf5, 0x0, 0x0, 0x0, 0xbf, 0xff, 0x30,
    0x4e, 0xe5, 0x0, 0x0, 0x0, 0x0, 0xae, 0x30,
    0x0,

    /* U+F7DA "" */
    0x0, 0x0, 0x0, 0x0, 0xbc, 0x0, 0x0, 0x0,
    0x0, 0x0, 0x0, 0x8e, 0x1b, 0xc0, 0x0, 0x37,
    0xa0, 0x0, 0x0, 0x8, 0xe1, 0x2, 0x6a, 0xed,
    0x84, 0x0, 0x0, 0x0, 0x15, 0x9e, 0xd9, 0x51,
    0x0, 0x0, 0x0, 0x48, 0xcf, 0xba, 0x80, 0x0,
    0x0, 0x0, 0xa, 0xfc, 0x83, 0x0, 0x58, 0x0,
    0x0, 0x0, 0x0, 0x20, 0x0, 0x0, 0x5, 0x80,
    0x0, 0x0, 0x0, 0x0, 0xbf, 0xff, 0xff, 0xff,
    0xff, 0xff, 0xfc, 0x0, 0xf, 0xff, 0xff, 0xff,
    0xff, 0xff, 0xff, 0xf0, 0x0, 0xf8, 0x0, 0x4c,
    0x0, 0x78, 0x0, 0x7f, 0x0, 0xf, 0x80, 0x4,
    0xc0, 0x7, 0x80, 0x7, 0xf0, 0x0, 0xf8, 0x0,
    0x4c, 0x0, 0x78, 0x0, 0x7f, 0x0, 0xf, 0xff,
    0xff, 0xff, 0xff, 0xff, 0xff, 0xf0, 0x0, 0xff,
    0xff, 0xff, 0xff, 0xff, 0xff, 0xff, 0x0, 0xf,
    0xff, 0xff, 0xff, 0xff, 0xff, 0xff, 0xf0, 0x0,
    0xbf, 0xff, 0xff, 0xff, 0xff, 0xff, 0xfc, 0x0,

    /* U+F7E4 "" */
    0x0, 0x0, 0x4a, 0x0, 0x0, 0x0, 0x0, 0x0,
    0x3, 0xff, 0xb0, 0x0, 0x10, 0x0, 0x0, 0x1e,
    0xff, 0xf8, 0xb, 0xd1, 0x0, 0x0, 0xbf, 0xff,
    0xff, 0xcf, 0xfc, 0x0, 0x6, 0xff, 0xff, 0xff,
    0xff, 0xff, 0x60, 0xe, 0xff, 0xd5, 0xff, 0xff,
    0xff, 0xe0, 0x7f, 0xff, 0x20, 0x8f, 0xff, 0xff,
    0xf6, 0xcf, 0xf7, 0x0, 0xb, 0xf9, 0x7f, 0xfc,
    0xff, 0xf1, 0x0, 0x1, 0x90, 0x1f, 0xff, 0xff,
    0xf0, 0x0, 0x0, 0x0, 0xf, 0xfe, 0xcf, 0xf4,
    0x0, 0x0, 0x0, 0x4f, 0xfc, 0x7f, 0xfc, 0x0,
    0x0, 0x0, 0xcf, 0xf7, 0x1e, 0xff, 0xc4, 0x0,
    0x4c, 0xff, 0xe1, 0x4, 0xff, 0xff, 0xff, 0xff,
    0xff, 0x40, 0x0, 0x4f, 0xff, 0xff, 0xff, 0xf4,
    0x0, 0x0, 0x1, 0x8d, 0xff, 0xd8, 0x10, 0x0,

    /* U+F7E5 "" */
    0x0, 0x0, 0x0, 0x0, 0x0, 0x0, 0x4c, 0xd1,
    0x0, 0x0, 0x0, 0x0, 0x0, 0x0, 0x5, 0xdf,
    0xff, 0x90, 0x0, 0x0, 0x0, 0x0, 0x0, 0xa,
    0xff, 0xfd, 0x61, 0xa1, 0x0, 0x0, 0x0, 0x0,
    0xc, 0xff, 0xe5, 0x17, 0xef, 0xd0, 0x0, 0x0,
    0x0, 0x8, 0xff, 0xc1, 0x8f, 0xff, 0xfb, 0x0,
    0x0, 0x0, 0x2, 0xff, 0xd1, 0xbf, 0xff, 0xe7,
    0x0, 0x0, 0x0, 0x0, 0x9f, 0xf2, 0xaf, 0xfe,
    0x60, 0x0, 0x0, 0x0, 0x0, 0x1f, 0xfa, 0x3f,
    0xfd, 0x10, 0x0, 0x0, 0x0, 0x0, 0xc, 0xff,
    0x49, 0xff, 0x20, 0x0, 0x0, 0x0, 0x0, 0x6d,
    0xff, 0xb2, 0xff, 0xa0, 0x0, 0x0, 0x0, 0x6,
    0xef, 0xff, 0xc1, 0xcf, 0xf3, 0x0, 0x0, 0x0,
    0xa, 0xff, 0xff, 0x91, 0xbf, 0xf9, 0x0, 0x0,
    0x0, 0x0, 0xcf, 0xf8, 0x14, 0xdf, 0xfc, 0x0,
    0x0, 0x0, 0x0, 0x1, 0xa1, 0x5d, 0xff, 0xfb,
    0x10, 0x0, 0x0, 0x0, 0x0, 0x0, 0x8f, 0xff,
    0xe5, 0x0, 0x0, 0x0, 0x0, 0x0, 0x0, 0x1,
    0xcc, 0x50, 0x0, 0x0, 0x0, 0x0, 0x0, 0x0,

    /* U+F7E6 "" */
    0x8, 0xef, 0xff, 0xff, 0xff, 0xff, 0xfd, 0x9f,
    0xff, 0xff, 0xff, 0xff, 0xff, 0xff, 0xef, 0xff,
    0xff, 0xff, 0xff, 0xff, 0xff, 0xff, 0xff, 0xff,
    0x80, 0x8f, 0xff, 0xff, 0xff, 0xff, 0xff, 0x80,
    0x8f, 0xff, 0xff, 0xff, 0xff, 0x80, 0x0, 0x0,
    0x8f, 0xff, 0xff, 0xff, 0x80, 0x0, 0x0, 0x8f,
    0xff, 0xff, 0xff, 0xff, 0x80, 0x8f, 0xff, 0xff,
    0xff, 0xff, 0xff, 0x80, 0x8f, 0xff, 0xff, 0xff,
    0xff, 0xff, 0xff, 0xff, 0xff, 0xff, 0xff, 0xff,
    0xff, 0xff, 0xff, 0xff, 0xff, 0xff, 0xff, 0xff,
    0xff, 0xff, 0xff, 0xfe, 0xff, 0x30, 0x0, 0x0,
    0x0, 0x1, 0xfa, 0xef, 0x30, 0x0, 0x0, 0x0,
    0x1, 0xfa, 0x9f, 0xff, 0xff, 0xff, 0xff, 0xff,
    0xfe, 0x9, 0xef, 0xff, 0xff, 0xff, 0xff, 0xfd,

    /* U+F7EC "" */
    0x0, 0x0, 0x49, 0xce, 0xff, 0xec, 0x94, 0x0,
    0x0, 0x0, 0x4d, 0xff, 0xff, 0xff, 0xff, 0xff,
    0xd4, 0x0, 0x8, 0xff, 0xff, 0xff, 0xff, 0xff,
    0xff, 0xff, 0x80, 0x6f, 0xff, 0xff, 0xff, 0xff,
    0xff, 0xff, 0xff, 0xf6, 0xdf, 0xff, 0xff, 0xff,
    0xff, 0xff, 0xff, 0xff, 0xfd, 0xff, 0xff, 0xff,
    0xff, 0xff, 0xff, 0xff, 0xff, 0xff, 0x6e, 0xff,
    0xff, 0xff, 0xff, 0xff, 0xff, 0xff, 0xe6, 0x0,
    0xff, 0xff, 0xff, 0xff, 0xff, 0xff, 0xff, 0x0,
    0x0, 0xff, 0xff, 0xff, 0xff, 0xff, 0xff, 0xff,
    0x0, 0x0, 0xff, 0xff, 0xff, 0xff, 0xff, 0xff,
    0xff, 0x0, 0x0, 0xff, 0xff, 0xff, 0xff, 0xff,
    0xff, 0xff, 0x0, 0x0, 0xff, 0xff, 0xff, 0xff,
    0xff, 0xff, 0xff, 0x0, 0x0, 0xff, 0xff, 0xff,
    0xff, 0xff, 0xff, 0xff, 0x0, 0x0, 0xff, 0xff,
    0xff, 0xff, 0xff, 0xff, 0xff, 0x0, 0x0, 0xff,
    0xff, 0xff, 0xff, 0xff, 0xff, 0xff, 0x0, 0x0,
    0xbf, 0xff, 0xff, 0xff, 0xff, 0xff, 0xfb, 0x0,

    /* U+F7EF "" */
    0x0, 0x0, 0x0, 0x0, 0x9f, 0xd8, 0x10, 0x0,
    0x0, 0x0, 0x0, 0x2c, 0xff, 0xff, 0xf5, 0x0,
    0x0, 0x0, 0x4, 0xef, 0xff, 0xff, 0xff, 0x50,
    0x0, 0x0, 0x7f, 0xff, 0xff, 0xff, 0xff, 0xf1,
    0x0, 0x1b, 0xff, 0xff, 0xff, 0xff, 0xff, 0xf8,
    0x3, 0xdf, 0xff, 0xff, 0xff, 0xff, 0xff, 0xfd,
    0x6f, 0xff, 0xff, 0xff, 0xff, 0xff, 0xff, 0xff,
    0x0, 0x0, 0x0, 0x0, 0x0, 0x0, 0x0, 0x0,
    0xff, 0xff, 0xff, 0xff, 0xff, 0xff, 0xff, 0xff,
    0xff, 0xff, 0xff, 0xff, 0xff, 0xff, 0xff, 0xff,
    0xff, 0xff, 0xff, 0xff, 0xff, 0xff, 0xff, 0xff,
    0xff, 0xff, 0xff, 0xff, 0xff, 0xff, 0xff, 0xff,
    0xff, 0xff, 0xff, 0xff, 0xff, 0xff, 0xff, 0xff,
    0xcf, 0xff, 0xff, 0xff, 0xff, 0xff, 0xff, 0xfc,

    /* U+F7F2 "" */
    0x0, 0x0, 0x0, 0x2, 0xdd, 0x20, 0x0, 0x0,
    0x0, 0x0, 0x0, 0x0, 0x3, 0xef, 0xff, 0x40,
    0x0, 0x0, 0x0, 0x0, 0x0, 0x5, 0xff, 0xbb,
    0xff, 0x50, 0x0, 0x0, 0x0, 0x0, 0x6, 0xff,
    0x91, 0x18, 0xff, 0x70, 0x0, 0x0, 0x0, 0x8,
    0xff, 0x72, 0xde, 0x27, 0xff, 0x90, 0x0, 0x0,
    0xa, 0xff, 0x63, 0xef, 0xff, 0x45, 0xff, 0xb0,
    0x0, 0x1c, 0xff, 0x44, 0xff, 0xff, 0xff, 0x53,
    0xef, 0xc1, 0xc, 0xfe, 0x36, 0xff, 0xff, 0xff,
    0xff, 0x72, 0xdf, 0xd0, 0x7d, 0x28, 0xff, 0xff,
    0x0, 0xff, 0xff, 0x91, 0xc8, 0x0, 0xa, 0xff,
    0xff, 0xf0, 0xf, 0xff, 0xff, 0xb0, 0x0, 0x0,
    0xff, 0xff, 0x0, 0x0, 0x0, 0xff, 0xff, 0x0,
    0x0, 0xf, 0xff, 0xf1, 0x0, 0x0, 0xf, 0xff,
    0xf0, 0x0, 0x0, 0xff, 0xff, 0xff, 0x0, 0xff,
    0xff, 0xff, 0x0, 0x0, 0xf, 0xff, 0xff, 0xf1,
    0xf, 0xff, 0xff, 0xf0, 0x0, 0x0, 0xff, 0xff,
    0xff, 0xff, 0xff, 0xff, 0xff, 0x0, 0x0, 0xe,
    0xff, 0xff, 0xff, 0xff, 0xff, 0xff, 0xf0, 0x0,

    /* U+F7F5 "" */
    0x0, 0x0, 0x5a, 0xdf, 0xfd, 0xa5, 0x0, 0x0,
    0x0, 0x3d, 0xff, 0xff, 0xff, 0xff, 0xd3, 0x0,
    0x4, 0xff, 0xff, 0xff, 0xff, 0xff, 0xff, 0x40,
    0x2f, 0xff, 0xff, 0xf8, 0x8f, 0xff, 0xff, 0xf1,
    0x9f, 0xff, 0xff, 0xf0, 0xf, 0xff, 0xff, 0xf9,
    0xef, 0xff, 0xf8, 0x80, 0x8, 0x8f, 0xff, 0xfe,
    0xff, 0xff, 0xf0, 0x0, 0x0, 0xf, 0xff, 0xff,
    0xef, 0xff, 0xf8, 0x80, 0x8, 0x8f, 0xff, 0xfe,
    0x9f, 0xff, 0xff, 0xf0, 0xf, 0xff, 0xff, 0xf9,
    0x1f, 0xff, 0xff, 0xf8, 0x8f, 0xff, 0xff, 0xf2,
    0x6, 0xff, 0xff, 0xff, 0xff, 0xff, 0xff, 0x40,
    0x9, 0xff, 0xff, 0xff, 0xff, 0xff, 0xd3, 0x0,
    0x2f, 0xff, 0x9a, 0xdf, 0xfe, 0xa5, 0x0, 0x0,
    0xcd, 0x92, 0x0, 0x0, 0x0, 0x0, 0x0, 0x0,

    /* U+F7F7 "" */
    0x0, 0x0, 0x0, 0x0, 0xc, 0x80, 0x0, 0x0,
    0x0, 0x0, 0x0, 0x0, 0x2, 0xff, 0x80, 0x0,
    0x0, 0x0, 0x0, 0x0, 0x0, 0x24, 0xff, 0x80,
    0x0, 0x0, 0x0, 0x0, 0x0, 0x6f, 0x54, 0xff,
    0x80, 0x0, 0x0, 0x0, 0x0, 0x6f, 0xf6, 0x4,
    0xff, 0x80, 0x0, 0x0, 0x0, 0x6f, 0xf7, 0x0,
    0x4, 0xff, 0x80, 0x0, 0x0, 0x4f, 0xff, 0xd1,
    0x5, 0x54, 0xfc, 0x0, 0x0, 0xc, 0xf8, 0xdf,
    0xd6, 0xff, 0x23, 0x10, 0x0, 0x0, 0xff, 0x11,
    0xdf, 0xff, 0x70, 0x0, 0x0, 0x0, 0x3f, 0xd0,
    0x7, 0xff, 0x70, 0x0, 0x0, 0x0, 0x7, 0xfd,
    0xcf, 0xff, 0x70, 0x0, 0x0, 0x0, 0x1, 0xdf,
    0xff, 0xfc, 0x50, 0x0, 0x0, 0x0, 0x1, 0xcf,
    0xd7, 0x40, 0x0, 0x0, 0x0, 0x0, 0x1, 0xcf,
    0xd1, 0x0, 0x0, 0x0, 0x0, 0x0, 0x0, 0xcf,
    0xd1, 0x0, 0x0, 0x0, 0x0, 0x0, 0x0, 0x7,
    0xd1, 0x0, 0x0, 0x0, 0x0, 0x0, 0x0, 0x0,

    /* U+F7FA "" */
    0x0, 0x0, 0x0, 0x0, 0x0, 0x0, 0x0, 0x0,
    0x0, 0x0, 0x0, 0x0, 0x0, 0x4e, 0xe6, 0x0,
    0x0, 0x0, 0x0, 0x0, 0x0, 0x5, 0xff, 0xff,
    0x0, 0x0, 0x0, 0x0, 0x57, 0x54, 0x8f, 0xff,
    0xff, 0x40, 0x0, 0x0, 0xb, 0xff, 0xff, 0xff,
    0xff, 0xff, 0xa0, 0x0, 0x0, 0xe, 0xff, 0xff,
    0xff, 0xff, 0xff, 0xfb, 0x50, 0x0, 0x6, 0xff,
    0xf4, 0x3f, 0xff, 0x4f, 0xff, 0xff, 0x60, 0x0,
    0xaf, 0xf4, 0x3f, 0xff, 0xff, 0xff, 0xff, 0xf0,
    0x0, 0x3f, 0xff, 0xff, 0xff, 0xff, 0xff, 0xff,
    0xc0, 0x0, 0x6f, 0xff, 0xff, 0xf4, 0x3f, 0xff,
    0xe7, 0x0, 0x0, 0xef, 0xff, 0xff, 0xf4, 0x3f,
    0xfb, 0x0, 0x0, 0x4, 0xff, 0xff, 0xff, 0xff,
    0xff, 0xf3, 0x0, 0x0, 0x2, 0xff, 0xff, 0xff,
    0xff, 0xff, 0xf1, 0x0, 0x0, 0x0, 0x27, 0x51,
    0x1, 0xaf, 0xff, 0xf0, 0x0, 0x0, 0x0, 0x0,
    0x0, 0x0, 0x6, 0xee, 0x60, 0x0, 0x0, 0x0,
    0x0, 0x0, 0x0, 0x0, 0x0, 0x0, 0x0, 0x0,

    /* U+F7FB "" */
    0x0, 0x0, 0x8e, 0xe8, 0x0, 0x0, 0x0, 0xa,
    0xff, 0xff, 0xa0, 0x0, 0x0, 0x6f, 0xff, 0xff,
    0xf6, 0x0, 0x2, 0xff, 0xff, 0xff, 0xff, 0x20,
    0x9, 0xff, 0xff, 0xff, 0xff, 0x90, 0xf, 0xff,
    0xff, 0xff, 0xff, 0xf0, 0x5f, 0xff, 0xff, 0xff,
    0xff, 0xf5, 0xaf, 0xff, 0xff, 0xff, 0xff, 0xfa,
    0xdf, 0xff, 0xff, 0xff, 0xff, 0xfd, 0xff, 0xff,
    0xff, 0xff, 0xff, 0xff, 0xff, 0xff, 0xff, 0xff,
    0xff, 0xff, 0xcf, 0xff, 0xff, 0xff, 0xff, 0xfc,
    0x7f, 0xff, 0xff, 0xff, 0xff, 0xf7, 0xd, 0xff,
    0xff, 0xff, 0xff, 0xd0, 0x1, 0xdf, 0xff, 0xff,
    0xfd, 0x10, 0x0, 0x7, 0xcf, 0xfc, 0x70, 0x0,

    /* U+F805 "" */
    0x0, 0x0, 0x5a, 0xdf, 0xfd, 0xa5, 0x0, 0x0,
    0x0, 0x2d, 0xff, 0xfd, 0xdf, 0xff, 0xd2, 0x0,
    0x4, 0xfd, 0xdf, 0xfd, 0xdf, 0xfd, 0xdf, 0x40,
    0x2f, 0xfd, 0xdf, 0xff, 0xff, 0xfd, 0xdf, 0xf2,
    0x7f, 0xff, 0xff, 0xff, 0xff, 0xff, 0xff, 0xf7,
    0x2e, 0xff, 0xff, 0xff, 0xff, 0xff, 0xff, 0xe2,
    0x0, 0x0, 0x0, 0x0, 0x0, 0x0, 0x0, 0x0,
    0x8f, 0xff, 0xff, 0xff, 0xff, 0xff, 0xff, 0xf8,
    0xff, 0xff, 0xff, 0xff, 0xff, 0xff, 0xff, 0xff,
    0x8f, 0xff, 0xff, 0xff, 0xff, 0xff, 0xff, 0xf8,
    0x0, 0x0, 0x0, 0x0, 0x0, 0x0, 0x0, 0x0,
    0x6f, 0xff, 0xff, 0xff, 0xff, 0xff, 0xff, 0xf6,
    0x6f, 0xff, 0xff, 0xff, 0xff, 0xff, 0xff, 0xf6,
    0xa, 0xff, 0xff, 0xff, 0xff, 0xff, 0xff, 0xa0,

    /* U+F806 "" */
    0x0, 0x0, 0x4, 0xeb, 0x0, 0x0, 0x0, 0x0,
    0x0, 0xb, 0xff, 0x40, 0x0, 0x0, 0x0, 0x0,
    0xb, 0xff, 0x40, 0x0, 0x0, 0x0, 0x0, 0xb,
    0xff, 0x40, 0x0, 0x0, 0x0, 0x0, 0xb, 0xff,
    0x40, 0x0, 0x0, 0x0, 0x0, 0xb, 0xff, 0x40,
    0x0, 0x0, 0x0, 0x9e, 0xab, 0xff, 0x6f, 0xe7,
    0x0, 0x0, 0xff, 0xdb, 0xff, 0x9f, 0xfc, 0x0,
    0x0, 0xff, 0xff, 0xff, 0xff, 0xfe, 0x50, 0x14,
    0xff, 0xff, 0xff, 0xff, 0xff, 0xf9, 0xd8, 0xff,
    0xff, 0xff, 0xff, 0xff, 0xfc, 0xf9, 0xff, 0xff,
    0xff, 0xff, 0xff, 0xfc, 0xff, 0xff, 0xff, 0xff,
    0xff, 0xff, 0xfc, 0xef, 0xff, 0xff, 0xff, 0xff,
    0xff, 0xf9, 0x3f, 0xff, 0xff, 0xff, 0xff, 0xff,
    0xf2, 0x2, 0xcf, 0xff, 0xff, 0xff, 0xfc, 0x30,

    /* U+F807 "" */
    0x0, 0x0, 0x0, 0xef, 0xfe, 0x0, 0x0, 0x0,
    0x0, 0x0, 0x50, 0xff, 0xff, 0x5, 0x0, 0x0,
    0x0, 0x1c, 0xf3, 0xff, 0xff, 0x4f, 0xc1, 0x0,
    0x0, 0xcf, 0xfb, 0xff, 0xff, 0xcf, 0xfc, 0x0,
    0x6, 0xff, 0xff, 0xff, 0xff, 0xff, 0xff, 0x60,
    0xc, 0xff, 0xff, 0xff, 0xff, 0xff, 0xff, 0xc0,
    0xf, 0xff, 0xff, 0xff, 0xff, 0xff, 0xff, 0xf0,
    0xf, 0xff, 0xff, 0xff, 0xff, 0xff, 0xff, 0xf0,
    0xf, 0xff, 0xff, 0xff, 0xff, 0xff, 0xff, 0xf0,
    0x0, 0x0, 0x0, 0x0, 0x0, 0x0, 0x0, 0x0,
    0xef, 0xff, 0xff, 0xff, 0xff, 0xff, 0xff, 0xfe,
    0xef, 0xff, 0xff, 0xff, 0xff, 0xff, 0xff, 0xfe,

    /* U+F80D "" */
    0x0, 0xcf, 0xff, 0xff, 0xc0, 0x0, 0x0, 0x0,
    0x0, 0x0, 0x0, 0xff, 0xff, 0xff, 0xf0, 0x0,
    0x0, 0x0, 0x0, 0x0, 0x0, 0xff, 0xc3, 0xff,
    0xf0, 0x0, 0x0, 0x0, 0x0, 0x0, 0xcf, 0xff,
    0x0, 0xf, 0xff, 0xc0, 0x0, 0x0, 0x0, 0x0,
    0xff, 0xff, 0xc3, 0xff, 0xff, 0xf0, 0x8, 0xee,
    0x80, 0x0, 0xff, 0xff, 0xff, 0xff, 0xff, 0xf0,
    0x8f, 0xff, 0xf8, 0x0, 0xff, 0xff, 0xff, 0xff,
    0xff, 0xf0, 0xef, 0xff, 0xfe, 0x0, 0xff, 0x80,
    0xbf, 0x50, 0x8f, 0xf0, 0xef, 0xff, 0xfe, 0x0,
    0xff, 0x80, 0xbf, 0x50, 0x8f, 0xf0, 0x8f, 0xff,
    0xf8, 0x0, 0xff, 0xff, 0xff, 0xff, 0xff, 0xf0,
    0x8, 0xee, 0x80, 0x0, 0xff, 0xff, 0xff, 0xff,
    0xff, 0xf0, 0x0, 0x0, 0x0, 0x0, 0xff, 0x80,
    0xbf, 0x50, 0x8f, 0x35, 0xdf, 0xdd, 0xfd, 0x50,
    0xff, 0x80, 0xbf, 0x50, 0x87, 0x5f, 0xff, 0xff,
    0xff, 0xf5, 0xff, 0xff, 0xff, 0xff, 0xf2, 0xdf,
    0xff, 0xff, 0xff, 0xfd, 0xff, 0xff, 0xff, 0xff,
    0xf0, 0xff, 0xff, 0xff, 0xff, 0xff, 0xef, 0xff,
    0xff, 0xff, 0xf3, 0x8f, 0xff, 0xff, 0xff, 0xf8,

    /* U+F80F "" */
    0x0, 0x0, 0x0, 0x0, 0x0, 0x0, 0x0, 0x0,
    0x0, 0x0, 0x0, 0x1, 0xcf, 0x80, 0x2b, 0xfb,
    0x20, 0x0, 0x0, 0x1, 0xdf, 0xf8, 0x2e, 0xff,
    0xfc, 0x0, 0x0, 0x1, 0xdf, 0xf8, 0x2e, 0xff,
    0xff, 0xf0, 0x0, 0x1, 0xdf, 0xf8, 0x2e, 0xfa,
    0x44, 0xfc, 0x0, 0x1, 0xdf, 0xf8, 0x2e, 0xf3,
    0x49, 0xfe, 0x20, 0x1, 0xdf, 0xf8, 0x2e, 0xfa,
    0x4f, 0xfe, 0x20, 0x1, 0xdf, 0xf8, 0x2e, 0xff,
    0x59, 0xfe, 0x27, 0x80, 0xcf, 0xf8, 0x2e, 0xfa,
    0x43, 0xfe, 0x27, 0xff, 0xe, 0xf8, 0x2e, 0xf3,
    0x49, 0xfe, 0x27, 0xff, 0xd0, 0x78, 0x2e, 0xfa,
    0x4f, 0xfe, 0x27, 0xff, 0xe2, 0x0, 0x2e, 0xff,
    0x59, 0xfe, 0x27, 0xff, 0xe2, 0x0, 0x2e, 0xfa,
    0x43, 0xfe, 0x27, 0xff, 0xe2, 0x0, 0xb, 0xf5,
    0x49, 0xfe, 0x27, 0xff, 0xe2, 0x0, 0x0, 0xff,
    0xff, 0xfe, 0x27, 0xff, 0xe2, 0x0, 0x0, 0xc,
    0xff, 0xfe, 0x27, 0xff, 0xe2, 0x0, 0x0, 0x0,
    0x2c, 0xfc, 0x20, 0x7e, 0xc2, 0x0, 0x0, 0x0,
    0x0, 0x0, 0x0, 0x0, 0x0, 0x0, 0x0, 0x0,
    0x0,

    /* U+F810 "" */
    0x0, 0x0, 0x0, 0x0, 0x0, 0x0, 0x0, 0x4,
    0xcf, 0xfc, 0x40, 0x0, 0x0, 0x5f, 0xff, 0xff,
    0xf5, 0x0, 0x1, 0xff, 0xff, 0xff, 0xff, 0x10,
    0x6, 0xff, 0xff, 0xff, 0xff, 0x50, 0x7, 0xff,
    0xff, 0xff, 0xff, 0x70, 0x8f, 0xff, 0xff, 0xff,
    0xff, 0xf8, 0xff, 0xff, 0xff, 0xff, 0xff, 0xff,
    0x8f, 0xff, 0xff, 0xff, 0xff, 0xf8, 0x0, 0x0,
    0x0, 0x0, 0x0, 0x0, 0x0, 0xcf, 0xff, 0xff,
    0xfc, 0x0, 0x0, 0x4f, 0xff, 0xff, 0xf4, 0x0,
    0x0, 0xc, 0xff, 0xff, 0xc0, 0x0, 0x0, 0x5,
    0xff, 0xff, 0x50, 0x0, 0x0, 0x0, 0xdf, 0xfd,
    0x0, 0x0, 0x0, 0x0, 0x5f, 0xf5, 0x0, 0x0,
    0x0, 0x0, 0xc, 0xc0, 0x0, 0x0,

    /* U+F812 "" */
    0x0, 0x8f, 0xff, 0xff, 0xff, 0xff, 0xff, 0xff,
    0xf8, 0x0, 0x0, 0xff, 0xff, 0xff, 0xff, 0xff,
    0xff, 0xff, 0xff, 0x0, 0x0, 0xff, 0x0, 0x0,
    0x0, 0x0, 0x0, 0x0, 0xff, 0x0, 0x0, 0xff,
    0x0, 0x0, 0xf, 0xf0, 0x0, 0x0, 0xff, 0x0,
    0x0, 0xff, 0x0, 0x0, 0xf, 0xf0, 0x0, 0x0,
    0xff, 0x0, 0x0, 0xff, 0x0, 0xf, 0xff, 0xff,
    0xf0, 0x0, 0xff, 0x0, 0x0, 0xff, 0x0, 0xf,
    0xff, 0xff, 0xf0, 0x0, 0xff, 0x0, 0x0, 0xff,
    0x0, 0x0, 0xf, 0xf0, 0x0, 0x0, 0xff, 0x0,
    0x0, 0xff, 0x0, 0x0, 0xf, 0xf0, 0x0, 0x0,
    0xff, 0x0, 0x0, 0xff, 0x0, 0x0, 0x0, 0x0,
    0x0, 0x0, 0xff, 0x0, 0x0, 0xff, 0xff, 0xff,
    0xff, 0xff, 0xff, 0xff, 0xff, 0x0, 0x0, 0xff,
    0xff, 0xff, 0xff, 0xff, 0xff, 0xff, 0xff, 0x0,
    0x0, 0x0, 0x0, 0x0, 0x0, 0x0, 0x0, 0x0,
    0x0, 0x0, 0xef, 0xff, 0xff, 0xff, 0x30, 0x5,
    0xff, 0xff, 0xff, 0xfe, 0xef, 0xff, 0xff, 0xff,
    0xff, 0xff, 0xff, 0xff, 0xff, 0xfe, 0x4e, 0xff,
    0xff, 0xff, 0xff, 0xff, 0xff, 0xff, 0xff, 0xe4,

    /* U+F815 "" */
    0x4e, 0xff, 0xff, 0xff, 0xff, 0xff, 0xff, 0xe4,
    0xef, 0xff, 0xff, 0xff, 0xff, 0xff, 0xff, 0xfe,
    0xff, 0x30, 0x0, 0x0, 0x0, 0x0, 0x3, 0xff,
    0xff, 0x0, 0x0, 0x0, 0x0, 0x0, 0x0, 0xff,
    0xff, 0x0, 0x0, 0x0, 0x0, 0x0, 0x0, 0xff,
    0xff, 0x30, 0x0, 0x0, 0x0, 0x0, 0x3, 0xff,
    0xff, 0xff, 0xff, 0xff, 0xff, 0xff, 0xff, 0xff,
    0xff, 0xff, 0xff, 0xff, 0xff, 0xff, 0xff, 0xff,
    0xff, 0x10, 0xf, 0x0, 0x1f, 0xff, 0xff, 0xff,
    0xff, 0x98, 0x8f, 0x88, 0x9f, 0xff, 0xff, 0xff,
    0xef, 0xff, 0xff, 0xff, 0xff, 0xff, 0xff, 0xfe,
    0x4e, 0xff, 0xff, 0xff, 0xff, 0xff, 0xff, 0xe4,

    /* U+F816 "" */
    0x0, 0x0, 0x0, 0x0, 0x0, 0x0, 0x7, 0x80,
    0x0, 0x0, 0x0, 0x0, 0x0, 0x0, 0xa, 0xe0,
    0x0, 0x0, 0x0, 0x0, 0x0, 0x0, 0x8, 0xf0,
    0x0, 0x0, 0x0, 0x0, 0x6, 0xdf, 0xde, 0xb0,
    0x0, 0x0, 0x0, 0x0, 0x21, 0x6e, 0xff, 0xb0,
    0x0, 0x0, 0x0, 0x0, 0xde, 0x3a, 0xff, 0xf6,
    0x0, 0x0, 0x0, 0x6, 0xff, 0x5a, 0xff, 0xfc,
    0x0, 0x0, 0x0, 0xd, 0xff, 0x52, 0x33, 0x9f,
    0x0, 0x0, 0x0, 0x5f, 0xff, 0xdc, 0xcb, 0x18,
    0x0, 0x0, 0x0, 0xef, 0xff, 0xff, 0xff, 0xa0,
    0x0, 0x0, 0x8, 0xff, 0xff, 0xff, 0xfe, 0x20,
    0x0, 0x0, 0x7f, 0xff, 0xff, 0xff, 0xe3, 0x0,
    0x17, 0x9e, 0xff, 0xff, 0xff, 0xfd, 0x20, 0x0,
    0xcf, 0xff, 0xff, 0xff, 0xff, 0x80, 0x0, 0x0,
    0xff, 0xff, 0xff, 0xfe, 0x91, 0x0, 0x0, 0x0,
    0x6f, 0xfe, 0xc8, 0x40, 0x0, 0x0, 0x0, 0x0,

    /* U+F818 "" */
    0x0, 0x0, 0x0, 0x0, 0x0, 0x0, 0x0, 0x0,
    0x0, 0x0, 0x1e, 0xfd, 0x93, 0x0, 0x0, 0x0,
    0x0, 0x0, 0x5, 0xff, 0xff, 0xfb, 0x20, 0x0,
    0x0, 0x0, 0x0, 0x38, 0xae, 0xff, 0xff, 0x50,
    0x0, 0x0, 0x0, 0x8, 0x74, 0x14, 0xcf, 0xff,
    0x70, 0x0, 0x0, 0x2, 0xff, 0xff, 0x91, 0x6f,
    0xff, 0x50, 0x0, 0x0, 0x6f, 0xff, 0xff, 0xf4,
    0x4f, 0xff, 0x20, 0x0, 0xa, 0xfc, 0x3c, 0xff,
    0xf4, 0x6f, 0xfb, 0x0, 0x0, 0xef, 0xa0, 0x9f,
    0xff, 0xf1, 0xcf, 0xf2, 0x0, 0x3f, 0xff, 0xef,
    0xff, 0xff, 0x95, 0xff, 0x80, 0x7, 0xff, 0xff,
    0xff, 0x7c, 0xff, 0xf, 0xfc, 0x0, 0xbf, 0xff,
    0xff, 0xd0, 0x4f, 0xf3, 0xbf, 0xf0, 0xf, 0xf2,
    0x2f, 0xff, 0xbe, 0xff, 0x69, 0xf9, 0x3, 0xff,
    0x55, 0xff, 0xff, 0xff, 0xd5, 0x20, 0x0, 0x7f,
    0xff, 0xff, 0xff, 0xb6, 0x20, 0x0, 0x0, 0xc,
    0xff, 0xfc, 0x83, 0x0, 0x0, 0x0, 0x0, 0x0,
    0xca, 0x51, 0x0, 0x0, 0x0, 0x0, 0x0, 0x0,
    0x0,

    /* U+F829 "" */
    0x0, 0x0, 0x7f, 0xff, 0xf7, 0x0, 0x0, 0xef,
    0xff, 0xff, 0xff, 0xff, 0xff, 0xfe, 0xef, 0xff,
    0xff, 0xff, 0xff, 0xff, 0xfe, 0x0, 0x0, 0x0,
    0x0, 0x0, 0x0, 0x0, 0xf, 0xff, 0xff, 0xff,
    0xff, 0xff, 0xf0, 0xe, 0xff, 0xff, 0xff, 0xff,
    0xff, 0xe0, 0xd, 0xff, 0xff, 0x55, 0xff, 0xff,
    0xd0, 0xc, 0xff, 0xf6, 0x0, 0x6f, 0xff, 0xc0,
    0xb, 0xff, 0x60, 0x0, 0x6, 0xff, 0xb0, 0xa,
    0xfc, 0x0, 0x0, 0x0, 0xcf, 0xa0, 0x9, 0xff,
    0xff, 0x0, 0xff, 0xff, 0x90, 0x8, 0xff, 0xff,
    0x0, 0xff, 0xff, 0x80, 0x7, 0xff, 0xff, 0x0,
    0xff, 0xff, 0x70, 0x6, 0xff, 0xff, 0x11, 0xff,
    0xff, 0x60, 0x5, 0xff, 0xff, 0xff, 0xff, 0xff,
    0x50, 0x0, 0xcf, 0xff, 0xff, 0xff, 0xfc, 0x0,

    /* U+F82A "" */
    0x0, 0x0, 0x7f, 0xff, 0xf7, 0x0, 0x0, 0xef,
    0xff, 0xff, 0xff, 0xff, 0xff, 0xfe, 0xef, 0xff,
    0xff, 0xff, 0xff, 0xff, 0xfe, 0x0, 0x0, 0x0,
    0x0, 0x0, 0x0, 0x0, 0xf, 0xff, 0xff, 0xff,
    0xff, 0xff, 0xf0, 0xf, 0xff, 0xff, 0xff, 0xff,
    0xff, 0xf0, 0xf, 0xff, 0xff, 0x55, 0xff, 0xff,
    0xf0, 0xf, 0xff, 0xf6, 0x0, 0x6f, 0xff, 0xf0,
    0xf, 0xff, 0x60, 0x0, 0x6, 0xff, 0xf0, 0xf,
    0xfc, 0x0, 0x0, 0x0, 0xcf, 0xf0, 0xf, 0xff,
    0xff, 0x0, 0xff, 0xff, 0xf0, 0xf, 0xff, 0xff,
    0x0, 0xff, 0xff, 0xf0, 0xf, 0xff, 0xff, 0x0,
    0xff, 0xff, 0xf0, 0xf, 0xff, 0xff, 0x11, 0xff,
    0xff, 0xf0, 0xf, 0xff, 0xff, 0xff, 0xff, 0xff,
    0xf0, 0x8, 0xff, 0xff, 0xff, 0xff, 0xff, 0x80,

    /* U+F82F "" */
    0x0, 0x0, 0x39, 0xee, 0x93, 0x0, 0x0, 0x0,
    0xb, 0xff, 0xbb, 0xff, 0xb0, 0x0, 0x0, 0xf,
    0xfd, 0x11, 0xdf, 0xf0, 0x0, 0x0, 0xf, 0xff,
    0xbb, 0xff, 0xf0, 0x0, 0x0, 0xf, 0xff, 0xff,
    0xff, 0xf0, 0x0, 0x0, 0xf, 0x80, 0x0, 0x8,
    0xf0, 0x0, 0x0, 0xd, 0xc0, 0x0, 0xc, 0xd0,
    0x0, 0x0, 0x7, 0xf9, 0x11, 0x9f, 0x70, 0x0,
    0x0, 0x0, 0x9f, 0xff, 0xf9, 0x0, 0x0, 0x0,
    0x0, 0x3, 0x77, 0x30, 0x0, 0x0, 0x1, 0xae,
    0x80, 0x0, 0x8, 0xea, 0x10, 0x1e, 0xff, 0xf8,
    0x0, 0x8f, 0xff, 0xe1, 0xaf, 0xff, 0xff, 0x88,
    0xff, 0xff, 0xfa, 0xef, 0xff, 0xff, 0xff, 0xff,
    0xff, 0xfe, 0xef, 0xff, 0xff, 0xff, 0xff, 0xff,
    0xfe, 0x5e, 0xff, 0xff, 0xff, 0xff, 0xff, 0xe5,

    /* U+F83E "" */
    0x0, 0x0, 0xbf, 0xff, 0xff, 0xb0, 0x0, 0x0,
    0x0, 0x0, 0x0, 0x0, 0xff, 0xff, 0xff, 0xf0,
    0x0, 0x0, 0x0, 0x0, 0x0, 0x0, 0xff, 0x0,
    0xf, 0xf0, 0x0, 0x0, 0x0, 0x0, 0x0, 0x0,
    0xff, 0x0, 0xf, 0xf0, 0x0, 0x0, 0x0, 0x0,
    0x0, 0x0, 0xff, 0x0, 0xf, 0xf0, 0x0, 0x0,
    0x0, 0x0, 0x0, 0x0, 0xff, 0x0, 0xf, 0xf0,
    0x0, 0x0, 0x0, 0x0, 0xef, 0xff, 0xff, 0x0,
    0xf, 0xf0, 0x0, 0xbf, 0xff, 0xfe, 0xef, 0xff,
    0xfb, 0x0, 0xf, 0xf0, 0x0, 0xff, 0xff, 0xfe,
    0x0, 0x0, 0x0, 0x0, 0xf, 0xf0, 0x0, 0xff,
    0x0, 0x0, 0x0, 0x0, 0x0, 0x0, 0xf, 0xf0,
    0x0, 0xff, 0x0, 0x0, 0x0, 0x0, 0x0, 0x0,
    0xf, 0xf0, 0x0, 0xff, 0x0, 0x0, 0x0, 0x0,
    0x0, 0x0, 0xf, 0xf0, 0x0, 0xff, 0x0, 0x0,
    0x0, 0x0, 0x0, 0x0, 0xf, 0xff, 0xff, 0xff,
    0x0, 0x0, 0x0, 0x0, 0x0, 0x0, 0xb, 0xff,
    0xff, 0xfb, 0x0, 0x0,

    /* U+F84A "" */
    0x0, 0x0, 0x0, 0x0, 0x0, 0x8, 0xf8, 0x0,
    0x0, 0x0, 0x0, 0x0, 0x0, 0x0, 0x0, 0xf,
    0xff, 0x0, 0x0, 0x0, 0x0, 0x0, 0x0, 0x0,
    0x0, 0x8, 0xf8, 0x0, 0x0, 0x0, 0x0, 0x0,
    0x0, 0x0, 0x7, 0xe7, 0x0, 0x0, 0x0, 0x0,
    0x0, 0x0, 0x0, 0x0, 0x9f, 0xff, 0xa0, 0x0,
    0x0, 0x0, 0x0, 0x0, 0x0, 0xb, 0xff, 0xff,
    0xff, 0xfc, 0x0, 0x0, 0x0, 0x0, 0x0, 0xcf,
    0xff, 0x42, 0xcf, 0xfc, 0x0, 0x0, 0x0, 0x0,
    0x0, 0xcf, 0xfa, 0x0, 0x0, 0x0, 0x0, 0x0,
    0x2, 0xbf, 0xfb, 0x38, 0xff, 0xc0, 0x2, 0xbf,
    0xfb, 0x20, 0x2e, 0xff, 0xff, 0xe2, 0x3f, 0xf0,
    0x2e, 0xff, 0xff, 0xe2, 0xbf, 0xb1, 0x1b, 0xfb,
    0xf, 0xf0, 0xbf, 0xb1, 0x1b, 0xfb, 0xff, 0x10,
    0x1, 0xff, 0xf, 0xf0, 0xff, 0x10, 0x1, 0xff,
    0xff, 0x10, 0x1, 0xff, 0xf, 0xf0, 0xff, 0x10,
    0x1, 0xff, 0xbf, 0xb1, 0x1b, 0xfb, 0xc, 0xc0,
    0xbf, 0xb1, 0x1b, 0xfb, 0x2e, 0xff, 0xff, 0xe2,
    0x0, 0x0, 0x2e, 0xff, 0xff, 0xe2, 0x2, 0xbf,
    0xfb, 0x20, 0x0, 0x0, 0x2, 0xbf, 0xfb, 0x20,

    /* U+F84C "" */
    0xcf, 0xff, 0xff, 0xff, 0xff, 0xff, 0xfc, 0xff,
    0xff, 0xff, 0xff, 0xff, 0xff, 0xff, 0xff, 0x0,
    0x0, 0xff, 0x0, 0x0, 0xff, 0xff, 0x0, 0x0,
    0xff, 0x0, 0x0, 0xff, 0xff, 0x0, 0x0, 0xff,
    0x0, 0x0, 0xff, 0xff, 0x0, 0x0, 0xff, 0x0,
    0x0, 0xff, 0xff, 0xff, 0xff, 0xff, 0xff, 0xff,
    0xff, 0xff, 0xff, 0xff, 0xff, 0xff, 0xff, 0xff,
    0xff, 0x0, 0x0, 0xff, 0x0, 0x0, 0xff, 0xff,
    0x0, 0x0, 0xff, 0x0, 0x0, 0xff, 0xff, 0x0,
    0x0, 0xff, 0x0, 0x0, 0xff, 0xff, 0x0, 0x0,
    0xff, 0x0, 0x0, 0xff, 0xff, 0xff, 0xff, 0xff,
    0xff, 0xff, 0xff, 0xcf, 0xff, 0xff, 0xff, 0xff,
    0xff, 0xfc,

    /* U+F850 "" */
    0xee, 0xe, 0xe0, 0xee, 0xe, 0xe0, 0xee, 0xee,
    0xe, 0xe0, 0xee, 0xe, 0xe0, 0xee, 0x0, 0x0,
    0x0, 0x0, 0x0, 0x0, 0x0, 0xee, 0x0, 0x0,
    0xee, 0x0, 0x0, 0xee, 0xee, 0x0, 0x0, 0xee,
    0x0, 0x0, 0xee, 0x0, 0x0, 0x0, 0x0, 0x0,
    0x0, 0x0, 0xee, 0xe, 0xe0, 0xee, 0xe, 0xe0,
    0xee, 0xee, 0xe, 0xe0, 0xee, 0xe, 0xe0, 0xee,
    0x0, 0x0, 0x0, 0x0, 0x0, 0x0, 0x0, 0xee,
    0x0, 0x0, 0xee, 0x0, 0x0, 0xee, 0xee, 0x0,
    0x0, 0xee, 0x0, 0x0, 0xee, 0x0, 0x0, 0x0,
    0x0, 0x0, 0x0, 0x0, 0xee, 0xe, 0xe0, 0xee,
    0xe, 0xe0, 0xee, 0xee, 0xe, 0xe0, 0xee, 0xe,
    0xe0, 0xee,

    /* U+F853 "" */
    0xcf, 0xff, 0xff, 0xff, 0xff, 0xff, 0xfe, 0xff,
    0xff, 0xff, 0xff, 0xff, 0xff, 0xfe, 0xff, 0x0,
    0x0, 0x0, 0x0, 0x0, 0x0, 0xff, 0x0, 0x0,
    0x0, 0x0, 0x0, 0xee, 0xff, 0x0, 0x0, 0x0,
    0x0, 0x0, 0xee, 0xff, 0x0, 0x0, 0x0, 0x0,
    0x0, 0x0, 0xff, 0x0, 0x0, 0x0, 0x0, 0x0,
    0xee, 0xff, 0x0, 0x0, 0x0, 0x0, 0x0, 0xee,
    0xff, 0x0, 0x0, 0x0, 0x0, 0x0, 0x0, 0xff,
    0x0, 0x0, 0x0, 0x0, 0x0, 0xee, 0xff, 0x0,
    0x0, 0x0, 0x0, 0x0, 0xee, 0xff, 0x0, 0x0,
    0x0, 0x0, 0x0, 0x0, 0xff, 0xe, 0xe0, 0xee,
    0xe, 0xe0, 0xee, 0xee, 0xe, 0xe0, 0xee, 0xe,
    0xe0, 0xee,

    /* U+F863 "" */
    0x0, 0x0, 0x0, 0x0, 0x0, 0x0, 0x0, 0x0,
    0x0, 0x0, 0x0, 0x4, 0xce, 0x0, 0x0, 0x0,
    0x0, 0x0, 0x0, 0x8, 0xff, 0xf0, 0x0, 0x0,
    0x0, 0x0, 0x0, 0x4, 0xff, 0xfd, 0x0, 0x0,
    0x0, 0x0, 0x0, 0x0, 0xbf, 0xff, 0xb0, 0x0,
    0x0, 0x0, 0x0, 0x0, 0xe, 0xff, 0xfe, 0xdf,
    0xfc, 0x50, 0x0, 0x0, 0x0, 0xef, 0xff, 0xff,
    0xff, 0xff, 0x90, 0x0, 0x0, 0xc, 0xff, 0xff,
    0xff, 0xff, 0xff, 0x50, 0xde, 0xcb, 0xdf, 0xf4,
    0x3f, 0xff, 0xff, 0xfc, 0xb, 0xff, 0xff, 0xff,
    0x43, 0xff, 0xeb, 0xce, 0xe0, 0x4f, 0xff, 0xff,
    0xff, 0xff, 0xfd, 0x0, 0x0, 0x0, 0x8f, 0xff,
    0xff, 0xff, 0xff, 0xf0, 0x0, 0x0, 0x0, 0x4c,
    0xff, 0xdd, 0xff, 0xff, 0x0, 0x0, 0x0, 0x0,
    0x0, 0x0, 0xaf, 0xff, 0xc0, 0x0, 0x0, 0x0,
    0x0, 0x0, 0xc, 0xff, 0xf5, 0x0, 0x0, 0x0,
    0x0, 0x0, 0x0, 0xef, 0xf9, 0x0, 0x0, 0x0,
    0x0, 0x0, 0x0, 0xd, 0xc5, 0x0, 0x0, 0x0,
    0x0, 0x0, 0x0, 0x0, 0x0, 0x0, 0x0, 0x0,
    0x0,

    /* U+F86D "" */
    0x0, 0x0, 0x0, 0x0, 0x0, 0x0, 0x0, 0x0,
    0x3, 0xde, 0x76, 0xed, 0x30, 0x4, 0x79, 0xce,
    0xd0, 0xdf, 0xff, 0xff, 0xfe, 0x5, 0xff, 0xff,
    0xff, 0xe, 0xff, 0xff, 0xff, 0xf0, 0x7f, 0xfe,
    0xbc, 0xf0, 0x7f, 0xff, 0xff, 0xf8, 0x7, 0xf1,
    0x0, 0x7f, 0x0, 0x9f, 0xff, 0xfa, 0x0, 0x7f,
    0x6, 0xef, 0xf0, 0x0, 0x9f, 0xfa, 0x6, 0xef,
    0xf0, 0xef, 0xff, 0x0, 0x0, 0xaa, 0x0, 0xef,
    0xff, 0x6, 0xee, 0x70, 0x0, 0x0, 0x0, 0x6,
    0xee, 0x70, 0x0, 0x0, 0x0, 0x0, 0x0, 0x0,
    0x0, 0x0, 0x0, 0x0, 0x0, 0x0, 0x5f, 0xff,
    0x50, 0x0, 0xb, 0xff, 0x50, 0xc, 0xff, 0xff,
    0xff, 0xfd, 0x0, 0xef, 0xe0, 0x0, 0xff, 0xfc,
    0x6b, 0xff, 0xf0, 0xf, 0xff, 0xfd, 0xf, 0xff,
    0x0, 0xe, 0xff, 0x2, 0xff, 0xff, 0x40, 0xff,
    0xf0, 0x0, 0xff, 0xf0, 0x0, 0xf, 0xa0, 0xf,
    0xff, 0xc6, 0xbf, 0xff, 0x0, 0x5, 0xe1, 0x0,
    0xcf, 0xff, 0xff, 0xff, 0xd0, 0x0, 0x85, 0x0,
    0x0,

    /* U+F879 "" */
    0x26, 0xae, 0xa0, 0x0, 0x0, 0x0, 0x0, 0x0,
    0xff, 0xff, 0xf2, 0x0, 0x0, 0x0, 0x0, 0x0,
    0xff, 0xff, 0xf8, 0x0, 0x0, 0x0, 0x0, 0x0,
    0xdf, 0xff, 0xff, 0x0, 0x0, 0x0, 0x0, 0x0,
    0xbf, 0xff, 0xff, 0x20, 0x0, 0x0, 0x0, 0x0,
    0x7f, 0xff, 0xe3, 0x0, 0x0, 0x0, 0x0, 0x0,
    0x2f, 0xff, 0x40, 0x0, 0x0, 0x0, 0x0, 0x0,
    0xb, 0xff, 0xb0, 0x0, 0x0, 0x0, 0x0, 0x0,
    0x3, 0xff, 0xf6, 0x0, 0x0, 0x0, 0x0, 0x0,
    0x0, 0x9f, 0xff, 0x40, 0x0, 0x2, 0x0, 0x0,
    0x0, 0xd, 0xff, 0xf6, 0x0, 0x3f, 0xf8, 0x20,
    0x0, 0x1, 0xdf, 0xff, 0xb4, 0xef, 0xff, 0xfa,
    0x0, 0x0, 0x1d, 0xff, 0xff, 0xff, 0xff, 0xfe,
    0x0, 0x0, 0x0, 0x9f, 0xff, 0xff, 0xff, 0xfa,
    0x0, 0x0, 0x0, 0x3, 0xbf, 0xff, 0xff, 0xf6,
    0x0, 0x0, 0x0, 0x0, 0x2, 0x7b, 0xdf, 0xf2,

    /* U+F87B "" */
    0x8f, 0xff, 0xff, 0xff, 0xff, 0xff, 0xf8, 0xff,
    0xff, 0xff, 0xff, 0xff, 0xff, 0xff, 0xff, 0x73,
    0x1e, 0xff, 0xff, 0xff, 0xff, 0xff, 0x0, 0x8,
    0xff, 0xff, 0xff, 0xff, 0xff, 0x20, 0x2, 0xff,
    0xff, 0xff, 0xff, 0xff, 0x60, 0x1b, 0xff, 0xff,
    0xff, 0xff, 0xff, 0xb0, 0x2f, 0xff, 0xff, 0xff,
    0xff, 0xff, 0xf3, 0x7, 0xff, 0xff, 0xff, 0xff,
    0xff, 0xfd, 0x10, 0x7f, 0xb2, 0x8e, 0xff, 0xff,
    0xff, 0xc1, 0x2, 0x10, 0x1, 0xff, 0xff, 0xff,
    0xfd, 0x30, 0x0, 0x3, 0xff, 0xff, 0xff, 0xff,
    0xfb, 0x62, 0x7, 0xff, 0xff, 0xff, 0xff, 0xff,
    0xff, 0xff, 0xff, 0x8f, 0xff, 0xff, 0xff, 0xff,
    0xff, 0xf8,

    /* U+F87C "" */
    0x0, 0x0, 0xcf, 0xff, 0xff, 0xff, 0xff, 0xff,
    0xff, 0xfc, 0x0, 0x0, 0xff, 0xff, 0xff, 0xff,
    0xff, 0xff, 0xff, 0xff, 0x0, 0x0, 0xfc, 0xc,
    0xf0, 0x0, 0x0, 0xf, 0xc0, 0xcf, 0x0, 0x0,
    0xec, 0x8c, 0xe0, 0x0, 0x0, 0xf, 0xe9, 0xef,
    0x1, 0x11, 0x11, 0x11, 0x11, 0x11, 0x10, 0xf,
    0xff, 0xff, 0xdf, 0xff, 0xff, 0xff, 0xff, 0xff,
    0xfd, 0xf, 0xc2, 0xcf, 0xff, 0xff, 0xff, 0xff,
    0xff, 0xff, 0xff, 0xf, 0xc2, 0xcf, 0xff, 0x55,
    0xff, 0xff, 0xff, 0xff, 0xff, 0xf, 0xff, 0xff,
    0xff, 0x33, 0xff, 0xff, 0x99, 0xff, 0xff, 0xf,
    0xe9, 0xef, 0xff, 0xff, 0xff, 0xf9, 0x0, 0x8f,
    0xff, 0xf, 0xc0, 0xcf, 0xff, 0xff, 0xff, 0x80,
    0x0, 0x8, 0xff, 0xf, 0xff, 0xff, 0xff, 0xf7,
    0x88, 0x0, 0x0, 0x0, 0xff, 0xf, 0xff, 0xfc,
    0xff, 0x70, 0x0, 0x0, 0x0, 0x0, 0xff, 0x0,
    0x0, 0x0, 0xff, 0x0, 0x0, 0x0, 0x0, 0x0,
    0xff, 0x0, 0x0, 0x0, 0xff, 0xff, 0xff, 0xff,
    0xff, 0xff, 0xff, 0x0, 0x0, 0x0, 0xcf, 0xff,
    0xff, 0xff, 0xff, 0xff, 0xfc, 0x0, 0x0, 0x0,

    /* U+F87D "" */
    0x8c, 0x20, 0x0, 0x0, 0x0, 0x0, 0x0, 0x0,
    0x0, 0x0, 0xdf, 0xe4, 0xe, 0xff, 0xff, 0xff,
    0xff, 0xff, 0xff, 0xe0, 0x1b, 0xff, 0x8f, 0xff,
    0xff, 0xff, 0xff, 0xff, 0xff, 0xf0, 0x0, 0x7f,
    0xff, 0xf8, 0x88, 0xbf, 0xf9, 0x88, 0x8f, 0xf0,
    0x0, 0x4, 0xef, 0xf3, 0x0, 0xaf, 0xf0, 0x0,
    0xe, 0xe0, 0x0, 0x0, 0x1c, 0xff, 0x60, 0xff,
    0xa0, 0x0, 0x0, 0x0, 0x0, 0x0, 0x0, 0x9f,
    0xfc, 0xff, 0x50, 0x0, 0x0, 0x0, 0x0, 0x0,
    0x0, 0x5, 0xff, 0xff, 0x0, 0x0, 0x0, 0x0,
    0x0, 0x0, 0x0, 0x0, 0x2d, 0xff, 0x50, 0x0,
    0x0, 0x0, 0x0, 0x0, 0x0, 0x0, 0x0, 0xaf,
    0xf8, 0x0, 0x0, 0x0, 0x0, 0x0, 0x0, 0x0,
    0x30, 0x6, 0xff, 0xc1, 0x0, 0x0, 0x0, 0x0,
    0x0, 0x0, 0xf9, 0x0, 0x3e, 0xfe, 0x40, 0x0,
    0x0, 0x0, 0x0, 0x5, 0xff, 0x40, 0x1, 0xbf,
    0xf7, 0x0, 0x0, 0x0, 0x0, 0xef, 0xff, 0xe0,
    0x0, 0x8, 0xff, 0xb1, 0x0, 0x0, 0x0, 0xef,
    0xff, 0xe0, 0x0, 0x0, 0x4e, 0xfd, 0x0, 0x0,
    0x0, 0x0, 0x0, 0x0, 0x0, 0x0, 0x2, 0xc8,

    /* U+F881 "" */
    0x0, 0xe, 0xf0, 0x0, 0x6, 0xff, 0xff, 0x70,
    0x0, 0xf, 0xf0, 0x0, 0x6, 0xff, 0xff, 0x50,
    0x0, 0xf, 0xf0, 0x0, 0x0, 0xa, 0xf9, 0x0,
    0x0, 0xf, 0xf0, 0x0, 0x0, 0x8f, 0xb0, 0x0,
    0x0, 0xf, 0xf0, 0x0, 0x4, 0xff, 0xff, 0x70,
    0x0, 0xf, 0xf0, 0x0, 0x6, 0xff, 0xff, 0x70,
    0x0, 0xf, 0xf0, 0x0, 0x0, 0x0, 0x0, 0x0,
    0x0, 0xf, 0xf0, 0x0, 0x0, 0x0, 0x0, 0x0,
    0x0, 0xf, 0xf0, 0x0, 0x0, 0x2f, 0xf3, 0x0,
    0x0, 0xf, 0xf0, 0x0, 0x0, 0x8f, 0xf9, 0x0,
    0xd, 0xff, 0xff, 0xe0, 0x0, 0xed, 0xce, 0x0,
    0x4, 0xff, 0xff, 0x50, 0x4, 0xfc, 0xcf, 0x50,
    0x0, 0x6f, 0xf7, 0x0, 0xa, 0xff, 0xff, 0xb0,
    0x0, 0x9, 0xa0, 0x0, 0xd, 0xc4, 0x4c, 0xe0,

    /* U+F882 "" */
    0x0, 0x9, 0xa0, 0x0, 0x6, 0xff, 0xff, 0x70,
    0x0, 0x6f, 0xf7, 0x0, 0x6, 0xff, 0xff, 0x50,
    0x4, 0xff, 0xff, 0x50, 0x0, 0xa, 0xf9, 0x0,
    0xd, 0xff, 0xff, 0xe0, 0x0, 0x8f, 0xb0, 0x0,
    0x0, 0xf, 0xf0, 0x0, 0x4, 0xff, 0xff, 0x70,
    0x0, 0xf, 0xf0, 0x0, 0x6, 0xff, 0xff, 0x70,
    0x0, 0xf, 0xf0, 0x0, 0x0, 0x0, 0x0, 0x0,
    0x0, 0xf, 0xf0, 0x0, 0x0, 0x0, 0x0, 0x0,
    0x0, 0xf, 0xf0, 0x0, 0x0, 0x2f, 0xf3, 0x0,
    0x0, 0xf, 0xf0, 0x0, 0x0, 0x8f, 0xf9, 0x0,
    0x0, 0xf, 0xf0, 0x0, 0x0, 0xed, 0xce, 0x0,
    0x0, 0xf, 0xf0, 0x0, 0x4, 0xfc, 0xcf, 0x50,
    0x0, 0xf, 0xf0, 0x0, 0xa, 0xff, 0xff, 0xb0,
    0x0, 0xe, 0xf0, 0x0, 0xd, 0xc4, 0x4c, 0xe0,

    /* U+F884 "" */
    0x0, 0xe, 0xf0, 0x0, 0xef, 0xf0, 0x0, 0x0,
    0x0, 0x0, 0xf, 0xf0, 0x0, 0xef, 0xf0, 0x0,
    0x0, 0x0, 0x0, 0xf, 0xf0, 0x0, 0x0, 0x0,
    0x0, 0x0, 0x0, 0x0, 0xf, 0xf0, 0x0, 0x0,
    0x0, 0x0, 0x0, 0x0, 0x0, 0xf, 0xf0, 0x0,
    0xef, 0xff, 0xf0, 0x0, 0x0, 0x0, 0xf, 0xf0,
    0x0, 0xef, 0xff, 0xf0, 0x0, 0x0, 0x0, 0xf,
    0xf0, 0x0, 0x0, 0x0, 0x0, 0x0, 0x0, 0x0,
    0xf, 0xf0, 0x0, 0x0, 0x0, 0x0, 0x0, 0x0,
    0x0, 0xf, 0xf0, 0x0, 0xef, 0xff, 0xff, 0xf0,
    0x0, 0x0, 0xf, 0xf0, 0x0, 0xef, 0xff, 0xff,
    0xf0, 0x0, 0xd, 0xff, 0xff, 0xe0, 0x0, 0x0,
    0x0, 0x0, 0x0, 0x4, 0xff, 0xff, 0x50, 0x0,
    0x0, 0x0, 0x0, 0x0, 0x0, 0x6f, 0xf7, 0x0,
    0xef, 0xff, 0xff, 0xff, 0xf0, 0x0, 0x9, 0xa0,
    0x0, 0xef, 0xff, 0xff, 0xff, 0xf0,

    /* U+F885 "" */
    0x0, 0x9, 0xa0, 0x0, 0xef, 0xf0, 0x0, 0x0,
    0x0, 0x0, 0x6f, 0xf7, 0x0, 0xef, 0xf0, 0x0,
    0x0, 0x0, 0x4, 0xff, 0xff, 0x50, 0x0, 0x0,
    0x0, 0x0, 0x0, 0xd, 0xff, 0xff, 0xe0, 0x0,
    0x0, 0x0, 0x0, 0x0, 0x0, 0xf, 0xf0, 0x0,
    0xef, 0xff, 0xf0, 0x0, 0x0, 0x0, 0xf, 0xf0,
    0x0, 0xef, 0xff, 0xf0, 0x0, 0x0, 0x0, 0xf,
    0xf0, 0x0, 0x0, 0x0, 0x0, 0x0, 0x0, 0x0,
    0xf, 0xf0, 0x0, 0x0, 0x0, 0x0, 0x0, 0x0,
    0x0, 0xf, 0xf0, 0x0, 0xef, 0xff, 0xff, 0xf0,
    0x0, 0x0, 0xf, 0xf0, 0x0, 0xef, 0xff, 0xff,
    0xf0, 0x0, 0x0, 0xf, 0xf0, 0x0, 0x0, 0x0,
    0x0, 0x0, 0x0, 0x0, 0xf, 0xf0, 0x0, 0x0,
    0x0, 0x0, 0x0, 0x0, 0x0, 0xf, 0xf0, 0x0,
    0xef, 0xff, 0xff, 0xff, 0xf0, 0x0, 0xe, 0xf0,
    0x0, 0xef, 0xff, 0xff, 0xff, 0xf0,

    /* U+F886 "" */
    0x0, 0x0, 0x0, 0x0, 0x0, 0x0, 0x0, 0x0,
    0x0, 0xef, 0x0, 0x0, 0x7, 0xef, 0x70, 0x0,
    0xf, 0xf0, 0x0, 0x3, 0xff, 0xff, 0x40, 0x0,
    0xff, 0x0, 0x0, 0x6f, 0x87, 0xf8, 0x0, 0xf,
    0xf0, 0x0, 0x3, 0xff, 0xff, 0x70, 0x0, 0xff,
    0x0, 0x0, 0x6, 0xef, 0xf4, 0x0, 0xf, 0xf0,
    0x0, 0x0, 0xc, 0xfb, 0x0, 0x0, 0xff, 0x0,
    0x0, 0x0, 0xd9, 0x0, 0x0, 0xf, 0xf0, 0x0,
    0x0, 0x0, 0x0, 0x0, 0x0, 0xff, 0x0, 0x0,
    0x7, 0xff, 0x0, 0x0, 0xf, 0xf0, 0x0, 0x0,
    0xdf, 0xf0, 0x0, 0xdf, 0xff, 0xfe, 0x0, 0x0,
    0xff, 0x0, 0x4, 0xff, 0xff, 0x50, 0x0, 0xf,
    0xf0, 0x0, 0x6, 0xff, 0x70, 0x0, 0xe, 0xff,
    0xf0, 0x0, 0x9, 0xa0, 0x0, 0x0, 0xef, 0xff,
    0x0,

    /* U+F887 "" */
    0x0, 0x0, 0x0, 0x0, 0x0, 0x0, 0x0, 0x0,
    0x0, 0x9a, 0x0, 0x0, 0x7, 0xef, 0x70, 0x0,
    0x6f, 0xf7, 0x0, 0x3, 0xff, 0xff, 0x40, 0x4f,
    0xff, 0xf5, 0x0, 0x6f, 0x87, 0xf8, 0xd, 0xff,
    0xff, 0xe0, 0x3, 0xff, 0xff, 0x70, 0x0, 0xff,
    0x0, 0x0, 0x6, 0xef, 0xf4, 0x0, 0xf, 0xf0,
    0x0, 0x0, 0xc, 0xfb, 0x0, 0x0, 0xff, 0x0,
    0x0, 0x0, 0xd9, 0x0, 0x0, 0xf, 0xf0, 0x0,
    0x0, 0x0, 0x0, 0x0, 0x0, 0xff, 0x0, 0x0,
    0x7, 0xff, 0x0, 0x0, 0xf, 0xf0, 0x0, 0x0,
    0xdf, 0xf0, 0x0, 0x0, 0xff, 0x0, 0x0, 0x0,
    0xff, 0x0, 0x0, 0xf, 0xf0, 0x0, 0x0, 0xf,
    0xf0, 0x0, 0x0, 0xff, 0x0, 0x0, 0xe, 0xff,
    0xf0, 0x0, 0xe, 0xf0, 0x0, 0x0, 0xef, 0xff,
    0x0,

    /* U+F891 "" */
    0x0, 0xaf, 0xa0, 0x0, 0xef, 0xfd, 0x50, 0x0,
    0x0, 0x0, 0x1f, 0xff, 0x10, 0xf, 0xfc, 0xef,
    0x30, 0x0, 0x0, 0x6, 0xfe, 0xf6, 0x0, 0xfc,
    0x5, 0xf7, 0x0, 0x0, 0x0, 0xbf, 0x5f, 0xb0,
    0xf, 0xe8, 0xcf, 0x50, 0x0, 0x0, 0x1f, 0xe4,
    0xef, 0x10, 0xff, 0xff, 0xfa, 0x0, 0x0, 0x6,
    0xff, 0xff, 0xf5, 0xf, 0xc0, 0xd, 0xf0, 0x0,
    0x0, 0xbf, 0x88, 0x8f, 0xb0, 0xff, 0xcc, 0xfc,
    0x0, 0x0, 0xe, 0xc0, 0x0, 0xce, 0xe, 0xff,
    0xfb, 0x10, 0x7a, 0x0, 0x0, 0x0, 0x0, 0x0,
    0x0, 0x0, 0x0, 0x8f, 0xfb, 0x0, 0x0, 0x0,
    0x0, 0x0, 0x0, 0x0, 0x8f, 0xff, 0xa0, 0x0,
    0x0, 0x0, 0x0, 0xa8, 0x0, 0x8f, 0xff, 0xa0,
    0x0, 0x0, 0x0, 0x0, 0xaf, 0xf8, 0x8f, 0xff,
    0xa0, 0x0, 0x0, 0x0, 0x0, 0xa, 0xff, 0xff,
    0xff, 0xa0, 0x0, 0x0, 0x0, 0x0, 0x0, 0xa,
    0xff, 0xff, 0xa0, 0x0, 0x0, 0x0, 0x0, 0x0,
    0x0, 0xa, 0xff, 0xa0, 0x0, 0x0, 0x0, 0x0,
    0x0, 0x0, 0x0, 0xa, 0xa0, 0x0, 0x0, 0x0,

    /* U+F897 "" */
    0x0, 0x7d, 0xfd, 0x80, 0x0, 0x0, 0x8, 0xdf,
    0xe8, 0x0, 0x0, 0xcf, 0xff, 0xff, 0xc0, 0x0,
    0xc, 0xff, 0xff, 0xfc, 0x0, 0x7f, 0xe4, 0x4,
    0xdf, 0x80, 0x7, 0xfe, 0x40, 0x4d, 0xf8, 0xd,
    0xf4, 0x0, 0x3, 0xfe, 0x0, 0xdf, 0x40, 0x0,
    0x3f, 0xe0, 0xff, 0x10, 0x0, 0xf, 0xf0, 0xf,
    0xf1, 0x0, 0x0, 0xff, 0xd, 0xf4, 0x0, 0x3,
    0xfe, 0x0, 0xdf, 0x40, 0x0, 0x3f, 0xe0, 0x7f,
    0xe4, 0x3, 0xdf, 0x80, 0x7, 0xfe, 0x40, 0x3d,
    0xf8, 0x0, 0xcf, 0xff, 0xff, 0xff, 0xff, 0xff,
    0xff, 0xff, 0xfc, 0x0, 0x0, 0x8d, 0xff, 0xff,
    0xff, 0xff, 0xff, 0xff, 0xe8, 0x0, 0x0,

    /* U+F8C0 "" */
    0x0, 0x0, 0x0, 0x2e, 0xc4, 0x4c, 0xe2, 0x0,
    0x0, 0x0, 0x0, 0x0, 0x0, 0xcf, 0xff, 0xff,
    0xfc, 0x0, 0x0, 0x0, 0x0, 0x0, 0x2, 0xff,
    0xff, 0xff, 0xff, 0x20, 0x0, 0x0, 0x0, 0x0,
    0x7, 0xff, 0xff, 0xff, 0xff, 0x70, 0x0, 0x0,
    0x0, 0x0, 0xc, 0xff, 0xff, 0xff, 0xff, 0xc0,
    0x0, 0x0, 0x0, 0x0, 0xf, 0xff, 0xff, 0xff,
    0xff, 0xf0, 0x0, 0x0, 0xd5, 0x0, 0x2f, 0xff,
    0xff, 0xff, 0xff, 0xf2, 0x0, 0x5c, 0x9f, 0xc4,
    0x17, 0xad, 0xef, 0xfe, 0xda, 0x71, 0x4c, 0xf9,
    0x1e, 0xff, 0xd9, 0x53, 0x10, 0x1, 0x35, 0x9d,
    0xff, 0xe1, 0x2, 0xef, 0xff, 0xff, 0xff, 0xff,
    0xff, 0xff, 0xfe, 0x20, 0x0, 0x2e, 0xff, 0xff,
    0xff, 0xff, 0xff, 0xff, 0xe2, 0x0, 0x0, 0x1,
    0x9f, 0xff, 0xff, 0xff, 0xff, 0xf9, 0x10, 0x0,
    0x0, 0x0, 0x1, 0x7b, 0xef, 0xfe, 0xb7, 0x10,
    0x0, 0x0,

    /* U+F8C1 "" */
    0x0, 0x0, 0x0, 0x0, 0x0, 0x0, 0x0, 0x0,
    0x0, 0x0, 0x0, 0x0, 0x0, 0x0, 0x0, 0x2,
    0x69, 0xdf, 0xd1, 0x0, 0x0, 0x0, 0x0, 0x0,
    0x0, 0x4c, 0xff, 0xff, 0xff, 0xf9, 0x0, 0x0,
    0x0, 0x0, 0x0, 0x1, 0xff, 0xff, 0xff, 0xff,
    0xfc, 0x0, 0x0, 0x0, 0x0, 0x0, 0x5, 0xff,
    0xff, 0xff, 0xff, 0xff, 0x0, 0x0, 0x0, 0x0,
    0x0, 0x6, 0xff, 0xff, 0xff, 0xff, 0xff, 0x20,
    0x0, 0x0, 0x0, 0x0, 0x0, 0x2, 0x8f, 0xff,
    0xff, 0xff, 0x50, 0x0, 0x0, 0x0, 0x2, 0xae,
    0xfc, 0x52, 0xdf, 0xff, 0xff, 0xb4, 0x0, 0x0,
    0x0, 0x3f, 0xff, 0xff, 0xfa, 0x1b, 0xff, 0xff,
    0xff, 0xe5, 0x0, 0x0, 0xdf, 0xff, 0xff, 0xff,
    0xb1, 0x9f, 0xff, 0xff, 0xff, 0x30, 0x7, 0xff,
    0xff, 0xff, 0xff, 0xfd, 0x27, 0xff, 0xff, 0xff,
    0xb0, 0xc, 0xff, 0xff, 0xff, 0xff, 0xff, 0xe3,
    0x4e, 0xff, 0xff, 0xf0, 0xe, 0xff, 0xff, 0xff,
    0xff, 0xff, 0xff, 0x81, 0x7c, 0xef, 0x80, 0x7,
    0xff, 0xff, 0xff, 0xff, 0xff, 0xff, 0xfd, 0x83,
    0x10, 0x0,

    /* U+F8CC "" */
    0x0, 0x4c, 0xf8, 0x8f, 0xc4, 0x0, 0x8, 0xff,
    0xf8, 0x8f, 0xff, 0x80, 0x4f, 0xff, 0xf8, 0x8f,
    0xff, 0xf4, 0xcf, 0xff, 0xf8, 0x8f, 0xff, 0xfc,
    0xff, 0xff, 0xf8, 0x8f, 0xff, 0xff, 0xff, 0xff,
    0xf8, 0x8f, 0xff, 0xff, 0x0, 0x0, 0x0, 0x0,
    0x0, 0x0, 0xff, 0xff, 0xff, 0xff, 0xff, 0xff,
    0xff, 0xff, 0xff, 0xff, 0xff, 0xff, 0xff, 0xff,
    0xff, 0xff, 0xff, 0xff, 0xff, 0xff, 0xff, 0xff,
    0xff, 0xff, 0xff, 0xff, 0xff, 0xff, 0xff, 0xff,
    0xcf, 0xff, 0xff, 0xff, 0xff, 0xfc, 0x4f, 0xff,
    0xff, 0xff, 0xff, 0xf4, 0x8, 0xff, 0xff, 0xff,
    0xff, 0x80, 0x0, 0x4c, 0xff, 0xff, 0xc4, 0x0,

    /* U+F8D9 "" */
    0x0, 0x0, 0x16, 0xbc, 0xdb, 0x61, 0x0, 0x0,
    0x0, 0x6, 0xef, 0xff, 0xff, 0xfe, 0x60, 0x0,
    0x0, 0x8f, 0xff, 0xff, 0xff, 0xff, 0xf8, 0x0,
    0x5, 0xff, 0xff, 0xff, 0xff, 0xff, 0xff, 0x50,
    0xe, 0xff, 0xfc, 0x34, 0x43, 0xcf, 0xff, 0xe0,
    0x5f, 0xff, 0xc3, 0xef, 0xfe, 0x3c, 0xff, 0xf5,
    0x9f, 0xff, 0x4d, 0xff, 0xff, 0xd4, 0xff, 0xf9,
    0xbf, 0xff, 0x3f, 0xf8, 0x8f, 0xf3, 0xff, 0xfb,
    0xbf, 0xff, 0x3f, 0xfa, 0xaf, 0xf3, 0xff, 0xfb,
    0x9f, 0xff, 0x5c, 0xff, 0xff, 0xc5, 0xff, 0xf9,
    0x5f, 0xff, 0xd3, 0xcf, 0xfc, 0x3d, 0xff, 0xf5,
    0xd, 0xff, 0xfd, 0x53, 0x34, 0xdf, 0xff, 0xe0,
    0x4, 0xff, 0xff, 0xff, 0xff, 0xff, 0xff, 0x40,
    0x0, 0x6f, 0xff, 0xff, 0xff, 0xff, 0xf6, 0x0,
    0x0, 0x4, 0xdf, 0xff, 0xff, 0xfe, 0x40, 0x0,
    0x0, 0x0, 0x5, 0x9b, 0xb9, 0x50, 0x0, 0x0,

    /* U+F8FF "" */
    0x4e, 0xff, 0xff, 0xff, 0xff, 0xff, 0xff, 0xb4,
    0x0, 0x0, 0xef, 0xff, 0xff, 0xff, 0xff, 0xff,
    0xff, 0xff, 0x70, 0x0, 0xff, 0xff, 0xff, 0xff,
    0xff, 0xff, 0xff, 0xff, 0xf3, 0x0, 0xff, 0x30,
    0x0, 0x3, 0xff, 0x20, 0x6, 0xff, 0xfb, 0x0,
    0xff, 0x0, 0x0, 0x0, 0xff, 0x0, 0x3, 0xff,
    0xfe, 0x0, 0xff, 0x0, 0x0, 0x0, 0xff, 0x0,
    0x3, 0xff, 0xff, 0x0, 0xff, 0x10, 0x0, 0x1,
    0xff, 0x0, 0x23, 0xff, 0xff, 0x0, 0xff, 0xec,
    0xcc, 0xce, 0xff, 0x0, 0x65, 0xff, 0xff, 0x0,
    0xff, 0xff, 0xff, 0xff, 0xff, 0x0, 0x3, 0xff,
    0xff, 0x0, 0xff, 0xff, 0xff, 0xff, 0xff, 0x0,
    0x3, 0xff, 0xff, 0x0, 0xef, 0xff, 0xfa, 0xaf,
    0xff, 0xff, 0xff, 0xff, 0xff, 0xfe, 0x4e, 0xff,
    0xa0, 0xa, 0xff, 0xff, 0xff, 0xff, 0xff, 0xfe,
    0x0, 0xe, 0xa0, 0xa, 0xe0, 0x0, 0x0, 0x0,
    0x0, 0x0, 0x0, 0x8, 0xfa, 0xaf, 0x80, 0x0,
    0x0, 0x0, 0x0, 0x0, 0x0, 0x0, 0x8e, 0xe8,
    0x0, 0x0, 0x0, 0x0, 0x0, 0x0
};


/*---------------------
 *  GLYPH DESCRIPTION
 *--------------------*/

static const lv_font_fmt_txt_glyph_dsc_t glyph_dsc[] = {
    {.bitmap_index = 0, .adv_w = 0, .box_w = 0, .box_h = 0, .ofs_x = 0, .ofs_y = 0} /* id = 0 reserved */,
    {.bitmap_index = 0, .adv_w = 69, .box_w = 0, .box_h = 0, .ofs_x = 0, .ofs_y = 0},
    {.bitmap_index = 0, .adv_w = 69, .box_w = 3, .box_h = 12, .ofs_x = 1, .ofs_y = 0},
    {.bitmap_index = 18, .adv_w = 100, .box_w = 5, .box_h = 5, .ofs_x = 1, .ofs_y = 7},
    {.bitmap_index = 31, .adv_w = 180, .box_w = 11, .box_h = 12, .ofs_x = 0, .ofs_y = 0},
    {.bitmap_index = 97, .adv_w = 159, .box_w = 10, .box_h = 16, .ofs_x = 0, .ofs_y = -2},
    {.bitmap_index = 177, .adv_w = 216, .box_w = 13, .box_h = 12, .ofs_x = 0, .ofs_y = 0},
    {.bitmap_index = 255, .adv_w = 176, .box_w = 11, .box_h = 13, .ofs_x = 0, .ofs_y = -1},
    {.bitmap_index = 327, .adv_w = 54, .box_w = 2, .box_h = 5, .ofs_x = 1, .ofs_y = 7},
    {.bitmap_index = 332, .adv_w = 86, .box_w = 4, .box_h = 15, .ofs_x = 1, .ofs_y = -3},
    {.bitmap_index = 362, .adv_w = 87, .box_w = 4, .box_h = 15, .ofs_x = 0, .ofs_y = -3},
    {.bitmap_index = 392, .adv_w = 102, .box_w = 7, .box_h = 7, .ofs_x = 0, .ofs_y = 5},
    {.bitmap_index = 417, .adv_w = 149, .box_w = 8, .box_h = 9, .ofs_x = 1, .ofs_y = 1},
    {.bitmap_index = 453, .adv_w = 58, .box_w = 3, .box_h = 6, .ofs_x = 0, .ofs_y = -3},
    {.bitmap_index = 462, .adv_w = 98, .box_w = 6, .box_h = 3, .ofs_x = 0, .ofs_y = 3},
    {.bitmap_index = 471, .adv_w = 58, .box_w = 3, .box_h = 3, .ofs_x = 0, .ofs_y = 0},
    {.bitmap_index = 476, .adv_w = 90, .box_w = 8, .box_h = 16, .ofs_x = -1, .ofs_y = -2},
    {.bitmap_index = 540, .adv_w = 171, .box_w = 10, .box_h = 12, .ofs_x = 0, .ofs_y = 0},
    {.bitmap_index = 600, .adv_w = 95, .box_w = 5, .box_h = 12, .ofs_x = 0, .ofs_y = 0},
    {.bitmap_index = 630, .adv_w = 147, .box_w = 9, .box_h = 12, .ofs_x = 0, .ofs_y = 0},
    {.bitmap_index = 684, .adv_w = 146, .box_w = 9, .box_h = 12, .ofs_x = 0, .ofs_y = 0},
    {.bitmap_index = 738, .adv_w = 171, .box_w = 11, .box_h = 12, .ofs_x = 0, .ofs_y = 0},
    {.bitmap_index = 804, .adv_w = 147, .box_w = 9, .box_h = 12, .ofs_x = 0, .ofs_y = 0},
    {.bitmap_index = 858, .adv_w = 158, .box_w = 10, .box_h = 12, .ofs_x = 0, .ofs_y = 0},
    {.bitmap_index = 918, .adv_w = 153, .box_w = 9, .box_h = 12, .ofs_x = 0, .ofs_y = 0},
    {.bitmap_index = 972, .adv_w = 165, .box_w = 10, .box_h = 12, .ofs_x = 0, .ofs_y = 0},
    {.bitmap_index = 1032, .adv_w = 158, .box_w = 10, .box_h = 12, .ofs_x = 0, .ofs_y = 0},
    {.bitmap_index = 1092, .adv_w = 58, .box_w = 3, .box_h = 9, .ofs_x = 0, .ofs_y = 0},
    {.bitmap_index = 1106, .adv_w = 58, .box_w = 3, .box_h = 12, .ofs_x = 0, .ofs_y = -3},
    {.bitmap_index = 1124, .adv_w = 149, .box_w = 8, .box_h = 8, .ofs_x = 1, .ofs_y = 2},
    {.bitmap_index = 1156, .adv_w = 149, .box_w = 8, .box_h = 6, .ofs_x = 1, .ofs_y = 3},
    {.bitmap_index = 1180, .adv_w = 149, .box_w = 8, .box_h = 8, .ofs_x = 1, .ofs_y = 2},
    {.bitmap_index = 1212, .adv_w = 147, .box_w = 9, .box_h = 12, .ofs_x = 0, .ofs_y = 0},
    {.bitmap_index = 1266, .adv_w = 265, .box_w = 16, .box_h = 15, .ofs_x = 0, .ofs_y = -3},
    {.bitmap_index = 1386, .adv_w = 187, .box_w = 13, .box_h = 12, .ofs_x = -1, .ofs_y = 0},
    {.bitmap_index = 1464, .adv_w = 194, .box_w = 11, .box_h = 12, .ofs_x = 1, .ofs_y = 0},
    {.bitmap_index = 1530, .adv_w = 183, .box_w = 11, .box_h = 12, .ofs_x = 0, .ofs_y = 0},
    {.bitmap_index = 1596, .adv_w = 211, .box_w = 12, .box_h = 12, .ofs_x = 1, .ofs_y = 0},
    {.bitmap_index = 1668, .adv_w = 172, .box_w = 9, .box_h = 12, .ofs_x = 1, .ofs_y = 0},
    {.bitmap_index = 1722, .adv_w = 163, .box_w = 9, .box_h = 12, .ofs_x = 1, .ofs_y = 0},
    {.bitmap_index = 1776, .adv_w = 198, .box_w = 12, .box_h = 12, .ofs_x = 0, .ofs_y = 0},
    {.bitmap_index = 1848, .adv_w = 208, .box_w = 11, .box_h = 12, .ofs_x = 1, .ofs_y = 0},
    {.bitmap_index = 1914, .adv_w = 79, .box_w = 3, .box_h = 12, .ofs_x = 1, .ofs_y = 0},
    {.bitmap_index = 1932, .adv_w = 131, .box_w = 8, .box_h = 12, .ofs_x = -1, .ofs_y = 0},
    {.bitmap_index = 1980, .adv_w = 184, .box_w = 11, .box_h = 12, .ofs_x = 1, .ofs_y = 0},
    {.bitmap_index = 2046, .adv_w = 152, .box_w = 9, .box_h = 12, .ofs_x = 1, .ofs_y = 0},
    {.bitmap_index = 2100, .adv_w = 244, .box_w = 13, .box_h = 12, .ofs_x = 1, .ofs_y = 0},
    {.bitmap_index = 2178, .adv_w = 208, .box_w = 11, .box_h = 12, .ofs_x = 1, .ofs_y = 0},
    {.bitmap_index = 2244, .adv_w = 215, .box_w = 13, .box_h = 12, .ofs_x = 0, .ofs_y = 0},
    {.bitmap_index = 2322, .adv_w = 185, .box_w = 10, .box_h = 12, .ofs_x = 1, .ofs_y = 0},
    {.bitmap_index = 2382, .adv_w = 215, .box_w = 14, .box_h = 15, .ofs_x = 0, .ofs_y = -3},
    {.bitmap_index = 2487, .adv_w = 186, .box_w = 10, .box_h = 12, .ofs_x = 1, .ofs_y = 0},
    {.bitmap_index = 2547, .adv_w = 159, .box_w = 10, .box_h = 12, .ofs_x = 0, .ofs_y = 0},
    {.bitmap_index = 2607, .adv_w = 150, .box_w = 10, .box_h = 12, .ofs_x = 0, .ofs_y = 0},
    {.bitmap_index = 2667, .adv_w = 202, .box_w = 11, .box_h = 12, .ofs_x = 1, .ofs_y = 0},
    {.bitmap_index = 2733, .adv_w = 182, .box_w = 13, .box_h = 12, .ofs_x = -1, .ofs_y = 0},
    {.bitmap_index = 2811, .adv_w = 288, .box_w = 18, .box_h = 12, .ofs_x = 0, .ofs_y = 0},
    {.bitmap_index = 2919, .adv_w = 172, .box_w = 11, .box_h = 12, .ofs_x = 0, .ofs_y = 0},
    {.bitmap_index = 2985, .adv_w = 166, .box_w = 12, .box_h = 12, .ofs_x = -1, .ofs_y = 0},
    {.bitmap_index = 3057, .adv_w = 168, .box_w = 11, .box_h = 12, .ofs_x = 0, .ofs_y = 0},
    {.bitmap_index = 3123, .adv_w = 85, .box_w = 5, .box_h = 15, .ofs_x = 1, .ofs_y = -3},
    {.bitmap_index = 3161, .adv_w = 90, .box_w = 8, .box_h = 16, .ofs_x = -1, .ofs_y = -2},
    {.bitmap_index = 3225, .adv_w = 85, .box_w = 4, .box_h = 15, .ofs_x = 0, .ofs_y = -3},
    {.bitmap_index = 3255, .adv_w = 149, .box_w = 8, .box_h = 7, .ofs_x = 1, .ofs_y = 2},
    {.bitmap_index = 3283, .adv_w = 128, .box_w = 8, .box_h = 2, .ofs_x = 0, .ofs_y = -2},
    {.bitmap_index = 3291, .adv_w = 154, .box_w = 5, .box_h = 2, .ofs_x = 1, .ofs_y = 10},
    {.bitmap_index = 3296, .adv_w = 153, .box_w = 9, .box_h = 9, .ofs_x = 0, .ofs_y = 0},
    {.bitmap_index = 3337, .adv_w = 175, .box_w = 10, .box_h = 12, .ofs_x = 1, .ofs_y = 0},
    {.bitmap_index = 3397, .adv_w = 146, .box_w = 9, .box_h = 9, .ofs_x = 0, .ofs_y = 0},
    {.bitmap_index = 3438, .adv_w = 175, .box_w = 10, .box_h = 12, .ofs_x = 0, .ofs_y = 0},
    {.bitmap_index = 3498, .adv_w = 157, .box_w = 10, .box_h = 9, .ofs_x = 0, .ofs_y = 0},
    {.bitmap_index = 3543, .adv_w = 90, .box_w = 7, .box_h = 12, .ofs_x = 0, .ofs_y = 0},
    {.bitmap_index = 3585, .adv_w = 177, .box_w = 10, .box_h = 12, .ofs_x = 0, .ofs_y = -3},
    {.bitmap_index = 3645, .adv_w = 174, .box_w = 9, .box_h = 12, .ofs_x = 1, .ofs_y = 0},
    {.bitmap_index = 3699, .adv_w = 71, .box_w = 3, .box_h = 12, .ofs_x = 1, .ofs_y = 0},
    {.bitmap_index = 3717, .adv_w = 73, .box_w = 6, .box_h = 15, .ofs_x = -2, .ofs_y = -3},
    {.bitmap_index = 3762, .adv_w = 157, .box_w = 9, .box_h = 12, .ofs_x = 1, .ofs_y = 0},
    {.bitmap_index = 3816, .adv_w = 71, .box_w = 2, .box_h = 12, .ofs_x = 1, .ofs_y = 0},
    {.bitmap_index = 3828, .adv_w = 271, .box_w = 15, .box_h = 9, .ofs_x = 1, .ofs_y = 0},
    {.bitmap_index = 3896, .adv_w = 174, .box_w = 9, .box_h = 9, .ofs_x = 1, .ofs_y = 0},
    {.bitmap_index = 3937, .adv_w = 163, .box_w = 10, .box_h = 9, .ofs_x = 0, .ofs_y = 0},
    {.bitmap_index = 3982, .adv_w = 175, .box_w = 10, .box_h = 12, .ofs_x = 1, .ofs_y = -3},
    {.bitmap_index = 4042, .adv_w = 175, .box_w = 10, .box_h = 12, .ofs_x = 0, .ofs_y = -3},
    {.bitmap_index = 4102, .adv_w = 105, .box_w = 6, .box_h = 9, .ofs_x = 1, .ofs_y = 0},
    {.bitmap_index = 4129, .adv_w = 128, .box_w = 8, .box_h = 9, .ofs_x = 0, .ofs_y = 0},
    {.bitmap_index = 4165, .adv_w = 106, .box_w = 7, .box_h = 11, .ofs_x = 0, .ofs_y = 0},
    {.bitmap_index = 4204, .adv_w = 173, .box_w = 9, .box_h = 9, .ofs_x = 1, .ofs_y = 0},
    {.bitmap_index = 4245, .adv_w = 143, .box_w = 10, .box_h = 9, .ofs_x = -1, .ofs_y = 0},
    {.bitmap_index = 4290, .adv_w = 230, .box_w = 15, .box_h = 9, .ofs_x = 0, .ofs_y = 0},
    {.bitmap_index = 4358, .adv_w = 141, .box_w = 9, .box_h = 9, .ofs_x = 0, .ofs_y = 0},
    {.bitmap_index = 4399, .adv_w = 143, .box_w = 10, .box_h = 12, .ofs_x = -1, .ofs_y = -3},
    {.bitmap_index = 4459, .adv_w = 133, .box_w = 8, .box_h = 9, .ofs_x = 0, .ofs_y = 0},
    {.bitmap_index = 4495, .adv_w = 90, .box_w = 6, .box_h = 15, .ofs_x = 0, .ofs_y = -3},
    {.bitmap_index = 4540, .adv_w = 77, .box_w = 3, .box_h = 15, .ofs_x = 1, .ofs_y = -3},
    {.bitmap_index = 4563, .adv_w = 90, .box_w = 5, .box_h = 15, .ofs_x = 0, .ofs_y = -3},
    {.bitmap_index = 4601, .adv_w = 149, .box_w = 9, .box_h = 5, .ofs_x = 0, .ofs_y = 4},
    {.bitmap_index = 4624, .adv_w = 69, .box_w = 0, .box_h = 0, .ofs_x = 0, .ofs_y = 0},
    {.bitmap_index = 4624, .adv_w = 69, .box_w = 3, .box_h = 12, .ofs_x = 1, .ofs_y = -3},
    {.bitmap_index = 4642, .adv_w = 146, .box_w = 9, .box_h = 13, .ofs_x = 0, .ofs_y = -2},
    {.bitmap_index = 4701, .adv_w = 165, .box_w = 11, .box_h = 12, .ofs_x = 0, .ofs_y = 0},
    {.bitmap_index = 4767, .adv_w = 179, .box_w = 11, .box_h = 12, .ofs_x = 0, .ofs_y = -1},
    {.bitmap_index = 4833, .adv_w = 181, .box_w = 13, .box_h = 12, .ofs_x = -1, .ofs_y = 0},
    {.bitmap_index = 4911, .adv_w = 77, .box_w = 3, .box_h = 15, .ofs_x = 1, .ofs_y = -3},
    {.bitmap_index = 4934, .adv_w = 128, .box_w = 8, .box_h = 14, .ofs_x = 0, .ofs_y = -2},
    {.bitmap_index = 4990, .adv_w = 154, .box_w = 6, .box_h = 2, .ofs_x = 2, .ofs_y = 11},
    {.bitmap_index = 4996, .adv_w = 205, .box_w = 13, .box_h = 12, .ofs_x = 0, .ofs_y = 0},
    {.bitmap_index = 5074, .adv_w = 103, .box_w = 6, .box_h = 5, .ofs_x = 0, .ofs_y = 7},
    {.bitmap_index = 5089, .adv_w = 129, .box_w = 8, .box_h = 7, .ofs_x = 0, .ofs_y = 1},
    {.bitmap_index = 5117, .adv_w = 149, .box_w = 8, .box_h = 6, .ofs_x = 1, .ofs_y = 1},
    {.bitmap_index = 5141, .adv_w = 205, .box_w = 13, .box_h = 12, .ofs_x = 0, .ofs_y = 0},
    {.bitmap_index = 5219, .adv_w = 154, .box_w = 6, .box_h = 2, .ofs_x = 2, .ofs_y = 10},
    {.bitmap_index = 5225, .adv_w = 107, .box_w = 6, .box_h = 6, .ofs_x = 0, .ofs_y = 6},
    {.bitmap_index = 5243, .adv_w = 149, .box_w = 8, .box_h = 11, .ofs_x = 1, .ofs_y = 0},
    {.bitmap_index = 5287, .adv_w = 110, .box_w = 7, .box_h = 7, .ofs_x = 0, .ofs_y = 5},
    {.bitmap_index = 5312, .adv_w = 110, .box_w = 7, .box_h = 7, .ofs_x = 0, .ofs_y = 5},
    {.bitmap_index = 5337, .adv_w = 154, .box_w = 5, .box_h = 2, .ofs_x = 3, .ofs_y = 10},
    {.bitmap_index = 5342, .adv_w = 175, .box_w = 9, .box_h = 12, .ofs_x = 1, .ofs_y = -3},
    {.bitmap_index = 5396, .adv_w = 166, .box_w = 9, .box_h = 15, .ofs_x = 0, .ofs_y = -3},
    {.bitmap_index = 5464, .adv_w = 68, .box_w = 3, .box_h = 3, .ofs_x = 1, .ofs_y = 3},
    {.bitmap_index = 5469, .adv_w = 154, .box_w = 5, .box_h = 4, .ofs_x = 2, .ofs_y = -4},
    {.bitmap_index = 5479, .adv_w = 110, .box_w = 5, .box_h = 7, .ofs_x = 1, .ofs_y = 5},
    {.bitmap_index = 5497, .adv_w = 107, .box_w = 7, .box_h = 5, .ofs_x = 0, .ofs_y = 7},
    {.bitmap_index = 5515, .adv_w = 129, .box_w = 8, .box_h = 7, .ofs_x = 0, .ofs_y = 1},
    {.bitmap_index = 5543, .adv_w = 265, .box_w = 16, .box_h = 12, .ofs_x = 1, .ofs_y = 0},
    {.bitmap_index = 5639, .adv_w = 265, .box_w = 15, .box_h = 12, .ofs_x = 1, .ofs_y = 0},
    {.bitmap_index = 5729, .adv_w = 265, .box_w = 17, .box_h = 12, .ofs_x = 0, .ofs_y = 0},
    {.bitmap_index = 5831, .adv_w = 147, .box_w = 9, .box_h = 12, .ofs_x = 1, .ofs_y = -3},
    {.bitmap_index = 5885, .adv_w = 187, .box_w = 13, .box_h = 15, .ofs_x = -1, .ofs_y = 0},
    {.bitmap_index = 5983, .adv_w = 187, .box_w = 13, .box_h = 15, .ofs_x = -1, .ofs_y = 0},
    {.bitmap_index = 6081, .adv_w = 187, .box_w = 13, .box_h = 15, .ofs_x = -1, .ofs_y = 0},
    {.bitmap_index = 6179, .adv_w = 187, .box_w = 13, .box_h = 15, .ofs_x = -1, .ofs_y = 0},
    {.bitmap_index = 6277, .adv_w = 187, .box_w = 13, .box_h = 15, .ofs_x = -1, .ofs_y = 0},
    {.bitmap_index = 6375, .adv_w = 187, .box_w = 13, .box_h = 16, .ofs_x = -1, .ofs_y = 0},
    {.bitmap_index = 6479, .adv_w = 268, .box_w = 17, .box_h = 12, .ofs_x = -1, .ofs_y = 0},
    {.bitmap_index = 6581, .adv_w = 183, .box_w = 11, .box_h = 15, .ofs_x = 0, .ofs_y = -3},
    {.bitmap_index = 6664, .adv_w = 172, .box_w = 9, .box_h = 15, .ofs_x = 1, .ofs_y = 0},
    {.bitmap_index = 6732, .adv_w = 172, .box_w = 9, .box_h = 15, .ofs_x = 1, .ofs_y = 0},
    {.bitmap_index = 6800, .adv_w = 172, .box_w = 9, .box_h = 15, .ofs_x = 1, .ofs_y = 0},
    {.bitmap_index = 6868, .adv_w = 172, .box_w = 9, .box_h = 15, .ofs_x = 1, .ofs_y = 0},
    {.bitmap_index = 6936, .adv_w = 79, .box_w = 5, .box_h = 15, .ofs_x = -1, .ofs_y = 0},
    {.bitmap_index = 6974, .adv_w = 79, .box_w = 5, .box_h = 15, .ofs_x = 1, .ofs_y = 0},
    {.bitmap_index = 7012, .adv_w = 79, .box_w = 7, .box_h = 15, .ofs_x = -1, .ofs_y = 0},
    {.bitmap_index = 7065, .adv_w = 79, .box_w = 5, .box_h = 15, .ofs_x = 0, .ofs_y = 0},
    {.bitmap_index = 7103, .adv_w = 214, .box_w = 13, .box_h = 12, .ofs_x = 0, .ofs_y = 0},
    {.bitmap_index = 7181, .adv_w = 208, .box_w = 11, .box_h = 15, .ofs_x = 1, .ofs_y = 0},
    {.bitmap_index = 7264, .adv_w = 215, .box_w = 13, .box_h = 15, .ofs_x = 0, .ofs_y = 0},
    {.bitmap_index = 7362, .adv_w = 215, .box_w = 13, .box_h = 15, .ofs_x = 0, .ofs_y = 0},
    {.bitmap_index = 7460, .adv_w = 215, .box_w = 13, .box_h = 15, .ofs_x = 0, .ofs_y = 0},
    {.bitmap_index = 7558, .adv_w = 215, .box_w = 13, .box_h = 15, .ofs_x = 0, .ofs_y = 0},
    {.bitmap_index = 7656, .adv_w = 215, .box_w = 13, .box_h = 15, .ofs_x = 0, .ofs_y = 0},
    {.bitmap_index = 7754, .adv_w = 149, .box_w = 7, .box_h = 8, .ofs_x = 1, .ofs_y = 2},
    {.bitmap_index = 7782, .adv_w = 215, .box_w = 13, .box_h = 14, .ofs_x = 0, .ofs_y = -1},
    {.bitmap_index = 7873, .adv_w = 202, .box_w = 11, .box_h = 15, .ofs_x = 1, .ofs_y = 0},
    {.bitmap_index = 7956, .adv_w = 202, .box_w = 11, .box_h = 15, .ofs_x = 1, .ofs_y = 0},
    {.bitmap_index = 8039, .adv_w = 202, .box_w = 11, .box_h = 15, .ofs_x = 1, .ofs_y = 0},
    {.bitmap_index = 8122, .adv_w = 202, .box_w = 11, .box_h = 15, .ofs_x = 1, .ofs_y = 0},
    {.bitmap_index = 8205, .adv_w = 166, .box_w = 12, .box_h = 15, .ofs_x = -1, .ofs_y = 0},
    {.bitmap_index = 8295, .adv_w = 185, .box_w = 10, .box_h = 12, .ofs_x = 1, .ofs_y = 0},
    {.bitmap_index = 8355, .adv_w = 173, .box_w = 10, .box_h = 12, .ofs_x = 1, .ofs_y = 0},
    {.bitmap_index = 8415, .adv_w = 153, .box_w = 9, .box_h = 12, .ofs_x = 0, .ofs_y = 0},
    {.bitmap_index = 8469, .adv_w = 153, .box_w = 9, .box_h = 12, .ofs_x = 0, .ofs_y = 0},
    {.bitmap_index = 8523, .adv_w = 153, .box_w = 9, .box_h = 12, .ofs_x = 0, .ofs_y = 0},
    {.bitmap_index = 8577, .adv_w = 153, .box_w = 9, .box_h = 12, .ofs_x = 0, .ofs_y = 0},
    {.bitmap_index = 8631, .adv_w = 153, .box_w = 9, .box_h = 12, .ofs_x = 0, .ofs_y = 0},
    {.bitmap_index = 8685, .adv_w = 153, .box_w = 9, .box_h = 14, .ofs_x = 0, .ofs_y = 0},
    {.bitmap_index = 8748, .adv_w = 253, .box_w = 16, .box_h = 9, .ofs_x = 0, .ofs_y = 0},
    {.bitmap_index = 8820, .adv_w = 146, .box_w = 9, .box_h = 12, .ofs_x = 0, .ofs_y = -3},
    {.bitmap_index = 8874, .adv_w = 157, .box_w = 10, .box_h = 12, .ofs_x = 0, .ofs_y = 0},
    {.bitmap_index = 8934, .adv_w = 157, .box_w = 10, .box_h = 12, .ofs_x = 0, .ofs_y = 0},
    {.bitmap_index = 8994, .adv_w = 157, .box_w = 10, .box_h = 12, .ofs_x = 0, .ofs_y = 0},
    {.bitmap_index = 9054, .adv_w = 157, .box_w = 10, .box_h = 12, .ofs_x = 0, .ofs_y = 0},
    {.bitmap_index = 9114, .adv_w = 71, .box_w = 5, .box_h = 12, .ofs_x = -1, .ofs_y = 0},
    {.bitmap_index = 9144, .adv_w = 71, .box_w = 5, .box_h = 12, .ofs_x = 1, .ofs_y = 0},
    {.bitmap_index = 9174, .adv_w = 71, .box_w = 6, .box_h = 12, .ofs_x = -1, .ofs_y = 0},
    {.bitmap_index = 9210, .adv_w = 71, .box_w = 5, .box_h = 12, .ofs_x = 0, .ofs_y = 0},
    {.bitmap_index = 9240, .adv_w = 153, .box_w = 9, .box_h = 13, .ofs_x = 0, .ofs_y = 0},
    {.bitmap_index = 9299, .adv_w = 174, .box_w = 9, .box_h = 12, .ofs_x = 1, .ofs_y = 0},
    {.bitmap_index = 9353, .adv_w = 163, .box_w = 10, .box_h = 12, .ofs_x = 0, .ofs_y = 0},
    {.bitmap_index = 9413, .adv_w = 163, .box_w = 10, .box_h = 12, .ofs_x = 0, .ofs_y = 0},
    {.bitmap_index = 9473, .adv_w = 163, .box_w = 10, .box_h = 12, .ofs_x = 0, .ofs_y = 0},
    {.bitmap_index = 9533, .adv_w = 163, .box_w = 10, .box_h = 12, .ofs_x = 0, .ofs_y = 0},
    {.bitmap_index = 9593, .adv_w = 163, .box_w = 10, .box_h = 12, .ofs_x = 0, .ofs_y = 0},
    {.bitmap_index = 9653, .adv_w = 149, .box_w = 8, .box_h = 9, .ofs_x = 1, .ofs_y = 2},
    {.bitmap_index = 9689, .adv_w = 163, .box_w = 10, .box_h = 11, .ofs_x = 0, .ofs_y = -1},
    {.bitmap_index = 9744, .adv_w = 173, .box_w = 9, .box_h = 12, .ofs_x = 1, .ofs_y = 0},
    {.bitmap_index = 9798, .adv_w = 173, .box_w = 9, .box_h = 12, .ofs_x = 1, .ofs_y = 0},
    {.bitmap_index = 9852, .adv_w = 173, .box_w = 9, .box_h = 12, .ofs_x = 1, .ofs_y = 0},
    {.bitmap_index = 9906, .adv_w = 173, .box_w = 9, .box_h = 12, .ofs_x = 1, .ofs_y = 0},
    {.bitmap_index = 9960, .adv_w = 143, .box_w = 10, .box_h = 15, .ofs_x = -1, .ofs_y = -3},
    {.bitmap_index = 10035, .adv_w = 175, .box_w = 10, .box_h = 15, .ofs_x = 1, .ofs_y = -3},
    {.bitmap_index = 10110, .adv_w = 143, .box_w = 10, .box_h = 15, .ofs_x = -1, .ofs_y = -3},
    {.bitmap_index = 10185, .adv_w = 256, .box_w = 16, .box_h = 12, .ofs_x = 0, .ofs_y = 0},
    {.bitmap_index = 10281, .adv_w = 320, .box_w = 20, .box_h = 13, .ofs_x = 0, .ofs_y = -1},
    {.bitmap_index = 10411, .adv_w = 320, .box_w = 20, .box_h = 16, .ofs_x = 0, .ofs_y = -2},
    {.bitmap_index = 10571, .adv_w = 256, .box_w = 16, .box_h = 16, .ofs_x = 0, .ofs_y = -2},
    {.bitmap_index = 10699, .adv_w = 256, .box_w = 17, .box_h = 16, .ofs_x = 0, .ofs_y = -2},
    {.bitmap_index = 10835, .adv_w = 288, .box_w = 19, .box_h = 16, .ofs_x = 0, .ofs_y = -2},
    {.bitmap_index = 10987, .adv_w = 320, .box_w = 20, .box_h = 16, .ofs_x = 0, .ofs_y = -2},
    {.bitmap_index = 11147, .adv_w = 288, .box_w = 16, .box_h = 17, .ofs_x = 1, .ofs_y = -2},
    {.bitmap_index = 11283, .adv_w = 320, .box_w = 20, .box_h = 16, .ofs_x = 0, .ofs_y = -2},
    {.bitmap_index = 11443, .adv_w = 320, .box_w = 20, .box_h = 16, .ofs_x = 0, .ofs_y = -2},
    {.bitmap_index = 11603, .adv_w = 320, .box_w = 20, .box_h = 16, .ofs_x = 0, .ofs_y = -2},
    {.bitmap_index = 11763, .adv_w = 320, .box_w = 20, .box_h = 16, .ofs_x = 0, .ofs_y = -2},
    {.bitmap_index = 11923, .adv_w = 256, .box_w = 18, .box_h = 16, .ofs_x = -1, .ofs_y = -2},
    {.bitmap_index = 12067, .adv_w = 256, .box_w = 16, .box_h = 16, .ofs_x = 0, .ofs_y = -2},
    {.bitmap_index = 12195, .adv_w = 288, .box_w = 18, .box_h = 16, .ofs_x = 0, .ofs_y = -2},
    {.bitmap_index = 12339, .adv_w = 320, .box_w = 20, .box_h = 16, .ofs_x = 0, .ofs_y = -2},
    {.bitmap_index = 12499, .adv_w = 320, .box_w = 20, .box_h = 17, .ofs_x = 0, .ofs_y = -3},
    {.bitmap_index = 12669, .adv_w = 288, .box_w = 18, .box_h = 16, .ofs_x = 0, .ofs_y = -2},
    {.bitmap_index = 12813, .adv_w = 320, .box_w = 20, .box_h = 16, .ofs_x = 0, .ofs_y = -2},
    {.bitmap_index = 12973, .adv_w = 192, .box_w = 13, .box_h = 16, .ofs_x = 0, .ofs_y = -2},
    {.bitmap_index = 13077, .adv_w = 192, .box_w = 12, .box_h = 16, .ofs_x = 0, .ofs_y = -2},
    {.bitmap_index = 13173, .adv_w = 256, .box_w = 16, .box_h = 16, .ofs_x = 0, .ofs_y = -2},
    {.bitmap_index = 13301, .adv_w = 256, .box_w = 16, .box_h = 16, .ofs_x = 0, .ofs_y = -2},
    {.bitmap_index = 13429, .adv_w = 256, .box_w = 16, .box_h = 16, .ofs_x = 0, .ofs_y = -2},
    {.bitmap_index = 13557, .adv_w = 224, .box_w = 14, .box_h = 17, .ofs_x = 0, .ofs_y = -3},
    {.bitmap_index = 13676, .adv_w = 320, .box_w = 22, .box_h = 16, .ofs_x = -1, .ofs_y = -2},
    {.bitmap_index = 13852, .adv_w = 320, .box_w = 20, .box_h = 16, .ofs_x = 0, .ofs_y = -2},
    {.bitmap_index = 14012, .adv_w = 320, .box_w = 20, .box_h = 16, .ofs_x = 0, .ofs_y = -2},
    {.bitmap_index = 14172, .adv_w = 320, .box_w = 20, .box_h = 16, .ofs_x = 0, .ofs_y = -2},
    {.bitmap_index = 14332, .adv_w = 256, .box_w = 17, .box_h = 16, .ofs_x = 0, .ofs_y = -2},
    {.bitmap_index = 14468, .adv_w = 320, .box_w = 22, .box_h = 18, .ofs_x = -1, .ofs_y = -3},
    {.bitmap_index = 14666, .adv_w = 320, .box_w = 20, .box_h = 16, .ofs_x = 0, .ofs_y = -2},
    {.bitmap_index = 14826, .adv_w = 224, .box_w = 14, .box_h = 16, .ofs_x = 0, .ofs_y = -2},
    {.bitmap_index = 14938, .adv_w = 224, .box_w = 14, .box_h = 16, .ofs_x = 0, .ofs_y = -2},
    {.bitmap_index = 15050, .adv_w = 256, .box_w = 18, .box_h = 16, .ofs_x = -1, .ofs_y = -2},
    {.bitmap_index = 15194, .adv_w = 256, .box_w = 16, .box_h = 16, .ofs_x = 0, .ofs_y = -2},
    {.bitmap_index = 15322, .adv_w = 256, .box_w = 16, .box_h = 16, .ofs_x = 0, .ofs_y = -2},
    {.bitmap_index = 15450, .adv_w = 256, .box_w = 18, .box_h = 15, .ofs_x = -1, .ofs_y = -1},
    {.bitmap_index = 15585, .adv_w = 288, .box_w = 18, .box_h = 17, .ofs_x = 0, .ofs_y = -3},
    {.bitmap_index = 15738, .adv_w = 224, .box_w = 14, .box_h = 16, .ofs_x = 0, .ofs_y = -2},
    {.bitmap_index = 15850, .adv_w = 256, .box_w = 16, .box_h = 12, .ofs_x = 0, .ofs_y = 0},
    {.bitmap_index = 15946, .adv_w = 256, .box_w = 16, .box_h = 14, .ofs_x = 0, .ofs_y = -1},
    {.bitmap_index = 16058, .adv_w = 256, .box_w = 17, .box_h = 14, .ofs_x = 0, .ofs_y = -1},
    {.bitmap_index = 16177, .adv_w = 256, .box_w = 16, .box_h = 14, .ofs_x = 0, .ofs_y = -1},
    {.bitmap_index = 16289, .adv_w = 256, .box_w = 16, .box_h = 12, .ofs_x = 0, .ofs_y = 0},
    {.bitmap_index = 16385, .adv_w = 176, .box_w = 12, .box_h = 12, .ofs_x = 0, .ofs_y = 0},
    {.bitmap_index = 16457, .adv_w = 256, .box_w = 16, .box_h = 16, .ofs_x = 0, .ofs_y = -2},
    {.bitmap_index = 16585, .adv_w = 256, .box_w = 16, .box_h = 16, .ofs_x = 0, .ofs_y = -2},
    {.bitmap_index = 16713, .adv_w = 256, .box_w = 16, .box_h = 16, .ofs_x = 0, .ofs_y = -2},
    {.bitmap_index = 16841, .adv_w = 320, .box_w = 20, .box_h = 16, .ofs_x = 0, .ofs_y = -2},
    {.bitmap_index = 17001, .adv_w = 256, .box_w = 16, .box_h = 16, .ofs_x = 0, .ofs_y = -2},
    {.bitmap_index = 17129, .adv_w = 288, .box_w = 19, .box_h = 14, .ofs_x = 0, .ofs_y = -1},
    {.bitmap_index = 17262, .adv_w = 256, .box_w = 16, .box_h = 16, .ofs_x = 0, .ofs_y = -2},
    {.bitmap_index = 17390, .adv_w = 288, .box_w = 20, .box_h = 12, .ofs_x = -1, .ofs_y = 0},
    {.bitmap_index = 17510, .adv_w = 256, .box_w = 16, .box_h = 16, .ofs_x = 0, .ofs_y = -2},
    {.bitmap_index = 17638, .adv_w = 288, .box_w = 18, .box_h = 12, .ofs_x = 0, .ofs_y = 0},
    {.bitmap_index = 17746, .adv_w = 256, .box_w = 16, .box_h = 16, .ofs_x = 0, .ofs_y = -2},
    {.bitmap_index = 17874, .adv_w = 256, .box_w = 16, .box_h = 16, .ofs_x = 0, .ofs_y = -2},
    {.bitmap_index = 18002, .adv_w = 256, .box_w = 16, .box_h = 14, .ofs_x = 0, .ofs_y = -1},
    {.bitmap_index = 18114, .adv_w = 224, .box_w = 14, .box_h = 16, .ofs_x = 0, .ofs_y = -2},
    {.bitmap_index = 18226, .adv_w = 256, .box_w = 16, .box_h = 17, .ofs_x = 0, .ofs_y = -2},
    {.bitmap_index = 18362, .adv_w = 256, .box_w = 16, .box_h = 14, .ofs_x = 0, .ofs_y = -1},
    {.bitmap_index = 18474, .adv_w = 128, .box_w = 8, .box_h = 14, .ofs_x = 0, .ofs_y = -1},
    {.bitmap_index = 18530, .adv_w = 192, .box_w = 12, .box_h = 14, .ofs_x = 0, .ofs_y = -1},
    {.bitmap_index = 18614, .adv_w = 288, .box_w = 18, .box_h = 16, .ofs_x = 0, .ofs_y = -2},
    {.bitmap_index = 18758, .adv_w = 224, .box_w = 14, .box_h = 14, .ofs_x = 0, .ofs_y = -1},
    {.bitmap_index = 18856, .adv_w = 256, .box_w = 17, .box_h = 12, .ofs_x = 0, .ofs_y = 0},
    {.bitmap_index = 18958, .adv_w = 256, .box_w = 16, .box_h = 16, .ofs_x = 0, .ofs_y = -2},
    {.bitmap_index = 19086, .adv_w = 320, .box_w = 20, .box_h = 16, .ofs_x = 0, .ofs_y = -2},
    {.bitmap_index = 19246, .adv_w = 224, .box_w = 14, .box_h = 16, .ofs_x = 0, .ofs_y = -2},
    {.bitmap_index = 19358, .adv_w = 192, .box_w = 12, .box_h = 16, .ofs_x = 0, .ofs_y = -2},
    {.bitmap_index = 19454, .adv_w = 256, .box_w = 16, .box_h = 16, .ofs_x = 0, .ofs_y = -2},
    {.bitmap_index = 19582, .adv_w = 256, .box_w = 16, .box_h = 14, .ofs_x = 0, .ofs_y = -1},
    {.bitmap_index = 19694, .adv_w = 224, .box_w = 14, .box_h = 14, .ofs_x = 0, .ofs_y = -1},
    {.bitmap_index = 19792, .adv_w = 192, .box_w = 13, .box_h = 14, .ofs_x = 0, .ofs_y = -1},
    {.bitmap_index = 19883, .adv_w = 160, .box_w = 10, .box_h = 14, .ofs_x = 0, .ofs_y = -1},
    {.bitmap_index = 19953, .adv_w = 288, .box_w = 19, .box_h = 14, .ofs_x = 0, .ofs_y = -1},
    {.bitmap_index = 20086, .adv_w = 224, .box_w = 14, .box_h = 15, .ofs_x = 0, .ofs_y = -2},
    {.bitmap_index = 20191, .adv_w = 224, .box_w = 14, .box_h = 14, .ofs_x = 0, .ofs_y = -1},
    {.bitmap_index = 20289, .adv_w = 224, .box_w = 14, .box_h = 14, .ofs_x = 0, .ofs_y = -1},
    {.bitmap_index = 20387, .adv_w = 224, .box_w = 14, .box_h = 14, .ofs_x = 0, .ofs_y = -1},
    {.bitmap_index = 20485, .adv_w = 224, .box_w = 14, .box_h = 14, .ofs_x = 0, .ofs_y = -1},
    {.bitmap_index = 20583, .adv_w = 256, .box_w = 16, .box_h = 14, .ofs_x = 0, .ofs_y = -1},
    {.bitmap_index = 20695, .adv_w = 224, .box_w = 14, .box_h = 14, .ofs_x = 0, .ofs_y = -1},
    {.bitmap_index = 20793, .adv_w = 224, .box_w = 14, .box_h = 14, .ofs_x = 0, .ofs_y = -1},
    {.bitmap_index = 20891, .adv_w = 288, .box_w = 18, .box_h = 12, .ofs_x = 0, .ofs_y = 0},
    {.bitmap_index = 20999, .adv_w = 256, .box_w = 16, .box_h = 12, .ofs_x = 0, .ofs_y = 0},
    {.bitmap_index = 21095, .adv_w = 192, .box_w = 12, .box_h = 16, .ofs_x = 0, .ofs_y = -2},
    {.bitmap_index = 21191, .adv_w = 256, .box_w = 16, .box_h = 16, .ofs_x = 0, .ofs_y = -2},
    {.bitmap_index = 21319, .adv_w = 176, .box_w = 11, .box_h = 16, .ofs_x = 0, .ofs_y = -2},
    {.bitmap_index = 21407, .adv_w = 288, .box_w = 18, .box_h = 16, .ofs_x = 0, .ofs_y = -2},
    {.bitmap_index = 21551, .adv_w = 224, .box_w = 10, .box_h = 16, .ofs_x = 2, .ofs_y = -2},
    {.bitmap_index = 21631, .adv_w = 256, .box_w = 16, .box_h = 14, .ofs_x = 0, .ofs_y = -1},
    {.bitmap_index = 21743, .adv_w = 256, .box_w = 16, .box_h = 14, .ofs_x = 0, .ofs_y = -1},
    {.bitmap_index = 21855, .adv_w = 224, .box_w = 14, .box_h = 18, .ofs_x = 0, .ofs_y = -3},
    {.bitmap_index = 21981, .adv_w = 224, .box_w = 14, .box_h = 15, .ofs_x = 0, .ofs_y = -1},
    {.bitmap_index = 22086, .adv_w = 224, .box_w = 14, .box_h = 14, .ofs_x = 0, .ofs_y = -1},
    {.bitmap_index = 22184, .adv_w = 256, .box_w = 16, .box_h = 14, .ofs_x = 0, .ofs_y = -1},
    {.bitmap_index = 22296, .adv_w = 256, .box_w = 16, .box_h = 14, .ofs_x = 0, .ofs_y = -1},
    {.bitmap_index = 22408, .adv_w = 224, .box_w = 10, .box_h = 16, .ofs_x = 2, .ofs_y = -2},
    {.bitmap_index = 22488, .adv_w = 224, .box_w = 16, .box_h = 14, .ofs_x = -1, .ofs_y = -1},
    {.bitmap_index = 22600, .adv_w = 160, .box_w = 10, .box_h = 14, .ofs_x = 0, .ofs_y = -1},
    {.bitmap_index = 22670, .adv_w = 160, .box_w = 10, .box_h = 14, .ofs_x = 0, .ofs_y = -1},
    {.bitmap_index = 22740, .adv_w = 256, .box_w = 16, .box_h = 16, .ofs_x = 0, .ofs_y = -2},
    {.bitmap_index = 22868, .adv_w = 256, .box_w = 16, .box_h = 16, .ofs_x = 0, .ofs_y = -2},
    {.bitmap_index = 22996, .adv_w = 256, .box_w = 16, .box_h = 16, .ofs_x = 0, .ofs_y = -2},
    {.bitmap_index = 23124, .adv_w = 256, .box_w = 16, .box_h = 16, .ofs_x = 0, .ofs_y = -2},
    {.bitmap_index = 23252, .adv_w = 256, .box_w = 16, .box_h = 16, .ofs_x = 0, .ofs_y = -2},
    {.bitmap_index = 23380, .adv_w = 256, .box_w = 16, .box_h = 16, .ofs_x = 0, .ofs_y = -2},
    {.bitmap_index = 23508, .adv_w = 256, .box_w = 16, .box_h = 16, .ofs_x = 0, .ofs_y = -2},
    {.bitmap_index = 23636, .adv_w = 256, .box_w = 16, .box_h = 16, .ofs_x = 0, .ofs_y = -2},
    {.bitmap_index = 23764, .adv_w = 224, .box_w = 15, .box_h = 15, .ofs_x = 0, .ofs_y = -1},
    {.bitmap_index = 23877, .adv_w = 224, .box_w = 14, .box_h = 15, .ofs_x = 0, .ofs_y = -1},
    {.bitmap_index = 23982, .adv_w = 224, .box_w = 14, .box_h = 14, .ofs_x = 0, .ofs_y = -1},
    {.bitmap_index = 24080, .adv_w = 224, .box_w = 14, .box_h = 14, .ofs_x = 0, .ofs_y = -1},
    {.bitmap_index = 24178, .adv_w = 256, .box_w = 16, .box_h = 15, .ofs_x = 0, .ofs_y = -1},
    {.bitmap_index = 24298, .adv_w = 224, .box_w = 14, .box_h = 14, .ofs_x = 0, .ofs_y = -1},
    {.bitmap_index = 24396, .adv_w = 224, .box_w = 14, .box_h = 14, .ofs_x = 0, .ofs_y = -1},
    {.bitmap_index = 24494, .adv_w = 224, .box_w = 14, .box_h = 14, .ofs_x = 0, .ofs_y = -1},
    {.bitmap_index = 24592, .adv_w = 224, .box_w = 14, .box_h = 4, .ofs_x = 0, .ofs_y = 4},
    {.bitmap_index = 24620, .adv_w = 256, .box_w = 16, .box_h = 16, .ofs_x = 0, .ofs_y = -2},
    {.bitmap_index = 24748, .adv_w = 256, .box_w = 16, .box_h = 16, .ofs_x = 0, .ofs_y = -2},
    {.bitmap_index = 24876, .adv_w = 256, .box_w = 16, .box_h = 14, .ofs_x = 0, .ofs_y = -1},
    {.bitmap_index = 24988, .adv_w = 288, .box_w = 20, .box_h = 17, .ofs_x = -1, .ofs_y = -3},
    {.bitmap_index = 25158, .adv_w = 192, .box_w = 12, .box_h = 17, .ofs_x = 0, .ofs_y = -2},
    {.bitmap_index = 25260, .adv_w = 288, .box_w = 18, .box_h = 12, .ofs_x = 0, .ofs_y = 0},
    {.bitmap_index = 25368, .adv_w = 320, .box_w = 20, .box_h = 16, .ofs_x = 0, .ofs_y = -2},
    {.bitmap_index = 25528, .adv_w = 288, .box_w = 20, .box_h = 16, .ofs_x = -1, .ofs_y = -2},
    {.bitmap_index = 25688, .adv_w = 288, .box_w = 19, .box_h = 16, .ofs_x = 0, .ofs_y = -2},
    {.bitmap_index = 25840, .adv_w = 224, .box_w = 14, .box_h = 16, .ofs_x = 0, .ofs_y = -2},
    {.bitmap_index = 25952, .adv_w = 256, .box_w = 16, .box_h = 16, .ofs_x = 0, .ofs_y = -2},
    {.bitmap_index = 26080, .adv_w = 256, .box_w = 17, .box_h = 14, .ofs_x = 0, .ofs_y = -1},
    {.bitmap_index = 26199, .adv_w = 256, .box_w = 16, .box_h = 16, .ofs_x = 0, .ofs_y = -2},
    {.bitmap_index = 26327, .adv_w = 224, .box_w = 14, .box_h = 10, .ofs_x = 0, .ofs_y = 1},
    {.bitmap_index = 26397, .adv_w = 224, .box_w = 14, .box_h = 10, .ofs_x = 0, .ofs_y = 1},
    {.bitmap_index = 26467, .adv_w = 320, .box_w = 20, .box_h = 14, .ofs_x = 0, .ofs_y = -1},
    {.bitmap_index = 26607, .adv_w = 288, .box_w = 20, .box_h = 16, .ofs_x = -1, .ofs_y = -2},
    {.bitmap_index = 26767, .adv_w = 256, .box_w = 16, .box_h = 12, .ofs_x = 0, .ofs_y = 0},
    {.bitmap_index = 26863, .adv_w = 288, .box_w = 19, .box_h = 12, .ofs_x = 0, .ofs_y = 0},
    {.bitmap_index = 26977, .adv_w = 256, .box_w = 16, .box_h = 12, .ofs_x = 0, .ofs_y = 0},
    {.bitmap_index = 27073, .adv_w = 256, .box_w = 16, .box_h = 14, .ofs_x = 0, .ofs_y = -1},
    {.bitmap_index = 27185, .adv_w = 256, .box_w = 16, .box_h = 16, .ofs_x = 0, .ofs_y = -2},
    {.bitmap_index = 27313, .adv_w = 320, .box_w = 22, .box_h = 18, .ofs_x = -1, .ofs_y = -3},
    {.bitmap_index = 27511, .adv_w = 288, .box_w = 19, .box_h = 14, .ofs_x = 0, .ofs_y = -1},
    {.bitmap_index = 27644, .adv_w = 288, .box_w = 9, .box_h = 17, .ofs_x = 0, .ofs_y = -3},
    {.bitmap_index = 27721, .adv_w = 192, .box_w = 12, .box_h = 16, .ofs_x = 0, .ofs_y = -2},
    {.bitmap_index = 27817, .adv_w = 288, .box_w = 18, .box_h = 16, .ofs_x = 0, .ofs_y = -2},
    {.bitmap_index = 27961, .adv_w = 256, .box_w = 16, .box_h = 16, .ofs_x = 0, .ofs_y = -2},
    {.bitmap_index = 28089, .adv_w = 256, .box_w = 18, .box_h = 17, .ofs_x = -1, .ofs_y = -3},
    {.bitmap_index = 28242, .adv_w = 256, .box_w = 18, .box_h = 17, .ofs_x = -1, .ofs_y = -2},
    {.bitmap_index = 28395, .adv_w = 224, .box_w = 14, .box_h = 14, .ofs_x = 0, .ofs_y = -1},
    {.bitmap_index = 28493, .adv_w = 224, .box_w = 14, .box_h = 16, .ofs_x = 0, .ofs_y = -2},
    {.bitmap_index = 28605, .adv_w = 288, .box_w = 18, .box_h = 14, .ofs_x = 0, .ofs_y = -1},
    {.bitmap_index = 28731, .adv_w = 224, .box_w = 14, .box_h = 14, .ofs_x = 0, .ofs_y = -1},
    {.bitmap_index = 28829, .adv_w = 288, .box_w = 18, .box_h = 12, .ofs_x = 0, .ofs_y = 0},
    {.bitmap_index = 28937, .adv_w = 288, .box_w = 18, .box_h = 16, .ofs_x = 0, .ofs_y = -2},
    {.bitmap_index = 29081, .adv_w = 256, .box_w = 18, .box_h = 18, .ofs_x = -1, .ofs_y = -3},
    {.bitmap_index = 29243, .adv_w = 256, .box_w = 16, .box_h = 12, .ofs_x = 0, .ofs_y = 0},
    {.bitmap_index = 29339, .adv_w = 256, .box_w = 17, .box_h = 12, .ofs_x = -1, .ofs_y = 0},
    {.bitmap_index = 29441, .adv_w = 192, .box_w = 13, .box_h = 16, .ofs_x = 0, .ofs_y = -2},
    {.bitmap_index = 29545, .adv_w = 192, .box_w = 13, .box_h = 17, .ofs_x = 0, .ofs_y = -3},
    {.bitmap_index = 29656, .adv_w = 256, .box_w = 16, .box_h = 16, .ofs_x = 0, .ofs_y = -2},
    {.bitmap_index = 29784, .adv_w = 256, .box_w = 16, .box_h = 16, .ofs_x = 0, .ofs_y = -2},
    {.bitmap_index = 29912, .adv_w = 256, .box_w = 16, .box_h = 16, .ofs_x = 0, .ofs_y = -2},
    {.bitmap_index = 30040, .adv_w = 256, .box_w = 16, .box_h = 16, .ofs_x = 0, .ofs_y = -2},
    {.bitmap_index = 30168, .adv_w = 248, .box_w = 16, .box_h = 16, .ofs_x = 0, .ofs_y = -2},
    {.bitmap_index = 30296, .adv_w = 256, .box_w = 17, .box_h = 17, .ofs_x = 0, .ofs_y = -2},
    {.bitmap_index = 30441, .adv_w = 256, .box_w = 17, .box_h = 14, .ofs_x = 0, .ofs_y = -1},
    {.bitmap_index = 30560, .adv_w = 256, .box_w = 18, .box_h = 17, .ofs_x = -1, .ofs_y = -3},
    {.bitmap_index = 30713, .adv_w = 256, .box_w = 16, .box_h = 14, .ofs_x = 0, .ofs_y = -1},
    {.bitmap_index = 30825, .adv_w = 256, .box_w = 17, .box_h = 16, .ofs_x = 0, .ofs_y = -2},
    {.bitmap_index = 30961, .adv_w = 320, .box_w = 20, .box_h = 14, .ofs_x = 0, .ofs_y = -1},
    {.bitmap_index = 31101, .adv_w = 256, .box_w = 17, .box_h = 16, .ofs_x = 0, .ofs_y = -2},
    {.bitmap_index = 31237, .adv_w = 320, .box_w = 20, .box_h = 14, .ofs_x = 0, .ofs_y = -1},
    {.bitmap_index = 31377, .adv_w = 224, .box_w = 16, .box_h = 16, .ofs_x = -1, .ofs_y = -2},
    {.bitmap_index = 31505, .adv_w = 224, .box_w = 15, .box_h = 14, .ofs_x = 0, .ofs_y = -1},
    {.bitmap_index = 31610, .adv_w = 224, .box_w = 14, .box_h = 16, .ofs_x = 0, .ofs_y = -2},
    {.bitmap_index = 31722, .adv_w = 224, .box_w = 15, .box_h = 16, .ofs_x = 0, .ofs_y = -2},
    {.bitmap_index = 31842, .adv_w = 224, .box_w = 14, .box_h = 14, .ofs_x = 0, .ofs_y = -1},
    {.bitmap_index = 31940, .adv_w = 224, .box_w = 14, .box_h = 14, .ofs_x = 0, .ofs_y = -1},
    {.bitmap_index = 32038, .adv_w = 224, .box_w = 14, .box_h = 14, .ofs_x = 0, .ofs_y = -1},
    {.bitmap_index = 32136, .adv_w = 256, .box_w = 16, .box_h = 14, .ofs_x = 0, .ofs_y = -1},
    {.bitmap_index = 32248, .adv_w = 256, .box_w = 18, .box_h = 14, .ofs_x = -1, .ofs_y = -1},
    {.bitmap_index = 32374, .adv_w = 256, .box_w = 16, .box_h = 14, .ofs_x = 0, .ofs_y = -1},
    {.bitmap_index = 32486, .adv_w = 224, .box_w = 14, .box_h = 16, .ofs_x = 0, .ofs_y = -2},
    {.bitmap_index = 32598, .adv_w = 256, .box_w = 16, .box_h = 14, .ofs_x = 0, .ofs_y = -1},
    {.bitmap_index = 32710, .adv_w = 256, .box_w = 16, .box_h = 16, .ofs_x = 0, .ofs_y = -2},
    {.bitmap_index = 32838, .adv_w = 320, .box_w = 20, .box_h = 16, .ofs_x = 0, .ofs_y = -2},
    {.bitmap_index = 32998, .adv_w = 320, .box_w = 20, .box_h = 12, .ofs_x = 0, .ofs_y = 0},
    {.bitmap_index = 33118, .adv_w = 160, .box_w = 10, .box_h = 6, .ofs_x = 0, .ofs_y = 2},
    {.bitmap_index = 33148, .adv_w = 160, .box_w = 10, .box_h = 6, .ofs_x = 0, .ofs_y = 3},
    {.bitmap_index = 33178, .adv_w = 96, .box_w = 6, .box_h = 10, .ofs_x = 0, .ofs_y = 1},
    {.bitmap_index = 33208, .adv_w = 96, .box_w = 6, .box_h = 10, .ofs_x = 0, .ofs_y = 1},
    {.bitmap_index = 33238, .adv_w = 256, .box_w = 16, .box_h = 14, .ofs_x = 0, .ofs_y = -1},
    {.bitmap_index = 33350, .adv_w = 160, .box_w = 10, .box_h = 14, .ofs_x = 0, .ofs_y = -1},
    {.bitmap_index = 33420, .adv_w = 160, .box_w = 10, .box_h = 6, .ofs_x = 0, .ofs_y = -1},
    {.bitmap_index = 33450, .adv_w = 160, .box_w = 10, .box_h = 6, .ofs_x = 0, .ofs_y = 7},
    {.bitmap_index = 33480, .adv_w = 256, .box_w = 16, .box_h = 12, .ofs_x = 0, .ofs_y = 0},
    {.bitmap_index = 33576, .adv_w = 256, .box_w = 16, .box_h = 16, .ofs_x = 0, .ofs_y = -2},
    {.bitmap_index = 33704, .adv_w = 256, .box_w = 16, .box_h = 16, .ofs_x = 0, .ofs_y = -2},
    {.bitmap_index = 33832, .adv_w = 160, .box_w = 11, .box_h = 16, .ofs_x = 0, .ofs_y = -2},
    {.bitmap_index = 33920, .adv_w = 320, .box_w = 20, .box_h = 16, .ofs_x = 0, .ofs_y = -2},
    {.bitmap_index = 34080, .adv_w = 288, .box_w = 19, .box_h = 16, .ofs_x = 0, .ofs_y = -2},
    {.bitmap_index = 34232, .adv_w = 224, .box_w = 14, .box_h = 16, .ofs_x = 0, .ofs_y = -2},
    {.bitmap_index = 34344, .adv_w = 176, .box_w = 11, .box_h = 16, .ofs_x = 0, .ofs_y = -2},
    {.bitmap_index = 34432, .adv_w = 224, .box_w = 14, .box_h = 16, .ofs_x = 0, .ofs_y = -2},
    {.bitmap_index = 34544, .adv_w = 256, .box_w = 16, .box_h = 17, .ofs_x = 0, .ofs_y = -2},
    {.bitmap_index = 34680, .adv_w = 256, .box_w = 16, .box_h = 14, .ofs_x = 0, .ofs_y = -1},
    {.bitmap_index = 34792, .adv_w = 224, .box_w = 15, .box_h = 16, .ofs_x = 0, .ofs_y = -2},
    {.bitmap_index = 34912, .adv_w = 320, .box_w = 22, .box_h = 14, .ofs_x = -1, .ofs_y = -1},
    {.bitmap_index = 35066, .adv_w = 224, .box_w = 14, .box_h = 16, .ofs_x = 0, .ofs_y = -2},
    {.bitmap_index = 35178, .adv_w = 320, .box_w = 20, .box_h = 16, .ofs_x = 0, .ofs_y = -2},
    {.bitmap_index = 35338, .adv_w = 256, .box_w = 16, .box_h = 14, .ofs_x = 0, .ofs_y = -1},
    {.bitmap_index = 35450, .adv_w = 320, .box_w = 20, .box_h = 14, .ofs_x = 0, .ofs_y = -1},
    {.bitmap_index = 35590, .adv_w = 224, .box_w = 14, .box_h = 14, .ofs_x = 0, .ofs_y = -1},
    {.bitmap_index = 35688, .adv_w = 224, .box_w = 14, .box_h = 14, .ofs_x = 0, .ofs_y = -1},
    {.bitmap_index = 35786, .adv_w = 224, .box_w = 14, .box_h = 14, .ofs_x = 0, .ofs_y = -1},
    {.bitmap_index = 35884, .adv_w = 224, .box_w = 14, .box_h = 10, .ofs_x = 0, .ofs_y = 1},
    {.bitmap_index = 35954, .adv_w = 224, .box_w = 14, .box_h = 10, .ofs_x = 0, .ofs_y = 1},
    {.bitmap_index = 36024, .adv_w = 160, .box_w = 11, .box_h = 14, .ofs_x = 0, .ofs_y = -1},
    {.bitmap_index = 36101, .adv_w = 160, .box_w = 11, .box_h = 14, .ofs_x = 0, .ofs_y = -1},
    {.bitmap_index = 36178, .adv_w = 128, .box_w = 8, .box_h = 10, .ofs_x = 0, .ofs_y = 1},
    {.bitmap_index = 36218, .adv_w = 128, .box_w = 8, .box_h = 10, .ofs_x = 0, .ofs_y = 1},
    {.bitmap_index = 36258, .adv_w = 160, .box_w = 11, .box_h = 8, .ofs_x = 0, .ofs_y = 2},
    {.bitmap_index = 36302, .adv_w = 160, .box_w = 11, .box_h = 8, .ofs_x = 0, .ofs_y = 2},
    {.bitmap_index = 36346, .adv_w = 288, .box_w = 18, .box_h = 16, .ofs_x = 0, .ofs_y = -2},
    {.bitmap_index = 36490, .adv_w = 320, .box_w = 20, .box_h = 16, .ofs_x = 0, .ofs_y = -2},
    {.bitmap_index = 36650, .adv_w = 224, .box_w = 14, .box_h = 16, .ofs_x = 0, .ofs_y = -2},
    {.bitmap_index = 36762, .adv_w = 160, .box_w = 10, .box_h = 16, .ofs_x = 0, .ofs_y = -2},
    {.bitmap_index = 36842, .adv_w = 256, .box_w = 16, .box_h = 14, .ofs_x = 0, .ofs_y = -1},
    {.bitmap_index = 36954, .adv_w = 256, .box_w = 16, .box_h = 14, .ofs_x = 0, .ofs_y = -1},
    {.bitmap_index = 37066, .adv_w = 256, .box_w = 16, .box_h = 16, .ofs_x = 0, .ofs_y = -2},
    {.bitmap_index = 37194, .adv_w = 256, .box_w = 16, .box_h = 16, .ofs_x = 0, .ofs_y = -2},
    {.bitmap_index = 37322, .adv_w = 248, .box_w = 16, .box_h = 16, .ofs_x = 0, .ofs_y = -2},
    {.bitmap_index = 37450, .adv_w = 248, .box_w = 16, .box_h = 16, .ofs_x = 0, .ofs_y = -2},
    {.bitmap_index = 37578, .adv_w = 248, .box_w = 16, .box_h = 16, .ofs_x = 0, .ofs_y = -2},
    {.bitmap_index = 37706, .adv_w = 320, .box_w = 20, .box_h = 10, .ofs_x = 0, .ofs_y = 1},
    {.bitmap_index = 37806, .adv_w = 288, .box_w = 18, .box_h = 12, .ofs_x = 0, .ofs_y = 0},
    {.bitmap_index = 37914, .adv_w = 256, .box_w = 16, .box_h = 17, .ofs_x = 0, .ofs_y = -2},
    {.bitmap_index = 38050, .adv_w = 320, .box_w = 21, .box_h = 14, .ofs_x = 0, .ofs_y = -1},
    {.bitmap_index = 38197, .adv_w = 320, .box_w = 22, .box_h = 18, .ofs_x = -1, .ofs_y = -3},
    {.bitmap_index = 38395, .adv_w = 288, .box_w = 19, .box_h = 16, .ofs_x = 0, .ofs_y = -2},
    {.bitmap_index = 38547, .adv_w = 256, .box_w = 18, .box_h = 18, .ofs_x = -1, .ofs_y = -3},
    {.bitmap_index = 38709, .adv_w = 256, .box_w = 17, .box_h = 17, .ofs_x = 0, .ofs_y = -2},
    {.bitmap_index = 38854, .adv_w = 192, .box_w = 12, .box_h = 16, .ofs_x = 0, .ofs_y = -2},
    {.bitmap_index = 38950, .adv_w = 256, .box_w = 17, .box_h = 16, .ofs_x = 0, .ofs_y = -2},
    {.bitmap_index = 39086, .adv_w = 192, .box_w = 12, .box_h = 16, .ofs_x = 0, .ofs_y = -2},
    {.bitmap_index = 39182, .adv_w = 96, .box_w = 6, .box_h = 16, .ofs_x = 0, .ofs_y = -2},
    {.bitmap_index = 39230, .adv_w = 96, .box_w = 6, .box_h = 16, .ofs_x = 0, .ofs_y = -2},
    {.bitmap_index = 39278, .adv_w = 256, .box_w = 16, .box_h = 14, .ofs_x = 0, .ofs_y = 0},
    {.bitmap_index = 39390, .adv_w = 256, .box_w = 16, .box_h = 14, .ofs_x = 0, .ofs_y = -2},
    {.bitmap_index = 39502, .adv_w = 256, .box_w = 17, .box_h = 14, .ofs_x = 0, .ofs_y = -1},
    {.bitmap_index = 39621, .adv_w = 288, .box_w = 18, .box_h = 16, .ofs_x = 0, .ofs_y = -2},
    {.bitmap_index = 39765, .adv_w = 176, .box_w = 11, .box_h = 16, .ofs_x = 0, .ofs_y = -2},
    {.bitmap_index = 39853, .adv_w = 320, .box_w = 22, .box_h = 18, .ofs_x = -1, .ofs_y = -3},
    {.bitmap_index = 40051, .adv_w = 224, .box_w = 14, .box_h = 16, .ofs_x = 0, .ofs_y = -2},
    {.bitmap_index = 40163, .adv_w = 224, .box_w = 16, .box_h = 17, .ofs_x = -1, .ofs_y = -3},
    {.bitmap_index = 40299, .adv_w = 256, .box_w = 16, .box_h = 16, .ofs_x = 0, .ofs_y = -2},
    {.bitmap_index = 40427, .adv_w = 256, .box_w = 16, .box_h = 16, .ofs_x = 0, .ofs_y = -2},
    {.bitmap_index = 40555, .adv_w = 256, .box_w = 16, .box_h = 16, .ofs_x = 0, .ofs_y = -2},
    {.bitmap_index = 40683, .adv_w = 256, .box_w = 16, .box_h = 16, .ofs_x = 0, .ofs_y = -2},
    {.bitmap_index = 40811, .adv_w = 256, .box_w = 16, .box_h = 16, .ofs_x = 0, .ofs_y = -2},
    {.bitmap_index = 40939, .adv_w = 288, .box_w = 19, .box_h = 17, .ofs_x = 0, .ofs_y = -2},
    {.bitmap_index = 41101, .adv_w = 224, .box_w = 14, .box_h = 16, .ofs_x = 0, .ofs_y = -2},
    {.bitmap_index = 41213, .adv_w = 248, .box_w = 16, .box_h = 16, .ofs_x = 0, .ofs_y = -2},
    {.bitmap_index = 41341, .adv_w = 256, .box_w = 16, .box_h = 6, .ofs_x = 0, .ofs_y = 3},
    {.bitmap_index = 41389, .adv_w = 96, .box_w = 6, .box_h = 16, .ofs_x = 0, .ofs_y = -2},
    {.bitmap_index = 41437, .adv_w = 224, .box_w = 14, .box_h = 14, .ofs_x = 0, .ofs_y = -1},
    {.bitmap_index = 41535, .adv_w = 256, .box_w = 16, .box_h = 16, .ofs_x = 0, .ofs_y = -2},
    {.bitmap_index = 41663, .adv_w = 224, .box_w = 14, .box_h = 14, .ofs_x = 0, .ofs_y = -1},
    {.bitmap_index = 41761, .adv_w = 224, .box_w = 14, .box_h = 14, .ofs_x = 0, .ofs_y = -1},
    {.bitmap_index = 41859, .adv_w = 224, .box_w = 14, .box_h = 14, .ofs_x = 0, .ofs_y = -1},
    {.bitmap_index = 41957, .adv_w = 288, .box_w = 18, .box_h = 17, .ofs_x = 0, .ofs_y = -2},
    {.bitmap_index = 42110, .adv_w = 248, .box_w = 16, .box_h = 16, .ofs_x = 0, .ofs_y = -2},
    {.bitmap_index = 42238, .adv_w = 224, .box_w = 14, .box_h = 14, .ofs_x = 0, .ofs_y = -1},
    {.bitmap_index = 42336, .adv_w = 224, .box_w = 14, .box_h = 14, .ofs_x = 0, .ofs_y = -1},
    {.bitmap_index = 42434, .adv_w = 224, .box_w = 14, .box_h = 14, .ofs_x = 0, .ofs_y = -1},
    {.bitmap_index = 42532, .adv_w = 160, .box_w = 11, .box_h = 14, .ofs_x = 0, .ofs_y = -1},
    {.bitmap_index = 42609, .adv_w = 160, .box_w = 10, .box_h = 14, .ofs_x = 0, .ofs_y = -1},
    {.bitmap_index = 42679, .adv_w = 144, .box_w = 10, .box_h = 16, .ofs_x = 0, .ofs_y = -2},
    {.bitmap_index = 42759, .adv_w = 160, .box_w = 10, .box_h = 14, .ofs_x = 0, .ofs_y = -1},
    {.bitmap_index = 42829, .adv_w = 192, .box_w = 12, .box_h = 14, .ofs_x = 0, .ofs_y = -1},
    {.bitmap_index = 42913, .adv_w = 192, .box_w = 12, .box_h = 14, .ofs_x = 0, .ofs_y = -1},
    {.bitmap_index = 42997, .adv_w = 288, .box_w = 18, .box_h = 14, .ofs_x = 0, .ofs_y = -1},
    {.bitmap_index = 43123, .adv_w = 192, .box_w = 12, .box_h = 16, .ofs_x = 0, .ofs_y = -2},
    {.bitmap_index = 43219, .adv_w = 192, .box_w = 12, .box_h = 16, .ofs_x = 0, .ofs_y = -2},
    {.bitmap_index = 43315, .adv_w = 224, .box_w = 16, .box_h = 14, .ofs_x = -1, .ofs_y = -1},
    {.bitmap_index = 43427, .adv_w = 224, .box_w = 16, .box_h = 14, .ofs_x = -1, .ofs_y = -1},
    {.bitmap_index = 43539, .adv_w = 256, .box_w = 18, .box_h = 14, .ofs_x = -1, .ofs_y = -1},
    {.bitmap_index = 43665, .adv_w = 256, .box_w = 18, .box_h = 14, .ofs_x = -1, .ofs_y = -1},
    {.bitmap_index = 43791, .adv_w = 224, .box_w = 15, .box_h = 15, .ofs_x = -1, .ofs_y = -2},
    {.bitmap_index = 43904, .adv_w = 224, .box_w = 15, .box_h = 15, .ofs_x = -1, .ofs_y = -2},
    {.bitmap_index = 44017, .adv_w = 256, .box_w = 16, .box_h = 16, .ofs_x = 0, .ofs_y = -2},
    {.bitmap_index = 44145, .adv_w = 256, .box_w = 16, .box_h = 16, .ofs_x = 0, .ofs_y = -2},
    {.bitmap_index = 44273, .adv_w = 128, .box_w = 8, .box_h = 16, .ofs_x = 0, .ofs_y = -2},
    {.bitmap_index = 44337, .adv_w = 96, .box_w = 6, .box_h = 16, .ofs_x = 0, .ofs_y = -2},
    {.bitmap_index = 44385, .adv_w = 256, .box_w = 17, .box_h = 16, .ofs_x = 0, .ofs_y = -2},
    {.bitmap_index = 44521, .adv_w = 256, .box_w = 16, .box_h = 16, .ofs_x = 0, .ofs_y = -2},
    {.bitmap_index = 44649, .adv_w = 256, .box_w = 16, .box_h = 14, .ofs_x = 0, .ofs_y = -1},
    {.bitmap_index = 44761, .adv_w = 256, .box_w = 17, .box_h = 16, .ofs_x = 0, .ofs_y = -2},
    {.bitmap_index = 44897, .adv_w = 224, .box_w = 14, .box_h = 14, .ofs_x = 0, .ofs_y = -1},
    {.bitmap_index = 44995, .adv_w = 256, .box_w = 16, .box_h = 16, .ofs_x = 0, .ofs_y = -2},
    {.bitmap_index = 45123, .adv_w = 256, .box_w = 17, .box_h = 17, .ofs_x = 0, .ofs_y = -2},
    {.bitmap_index = 45268, .adv_w = 192, .box_w = 12, .box_h = 14, .ofs_x = 0, .ofs_y = -1},
    {.bitmap_index = 45352, .adv_w = 320, .box_w = 20, .box_h = 14, .ofs_x = 0, .ofs_y = -1},
    {.bitmap_index = 45492, .adv_w = 224, .box_w = 14, .box_h = 14, .ofs_x = 0, .ofs_y = -1},
    {.bitmap_index = 45590, .adv_w = 256, .box_w = 16, .box_h = 14, .ofs_x = 0, .ofs_y = -1},
    {.bitmap_index = 45702, .adv_w = 320, .box_w = 20, .box_h = 13, .ofs_x = 0, .ofs_y = 0},
    {.bitmap_index = 45832, .adv_w = 320, .box_w = 20, .box_h = 10, .ofs_x = 0, .ofs_y = 1},
    {.bitmap_index = 45932, .adv_w = 256, .box_w = 16, .box_h = 16, .ofs_x = 0, .ofs_y = -2},
    {.bitmap_index = 46060, .adv_w = 224, .box_w = 14, .box_h = 16, .ofs_x = 0, .ofs_y = -2},
    {.bitmap_index = 46172, .adv_w = 192, .box_w = 12, .box_h = 16, .ofs_x = 0, .ofs_y = -2},
    {.bitmap_index = 46268, .adv_w = 256, .box_w = 18, .box_h = 15, .ofs_x = -1, .ofs_y = -1},
    {.bitmap_index = 46403, .adv_w = 256, .box_w = 16, .box_h = 16, .ofs_x = 0, .ofs_y = -2},
    {.bitmap_index = 46531, .adv_w = 256, .box_w = 16, .box_h = 16, .ofs_x = 0, .ofs_y = -2},
    {.bitmap_index = 46659, .adv_w = 256, .box_w = 18, .box_h = 17, .ofs_x = -1, .ofs_y = -3},
    {.bitmap_index = 46812, .adv_w = 256, .box_w = 17, .box_h = 12, .ofs_x = 0, .ofs_y = 0},
    {.bitmap_index = 46914, .adv_w = 256, .box_w = 16, .box_h = 14, .ofs_x = 0, .ofs_y = -1},
    {.bitmap_index = 47026, .adv_w = 192, .box_w = 14, .box_h = 16, .ofs_x = -1, .ofs_y = -2},
    {.bitmap_index = 47138, .adv_w = 224, .box_w = 14, .box_h = 16, .ofs_x = 0, .ofs_y = -2},
    {.bitmap_index = 47250, .adv_w = 192, .box_w = 12, .box_h = 16, .ofs_x = 0, .ofs_y = -2},
    {.bitmap_index = 47346, .adv_w = 192, .box_w = 12, .box_h = 16, .ofs_x = 0, .ofs_y = -2},
    {.bitmap_index = 47442, .adv_w = 192, .box_w = 12, .box_h = 16, .ofs_x = 0, .ofs_y = -2},
    {.bitmap_index = 47538, .adv_w = 192, .box_w = 12, .box_h = 16, .ofs_x = 0, .ofs_y = -2},
    {.bitmap_index = 47634, .adv_w = 192, .box_w = 12, .box_h = 16, .ofs_x = 0, .ofs_y = -2},
    {.bitmap_index = 47730, .adv_w = 192, .box_w = 12, .box_h = 16, .ofs_x = 0, .ofs_y = -2},
    {.bitmap_index = 47826, .adv_w = 192, .box_w = 12, .box_h = 16, .ofs_x = 0, .ofs_y = -2},
    {.bitmap_index = 47922, .adv_w = 192, .box_w = 12, .box_h = 16, .ofs_x = 0, .ofs_y = -2},
    {.bitmap_index = 48018, .adv_w = 192, .box_w = 12, .box_h = 16, .ofs_x = 0, .ofs_y = -2},
    {.bitmap_index = 48114, .adv_w = 256, .box_w = 16, .box_h = 16, .ofs_x = 0, .ofs_y = -2},
    {.bitmap_index = 48242, .adv_w = 256, .box_w = 16, .box_h = 16, .ofs_x = 0, .ofs_y = -2},
    {.bitmap_index = 48370, .adv_w = 256, .box_w = 17, .box_h = 18, .ofs_x = 0, .ofs_y = -3},
    {.bitmap_index = 48523, .adv_w = 256, .box_w = 16, .box_h = 16, .ofs_x = 0, .ofs_y = -2},
    {.bitmap_index = 48651, .adv_w = 256, .box_w = 16, .box_h = 14, .ofs_x = 0, .ofs_y = -1},
    {.bitmap_index = 48763, .adv_w = 224, .box_w = 13, .box_h = 14, .ofs_x = 1, .ofs_y = -1},
    {.bitmap_index = 48854, .adv_w = 256, .box_w = 16, .box_h = 14, .ofs_x = 0, .ofs_y = -1},
    {.bitmap_index = 48966, .adv_w = 224, .box_w = 14, .box_h = 16, .ofs_x = 0, .ofs_y = -2},
    {.bitmap_index = 49078, .adv_w = 224, .box_w = 14, .box_h = 14, .ofs_x = 0, .ofs_y = -1},
    {.bitmap_index = 49176, .adv_w = 256, .box_w = 16, .box_h = 16, .ofs_x = 0, .ofs_y = -2},
    {.bitmap_index = 49304, .adv_w = 256, .box_w = 16, .box_h = 16, .ofs_x = 0, .ofs_y = -2},
    {.bitmap_index = 49432, .adv_w = 256, .box_w = 17, .box_h = 17, .ofs_x = 0, .ofs_y = -2},
    {.bitmap_index = 49577, .adv_w = 256, .box_w = 16, .box_h = 14, .ofs_x = 0, .ofs_y = -1},
    {.bitmap_index = 49689, .adv_w = 192, .box_w = 12, .box_h = 16, .ofs_x = 0, .ofs_y = -2},
    {.bitmap_index = 49785, .adv_w = 288, .box_w = 18, .box_h = 12, .ofs_x = 0, .ofs_y = 0},
    {.bitmap_index = 49893, .adv_w = 320, .box_w = 21, .box_h = 15, .ofs_x = 0, .ofs_y = -1},
    {.bitmap_index = 50051, .adv_w = 224, .box_w = 14, .box_h = 16, .ofs_x = 0, .ofs_y = -2},
    {.bitmap_index = 50163, .adv_w = 320, .box_w = 22, .box_h = 18, .ofs_x = -1, .ofs_y = -3},
    {.bitmap_index = 50361, .adv_w = 224, .box_w = 14, .box_h = 16, .ofs_x = 0, .ofs_y = -2},
    {.bitmap_index = 50473, .adv_w = 256, .box_w = 16, .box_h = 16, .ofs_x = 0, .ofs_y = -2},
    {.bitmap_index = 50601, .adv_w = 256, .box_w = 16, .box_h = 16, .ofs_x = 0, .ofs_y = -2},
    {.bitmap_index = 50729, .adv_w = 256, .box_w = 16, .box_h = 16, .ofs_x = 0, .ofs_y = -2},
    {.bitmap_index = 50857, .adv_w = 256, .box_w = 17, .box_h = 16, .ofs_x = 0, .ofs_y = -2},
    {.bitmap_index = 50993, .adv_w = 224, .box_w = 14, .box_h = 16, .ofs_x = 0, .ofs_y = -2},
    {.bitmap_index = 51105, .adv_w = 256, .box_w = 16, .box_h = 12, .ofs_x = 0, .ofs_y = 0},
    {.bitmap_index = 51201, .adv_w = 272, .box_w = 19, .box_h = 18, .ofs_x = -1, .ofs_y = -3},
    {.bitmap_index = 51372, .adv_w = 256, .box_w = 16, .box_h = 12, .ofs_x = 0, .ofs_y = 0},
    {.bitmap_index = 51468, .adv_w = 288, .box_w = 18, .box_h = 12, .ofs_x = 0, .ofs_y = 0},
    {.bitmap_index = 51576, .adv_w = 288, .box_w = 18, .box_h = 12, .ofs_x = 0, .ofs_y = 0},
    {.bitmap_index = 51684, .adv_w = 320, .box_w = 21, .box_h = 13, .ofs_x = 0, .ofs_y = -1},
    {.bitmap_index = 51821, .adv_w = 256, .box_w = 16, .box_h = 16, .ofs_x = 0, .ofs_y = -2},
    {.bitmap_index = 51949, .adv_w = 256, .box_w = 16, .box_h = 12, .ofs_x = 0, .ofs_y = 0},
    {.bitmap_index = 52045, .adv_w = 224, .box_w = 14, .box_h = 14, .ofs_x = 0, .ofs_y = -1},
    {.bitmap_index = 52143, .adv_w = 288, .box_w = 19, .box_h = 17, .ofs_x = 0, .ofs_y = -3},
    {.bitmap_index = 52305, .adv_w = 288, .box_w = 19, .box_h = 17, .ofs_x = 0, .ofs_y = -3},
    {.bitmap_index = 52467, .adv_w = 320, .box_w = 20, .box_h = 16, .ofs_x = 0, .ofs_y = -2},
    {.bitmap_index = 52627, .adv_w = 224, .box_w = 14, .box_h = 17, .ofs_x = 0, .ofs_y = -2},
    {.bitmap_index = 52746, .adv_w = 320, .box_w = 22, .box_h = 13, .ofs_x = -1, .ofs_y = -1},
    {.bitmap_index = 52889, .adv_w = 256, .box_w = 16, .box_h = 16, .ofs_x = 0, .ofs_y = -2},
    {.bitmap_index = 53017, .adv_w = 256, .box_w = 18, .box_h = 14, .ofs_x = -1, .ofs_y = -1},
    {.bitmap_index = 53143, .adv_w = 144, .box_w = 9, .box_h = 14, .ofs_x = 0, .ofs_y = -1},
    {.bitmap_index = 53206, .adv_w = 192, .box_w = 12, .box_h = 12, .ofs_x = 0, .ofs_y = 0},
    {.bitmap_index = 53278, .adv_w = 144, .box_w = 9, .box_h = 16, .ofs_x = 0, .ofs_y = -2},
    {.bitmap_index = 53350, .adv_w = 192, .box_w = 12, .box_h = 16, .ofs_x = 0, .ofs_y = -2},
    {.bitmap_index = 53446, .adv_w = 240, .box_w = 15, .box_h = 16, .ofs_x = 0, .ofs_y = -2},
    {.bitmap_index = 53566, .adv_w = 256, .box_w = 16, .box_h = 14, .ofs_x = 0, .ofs_y = -1},
    {.bitmap_index = 53678, .adv_w = 256, .box_w = 16, .box_h = 16, .ofs_x = 0, .ofs_y = -2},
    {.bitmap_index = 53806, .adv_w = 288, .box_w = 18, .box_h = 16, .ofs_x = 0, .ofs_y = -2},
    {.bitmap_index = 53950, .adv_w = 192, .box_w = 12, .box_h = 12, .ofs_x = 0, .ofs_y = 0},
    {.bitmap_index = 54022, .adv_w = 144, .box_w = 9, .box_h = 16, .ofs_x = 0, .ofs_y = -1},
    {.bitmap_index = 54094, .adv_w = 240, .box_w = 16, .box_h = 10, .ofs_x = 0, .ofs_y = 1},
    {.bitmap_index = 54174, .adv_w = 144, .box_w = 9, .box_h = 14, .ofs_x = 0, .ofs_y = -1},
    {.bitmap_index = 54237, .adv_w = 144, .box_w = 9, .box_h = 10, .ofs_x = 0, .ofs_y = 1},
    {.bitmap_index = 54282, .adv_w = 256, .box_w = 16, .box_h = 14, .ofs_x = 0, .ofs_y = -1},
    {.bitmap_index = 54394, .adv_w = 320, .box_w = 20, .box_h = 16, .ofs_x = 0, .ofs_y = -2},
    {.bitmap_index = 54554, .adv_w = 320, .box_w = 21, .box_h = 16, .ofs_x = 0, .ofs_y = -2},
    {.bitmap_index = 54722, .adv_w = 320, .box_w = 20, .box_h = 12, .ofs_x = 0, .ofs_y = 0},
    {.bitmap_index = 54842, .adv_w = 224, .box_w = 14, .box_h = 16, .ofs_x = 0, .ofs_y = -2},
    {.bitmap_index = 54954, .adv_w = 224, .box_w = 14, .box_h = 16, .ofs_x = 0, .ofs_y = -2},
    {.bitmap_index = 55066, .adv_w = 320, .box_w = 20, .box_h = 10, .ofs_x = 0, .ofs_y = 1},
    {.bitmap_index = 55166, .adv_w = 320, .box_w = 20, .box_h = 10, .ofs_x = 0, .ofs_y = 1},
    {.bitmap_index = 55266, .adv_w = 320, .box_w = 20, .box_h = 10, .ofs_x = 0, .ofs_y = 1},
    {.bitmap_index = 55366, .adv_w = 320, .box_w = 20, .box_h = 10, .ofs_x = 0, .ofs_y = 1},
    {.bitmap_index = 55466, .adv_w = 320, .box_w = 20, .box_h = 10, .ofs_x = 0, .ofs_y = 1},
    {.bitmap_index = 55566, .adv_w = 160, .box_w = 11, .box_h = 18, .ofs_x = 0, .ofs_y = -3},
    {.bitmap_index = 55665, .adv_w = 128, .box_w = 8, .box_h = 16, .ofs_x = 0, .ofs_y = -2},
    {.bitmap_index = 55729, .adv_w = 256, .box_w = 16, .box_h = 14, .ofs_x = 0, .ofs_y = -1},
    {.bitmap_index = 55841, .adv_w = 288, .box_w = 18, .box_h = 14, .ofs_x = 0, .ofs_y = -1},
    {.bitmap_index = 55967, .adv_w = 224, .box_w = 14, .box_h = 14, .ofs_x = 0, .ofs_y = -1},
    {.bitmap_index = 56065, .adv_w = 256, .box_w = 16, .box_h = 16, .ofs_x = 0, .ofs_y = -2},
    {.bitmap_index = 56193, .adv_w = 320, .box_w = 21, .box_h = 16, .ofs_x = 0, .ofs_y = -2},
    {.bitmap_index = 56361, .adv_w = 192, .box_w = 12, .box_h = 16, .ofs_x = 0, .ofs_y = -2},
    {.bitmap_index = 56457, .adv_w = 192, .box_w = 12, .box_h = 16, .ofs_x = 0, .ofs_y = -2},
    {.bitmap_index = 56553, .adv_w = 192, .box_w = 12, .box_h = 16, .ofs_x = 0, .ofs_y = -2},
    {.bitmap_index = 56649, .adv_w = 192, .box_w = 12, .box_h = 16, .ofs_x = 0, .ofs_y = -2},
    {.bitmap_index = 56745, .adv_w = 256, .box_w = 16, .box_h = 14, .ofs_x = 0, .ofs_y = -1},
    {.bitmap_index = 56857, .adv_w = 224, .box_w = 15, .box_h = 16, .ofs_x = 0, .ofs_y = -2},
    {.bitmap_index = 56977, .adv_w = 256, .box_w = 16, .box_h = 14, .ofs_x = 0, .ofs_y = -1},
    {.bitmap_index = 57089, .adv_w = 288, .box_w = 18, .box_h = 14, .ofs_x = 0, .ofs_y = -1},
    {.bitmap_index = 57215, .adv_w = 256, .box_w = 16, .box_h = 16, .ofs_x = 0, .ofs_y = -2},
    {.bitmap_index = 57343, .adv_w = 224, .box_w = 15, .box_h = 16, .ofs_x = 0, .ofs_y = -2},
    {.bitmap_index = 57463, .adv_w = 224, .box_w = 15, .box_h = 16, .ofs_x = 0, .ofs_y = -2},
    {.bitmap_index = 57583, .adv_w = 320, .box_w = 21, .box_h = 10, .ofs_x = 0, .ofs_y = 1},
    {.bitmap_index = 57688, .adv_w = 256, .box_w = 16, .box_h = 16, .ofs_x = 0, .ofs_y = -2},
    {.bitmap_index = 57816, .adv_w = 320, .box_w = 20, .box_h = 16, .ofs_x = 0, .ofs_y = -2},
    {.bitmap_index = 57976, .adv_w = 224, .box_w = 14, .box_h = 16, .ofs_x = 0, .ofs_y = -2},
    {.bitmap_index = 58088, .adv_w = 224, .box_w = 14, .box_h = 16, .ofs_x = 0, .ofs_y = -2},
    {.bitmap_index = 58200, .adv_w = 224, .box_w = 14, .box_h = 16, .ofs_x = 0, .ofs_y = -2},
    {.bitmap_index = 58312, .adv_w = 224, .box_w = 14, .box_h = 16, .ofs_x = 0, .ofs_y = -2},
    {.bitmap_index = 58424, .adv_w = 256, .box_w = 16, .box_h = 14, .ofs_x = 0, .ofs_y = -1},
    {.bitmap_index = 58536, .adv_w = 144, .box_w = 9, .box_h = 16, .ofs_x = 0, .ofs_y = -2},
    {.bitmap_index = 58608, .adv_w = 256, .box_w = 18, .box_h = 16, .ofs_x = -1, .ofs_y = -2},
    {.bitmap_index = 58752, .adv_w = 288, .box_w = 18, .box_h = 16, .ofs_x = 0, .ofs_y = -2},
    {.bitmap_index = 58896, .adv_w = 256, .box_w = 16, .box_h = 17, .ofs_x = 0, .ofs_y = -3},
    {.bitmap_index = 59032, .adv_w = 256, .box_w = 16, .box_h = 16, .ofs_x = 0, .ofs_y = -2},
    {.bitmap_index = 59160, .adv_w = 256, .box_w = 16, .box_h = 16, .ofs_x = 0, .ofs_y = -2},
    {.bitmap_index = 59288, .adv_w = 224, .box_w = 14, .box_h = 16, .ofs_x = 0, .ofs_y = -2},
    {.bitmap_index = 59400, .adv_w = 288, .box_w = 18, .box_h = 15, .ofs_x = 0, .ofs_y = -1},
    {.bitmap_index = 59535, .adv_w = 224, .box_w = 15, .box_h = 14, .ofs_x = 0, .ofs_y = -1},
    {.bitmap_index = 59640, .adv_w = 224, .box_w = 16, .box_h = 16, .ofs_x = -1, .ofs_y = -2},
    {.bitmap_index = 59768, .adv_w = 256, .box_w = 16, .box_h = 16, .ofs_x = 0, .ofs_y = -2},
    {.bitmap_index = 59896, .adv_w = 192, .box_w = 12, .box_h = 17, .ofs_x = 0, .ofs_y = -3},
    {.bitmap_index = 59998, .adv_w = 256, .box_w = 16, .box_h = 12, .ofs_x = 0, .ofs_y = 0},
    {.bitmap_index = 60094, .adv_w = 192, .box_w = 14, .box_h = 17, .ofs_x = -1, .ofs_y = -2},
    {.bitmap_index = 60213, .adv_w = 320, .box_w = 20, .box_h = 13, .ofs_x = 0, .ofs_y = 0},
    {.bitmap_index = 60343, .adv_w = 256, .box_w = 16, .box_h = 17, .ofs_x = 0, .ofs_y = -2},
    {.bitmap_index = 60479, .adv_w = 320, .box_w = 22, .box_h = 16, .ofs_x = -1, .ofs_y = -2},
    {.bitmap_index = 60655, .adv_w = 256, .box_w = 18, .box_h = 17, .ofs_x = -1, .ofs_y = -2},
    {.bitmap_index = 60808, .adv_w = 224, .box_w = 15, .box_h = 17, .ofs_x = 0, .ofs_y = -2},
    {.bitmap_index = 60936, .adv_w = 288, .box_w = 20, .box_h = 17, .ofs_x = -1, .ofs_y = -3},
    {.bitmap_index = 61106, .adv_w = 320, .box_w = 20, .box_h = 13, .ofs_x = 0, .ofs_y = -1},
    {.bitmap_index = 61236, .adv_w = 256, .box_w = 16, .box_h = 16, .ofs_x = 0, .ofs_y = -2},
    {.bitmap_index = 61364, .adv_w = 224, .box_w = 14, .box_h = 16, .ofs_x = 0, .ofs_y = -2},
    {.bitmap_index = 61476, .adv_w = 288, .box_w = 18, .box_h = 14, .ofs_x = 0, .ofs_y = -1},
    {.bitmap_index = 61602, .adv_w = 248, .box_w = 16, .box_h = 16, .ofs_x = 0, .ofs_y = -2},
    {.bitmap_index = 61730, .adv_w = 192, .box_w = 12, .box_h = 16, .ofs_x = 0, .ofs_y = -2},
    {.bitmap_index = 61826, .adv_w = 288, .box_w = 18, .box_h = 14, .ofs_x = 0, .ofs_y = -1},
    {.bitmap_index = 61952, .adv_w = 128, .box_w = 9, .box_h = 16, .ofs_x = 0, .ofs_y = -2},
    {.bitmap_index = 62024, .adv_w = 128, .box_w = 9, .box_h = 16, .ofs_x = 0, .ofs_y = -2},
    {.bitmap_index = 62096, .adv_w = 128, .box_w = 9, .box_h = 16, .ofs_x = 0, .ofs_y = -2},
    {.bitmap_index = 62168, .adv_w = 128, .box_w = 9, .box_h = 16, .ofs_x = 0, .ofs_y = -2},
    {.bitmap_index = 62240, .adv_w = 128, .box_w = 9, .box_h = 16, .ofs_x = 0, .ofs_y = -2},
    {.bitmap_index = 62312, .adv_w = 256, .box_w = 16, .box_h = 14, .ofs_x = 0, .ofs_y = -1},
    {.bitmap_index = 62424, .adv_w = 256, .box_w = 16, .box_h = 16, .ofs_x = 0, .ofs_y = -2},
    {.bitmap_index = 62552, .adv_w = 224, .box_w = 14, .box_h = 16, .ofs_x = 0, .ofs_y = -2},
    {.bitmap_index = 62664, .adv_w = 256, .box_w = 16, .box_h = 14, .ofs_x = 0, .ofs_y = -1},
    {.bitmap_index = 62776, .adv_w = 256, .box_w = 16, .box_h = 4, .ofs_x = 0, .ofs_y = -1},
    {.bitmap_index = 62808, .adv_w = 256, .box_w = 16, .box_h = 16, .ofs_x = 0, .ofs_y = -2},
    {.bitmap_index = 62936, .adv_w = 256, .box_w = 17, .box_h = 16, .ofs_x = 0, .ofs_y = -2},
    {.bitmap_index = 63072, .adv_w = 224, .box_w = 16, .box_h = 16, .ofs_x = -1, .ofs_y = -2},
    {.bitmap_index = 63200, .adv_w = 256, .box_w = 17, .box_h = 17, .ofs_x = 0, .ofs_y = -2},
    {.bitmap_index = 63345, .adv_w = 208, .box_w = 13, .box_h = 16, .ofs_x = 0, .ofs_y = -2},
    {.bitmap_index = 63449, .adv_w = 256, .box_w = 16, .box_h = 16, .ofs_x = 0, .ofs_y = -2},
    {.bitmap_index = 63577, .adv_w = 224, .box_w = 14, .box_h = 16, .ofs_x = 0, .ofs_y = -2},
    {.bitmap_index = 63689, .adv_w = 256, .box_w = 16, .box_h = 16, .ofs_x = 0, .ofs_y = -2},
    {.bitmap_index = 63817, .adv_w = 224, .box_w = 14, .box_h = 16, .ofs_x = 0, .ofs_y = -2},
    {.bitmap_index = 63929, .adv_w = 256, .box_w = 16, .box_h = 13, .ofs_x = 0, .ofs_y = 0},
    {.bitmap_index = 64033, .adv_w = 256, .box_w = 16, .box_h = 13, .ofs_x = 0, .ofs_y = -1},
    {.bitmap_index = 64137, .adv_w = 256, .box_w = 16, .box_h = 16, .ofs_x = 0, .ofs_y = -2},
    {.bitmap_index = 64265, .adv_w = 256, .box_w = 16, .box_h = 16, .ofs_x = 0, .ofs_y = -2},
    {.bitmap_index = 64393, .adv_w = 288, .box_w = 18, .box_h = 14, .ofs_x = 0, .ofs_y = -1},
    {.bitmap_index = 64519, .adv_w = 256, .box_w = 18, .box_h = 17, .ofs_x = -1, .ofs_y = -3},
    {.bitmap_index = 64672, .adv_w = 256, .box_w = 17, .box_h = 17, .ofs_x = 0, .ofs_y = -3},
    {.bitmap_index = 64817, .adv_w = 256, .box_w = 17, .box_h = 17, .ofs_x = 0, .ofs_y = -3},
    {.bitmap_index = 64962, .adv_w = 128, .box_w = 8, .box_h = 14, .ofs_x = 0, .ofs_y = -1},
    {.bitmap_index = 65018, .adv_w = 224, .box_w = 15, .box_h = 8, .ofs_x = 0, .ofs_y = 2},
    {.bitmap_index = 65078, .adv_w = 224, .box_w = 14, .box_h = 8, .ofs_x = 0, .ofs_y = 2},
    {.bitmap_index = 65134, .adv_w = 128, .box_w = 8, .box_h = 14, .ofs_x = 0, .ofs_y = -1},
    {.bitmap_index = 65190, .adv_w = 224, .box_w = 15, .box_h = 14, .ofs_x = 0, .ofs_y = -1},
    {.bitmap_index = 65295, .adv_w = 192, .box_w = 12, .box_h = 16, .ofs_x = 0, .ofs_y = -2},
    {.bitmap_index = 65391, .adv_w = 256, .box_w = 17, .box_h = 8, .ofs_x = 0, .ofs_y = 2},
    {.bitmap_index = 65459, .adv_w = 128, .box_w = 8, .box_h = 16, .ofs_x = 0, .ofs_y = -2},
    {.bitmap_index = 65523, .adv_w = 256, .box_w = 16, .box_h = 16, .ofs_x = 0, .ofs_y = -2},
    {.bitmap_index = 65651, .adv_w = 256, .box_w = 16, .box_h = 16, .ofs_x = 0, .ofs_y = -2},
    {.bitmap_index = 65779, .adv_w = 256, .box_w = 16, .box_h = 16, .ofs_x = 0, .ofs_y = -2},
    {.bitmap_index = 65907, .adv_w = 256, .box_w = 16, .box_h = 16, .ofs_x = 0, .ofs_y = -2},
    {.bitmap_index = 66035, .adv_w = 256, .box_w = 16, .box_h = 16, .ofs_x = 0, .ofs_y = -2},
    {.bitmap_index = 66163, .adv_w = 224, .box_w = 14, .box_h = 14, .ofs_x = 0, .ofs_y = -1},
    {.bitmap_index = 66261, .adv_w = 256, .box_w = 16, .box_h = 14, .ofs_x = 0, .ofs_y = -1},
    {.bitmap_index = 66373, .adv_w = 320, .box_w = 20, .box_h = 14, .ofs_x = 0, .ofs_y = -1},
    {.bitmap_index = 66513, .adv_w = 320, .box_w = 20, .box_h = 14, .ofs_x = 0, .ofs_y = -1},
    {.bitmap_index = 66653, .adv_w = 288, .box_w = 18, .box_h = 16, .ofs_x = 0, .ofs_y = -2},
    {.bitmap_index = 66797, .adv_w = 160, .box_w = 11, .box_h = 16, .ofs_x = 0, .ofs_y = -2},
    {.bitmap_index = 66885, .adv_w = 160, .box_w = 11, .box_h = 16, .ofs_x = 0, .ofs_y = -2},
    {.bitmap_index = 66973, .adv_w = 288, .box_w = 18, .box_h = 16, .ofs_x = 0, .ofs_y = -2},
    {.bitmap_index = 67117, .adv_w = 192, .box_w = 12, .box_h = 16, .ofs_x = 0, .ofs_y = -2},
    {.bitmap_index = 67213, .adv_w = 176, .box_w = 11, .box_h = 16, .ofs_x = 0, .ofs_y = -2},
    {.bitmap_index = 67301, .adv_w = 160, .box_w = 10, .box_h = 16, .ofs_x = 0, .ofs_y = -2},
    {.bitmap_index = 67381, .adv_w = 320, .box_w = 20, .box_h = 12, .ofs_x = 0, .ofs_y = 0},
    {.bitmap_index = 67501, .adv_w = 320, .box_w = 22, .box_h = 18, .ofs_x = -1, .ofs_y = -3},
    {.bitmap_index = 67699, .adv_w = 192, .box_w = 12, .box_h = 16, .ofs_x = 0, .ofs_y = -2},
    {.bitmap_index = 67795, .adv_w = 256, .box_w = 17, .box_h = 15, .ofs_x = 0, .ofs_y = -1},
    {.bitmap_index = 67923, .adv_w = 256, .box_w = 16, .box_h = 17, .ofs_x = 0, .ofs_y = -3},
    {.bitmap_index = 68059, .adv_w = 224, .box_w = 14, .box_h = 16, .ofs_x = 0, .ofs_y = -2},
    {.bitmap_index = 68171, .adv_w = 288, .box_w = 18, .box_h = 14, .ofs_x = 0, .ofs_y = -1},
    {.bitmap_index = 68297, .adv_w = 288, .box_w = 18, .box_h = 12, .ofs_x = 0, .ofs_y = 0},
    {.bitmap_index = 68405, .adv_w = 256, .box_w = 16, .box_h = 16, .ofs_x = 0, .ofs_y = -2},
    {.bitmap_index = 68533, .adv_w = 256, .box_w = 16, .box_h = 14, .ofs_x = 0, .ofs_y = -1},
    {.bitmap_index = 68645, .adv_w = 224, .box_w = 16, .box_h = 16, .ofs_x = -1, .ofs_y = -2},
    {.bitmap_index = 68773, .adv_w = 224, .box_w = 14, .box_h = 14, .ofs_x = 0, .ofs_y = -1},
    {.bitmap_index = 68871, .adv_w = 248, .box_w = 16, .box_h = 16, .ofs_x = 0, .ofs_y = -2},
    {.bitmap_index = 68999, .adv_w = 248, .box_w = 16, .box_h = 16, .ofs_x = 0, .ofs_y = -2},
    {.bitmap_index = 69127, .adv_w = 248, .box_w = 16, .box_h = 16, .ofs_x = 0, .ofs_y = -2},
    {.bitmap_index = 69255, .adv_w = 256, .box_w = 16, .box_h = 16, .ofs_x = 0, .ofs_y = -2},
    {.bitmap_index = 69383, .adv_w = 160, .box_w = 10, .box_h = 16, .ofs_x = 0, .ofs_y = -2},
    {.bitmap_index = 69463, .adv_w = 256, .box_w = 16, .box_h = 16, .ofs_x = 0, .ofs_y = -2},
    {.bitmap_index = 69591, .adv_w = 224, .box_w = 14, .box_h = 16, .ofs_x = 0, .ofs_y = -2},
    {.bitmap_index = 69703, .adv_w = 192, .box_w = 13, .box_h = 15, .ofs_x = 0, .ofs_y = -2},
    {.bitmap_index = 69801, .adv_w = 160, .box_w = 10, .box_h = 15, .ofs_x = 0, .ofs_y = -2},
    {.bitmap_index = 69876, .adv_w = 256, .box_w = 17, .box_h = 16, .ofs_x = 0, .ofs_y = -2},
    {.bitmap_index = 70012, .adv_w = 192, .box_w = 12, .box_h = 15, .ofs_x = 0, .ofs_y = -2},
    {.bitmap_index = 70102, .adv_w = 320, .box_w = 20, .box_h = 14, .ofs_x = 0, .ofs_y = -1},
    {.bitmap_index = 70242, .adv_w = 248, .box_w = 16, .box_h = 16, .ofs_x = 0, .ofs_y = -2},
    {.bitmap_index = 70370, .adv_w = 208, .box_w = 14, .box_h = 16, .ofs_x = -1, .ofs_y = -2},
    {.bitmap_index = 70482, .adv_w = 256, .box_w = 16, .box_h = 12, .ofs_x = 0, .ofs_y = 0},
    {.bitmap_index = 70578, .adv_w = 320, .box_w = 21, .box_h = 18, .ofs_x = 0, .ofs_y = -3},
    {.bitmap_index = 70767, .adv_w = 256, .box_w = 16, .box_h = 16, .ofs_x = 0, .ofs_y = -2},
    {.bitmap_index = 70895, .adv_w = 256, .box_w = 17, .box_h = 16, .ofs_x = 0, .ofs_y = -2},
    {.bitmap_index = 71031, .adv_w = 256, .box_w = 17, .box_h = 16, .ofs_x = -1, .ofs_y = -2},
    {.bitmap_index = 71167, .adv_w = 224, .box_w = 16, .box_h = 16, .ofs_x = -1, .ofs_y = -2},
    {.bitmap_index = 71295, .adv_w = 320, .box_w = 20, .box_h = 10, .ofs_x = 0, .ofs_y = 1},
    {.bitmap_index = 71395, .adv_w = 256, .box_w = 16, .box_h = 16, .ofs_x = 0, .ofs_y = -2},
    {.bitmap_index = 71523, .adv_w = 288, .box_w = 18, .box_h = 16, .ofs_x = 0, .ofs_y = -2},
    {.bitmap_index = 71667, .adv_w = 256, .box_w = 16, .box_h = 15, .ofs_x = 0, .ofs_y = -2},
    {.bitmap_index = 71787, .adv_w = 192, .box_w = 12, .box_h = 16, .ofs_x = 0, .ofs_y = -2},
    {.bitmap_index = 71883, .adv_w = 288, .box_w = 19, .box_h = 14, .ofs_x = 0, .ofs_y = -1},
    {.bitmap_index = 72016, .adv_w = 192, .box_w = 12, .box_h = 16, .ofs_x = 0, .ofs_y = -2},
    {.bitmap_index = 72112, .adv_w = 192, .box_w = 12, .box_h = 16, .ofs_x = 0, .ofs_y = -2},
    {.bitmap_index = 72208, .adv_w = 320, .box_w = 20, .box_h = 16, .ofs_x = 0, .ofs_y = -2},
    {.bitmap_index = 72368, .adv_w = 224, .box_w = 15, .box_h = 16, .ofs_x = 0, .ofs_y = -2},
    {.bitmap_index = 72488, .adv_w = 288, .box_w = 19, .box_h = 17, .ofs_x = 0, .ofs_y = -3},
    {.bitmap_index = 72650, .adv_w = 320, .box_w = 20, .box_h = 16, .ofs_x = 0, .ofs_y = -2},
    {.bitmap_index = 72810, .adv_w = 192, .box_w = 12, .box_h = 16, .ofs_x = 0, .ofs_y = -2},
    {.bitmap_index = 72906, .adv_w = 224, .box_w = 14, .box_h = 16, .ofs_x = 0, .ofs_y = -2},
    {.bitmap_index = 73018, .adv_w = 288, .box_w = 18, .box_h = 14, .ofs_x = 0, .ofs_y = -1},
    {.bitmap_index = 73144, .adv_w = 288, .box_w = 18, .box_h = 16, .ofs_x = 0, .ofs_y = -2},
    {.bitmap_index = 73288, .adv_w = 256, .box_w = 16, .box_h = 16, .ofs_x = 0, .ofs_y = -2},
    {.bitmap_index = 73416, .adv_w = 288, .box_w = 18, .box_h = 16, .ofs_x = 0, .ofs_y = -2},
    {.bitmap_index = 73560, .adv_w = 192, .box_w = 12, .box_h = 16, .ofs_x = 0, .ofs_y = -2},
    {.bitmap_index = 73656, .adv_w = 320, .box_w = 20, .box_h = 16, .ofs_x = 0, .ofs_y = -2},
    {.bitmap_index = 73816, .adv_w = 288, .box_w = 19, .box_h = 15, .ofs_x = 0, .ofs_y = -2},
    {.bitmap_index = 73959, .adv_w = 192, .box_w = 12, .box_h = 16, .ofs_x = 0, .ofs_y = -2},
    {.bitmap_index = 74055, .adv_w = 192, .box_w = 12, .box_h = 16, .ofs_x = 0, .ofs_y = -2},
    {.bitmap_index = 74151, .adv_w = 320, .box_w = 20, .box_h = 16, .ofs_x = 0, .ofs_y = -2},
    {.bitmap_index = 74311, .adv_w = 320, .box_w = 20, .box_h = 16, .ofs_x = 0, .ofs_y = -2},
    {.bitmap_index = 74471, .adv_w = 320, .box_w = 20, .box_h = 16, .ofs_x = 0, .ofs_y = -2},
    {.bitmap_index = 74631, .adv_w = 256, .box_w = 18, .box_h = 18, .ofs_x = -1, .ofs_y = -3},
    {.bitmap_index = 74793, .adv_w = 320, .box_w = 21, .box_h = 17, .ofs_x = 0, .ofs_y = -2},
    {.bitmap_index = 74972, .adv_w = 256, .box_w = 17, .box_h = 17, .ofs_x = 0, .ofs_y = -2},
    {.bitmap_index = 75117, .adv_w = 240, .box_w = 17, .box_h = 16, .ofs_x = -1, .ofs_y = -2},
    {.bitmap_index = 75253, .adv_w = 320, .box_w = 20, .box_h = 16, .ofs_x = 0, .ofs_y = -2},
    {.bitmap_index = 75413, .adv_w = 320, .box_w = 20, .box_h = 16, .ofs_x = 0, .ofs_y = -2},
    {.bitmap_index = 75573, .adv_w = 256, .box_w = 16, .box_h = 16, .ofs_x = 0, .ofs_y = -2},
    {.bitmap_index = 75701, .adv_w = 320, .box_w = 20, .box_h = 16, .ofs_x = 0, .ofs_y = -2},
    {.bitmap_index = 75861, .adv_w = 320, .box_w = 22, .box_h = 16, .ofs_x = -1, .ofs_y = -2},
    {.bitmap_index = 76037, .adv_w = 256, .box_w = 17, .box_h = 14, .ofs_x = 0, .ofs_y = -1},
    {.bitmap_index = 76156, .adv_w = 320, .box_w = 22, .box_h = 18, .ofs_x = -1, .ofs_y = -3},
    {.bitmap_index = 76354, .adv_w = 320, .box_w = 20, .box_h = 12, .ofs_x = 0, .ofs_y = 0},
    {.bitmap_index = 76474, .adv_w = 256, .box_w = 17, .box_h = 16, .ofs_x = 0, .ofs_y = -2},
    {.bitmap_index = 76610, .adv_w = 256, .box_w = 18, .box_h = 17, .ofs_x = -1, .ofs_y = -2},
    {.bitmap_index = 76763, .adv_w = 288, .box_w = 19, .box_h = 6, .ofs_x = 0, .ofs_y = -2},
    {.bitmap_index = 76820, .adv_w = 288, .box_w = 19, .box_h = 17, .ofs_x = 0, .ofs_y = -2},
    {.bitmap_index = 76982, .adv_w = 288, .box_w = 18, .box_h = 16, .ofs_x = 0, .ofs_y = -2},
    {.bitmap_index = 77126, .adv_w = 288, .box_w = 19, .box_h = 16, .ofs_x = 0, .ofs_y = -2},
    {.bitmap_index = 77278, .adv_w = 320, .box_w = 20, .box_h = 14, .ofs_x = 0, .ofs_y = -2},
    {.bitmap_index = 77418, .adv_w = 320, .box_w = 22, .box_h = 18, .ofs_x = -1, .ofs_y = -3},
    {.bitmap_index = 77616, .adv_w = 256, .box_w = 17, .box_h = 16, .ofs_x = 0, .ofs_y = -2},
    {.bitmap_index = 77752, .adv_w = 320, .box_w = 21, .box_h = 17, .ofs_x = 0, .ofs_y = -3},
    {.bitmap_index = 77931, .adv_w = 288, .box_w = 20, .box_h = 16, .ofs_x = -1, .ofs_y = -2},
    {.bitmap_index = 78091, .adv_w = 224, .box_w = 15, .box_h = 17, .ofs_x = 0, .ofs_y = -3},
    {.bitmap_index = 78219, .adv_w = 256, .box_w = 16, .box_h = 16, .ofs_x = 0, .ofs_y = -2},
    {.bitmap_index = 78347, .adv_w = 256, .box_w = 16, .box_h = 14, .ofs_x = 0, .ofs_y = -1},
    {.bitmap_index = 78459, .adv_w = 256, .box_w = 16, .box_h = 16, .ofs_x = 0, .ofs_y = -2},
    {.bitmap_index = 78587, .adv_w = 248, .box_w = 16, .box_h = 16, .ofs_x = 0, .ofs_y = -2},
    {.bitmap_index = 78715, .adv_w = 320, .box_w = 20, .box_h = 14, .ofs_x = 0, .ofs_y = -1},
    {.bitmap_index = 78855, .adv_w = 320, .box_w = 22, .box_h = 17, .ofs_x = -1, .ofs_y = -3},
    {.bitmap_index = 79042, .adv_w = 320, .box_w = 20, .box_h = 14, .ofs_x = 0, .ofs_y = -1},
    {.bitmap_index = 79182, .adv_w = 320, .box_w = 22, .box_h = 18, .ofs_x = -1, .ofs_y = -3},
    {.bitmap_index = 79380, .adv_w = 144, .box_w = 10, .box_h = 16, .ofs_x = 0, .ofs_y = -2},
    {.bitmap_index = 79460, .adv_w = 320, .box_w = 22, .box_h = 18, .ofs_x = -1, .ofs_y = -3},
    {.bitmap_index = 79658, .adv_w = 224, .box_w = 14, .box_h = 16, .ofs_x = 0, .ofs_y = -2},
    {.bitmap_index = 79770, .adv_w = 320, .box_w = 21, .box_h = 16, .ofs_x = 0, .ofs_y = -2},
    {.bitmap_index = 79938, .adv_w = 320, .box_w = 20, .box_h = 16, .ofs_x = 0, .ofs_y = -2},
    {.bitmap_index = 80098, .adv_w = 320, .box_w = 21, .box_h = 16, .ofs_x = 0, .ofs_y = -2},
    {.bitmap_index = 80266, .adv_w = 320, .box_w = 20, .box_h = 17, .ofs_x = 0, .ofs_y = -3},
    {.bitmap_index = 80436, .adv_w = 320, .box_w = 20, .box_h = 14, .ofs_x = 0, .ofs_y = -1},
    {.bitmap_index = 80576, .adv_w = 224, .box_w = 14, .box_h = 17, .ofs_x = 0, .ofs_y = -2},
    {.bitmap_index = 80695, .adv_w = 320, .box_w = 20, .box_h = 16, .ofs_x = 0, .ofs_y = -2},
    {.bitmap_index = 80855, .adv_w = 320, .box_w = 20, .box_h = 16, .ofs_x = 0, .ofs_y = -2},
    {.bitmap_index = 81015, .adv_w = 224, .box_w = 14, .box_h = 16, .ofs_x = 0, .ofs_y = -2},
    {.bitmap_index = 81127, .adv_w = 320, .box_w = 20, .box_h = 17, .ofs_x = 0, .ofs_y = -3},
    {.bitmap_index = 81297, .adv_w = 320, .box_w = 22, .box_h = 18, .ofs_x = -1, .ofs_y = -3},
    {.bitmap_index = 81495, .adv_w = 320, .box_w = 20, .box_h = 16, .ofs_x = 0, .ofs_y = -2},
    {.bitmap_index = 81655, .adv_w = 224, .box_w = 14, .box_h = 16, .ofs_x = 0, .ofs_y = -2},
    {.bitmap_index = 81767, .adv_w = 320, .box_w = 21, .box_h = 14, .ofs_x = 0, .ofs_y = -1},
    {.bitmap_index = 81914, .adv_w = 320, .box_w = 21, .box_h = 17, .ofs_x = 0, .ofs_y = -2},
    {.bitmap_index = 82093, .adv_w = 320, .box_w = 21, .box_h = 17, .ofs_x = 0, .ofs_y = -2},
    {.bitmap_index = 82272, .adv_w = 256, .box_w = 16, .box_h = 16, .ofs_x = 0, .ofs_y = -2},
    {.bitmap_index = 82400, .adv_w = 288, .box_w = 18, .box_h = 16, .ofs_x = 0, .ofs_y = -2},
    {.bitmap_index = 82544, .adv_w = 320, .box_w = 20, .box_h = 17, .ofs_x = 0, .ofs_y = -3},
    {.bitmap_index = 82714, .adv_w = 320, .box_w = 21, .box_h = 18, .ofs_x = 0, .ofs_y = -3},
    {.bitmap_index = 82903, .adv_w = 320, .box_w = 20, .box_h = 16, .ofs_x = 0, .ofs_y = -2},
    {.bitmap_index = 83063, .adv_w = 320, .box_w = 21, .box_h = 16, .ofs_x = 0, .ofs_y = -2},
    {.bitmap_index = 83231, .adv_w = 320, .box_w = 20, .box_h = 16, .ofs_x = 0, .ofs_y = -2},
    {.bitmap_index = 83391, .adv_w = 256, .box_w = 16, .box_h = 16, .ofs_x = 0, .ofs_y = -2},
    {.bitmap_index = 83519, .adv_w = 248, .box_w = 16, .box_h = 16, .ofs_x = 0, .ofs_y = -2},
    {.bitmap_index = 83647, .adv_w = 320, .box_w = 20, .box_h = 17, .ofs_x = 0, .ofs_y = -3},
    {.bitmap_index = 83817, .adv_w = 320, .box_w = 20, .box_h = 16, .ofs_x = 0, .ofs_y = -2},
    {.bitmap_index = 83977, .adv_w = 320, .box_w = 20, .box_h = 16, .ofs_x = 0, .ofs_y = -2},
    {.bitmap_index = 84137, .adv_w = 224, .box_w = 14, .box_h = 14, .ofs_x = 0, .ofs_y = -1},
    {.bitmap_index = 84235, .adv_w = 224, .box_w = 14, .box_h = 14, .ofs_x = 0, .ofs_y = -1},
    {.bitmap_index = 84333, .adv_w = 224, .box_w = 14, .box_h = 14, .ofs_x = 0, .ofs_y = -1},
    {.bitmap_index = 84431, .adv_w = 224, .box_w = 14, .box_h = 14, .ofs_x = 0, .ofs_y = -1},
    {.bitmap_index = 84529, .adv_w = 224, .box_w = 14, .box_h = 14, .ofs_x = 0, .ofs_y = -1},
    {.bitmap_index = 84627, .adv_w = 224, .box_w = 14, .box_h = 14, .ofs_x = 0, .ofs_y = -1},
    {.bitmap_index = 84725, .adv_w = 224, .box_w = 14, .box_h = 14, .ofs_x = 0, .ofs_y = -1},
    {.bitmap_index = 84823, .adv_w = 320, .box_w = 20, .box_h = 16, .ofs_x = 0, .ofs_y = -2},
    {.bitmap_index = 84983, .adv_w = 320, .box_w = 20, .box_h = 17, .ofs_x = 0, .ofs_y = -2},
    {.bitmap_index = 85153, .adv_w = 224, .box_w = 14, .box_h = 10, .ofs_x = 0, .ofs_y = 1},
    {.bitmap_index = 85223, .adv_w = 256, .box_w = 17, .box_h = 17, .ofs_x = 0, .ofs_y = -2},
    {.bitmap_index = 85368, .adv_w = 288, .box_w = 19, .box_h = 14, .ofs_x = 0, .ofs_y = -1},
    {.bitmap_index = 85501, .adv_w = 256, .box_w = 16, .box_h = 16, .ofs_x = 0, .ofs_y = -2},
    {.bitmap_index = 85629, .adv_w = 288, .box_w = 18, .box_h = 15, .ofs_x = 0, .ofs_y = -1},
    {.bitmap_index = 85764, .adv_w = 192, .box_w = 14, .box_h = 14, .ofs_x = -1, .ofs_y = -1},
    {.bitmap_index = 85862, .adv_w = 224, .box_w = 14, .box_h = 16, .ofs_x = 0, .ofs_y = -2},
    {.bitmap_index = 85974, .adv_w = 320, .box_w = 21, .box_h = 16, .ofs_x = 0, .ofs_y = -2},
    {.bitmap_index = 86142, .adv_w = 320, .box_w = 20, .box_h = 10, .ofs_x = 0, .ofs_y = 1},
    {.bitmap_index = 86242, .adv_w = 288, .box_w = 19, .box_h = 16, .ofs_x = 0, .ofs_y = -2},
    {.bitmap_index = 86394, .adv_w = 192, .box_w = 13, .box_h = 14, .ofs_x = 0, .ofs_y = -1},
    {.bitmap_index = 86485, .adv_w = 224, .box_w = 14, .box_h = 16, .ofs_x = 0, .ofs_y = -2},
    {.bitmap_index = 86597, .adv_w = 320, .box_w = 20, .box_h = 12, .ofs_x = 0, .ofs_y = 0},
    {.bitmap_index = 86717, .adv_w = 320, .box_w = 22, .box_h = 18, .ofs_x = -1, .ofs_y = -3},
    {.bitmap_index = 86915, .adv_w = 320, .box_w = 20, .box_h = 14, .ofs_x = 0, .ofs_y = -1},
    {.bitmap_index = 87055, .adv_w = 320, .box_w = 20, .box_h = 14, .ofs_x = 0, .ofs_y = -1},
    {.bitmap_index = 87195, .adv_w = 320, .box_w = 20, .box_h = 14, .ofs_x = 0, .ofs_y = -1},
    {.bitmap_index = 87335, .adv_w = 320, .box_w = 20, .box_h = 14, .ofs_x = 0, .ofs_y = -1},
    {.bitmap_index = 87475, .adv_w = 224, .box_w = 15, .box_h = 17, .ofs_x = 0, .ofs_y = -3},
    {.bitmap_index = 87603, .adv_w = 256, .box_w = 18, .box_h = 18, .ofs_x = -1, .ofs_y = -3},
    {.bitmap_index = 87765, .adv_w = 224, .box_w = 14, .box_h = 14, .ofs_x = 0, .ofs_y = -1},
    {.bitmap_index = 87863, .adv_w = 192, .box_w = 13, .box_h = 12, .ofs_x = 0, .ofs_y = 0},
    {.bitmap_index = 87941, .adv_w = 320, .box_w = 20, .box_h = 16, .ofs_x = 0, .ofs_y = -2},
    {.bitmap_index = 88101, .adv_w = 192, .box_w = 12, .box_h = 18, .ofs_x = 0, .ofs_y = -3},
    {.bitmap_index = 88209, .adv_w = 320, .box_w = 21, .box_h = 16, .ofs_x = 0, .ofs_y = -2},
    {.bitmap_index = 88377, .adv_w = 320, .box_w = 22, .box_h = 16, .ofs_x = -1, .ofs_y = -2},
    {.bitmap_index = 88553, .adv_w = 256, .box_w = 16, .box_h = 16, .ofs_x = 0, .ofs_y = -2},
    {.bitmap_index = 88681, .adv_w = 288, .box_w = 18, .box_h = 8, .ofs_x = 0, .ofs_y = 2},
    {.bitmap_index = 88753, .adv_w = 128, .box_w = 8, .box_h = 16, .ofs_x = 0, .ofs_y = -2},
    {.bitmap_index = 88817, .adv_w = 320, .box_w = 20, .box_h = 16, .ofs_x = 0, .ofs_y = -2},
    {.bitmap_index = 88977, .adv_w = 256, .box_w = 16, .box_h = 16, .ofs_x = 0, .ofs_y = -2},
    {.bitmap_index = 89105, .adv_w = 320, .box_w = 20, .box_h = 18, .ofs_x = 0, .ofs_y = -3},
    {.bitmap_index = 89285, .adv_w = 256, .box_w = 16, .box_h = 16, .ofs_x = 0, .ofs_y = -2},
    {.bitmap_index = 89413, .adv_w = 256, .box_w = 16, .box_h = 16, .ofs_x = 0, .ofs_y = -2},
    {.bitmap_index = 89541, .adv_w = 308, .box_w = 21, .box_h = 16, .ofs_x = -1, .ofs_y = -2},
    {.bitmap_index = 89709, .adv_w = 320, .box_w = 22, .box_h = 16, .ofs_x = -1, .ofs_y = -2},
    {.bitmap_index = 89885, .adv_w = 256, .box_w = 16, .box_h = 14, .ofs_x = 0, .ofs_y = -1},
    {.bitmap_index = 89997, .adv_w = 256, .box_w = 16, .box_h = 16, .ofs_x = 0, .ofs_y = -2},
    {.bitmap_index = 90125, .adv_w = 256, .box_w = 16, .box_h = 14, .ofs_x = 0, .ofs_y = -1},
    {.bitmap_index = 90237, .adv_w = 320, .box_w = 21, .box_h = 16, .ofs_x = 0, .ofs_y = -2},
    {.bitmap_index = 90405, .adv_w = 160, .box_w = 11, .box_h = 17, .ofs_x = 0, .ofs_y = -3},
    {.bitmap_index = 90499, .adv_w = 256, .box_w = 16, .box_h = 14, .ofs_x = 0, .ofs_y = -1},
    {.bitmap_index = 90611, .adv_w = 248, .box_w = 16, .box_h = 16, .ofs_x = 0, .ofs_y = -2},
    {.bitmap_index = 90739, .adv_w = 288, .box_w = 18, .box_h = 16, .ofs_x = 0, .ofs_y = -2},
    {.bitmap_index = 90883, .adv_w = 224, .box_w = 14, .box_h = 16, .ofs_x = 0, .ofs_y = -2},
    {.bitmap_index = 90995, .adv_w = 192, .box_w = 14, .box_h = 18, .ofs_x = -1, .ofs_y = -3},
    {.bitmap_index = 91121, .adv_w = 320, .box_w = 21, .box_h = 12, .ofs_x = 0, .ofs_y = 0},
    {.bitmap_index = 91247, .adv_w = 320, .box_w = 20, .box_h = 14, .ofs_x = 0, .ofs_y = -1},
    {.bitmap_index = 91387, .adv_w = 224, .box_w = 15, .box_h = 16, .ofs_x = 0, .ofs_y = -2},
    {.bitmap_index = 91507, .adv_w = 192, .box_w = 12, .box_h = 16, .ofs_x = 0, .ofs_y = -2},
    {.bitmap_index = 91603, .adv_w = 256, .box_w = 16, .box_h = 16, .ofs_x = 0, .ofs_y = -2},
    {.bitmap_index = 91731, .adv_w = 256, .box_w = 17, .box_h = 16, .ofs_x = 0, .ofs_y = -2},
    {.bitmap_index = 91867, .adv_w = 256, .box_w = 17, .box_h = 16, .ofs_x = 0, .ofs_y = -2},
    {.bitmap_index = 92003, .adv_w = 288, .box_w = 19, .box_h = 16, .ofs_x = 0, .ofs_y = -2},
    {.bitmap_index = 92155, .adv_w = 256, .box_w = 16, .box_h = 12, .ofs_x = 0, .ofs_y = 0},
    {.bitmap_index = 92251, .adv_w = 256, .box_w = 17, .box_h = 18, .ofs_x = 0, .ofs_y = -3},
    {.bitmap_index = 92404, .adv_w = 256, .box_w = 17, .box_h = 18, .ofs_x = 0, .ofs_y = -3},
    {.bitmap_index = 92557, .adv_w = 256, .box_w = 16, .box_h = 16, .ofs_x = 0, .ofs_y = -2},
    {.bitmap_index = 92685, .adv_w = 320, .box_w = 20, .box_h = 10, .ofs_x = 0, .ofs_y = 1},
    {.bitmap_index = 92785, .adv_w = 248, .box_w = 16, .box_h = 16, .ofs_x = 0, .ofs_y = -2},
    {.bitmap_index = 92913, .adv_w = 256, .box_w = 16, .box_h = 17, .ofs_x = 0, .ofs_y = -3},
    {.bitmap_index = 93049, .adv_w = 256, .box_w = 16, .box_h = 14, .ofs_x = 0, .ofs_y = -1},
    {.bitmap_index = 93161, .adv_w = 288, .box_w = 18, .box_h = 14, .ofs_x = 0, .ofs_y = -1},
    {.bitmap_index = 93287, .adv_w = 256, .box_w = 16, .box_h = 16, .ofs_x = 0, .ofs_y = -2},
    {.bitmap_index = 93415, .adv_w = 192, .box_w = 12, .box_h = 16, .ofs_x = 0, .ofs_y = -2},
    {.bitmap_index = 93511, .adv_w = 192, .box_w = 12, .box_h = 16, .ofs_x = 0, .ofs_y = -2},
    {.bitmap_index = 93607, .adv_w = 288, .box_w = 19, .box_h = 16, .ofs_x = 0, .ofs_y = -2},
    {.bitmap_index = 93759, .adv_w = 256, .box_w = 16, .box_h = 16, .ofs_x = 0, .ofs_y = -2},
    {.bitmap_index = 93887, .adv_w = 192, .box_w = 12, .box_h = 16, .ofs_x = 0, .ofs_y = -2},
    {.bitmap_index = 93983, .adv_w = 192, .box_w = 12, .box_h = 16, .ofs_x = 0, .ofs_y = -2},
    {.bitmap_index = 94079, .adv_w = 192, .box_w = 12, .box_h = 16, .ofs_x = 0, .ofs_y = -2},
    {.bitmap_index = 94175, .adv_w = 288, .box_w = 18, .box_h = 16, .ofs_x = 0, .ofs_y = -2},
    {.bitmap_index = 94319, .adv_w = 192, .box_w = 12, .box_h = 16, .ofs_x = 0, .ofs_y = -2},
    {.bitmap_index = 94415, .adv_w = 256, .box_w = 16, .box_h = 17, .ofs_x = 0, .ofs_y = -2},
    {.bitmap_index = 94551, .adv_w = 288, .box_w = 18, .box_h = 17, .ofs_x = 0, .ofs_y = -2},
    {.bitmap_index = 94704, .adv_w = 256, .box_w = 17, .box_h = 17, .ofs_x = 0, .ofs_y = -2},
    {.bitmap_index = 94849, .adv_w = 288, .box_w = 20, .box_h = 10, .ofs_x = -1, .ofs_y = 1},
    {.bitmap_index = 94949, .adv_w = 248, .box_w = 16, .box_h = 16, .ofs_x = 0, .ofs_y = -2},
    {.bitmap_index = 95077, .adv_w = 248, .box_w = 16, .box_h = 16, .ofs_x = 0, .ofs_y = -2},
    {.bitmap_index = 95205, .adv_w = 256, .box_w = 18, .box_h = 16, .ofs_x = -1, .ofs_y = -2},
    {.bitmap_index = 95349, .adv_w = 248, .box_w = 16, .box_h = 16, .ofs_x = 0, .ofs_y = -2},
    {.bitmap_index = 95477, .adv_w = 248, .box_w = 16, .box_h = 16, .ofs_x = 0, .ofs_y = -2},
    {.bitmap_index = 95605, .adv_w = 248, .box_w = 16, .box_h = 16, .ofs_x = 0, .ofs_y = -2},
    {.bitmap_index = 95733, .adv_w = 248, .box_w = 16, .box_h = 16, .ofs_x = 0, .ofs_y = -2},
    {.bitmap_index = 95861, .adv_w = 248, .box_w = 16, .box_h = 16, .ofs_x = 0, .ofs_y = -2},
    {.bitmap_index = 95989, .adv_w = 248, .box_w = 16, .box_h = 16, .ofs_x = 0, .ofs_y = -2},
    {.bitmap_index = 96117, .adv_w = 248, .box_w = 16, .box_h = 16, .ofs_x = 0, .ofs_y = -2},
    {.bitmap_index = 96245, .adv_w = 252, .box_w = 16, .box_h = 16, .ofs_x = 0, .ofs_y = -2},
    {.bitmap_index = 96373, .adv_w = 248, .box_w = 16, .box_h = 16, .ofs_x = 0, .ofs_y = -2},
    {.bitmap_index = 96501, .adv_w = 248, .box_w = 16, .box_h = 16, .ofs_x = 0, .ofs_y = -2},
    {.bitmap_index = 96629, .adv_w = 256, .box_w = 17, .box_h = 16, .ofs_x = 0, .ofs_y = -2},
    {.bitmap_index = 96765, .adv_w = 248, .box_w = 16, .box_h = 16, .ofs_x = 0, .ofs_y = -2},
    {.bitmap_index = 96893, .adv_w = 320, .box_w = 21, .box_h = 16, .ofs_x = 0, .ofs_y = -2},
    {.bitmap_index = 97061, .adv_w = 248, .box_w = 16, .box_h = 16, .ofs_x = 0, .ofs_y = -2},
    {.bitmap_index = 97189, .adv_w = 248, .box_w = 16, .box_h = 16, .ofs_x = 0, .ofs_y = -2},
    {.bitmap_index = 97317, .adv_w = 248, .box_w = 16, .box_h = 16, .ofs_x = 0, .ofs_y = -2},
    {.bitmap_index = 97445, .adv_w = 248, .box_w = 16, .box_h = 16, .ofs_x = 0, .ofs_y = -2},
    {.bitmap_index = 97573, .adv_w = 224, .box_w = 14, .box_h = 10, .ofs_x = 0, .ofs_y = 1},
    {.bitmap_index = 97643, .adv_w = 160, .box_w = 10, .box_h = 14, .ofs_x = 0, .ofs_y = -1},
    {.bitmap_index = 97713, .adv_w = 256, .box_w = 16, .box_h = 14, .ofs_x = 0, .ofs_y = -1},
    {.bitmap_index = 97825, .adv_w = 256, .box_w = 16, .box_h = 16, .ofs_x = 0, .ofs_y = -2},
    {.bitmap_index = 97953, .adv_w = 272, .box_w = 18, .box_h = 17, .ofs_x = 0, .ofs_y = -2},
    {.bitmap_index = 98106, .adv_w = 256, .box_w = 16, .box_h = 16, .ofs_x = 0, .ofs_y = -2},
    {.bitmap_index = 98234, .adv_w = 288, .box_w = 18, .box_h = 16, .ofs_x = 0, .ofs_y = -2},
    {.bitmap_index = 98378, .adv_w = 320, .box_w = 20, .box_h = 16, .ofs_x = 0, .ofs_y = -2},
    {.bitmap_index = 98538, .adv_w = 248, .box_w = 16, .box_h = 16, .ofs_x = 0, .ofs_y = -2},
    {.bitmap_index = 98666, .adv_w = 248, .box_w = 16, .box_h = 16, .ofs_x = 0, .ofs_y = -2},
    {.bitmap_index = 98794, .adv_w = 252, .box_w = 16, .box_h = 16, .ofs_x = 0, .ofs_y = -2},
    {.bitmap_index = 98922, .adv_w = 248, .box_w = 16, .box_h = 16, .ofs_x = 0, .ofs_y = -2},
    {.bitmap_index = 99050, .adv_w = 248, .box_w = 16, .box_h = 16, .ofs_x = 0, .ofs_y = -2},
    {.bitmap_index = 99178, .adv_w = 248, .box_w = 16, .box_h = 16, .ofs_x = 0, .ofs_y = -2},
    {.bitmap_index = 99306, .adv_w = 248, .box_w = 16, .box_h = 16, .ofs_x = 0, .ofs_y = -2},
    {.bitmap_index = 99434, .adv_w = 320, .box_w = 20, .box_h = 16, .ofs_x = 0, .ofs_y = -2},
    {.bitmap_index = 99594, .adv_w = 288, .box_w = 18, .box_h = 17, .ofs_x = 0, .ofs_y = -3},
    {.bitmap_index = 99747, .adv_w = 288, .box_w = 18, .box_h = 16, .ofs_x = 0, .ofs_y = -2},
    {.bitmap_index = 99891, .adv_w = 256, .box_w = 17, .box_h = 17, .ofs_x = 0, .ofs_y = -3},
    {.bitmap_index = 100036, .adv_w = 256, .box_w = 17, .box_h = 16, .ofs_x = 0, .ofs_y = -2},
    {.bitmap_index = 100172, .adv_w = 248, .box_w = 16, .box_h = 16, .ofs_x = 0, .ofs_y = -2},
    {.bitmap_index = 100300, .adv_w = 248, .box_w = 16, .box_h = 16, .ofs_x = 0, .ofs_y = -2},
    {.bitmap_index = 100428, .adv_w = 192, .box_w = 12, .box_h = 17, .ofs_x = 0, .ofs_y = -2},
    {.bitmap_index = 100530, .adv_w = 256, .box_w = 17, .box_h = 16, .ofs_x = 0, .ofs_y = -2},
    {.bitmap_index = 100666, .adv_w = 256, .box_w = 16, .box_h = 16, .ofs_x = 0, .ofs_y = -2},
    {.bitmap_index = 100794, .adv_w = 224, .box_w = 14, .box_h = 16, .ofs_x = 0, .ofs_y = -2},
    {.bitmap_index = 100906, .adv_w = 256, .box_w = 17, .box_h = 17, .ofs_x = 0, .ofs_y = -2},
    {.bitmap_index = 101051, .adv_w = 256, .box_w = 16, .box_h = 16, .ofs_x = 0, .ofs_y = -2},
    {.bitmap_index = 101179, .adv_w = 256, .box_w = 18, .box_h = 17, .ofs_x = -1, .ofs_y = -3},
    {.bitmap_index = 101332, .adv_w = 320, .box_w = 20, .box_h = 17, .ofs_x = 0, .ofs_y = -2},
    {.bitmap_index = 101502, .adv_w = 320, .box_w = 21, .box_h = 15, .ofs_x = 0, .ofs_y = -2},
    {.bitmap_index = 101660, .adv_w = 192, .box_w = 13, .box_h = 15, .ofs_x = 0, .ofs_y = -2},
    {.bitmap_index = 101758, .adv_w = 248, .box_w = 16, .box_h = 16, .ofs_x = 0, .ofs_y = -2},
    {.bitmap_index = 101886, .adv_w = 248, .box_w = 16, .box_h = 16, .ofs_x = 0, .ofs_y = -2},
    {.bitmap_index = 102014, .adv_w = 320, .box_w = 20, .box_h = 14, .ofs_x = 0, .ofs_y = -1},
    {.bitmap_index = 102154, .adv_w = 320, .box_w = 22, .box_h = 13, .ofs_x = -1, .ofs_y = 0},
    {.bitmap_index = 102297, .adv_w = 248, .box_w = 16, .box_h = 16, .ofs_x = 0, .ofs_y = -2},
    {.bitmap_index = 102425, .adv_w = 320, .box_w = 20, .box_h = 16, .ofs_x = 0, .ofs_y = -2},
    {.bitmap_index = 102585, .adv_w = 288, .box_w = 19, .box_h = 15, .ofs_x = 0, .ofs_y = -1},
    {.bitmap_index = 102728, .adv_w = 256, .box_w = 18, .box_h = 16, .ofs_x = -1, .ofs_y = -2},
    {.bitmap_index = 102872, .adv_w = 256, .box_w = 16, .box_h = 16, .ofs_x = 0, .ofs_y = -2},
    {.bitmap_index = 103000, .adv_w = 256, .box_w = 16, .box_h = 17, .ofs_x = 0, .ofs_y = -2},
    {.bitmap_index = 103136, .adv_w = 268, .box_w = 18, .box_h = 16, .ofs_x = -1, .ofs_y = -2},
    {.bitmap_index = 103280, .adv_w = 192, .box_w = 12, .box_h = 16, .ofs_x = 0, .ofs_y = -2},
    {.bitmap_index = 103376, .adv_w = 248, .box_w = 16, .box_h = 16, .ofs_x = 0, .ofs_y = -2},
    {.bitmap_index = 103504, .adv_w = 256, .box_w = 16, .box_h = 16, .ofs_x = 0, .ofs_y = -2},
    {.bitmap_index = 103632, .adv_w = 320, .box_w = 20, .box_h = 11, .ofs_x = 0, .ofs_y = 1},
    {.bitmap_index = 103742, .adv_w = 320, .box_w = 20, .box_h = 14, .ofs_x = 0, .ofs_y = -1},
    {.bitmap_index = 103882, .adv_w = 320, .box_w = 21, .box_h = 18, .ofs_x = 0, .ofs_y = -3},
    {.bitmap_index = 104071, .adv_w = 248, .box_w = 16, .box_h = 16, .ofs_x = 0, .ofs_y = -2},
    {.bitmap_index = 104199, .adv_w = 224, .box_w = 16, .box_h = 17, .ofs_x = -1, .ofs_y = -2},
    {.bitmap_index = 104335, .adv_w = 320, .box_w = 21, .box_h = 17, .ofs_x = 0, .ofs_y = -2},
    {.bitmap_index = 104514, .adv_w = 256, .box_w = 16, .box_h = 16, .ofs_x = 0, .ofs_y = -2},
    {.bitmap_index = 104642, .adv_w = 256, .box_w = 18, .box_h = 16, .ofs_x = -1, .ofs_y = -2},
    {.bitmap_index = 104786, .adv_w = 144, .box_w = 10, .box_h = 16, .ofs_x = 0, .ofs_y = -2},
    {.bitmap_index = 104866, .adv_w = 256, .box_w = 16, .box_h = 16, .ofs_x = 0, .ofs_y = -2},
    {.bitmap_index = 104994, .adv_w = 224, .box_w = 16, .box_h = 16, .ofs_x = -1, .ofs_y = -2},
    {.bitmap_index = 105122, .adv_w = 224, .box_w = 16, .box_h = 16, .ofs_x = -1, .ofs_y = -2},
    {.bitmap_index = 105250, .adv_w = 320, .box_w = 20, .box_h = 10, .ofs_x = 0, .ofs_y = 1},
    {.bitmap_index = 105350, .adv_w = 256, .box_w = 16, .box_h = 17, .ofs_x = 0, .ofs_y = -3},
    {.bitmap_index = 105486, .adv_w = 288, .box_w = 19, .box_h = 16, .ofs_x = -1, .ofs_y = -2},
    {.bitmap_index = 105638, .adv_w = 240, .box_w = 15, .box_h = 12, .ofs_x = 0, .ofs_y = 0},
    {.bitmap_index = 105728, .adv_w = 256, .box_w = 16, .box_h = 12, .ofs_x = 0, .ofs_y = 0},
    {.bitmap_index = 105824, .adv_w = 320, .box_w = 21, .box_h = 18, .ofs_x = 0, .ofs_y = -3},
    {.bitmap_index = 106013, .adv_w = 320, .box_w = 20, .box_h = 14, .ofs_x = 0, .ofs_y = -1},
    {.bitmap_index = 106153, .adv_w = 288, .box_w = 18, .box_h = 16, .ofs_x = 0, .ofs_y = -2},
    {.bitmap_index = 106297, .adv_w = 256, .box_w = 16, .box_h = 16, .ofs_x = 0, .ofs_y = -2},
    {.bitmap_index = 106425, .adv_w = 224, .box_w = 14, .box_h = 14, .ofs_x = 0, .ofs_y = -1},
    {.bitmap_index = 106523, .adv_w = 320, .box_w = 20, .box_h = 16, .ofs_x = 0, .ofs_y = -2},
    {.bitmap_index = 106683, .adv_w = 256, .box_w = 17, .box_h = 17, .ofs_x = 0, .ofs_y = -3},
    {.bitmap_index = 106828, .adv_w = 320, .box_w = 20, .box_h = 17, .ofs_x = 0, .ofs_y = -3},
    {.bitmap_index = 106998, .adv_w = 256, .box_w = 16, .box_h = 16, .ofs_x = 0, .ofs_y = -2},
    {.bitmap_index = 107126, .adv_w = 320, .box_w = 20, .box_h = 10, .ofs_x = 0, .ofs_y = 1},
    {.bitmap_index = 107226, .adv_w = 256, .box_w = 16, .box_h = 16, .ofs_x = 0, .ofs_y = -2},
    {.bitmap_index = 107354, .adv_w = 256, .box_w = 17, .box_h = 16, .ofs_x = 0, .ofs_y = -2},
    {.bitmap_index = 107490, .adv_w = 240, .box_w = 16, .box_h = 16, .ofs_x = 0, .ofs_y = -2},
    {.bitmap_index = 107618, .adv_w = 320, .box_w = 20, .box_h = 16, .ofs_x = 0, .ofs_y = -2},
    {.bitmap_index = 107778, .adv_w = 320, .box_w = 20, .box_h = 16, .ofs_x = 0, .ofs_y = -2},
    {.bitmap_index = 107938, .adv_w = 320, .box_w = 22, .box_h = 17, .ofs_x = -1, .ofs_y = -3},
    {.bitmap_index = 108125, .adv_w = 192, .box_w = 12, .box_h = 16, .ofs_x = 0, .ofs_y = -2},
    {.bitmap_index = 108221, .adv_w = 320, .box_w = 20, .box_h = 16, .ofs_x = 0, .ofs_y = -2},
    {.bitmap_index = 108381, .adv_w = 320, .box_w = 20, .box_h = 14, .ofs_x = 0, .ofs_y = -1},
    {.bitmap_index = 108521, .adv_w = 256, .box_w = 16, .box_h = 12, .ofs_x = 0, .ofs_y = 0},
    {.bitmap_index = 108617, .adv_w = 160, .box_w = 10, .box_h = 16, .ofs_x = 0, .ofs_y = -2},
    {.bitmap_index = 108697, .adv_w = 224, .box_w = 14, .box_h = 16, .ofs_x = 0, .ofs_y = -2},
    {.bitmap_index = 108809, .adv_w = 320, .box_w = 20, .box_h = 16, .ofs_x = 0, .ofs_y = -2},
    {.bitmap_index = 108969, .adv_w = 320, .box_w = 20, .box_h = 16, .ofs_x = 0, .ofs_y = -2},
    {.bitmap_index = 109129, .adv_w = 256, .box_w = 16, .box_h = 14, .ofs_x = 0, .ofs_y = -1},
    {.bitmap_index = 109241, .adv_w = 288, .box_w = 19, .box_h = 14, .ofs_x = 0, .ofs_y = -1},
    {.bitmap_index = 109374, .adv_w = 192, .box_w = 12, .box_h = 16, .ofs_x = 0, .ofs_y = -2},
    {.bitmap_index = 109470, .adv_w = 256, .box_w = 16, .box_h = 16, .ofs_x = 0, .ofs_y = -2},
    {.bitmap_index = 109598, .adv_w = 256, .box_w = 16, .box_h = 16, .ofs_x = 0, .ofs_y = -2},
    {.bitmap_index = 109726, .adv_w = 256, .box_w = 16, .box_h = 12, .ofs_x = 0, .ofs_y = 0},
    {.bitmap_index = 109822, .adv_w = 256, .box_w = 16, .box_h = 12, .ofs_x = 0, .ofs_y = 0},
    {.bitmap_index = 109918, .adv_w = 320, .box_w = 22, .box_h = 17, .ofs_x = -1, .ofs_y = -3},
    {.bitmap_index = 110105, .adv_w = 256, .box_w = 16, .box_h = 16, .ofs_x = 0, .ofs_y = -2},
    {.bitmap_index = 110233, .adv_w = 256, .box_w = 16, .box_h = 16, .ofs_x = 0, .ofs_y = -2},
    {.bitmap_index = 110361, .adv_w = 256, .box_w = 18, .box_h = 16, .ofs_x = -1, .ofs_y = -2},
    {.bitmap_index = 110505, .adv_w = 288, .box_w = 18, .box_h = 16, .ofs_x = 0, .ofs_y = -2},
    {.bitmap_index = 110649, .adv_w = 224, .box_w = 15, .box_h = 16, .ofs_x = 0, .ofs_y = -2},
    {.bitmap_index = 110769, .adv_w = 288, .box_w = 18, .box_h = 16, .ofs_x = 0, .ofs_y = -2},
    {.bitmap_index = 110913, .adv_w = 256, .box_w = 18, .box_h = 17, .ofs_x = -1, .ofs_y = -3},
    {.bitmap_index = 111066, .adv_w = 256, .box_w = 16, .box_h = 16, .ofs_x = 0, .ofs_y = -2},
    {.bitmap_index = 111194, .adv_w = 288, .box_w = 18, .box_h = 16, .ofs_x = 0, .ofs_y = -2},
    {.bitmap_index = 111338, .adv_w = 320, .box_w = 20, .box_h = 16, .ofs_x = 0, .ofs_y = -2},
    {.bitmap_index = 111498, .adv_w = 320, .box_w = 20, .box_h = 16, .ofs_x = 0, .ofs_y = -2},
    {.bitmap_index = 111658, .adv_w = 256, .box_w = 17, .box_h = 17, .ofs_x = 0, .ofs_y = -2},
    {.bitmap_index = 111803, .adv_w = 320, .box_w = 22, .box_h = 16, .ofs_x = -1, .ofs_y = -2},
    {.bitmap_index = 111979, .adv_w = 248, .box_w = 16, .box_h = 16, .ofs_x = 0, .ofs_y = -2},
    {.bitmap_index = 112107, .adv_w = 320, .box_w = 20, .box_h = 17, .ofs_x = 0, .ofs_y = -2},
    {.bitmap_index = 112277, .adv_w = 224, .box_w = 14, .box_h = 14, .ofs_x = 0, .ofs_y = -1},
    {.bitmap_index = 112375, .adv_w = 224, .box_w = 14, .box_h = 14, .ofs_x = 0, .ofs_y = -1},
    {.bitmap_index = 112473, .adv_w = 192, .box_w = 13, .box_h = 16, .ofs_x = 0, .ofs_y = -2},
    {.bitmap_index = 112577, .adv_w = 320, .box_w = 21, .box_h = 17, .ofs_x = 0, .ofs_y = -2},
    {.bitmap_index = 112756, .adv_w = 224, .box_w = 15, .box_h = 16, .ofs_x = 0, .ofs_y = -2},
    {.bitmap_index = 112876, .adv_w = 256, .box_w = 16, .box_h = 16, .ofs_x = 0, .ofs_y = -2},
    {.bitmap_index = 113004, .adv_w = 256, .box_w = 16, .box_h = 16, .ofs_x = 0, .ofs_y = -2},
    {.bitmap_index = 113132, .adv_w = 256, .box_w = 18, .box_h = 16, .ofs_x = -1, .ofs_y = -2},
    {.bitmap_index = 113276, .adv_w = 288, .box_w = 19, .box_h = 16, .ofs_x = 0, .ofs_y = -2},
    {.bitmap_index = 113428, .adv_w = 256, .box_w = 17, .box_h = 16, .ofs_x = 0, .ofs_y = -2},
    {.bitmap_index = 113564, .adv_w = 232, .box_w = 16, .box_h = 18, .ofs_x = -1, .ofs_y = -3},
    {.bitmap_index = 113708, .adv_w = 320, .box_w = 20, .box_h = 17, .ofs_x = 0, .ofs_y = -2},
    {.bitmap_index = 113878, .adv_w = 320, .box_w = 20, .box_h = 16, .ofs_x = 0, .ofs_y = -2},
    {.bitmap_index = 114038, .adv_w = 256, .box_w = 16, .box_h = 16, .ofs_x = 0, .ofs_y = -2},
    {.bitmap_index = 114166, .adv_w = 320, .box_w = 21, .box_h = 16, .ofs_x = 0, .ofs_y = -2},
    {.bitmap_index = 114334, .adv_w = 256, .box_w = 17, .box_h = 14, .ofs_x = 0, .ofs_y = -1},
    {.bitmap_index = 114453, .adv_w = 248, .box_w = 16, .box_h = 16, .ofs_x = 0, .ofs_y = -2},
    {.bitmap_index = 114581, .adv_w = 288, .box_w = 19, .box_h = 17, .ofs_x = 0, .ofs_y = -2},
    {.bitmap_index = 114743, .adv_w = 224, .box_w = 14, .box_h = 16, .ofs_x = 0, .ofs_y = -2},
    {.bitmap_index = 114855, .adv_w = 320, .box_w = 20, .box_h = 17, .ofs_x = 0, .ofs_y = -2},
    {.bitmap_index = 115025, .adv_w = 256, .box_w = 16, .box_h = 16, .ofs_x = 0, .ofs_y = -2},
    {.bitmap_index = 115153, .adv_w = 224, .box_w = 16, .box_h = 16, .ofs_x = -1, .ofs_y = -2},
    {.bitmap_index = 115281, .adv_w = 288, .box_w = 19, .box_h = 16, .ofs_x = 0, .ofs_y = -2},
    {.bitmap_index = 115433, .adv_w = 320, .box_w = 20, .box_h = 16, .ofs_x = 0, .ofs_y = -2},
    {.bitmap_index = 115593, .adv_w = 240, .box_w = 16, .box_h = 17, .ofs_x = 0, .ofs_y = -3},
    {.bitmap_index = 115729, .adv_w = 224, .box_w = 14, .box_h = 18, .ofs_x = 0, .ofs_y = -3},
    {.bitmap_index = 115855, .adv_w = 288, .box_w = 16, .box_h = 16, .ofs_x = 1, .ofs_y = -2},
    {.bitmap_index = 115983, .adv_w = 320, .box_w = 22, .box_h = 16, .ofs_x = -1, .ofs_y = -2},
    {.bitmap_index = 116159, .adv_w = 256, .box_w = 17, .box_h = 16, .ofs_x = 0, .ofs_y = -2},
    {.bitmap_index = 116295, .adv_w = 256, .box_w = 17, .box_h = 16, .ofs_x = -1, .ofs_y = -2},
    {.bitmap_index = 116431, .adv_w = 192, .box_w = 12, .box_h = 16, .ofs_x = 0, .ofs_y = -2},
    {.bitmap_index = 116527, .adv_w = 192, .box_w = 12, .box_h = 16, .ofs_x = 0, .ofs_y = -2},
    {.bitmap_index = 116623, .adv_w = 192, .box_w = 12, .box_h = 18, .ofs_x = 0, .ofs_y = -3},
    {.bitmap_index = 116731, .adv_w = 288, .box_w = 19, .box_h = 16, .ofs_x = 0, .ofs_y = -2},
    {.bitmap_index = 116883, .adv_w = 320, .box_w = 20, .box_h = 16, .ofs_x = 0, .ofs_y = -2},
    {.bitmap_index = 117043, .adv_w = 256, .box_w = 16, .box_h = 16, .ofs_x = 0, .ofs_y = -2},
    {.bitmap_index = 117171, .adv_w = 192, .box_w = 13, .box_h = 16, .ofs_x = 0, .ofs_y = -2},
    {.bitmap_index = 117275, .adv_w = 320, .box_w = 20, .box_h = 14, .ofs_x = 0, .ofs_y = -1},
    {.bitmap_index = 117415, .adv_w = 288, .box_w = 19, .box_h = 16, .ofs_x = 0, .ofs_y = -2},
    {.bitmap_index = 117567, .adv_w = 288, .box_w = 20, .box_h = 16, .ofs_x = -1, .ofs_y = -2},
    {.bitmap_index = 117727, .adv_w = 192, .box_w = 12, .box_h = 14, .ofs_x = 0, .ofs_y = -1},
    {.bitmap_index = 117811, .adv_w = 320, .box_w = 22, .box_h = 12, .ofs_x = -1, .ofs_y = 0},
    {.bitmap_index = 117943, .adv_w = 320, .box_w = 20, .box_h = 16, .ofs_x = 0, .ofs_y = -2},
    {.bitmap_index = 118103, .adv_w = 320, .box_w = 20, .box_h = 16, .ofs_x = 0, .ofs_y = -2},
    {.bitmap_index = 118263, .adv_w = 320, .box_w = 22, .box_h = 16, .ofs_x = -1, .ofs_y = -2},
    {.bitmap_index = 118439, .adv_w = 256, .box_w = 16, .box_h = 12, .ofs_x = 0, .ofs_y = 0},
    {.bitmap_index = 118535, .adv_w = 208, .box_w = 13, .box_h = 16, .ofs_x = 0, .ofs_y = -2},
    {.bitmap_index = 118639, .adv_w = 320, .box_w = 20, .box_h = 16, .ofs_x = 0, .ofs_y = -2},
    {.bitmap_index = 118799, .adv_w = 224, .box_w = 16, .box_h = 17, .ofs_x = -1, .ofs_y = -3},
    {.bitmap_index = 118935, .adv_w = 320, .box_w = 22, .box_h = 18, .ofs_x = -1, .ofs_y = -3},
    {.bitmap_index = 119133, .adv_w = 288, .box_w = 20, .box_h = 17, .ofs_x = -1, .ofs_y = -2},
    {.bitmap_index = 119303, .adv_w = 288, .box_w = 20, .box_h = 16, .ofs_x = -1, .ofs_y = -2},
    {.bitmap_index = 119463, .adv_w = 320, .box_w = 20, .box_h = 16, .ofs_x = 0, .ofs_y = -2},
    {.bitmap_index = 119623, .adv_w = 224, .box_w = 14, .box_h = 16, .ofs_x = 0, .ofs_y = -2},
    {.bitmap_index = 119735, .adv_w = 320, .box_w = 20, .box_h = 12, .ofs_x = 0, .ofs_y = 0},
    {.bitmap_index = 119855, .adv_w = 256, .box_w = 17, .box_h = 16, .ofs_x = 0, .ofs_y = -2},
    {.bitmap_index = 119991, .adv_w = 256, .box_w = 17, .box_h = 17, .ofs_x = 0, .ofs_y = -2},
    {.bitmap_index = 120136, .adv_w = 256, .box_w = 16, .box_h = 16, .ofs_x = 0, .ofs_y = -2},
    {.bitmap_index = 120264, .adv_w = 288, .box_w = 19, .box_h = 16, .ofs_x = 0, .ofs_y = -2},
    {.bitmap_index = 120416, .adv_w = 256, .box_w = 16, .box_h = 16, .ofs_x = 0, .ofs_y = -2},
    {.bitmap_index = 120544, .adv_w = 256, .box_w = 17, .box_h = 16, .ofs_x = 0, .ofs_y = -2},
    {.bitmap_index = 120680, .adv_w = 288, .box_w = 19, .box_h = 16, .ofs_x = 0, .ofs_y = -2},
    {.bitmap_index = 120832, .adv_w = 320, .box_w = 22, .box_h = 17, .ofs_x = -1, .ofs_y = -2},
    {.bitmap_index = 121019, .adv_w = 256, .box_w = 16, .box_h = 17, .ofs_x = 0, .ofs_y = -2},
    {.bitmap_index = 121155, .adv_w = 256, .box_w = 16, .box_h = 16, .ofs_x = 0, .ofs_y = -2},
    {.bitmap_index = 121283, .adv_w = 288, .box_w = 18, .box_h = 16, .ofs_x = 0, .ofs_y = -2},
    {.bitmap_index = 121427, .adv_w = 224, .box_w = 14, .box_h = 16, .ofs_x = 0, .ofs_y = -2},
    {.bitmap_index = 121539, .adv_w = 288, .box_w = 18, .box_h = 15, .ofs_x = 0, .ofs_y = -1},
    {.bitmap_index = 121674, .adv_w = 320, .box_w = 20, .box_h = 15, .ofs_x = 0, .ofs_y = -2},
    {.bitmap_index = 121824, .adv_w = 320, .box_w = 20, .box_h = 16, .ofs_x = 0, .ofs_y = -2},
    {.bitmap_index = 121984, .adv_w = 256, .box_w = 16, .box_h = 16, .ofs_x = 0, .ofs_y = -2},
    {.bitmap_index = 122112, .adv_w = 256, .box_w = 16, .box_h = 16, .ofs_x = 0, .ofs_y = -2},
    {.bitmap_index = 122240, .adv_w = 320, .box_w = 20, .box_h = 14, .ofs_x = 0, .ofs_y = -1},
    {.bitmap_index = 122380, .adv_w = 288, .box_w = 18, .box_h = 13, .ofs_x = 0, .ofs_y = 0},
    {.bitmap_index = 122497, .adv_w = 192, .box_w = 13, .box_h = 16, .ofs_x = 0, .ofs_y = -2},
    {.bitmap_index = 122601, .adv_w = 256, .box_w = 16, .box_h = 17, .ofs_x = 0, .ofs_y = -2},
    {.bitmap_index = 122737, .adv_w = 288, .box_w = 20, .box_h = 18, .ofs_x = -1, .ofs_y = -3},
    {.bitmap_index = 122917, .adv_w = 256, .box_w = 16, .box_h = 17, .ofs_x = 0, .ofs_y = -3},
    {.bitmap_index = 123053, .adv_w = 224, .box_w = 14, .box_h = 16, .ofs_x = 0, .ofs_y = -2},
    {.bitmap_index = 123165, .adv_w = 224, .box_w = 14, .box_h = 16, .ofs_x = 0, .ofs_y = -2},
    {.bitmap_index = 123277, .adv_w = 256, .box_w = 18, .box_h = 16, .ofs_x = -1, .ofs_y = -2},
    {.bitmap_index = 123421, .adv_w = 256, .box_w = 18, .box_h = 17, .ofs_x = -1, .ofs_y = -3},
    {.bitmap_index = 123574, .adv_w = 256, .box_w = 17, .box_h = 16, .ofs_x = 0, .ofs_y = -2},
    {.bitmap_index = 123710, .adv_w = 256, .box_w = 16, .box_h = 17, .ofs_x = 0, .ofs_y = -3},
    {.bitmap_index = 123846, .adv_w = 288, .box_w = 19, .box_h = 14, .ofs_x = 0, .ofs_y = -1},
    {.bitmap_index = 123979, .adv_w = 320, .box_w = 21, .box_h = 14, .ofs_x = 0, .ofs_y = -1},
    {.bitmap_index = 124126, .adv_w = 256, .box_w = 16, .box_h = 12, .ofs_x = 0, .ofs_y = 0},
    {.bitmap_index = 124222, .adv_w = 320, .box_w = 20, .box_h = 17, .ofs_x = 0, .ofs_y = -2},
    {.bitmap_index = 124392, .adv_w = 320, .box_w = 22, .box_h = 18, .ofs_x = -1, .ofs_y = -3},
    {.bitmap_index = 124590, .adv_w = 256, .box_w = 18, .box_h = 14, .ofs_x = -1, .ofs_y = -1},
    {.bitmap_index = 124716, .adv_w = 248, .box_w = 16, .box_h = 16, .ofs_x = 0, .ofs_y = -2},
    {.bitmap_index = 124844, .adv_w = 256, .box_w = 16, .box_h = 6, .ofs_x = 0, .ofs_y = 3},
    {.bitmap_index = 124892, .adv_w = 128, .box_w = 6, .box_h = 16, .ofs_x = 1, .ofs_y = -2},
    {.bitmap_index = 124940, .adv_w = 256, .box_w = 18, .box_h = 17, .ofs_x = -1, .ofs_y = -3},
    {.bitmap_index = 125093, .adv_w = 256, .box_w = 18, .box_h = 15, .ofs_x = -1, .ofs_y = -1},
    {.bitmap_index = 125228, .adv_w = 224, .box_w = 16, .box_h = 17, .ofs_x = -1, .ofs_y = -3},
    {.bitmap_index = 125364, .adv_w = 256, .box_w = 17, .box_h = 17, .ofs_x = 0, .ofs_y = -2},
    {.bitmap_index = 125509, .adv_w = 256, .box_w = 18, .box_h = 16, .ofs_x = -1, .ofs_y = -2},
    {.bitmap_index = 125653, .adv_w = 288, .box_w = 18, .box_h = 14, .ofs_x = 0, .ofs_y = -1},
    {.bitmap_index = 125779, .adv_w = 224, .box_w = 16, .box_h = 17, .ofs_x = -1, .ofs_y = -2},
    {.bitmap_index = 125915, .adv_w = 256, .box_w = 16, .box_h = 16, .ofs_x = 0, .ofs_y = -2},
    {.bitmap_index = 126043, .adv_w = 248, .box_w = 16, .box_h = 15, .ofs_x = 0, .ofs_y = -2},
    {.bitmap_index = 126163, .adv_w = 248, .box_w = 16, .box_h = 16, .ofs_x = 0, .ofs_y = -2},
    {.bitmap_index = 126291, .adv_w = 320, .box_w = 20, .box_h = 16, .ofs_x = 1, .ofs_y = -2},
    {.bitmap_index = 126451, .adv_w = 256, .box_w = 17, .box_h = 17, .ofs_x = 0, .ofs_y = -2},
    {.bitmap_index = 126596, .adv_w = 256, .box_w = 18, .box_h = 17, .ofs_x = -1, .ofs_y = -3},
    {.bitmap_index = 126749, .adv_w = 192, .box_w = 12, .box_h = 16, .ofs_x = 0, .ofs_y = -2},
    {.bitmap_index = 126845, .adv_w = 192, .box_w = 12, .box_h = 16, .ofs_x = 0, .ofs_y = -2},
    {.bitmap_index = 126941, .adv_w = 224, .box_w = 16, .box_h = 16, .ofs_x = -1, .ofs_y = -2},
    {.bitmap_index = 127069, .adv_w = 256, .box_w = 18, .box_h = 16, .ofs_x = -1, .ofs_y = -2},
    {.bitmap_index = 127213, .adv_w = 288, .box_w = 18, .box_h = 16, .ofs_x = 0, .ofs_y = -2},
    {.bitmap_index = 127357, .adv_w = 320, .box_w = 21, .box_h = 14, .ofs_x = 0, .ofs_y = -1},
    {.bitmap_index = 127504, .adv_w = 256, .box_w = 17, .box_h = 14, .ofs_x = 0, .ofs_y = -1},
    {.bitmap_index = 127623, .adv_w = 256, .box_w = 18, .box_h = 17, .ofs_x = -1, .ofs_y = -2},
    {.bitmap_index = 127776, .adv_w = 256, .box_w = 17, .box_h = 16, .ofs_x = 0, .ofs_y = -2},
    {.bitmap_index = 127912, .adv_w = 320, .box_w = 20, .box_h = 16, .ofs_x = 0, .ofs_y = -2},
    {.bitmap_index = 128072, .adv_w = 192, .box_w = 12, .box_h = 14, .ofs_x = 0, .ofs_y = -1},
    {.bitmap_index = 128156, .adv_w = 192, .box_w = 12, .box_h = 16, .ofs_x = 0, .ofs_y = -2},
    {.bitmap_index = 128252, .adv_w = 256, .box_w = 17, .box_h = 17, .ofs_x = 0, .ofs_y = -2},
    {.bitmap_index = 128397, .adv_w = 256, .box_w = 17, .box_h = 16, .ofs_x = 0, .ofs_y = -2},
    {.bitmap_index = 128533, .adv_w = 224, .box_w = 14, .box_h = 16, .ofs_x = 0, .ofs_y = -2},
    {.bitmap_index = 128645, .adv_w = 288, .box_w = 19, .box_h = 16, .ofs_x = 0, .ofs_y = -2},
    {.bitmap_index = 128797, .adv_w = 224, .box_w = 14, .box_h = 16, .ofs_x = 0, .ofs_y = -2},
    {.bitmap_index = 128909, .adv_w = 288, .box_w = 18, .box_h = 16, .ofs_x = 0, .ofs_y = -2},
    {.bitmap_index = 129053, .adv_w = 256, .box_w = 16, .box_h = 14, .ofs_x = 0, .ofs_y = -1},
    {.bitmap_index = 129165, .adv_w = 288, .box_w = 19, .box_h = 16, .ofs_x = 0, .ofs_y = -2},
    {.bitmap_index = 129317, .adv_w = 256, .box_w = 16, .box_h = 14, .ofs_x = 0, .ofs_y = -1},
    {.bitmap_index = 129429, .adv_w = 256, .box_w = 17, .box_h = 16, .ofs_x = 0, .ofs_y = -2},
    {.bitmap_index = 129565, .adv_w = 256, .box_w = 18, .box_h = 16, .ofs_x = -1, .ofs_y = -2},
    {.bitmap_index = 129709, .adv_w = 192, .box_w = 12, .box_h = 16, .ofs_x = 0, .ofs_y = -2},
    {.bitmap_index = 129805, .adv_w = 256, .box_w = 16, .box_h = 14, .ofs_x = 0, .ofs_y = -1},
    {.bitmap_index = 129917, .adv_w = 256, .box_w = 14, .box_h = 16, .ofs_x = 1, .ofs_y = -2},
    {.bitmap_index = 130029, .adv_w = 256, .box_w = 16, .box_h = 12, .ofs_x = 0, .ofs_y = 0},
    {.bitmap_index = 130125, .adv_w = 320, .box_w = 20, .box_h = 16, .ofs_x = 0, .ofs_y = -2},
    {.bitmap_index = 130285, .adv_w = 256, .box_w = 17, .box_h = 18, .ofs_x = 0, .ofs_y = -3},
    {.bitmap_index = 130438, .adv_w = 224, .box_w = 12, .box_h = 17, .ofs_x = 1, .ofs_y = -2},
    {.bitmap_index = 130540, .adv_w = 320, .box_w = 20, .box_h = 16, .ofs_x = 0, .ofs_y = -2},
    {.bitmap_index = 130700, .adv_w = 256, .box_w = 16, .box_h = 12, .ofs_x = 0, .ofs_y = 0},
    {.bitmap_index = 130796, .adv_w = 256, .box_w = 16, .box_h = 16, .ofs_x = 0, .ofs_y = -2},
    {.bitmap_index = 130924, .adv_w = 256, .box_w = 17, .box_h = 17, .ofs_x = 0, .ofs_y = -2},
    {.bitmap_index = 131069, .adv_w = 224, .box_w = 14, .box_h = 16, .ofs_x = 0, .ofs_y = -2},
    {.bitmap_index = 131181, .adv_w = 224, .box_w = 14, .box_h = 16, .ofs_x = 0, .ofs_y = -2},
    {.bitmap_index = 131293, .adv_w = 224, .box_w = 14, .box_h = 16, .ofs_x = 0, .ofs_y = -2},
    {.bitmap_index = 131405, .adv_w = 320, .box_w = 20, .box_h = 14, .ofs_x = 0, .ofs_y = -1},
    {.bitmap_index = 131545, .adv_w = 320, .box_w = 20, .box_h = 16, .ofs_x = 0, .ofs_y = -2},
    {.bitmap_index = 131705, .adv_w = 224, .box_w = 14, .box_h = 14, .ofs_x = 0, .ofs_y = -1},
    {.bitmap_index = 131803, .adv_w = 224, .box_w = 14, .box_h = 14, .ofs_x = 0, .ofs_y = -1},
    {.bitmap_index = 131901, .adv_w = 224, .box_w = 14, .box_h = 14, .ofs_x = 0, .ofs_y = -1},
    {.bitmap_index = 131999, .adv_w = 256, .box_w = 17, .box_h = 18, .ofs_x = 0, .ofs_y = -3},
    {.bitmap_index = 132152, .adv_w = 256, .box_w = 17, .box_h = 17, .ofs_x = 0, .ofs_y = -2},
    {.bitmap_index = 132297, .adv_w = 256, .box_w = 16, .box_h = 16, .ofs_x = 0, .ofs_y = -2},
    {.bitmap_index = 132425, .adv_w = 224, .box_w = 14, .box_h = 14, .ofs_x = 0, .ofs_y = -1},
    {.bitmap_index = 132523, .adv_w = 320, .box_w = 20, .box_h = 16, .ofs_x = 0, .ofs_y = -2},
    {.bitmap_index = 132683, .adv_w = 320, .box_w = 20, .box_h = 16, .ofs_x = 0, .ofs_y = -2},
    {.bitmap_index = 132843, .adv_w = 224, .box_w = 16, .box_h = 14, .ofs_x = -1, .ofs_y = -1},
    {.bitmap_index = 132955, .adv_w = 224, .box_w = 16, .box_h = 14, .ofs_x = -1, .ofs_y = -1},
    {.bitmap_index = 133067, .adv_w = 256, .box_w = 18, .box_h = 14, .ofs_x = -1, .ofs_y = -1},
    {.bitmap_index = 133193, .adv_w = 256, .box_w = 18, .box_h = 14, .ofs_x = -1, .ofs_y = -1},
    {.bitmap_index = 133319, .adv_w = 224, .box_w = 15, .box_h = 15, .ofs_x = -1, .ofs_y = -1},
    {.bitmap_index = 133432, .adv_w = 224, .box_w = 15, .box_h = 15, .ofs_x = -1, .ofs_y = -1},
    {.bitmap_index = 133545, .adv_w = 288, .box_w = 19, .box_h = 16, .ofs_x = 0, .ofs_y = -2},
    {.bitmap_index = 133697, .adv_w = 320, .box_w = 21, .box_h = 9, .ofs_x = 0, .ofs_y = 1},
    {.bitmap_index = 133792, .adv_w = 320, .box_w = 20, .box_h = 13, .ofs_x = 0, .ofs_y = -1},
    {.bitmap_index = 133922, .adv_w = 320, .box_w = 22, .box_h = 14, .ofs_x = -1, .ofs_y = -1},
    {.bitmap_index = 134076, .adv_w = 192, .box_w = 12, .box_h = 16, .ofs_x = 0, .ofs_y = -2},
    {.bitmap_index = 134172, .adv_w = 256, .box_w = 16, .box_h = 16, .ofs_x = 0, .ofs_y = -2},
    {.bitmap_index = 134300, .adv_w = 320, .box_w = 20, .box_h = 15, .ofs_x = 0, .ofs_y = -1}
};

/*---------------------
 *  CHARACTER MAPPING
 *--------------------*/

static const uint16_t unicode_list_3[] = {
    0x0, 0x3c
};

static const uint8_t glyph_id_ofs_list_6[] = {
    0, 1, 2, 0, 3, 4, 0, 5,
    6, 7, 8, 9, 10, 11, 12, 0,
    13, 14, 15, 16, 0, 17, 0, 18,
    19, 20, 0, 0, 21, 0, 22
};

static const uint8_t glyph_id_ofs_list_8[] = {
    0, 1, 2, 3, 0, 0, 0, 4,
    5, 6, 7, 8, 9, 10, 0, 11,
    12, 13, 14, 15, 16, 17, 18, 19,
    20, 21, 22, 0, 0, 23, 0, 24,
    25, 26, 27, 28, 29, 30, 31, 32,
    33, 34, 35, 36, 37, 38, 0, 39,
    40, 41, 42, 43, 44, 45, 46, 47,
    48, 49, 50, 51, 0, 0, 0, 52,
    0, 0, 53, 54, 55, 56, 0, 0,
    57, 0, 0, 0, 58, 0, 0, 0,
    59, 0, 60, 61, 62, 0, 0, 63,
    0, 0, 0, 64, 65, 66, 0, 67,
    68, 0, 69, 70, 71, 72, 73, 74,
    75, 76, 77, 78, 79, 80, 0, 81,
    82, 83
};

static const uint8_t glyph_id_ofs_list_9[] = {
    0, 1, 2, 3, 4, 5, 6, 7,
    8, 9, 10, 11, 12, 13, 14, 0,
    15, 16, 0, 0, 0, 0, 17, 18,
    19, 20, 21, 22, 23, 24, 25, 0,
    26, 0, 27, 28, 0, 0, 0, 29,
    30, 31, 32, 33, 0, 0, 0, 0,
    34, 35, 36, 37, 38, 0, 0, 0,
    39, 40, 41, 42, 43, 44, 45, 0,
    46, 47, 48, 49, 50, 51, 52, 53,
    54, 55, 56, 57, 0, 58, 59, 0,
    60, 61, 0, 0, 0, 0, 0, 0,
    62, 63, 64, 65, 66, 0, 67, 0,
    68, 69, 70, 0, 71, 72, 73, 74,
    75, 76, 77, 78, 79, 80, 81, 0,
    82, 83, 0, 84, 85, 86, 0, 87,
    88, 89, 90, 0, 0, 91, 92, 0,
    93, 94, 95, 96, 97, 0, 98, 0,
    0, 0, 99, 100, 0, 101, 102, 0,
    103, 104, 105, 106, 107, 108, 109, 110,
    111, 112, 0, 113, 114, 115, 116, 0,
    117, 118, 119, 120, 121, 122
};

static const uint8_t glyph_id_ofs_list_10[] = {
    0, 1, 0, 2, 3, 4, 5, 0,
    0, 0, 0, 0, 0, 0, 0, 6,
    7, 8, 0, 9, 0, 10, 0, 11,
    0, 0, 12, 13, 0, 0, 0, 0,
    0, 0, 0, 0, 0, 0, 0, 0,
    0, 14, 15, 16, 17, 0, 18, 0,
    19, 20, 0, 0, 0, 0, 21, 22,
    23, 24, 0, 0, 0, 0, 25, 26,
    27, 28, 29, 30, 31, 32, 33, 34,
    0, 0, 0, 35, 36, 0, 0, 0,
    0, 0, 0, 0, 0, 0, 37, 0,
    38, 0, 39, 40, 41, 0, 42, 43,
    44, 45, 46, 47, 48, 0, 0, 0,
    49, 50, 51, 0, 0, 0, 0, 0,
    0, 0, 0, 0, 52, 0, 53, 54,
    55, 56, 57, 58, 59, 0, 60, 61,
    0, 0, 62, 63, 64, 65, 0, 0,
    66, 67, 0, 0, 0, 0, 0, 0,
    0, 0, 0, 0, 0, 68, 69, 0,
    70, 71, 72, 73, 74, 0, 0, 75,
    76, 77, 78, 79, 80, 81, 82, 83,
    84, 85, 86, 87, 0, 0, 0, 0,
    0, 88, 89, 90, 91, 0, 92, 93,
    0, 0, 0, 0, 0, 0, 94, 95,
    96, 97, 98, 99, 100, 101, 102, 103,
    0, 0, 0, 104, 105, 0, 0, 106,
    107, 108, 109, 110, 111, 112, 113, 114,
    115, 116, 117, 118
};

static const uint16_t unicode_list_11[] = {
    0x0, 0x5, 0x6, 0x7, 0x8, 0x9, 0xa, 0xb,
    0xd, 0xe, 0x1f, 0x21, 0x24, 0x25, 0x26, 0x29,
    0x2e, 0x31, 0x32, 0x34, 0x35, 0x36, 0x37, 0x38,
    0x3b, 0x3c, 0x49, 0x4a, 0x4d, 0x4f, 0x51, 0x55,
    0x56, 0x5b, 0x5c, 0x5d, 0x5e, 0x5f, 0x60, 0x61,
    0x62, 0x64, 0x65, 0x66, 0x6f, 0x70, 0x79, 0x7b,
    0x7e, 0x81, 0x85, 0x86, 0x89, 0x8a, 0x8d, 0x92,
    0x96, 0x97, 0x98, 0x99, 0x9d, 0x9e, 0x9f, 0xa0,
    0xb2, 0xbc, 0xcb, 0xcc, 0xec, 0xed, 0xee, 0xef,
    0xf1, 0xf4, 0xf6, 0x115, 0x116, 0x139, 0x152, 0x153,
    0x155, 0x159, 0x15d, 0x161, 0x165, 0x171, 0x174, 0x179,
    0x181, 0x18e, 0x191, 0x193, 0x19a, 0x1a4, 0x1b6, 0x1b8,
    0x1c7, 0x1c8, 0x1ca, 0x1cd, 0x1ce, 0x1d0, 0x1d3, 0x1d5,
    0x1d7, 0x1d9, 0x1db, 0x1df, 0x1e2, 0x1e4, 0x1e7, 0x1ec,
    0x1f0, 0x1f1, 0x1f3, 0x1f5, 0x1f6, 0x1fa, 0x1fc, 0x1fd,
    0x1fe, 0x1ff, 0x200, 0x201, 0x204, 0x205, 0x206, 0x208,
    0x20b, 0x20c, 0x20d, 0x211, 0x212, 0x213, 0x215, 0x216,
    0x218, 0x219, 0x21a, 0x21b, 0x21f, 0x221, 0x222, 0x224,
    0x225, 0x226, 0x227, 0x228, 0x22a, 0x22b, 0x232, 0x241,
    0x247, 0x24c, 0x24d, 0x24e, 0x251, 0x252, 0x254, 0x255,
    0x256, 0x258, 0x261, 0x262, 0x267, 0x26a, 0x26b, 0x26c,
    0x26d, 0x26e, 0x26f, 0x272, 0x273, 0x276, 0x277
};

static const uint8_t glyph_id_ofs_list_14[] = {
    0, 1, 2, 3, 4, 5, 6, 7,
    8, 9, 10, 0, 11, 12, 13, 14,
    0, 15, 16, 17, 18, 0, 0, 19,
    20, 21, 22, 23, 24, 25, 26, 0,
    27, 28, 0, 29, 30, 31, 0, 32,
    33, 34, 35, 0, 36, 37, 38, 39,
    40, 41, 42, 0, 43, 44, 45, 46,
    47, 0, 48, 49, 0, 50, 51, 52
};

static const uint16_t unicode_list_15[] = {
    0x0, 0x3, 0x5, 0x7, 0x8, 0xa, 0xd, 0x10,
    0x14, 0x17, 0x25, 0x26, 0x2d, 0x39, 0x3c, 0x42,
    0x48, 0x4a, 0x57, 0x58, 0x59, 0x60, 0x64, 0x65,
    0x6a, 0x6d, 0x70, 0x73, 0x78, 0x7a, 0x7c, 0x7d,
    0x7e, 0x81, 0x86, 0x87, 0x8b, 0x8d, 0x8e, 0x8f,
    0x92, 0x93, 0x94, 0x96, 0x98, 0x9d, 0x9f, 0xa1,
    0xa2, 0xa4, 0xa5, 0xa8, 0xaa, 0xab, 0xac, 0xad,
    0xb0, 0xb1, 0xb2, 0xbf, 0xc1, 0xc2, 0xc3, 0xc4,
    0xc9, 0xca, 0xd0, 0xd2, 0xd6, 0xdf, 0xe0, 0xe4,
    0xe7, 0xe9, 0xec, 0xed, 0xf8, 0xfa, 0xfc, 0xfe,
    0x100, 0x102, 0x106, 0x107, 0x10b, 0x10c, 0x10f, 0x111,
    0x115, 0x116, 0x119, 0x11a, 0x11b, 0x123, 0x125, 0x128,
    0x129, 0x134, 0x135, 0x137, 0x13d, 0x13e, 0x140, 0x147,
    0x14b, 0x151, 0x152, 0x157, 0x158, 0x164, 0x165, 0x166,
    0x169, 0x16c, 0x170, 0x176, 0x17c, 0x17f, 0x183, 0x184,
    0x187, 0x188, 0x192, 0x194, 0x19b, 0x19c, 0x1a5, 0x1a6,
    0x1a9, 0x1aa, 0x1ac, 0x1ad, 0x1af, 0x1b0, 0x1b1, 0x1b5,
    0x1bc, 0x1bd, 0x1bf, 0x1c5, 0x1c8, 0x1c9, 0x1cb, 0x1cd,
    0x1ce, 0x1cf, 0x1d2, 0x1d3, 0x1d4, 0x1d6, 0x1d7, 0x1de,
    0x1df, 0x1e2, 0x1e3, 0x1e6, 0x1e8, 0x1e9, 0x1eb, 0x1ed,
    0x1ee, 0x1f2, 0x1f3, 0x1f5, 0x1f6, 0x1f7, 0x1f9, 0x1fb,
    0x200, 0x201, 0x202, 0x203, 0x20d, 0x20e, 0x20f, 0x215,
    0x218, 0x21b, 0x21e, 0x220, 0x223, 0x224, 0x22e, 0x22f,
    0x230, 0x236, 0x238, 0x239, 0x23b, 0x23e, 0x23f, 0x241,
    0x252, 0x253, 0x258, 0x267, 0x273, 0x275, 0x279, 0x27c,
    0x28c, 0x296, 0x2a2, 0x2a4, 0x2a5, 0x2a6, 0x2aa, 0x2ab,
    0x2ad, 0x2ae, 0x2af, 0x2b0, 0x2ba, 0x2c0, 0x2e9, 0x2ea,
    0x2f5, 0x302, 0x328
};

/*Collect the unicode lists and glyph_id offsets*/
static const lv_font_fmt_txt_cmap_t cmaps[] =
{
    {
        .range_start = 32, .range_length = 95, .glyph_id_start = 1,
        .unicode_list = NULL, .glyph_id_ofs_list = NULL, .list_length = 0, .type = LV_FONT_FMT_TXT_CMAP_FORMAT0_TINY
    },
    {
        .range_start = 160, .range_length = 13, .glyph_id_start = 96,
        .unicode_list = NULL, .glyph_id_ofs_list = NULL, .list_length = 0, .type = LV_FONT_FMT_TXT_CMAP_FORMAT0_TINY
    },
    {
        .range_start = 174, .range_length = 82, .glyph_id_start = 109,
        .unicode_list = NULL, .glyph_id_ofs_list = NULL, .list_length = 0, .type = LV_FONT_FMT_TXT_CMAP_FORMAT0_TINY
    },
    {
        .range_start = 57349, .range_length = 61, .glyph_id_start = 191,
        .unicode_list = unicode_list_3, .glyph_id_ofs_list = NULL, .list_length = 2, .type = LV_FONT_FMT_TXT_CMAP_SPARSE_TINY
    },
    {
        .range_start = 57433, .range_length = 30, .glyph_id_start = 193,
        .unicode_list = NULL, .glyph_id_ofs_list = NULL, .list_length = 0, .type = LV_FONT_FMT_TXT_CMAP_FORMAT0_TINY
    },
    {
        .range_start = 57477, .range_length = 2, .glyph_id_start = 223,
        .unicode_list = NULL, .glyph_id_ofs_list = NULL, .list_length = 0, .type = LV_FONT_FMT_TXT_CMAP_FORMAT0_TINY
    },
    {
        .range_start = 61440, .range_length = 31, .glyph_id_start = 225,
        .unicode_list = NULL, .glyph_id_ofs_list = glyph_id_ofs_list_6, .list_length = 31, .type = LV_FONT_FMT_TXT_CMAP_FORMAT0_FULL
    },
    {
        .range_start = 61473, .range_length = 30, .glyph_id_start = 248,
        .unicode_list = NULL, .glyph_id_ofs_list = NULL, .list_length = 0, .type = LV_FONT_FMT_TXT_CMAP_FORMAT0_TINY
    },
    {
        .range_start = 61505, .range_length = 114, .glyph_id_start = 278,
        .unicode_list = NULL, .glyph_id_ofs_list = glyph_id_ofs_list_8, .list_length = 114, .type = LV_FONT_FMT_TXT_CMAP_FORMAT0_FULL
    },
    {
        .range_start = 61632, .range_length = 166, .glyph_id_start = 362,
        .unicode_list = NULL, .glyph_id_ofs_list = glyph_id_ofs_list_9, .list_length = 166, .type = LV_FONT_FMT_TXT_CMAP_FORMAT0_FULL
    },
    {
        .range_start = 61826, .range_length = 220, .glyph_id_start = 485,
        .unicode_list = NULL, .glyph_id_ofs_list = glyph_id_ofs_list_10, .list_length = 220, .type = LV_FONT_FMT_TXT_CMAP_FORMAT0_FULL
    },
    {
        .range_start = 62060, .range_length = 632, .glyph_id_start = 604,
        .unicode_list = unicode_list_11, .glyph_id_ofs_list = NULL, .list_length = 175, .type = LV_FONT_FMT_TXT_CMAP_SPARSE_TINY
    },
    {
        .range_start = 62714, .range_length = 16, .glyph_id_start = 779,
        .unicode_list = NULL, .glyph_id_ofs_list = NULL, .list_length = 0, .type = LV_FONT_FMT_TXT_CMAP_FORMAT0_TINY
    },
    {
        .range_start = 62741, .range_length = 125, .glyph_id_start = 795,
        .unicode_list = NULL, .glyph_id_ofs_list = NULL, .list_length = 0, .type = LV_FONT_FMT_TXT_CMAP_FORMAT0_TINY
    },
    {
        .range_start = 62867, .range_length = 64, .glyph_id_start = 920,
        .unicode_list = NULL, .glyph_id_ofs_list = glyph_id_ofs_list_14, .list_length = 64, .type = LV_FONT_FMT_TXT_CMAP_FORMAT0_FULL
    },
    {
        .range_start = 62935, .range_length = 809, .glyph_id_start = 973,
        .unicode_list = unicode_list_15, .glyph_id_ofs_list = NULL, .list_length = 219, .type = LV_FONT_FMT_TXT_CMAP_SPARSE_TINY
    }
};



/*--------------------
 *  ALL CUSTOM DATA
 *--------------------*/

#if LVGL_VERSION_MAJOR == 8
/*Store all the custom data of the font*/
static  lv_font_fmt_txt_glyph_cache_t cache;
#endif

#if LVGL_VERSION_MAJOR >= 8
static const lv_font_fmt_txt_dsc_t font_dsc = {
#else
static lv_font_fmt_txt_dsc_t font_dsc = {
#endif
    .glyph_bitmap = glyph_bitmap,
    .glyph_dsc = glyph_dsc,
    .cmaps = cmaps,
    .kern_dsc = NULL,
    .kern_scale = 0,
    .cmap_num = 16,
    .bpp = 4,
    .kern_classes = 0,
    .bitmap_format = 0,
#if LVGL_VERSION_MAJOR == 8
    .cache = &cache
#endif
};



/*-----------------
 *  PUBLIC FONT
 *----------------*/

/*Initialize a public general font descriptor*/
#if LVGL_VERSION_MAJOR >= 8
const lv_font_t lv_font_montserrat_16 = {
#else
lv_font_t lv_font_montserrat_16 = {
#endif
    .get_glyph_dsc = lv_font_get_glyph_dsc_fmt_txt,    /*Function pointer to get glyph's data*/
    .get_glyph_bitmap = lv_font_get_bitmap_fmt_txt,    /*Function pointer to get glyph's bitmap*/
    .line_height = 20,          /*The maximum line height required by the font*/
    .base_line = 4,             /*Baseline measured from the bottom of the line*/
#if !(LVGL_VERSION_MAJOR == 6 && LVGL_VERSION_MINOR == 0)
    .subpx = LV_FONT_SUBPX_NONE,
#endif
#if LV_VERSION_CHECK(7, 4, 0) || LVGL_VERSION_MAJOR >= 8
    .underline_position = -2,
    .underline_thickness = 1,
#endif
    .dsc = &font_dsc,          /*The custom font data. Will be accessed by `get_glyph_bitmap/dsc` */
#if LV_VERSION_CHECK(8, 2, 0) || LVGL_VERSION_MAJOR >= 9
    .fallback = NULL,
#endif
    .user_data = NULL,
};



#endif /*#if LV_FONT_MONTSERRAT_16*/

